<?xml version="1.0" encoding="UTF_8"?>
<doc>	<sent id="0">
		<raw>Sometimes when the helicopters and military vehicles go quiet in New Orleans, you can hear the howls and screams of the hordes of dogs and cats still trapped in homes and on rooftops.</raw>
		<lemm>sometimes when the helicopter and military vehicle go quiet in new orleans  you can hear the howl and scream of the horde of dog and cat still trap in home and on rooftop</lemm>
		<bigrams> 2470 2471 2472 187 2483 2484</bigrams>
	</sent>	<sent id="1">
		<raw>"It's scary," said Willie Cirone, a volunteer from New Jersey who came to the stricken city to rescue animals after Hurricane Katrina.</raw>
		<lemm> it be scary   say willie cirone  a volunteer from new jersey who come to the stricken city to rescue animal after hurricane katrina</lemm>
		<bigrams> 2488 2489 848 1119 2497 1019 702</bigrams>
	</sent>	<sent id="2">
		<raw>"There are hundreds of them in houses still."</raw>
		<lemm> there be hundred of them in house still </lemm>
		<bigrams> 2440</bigrams>
	</sent>	<sent id="3">
		<raw>About 20 volunteers tour the city in a convoy of trucks on the few passable roads.</raw>
		<lemm>about @card@ volunteer tour the city in a convoy of truck on the few passable road</lemm>
		<bigrams> 1387 2501 2510</bigrams>
	</sent>	<sent id="4">
		<raw>Some have small boats to go into the floods.</raw>
		<lemm>some have small boat to go into the flood</lemm>
		<bigrams> 722</bigrams>
	</sent>	<sent id="5">
		<raw>Some of the volunteers have brought fishermen's gear so they can wade through the streets, carrying dog leashes in their hands.</raw>
		<lemm>some of the volunteer have bring fisherman s gear so they can wade through the street  carry dog leash in their hand</lemm>
		<bigrams> 2517 2524 2525 2526</bigrams>
	</sent>	<sent id="6">
		<raw>They have come across terrified mongrels, a Pitbull that nearly strangled itself on a leash before collapsing with exhaustion.</raw>
		<lemm>they have come across terrify mongrel  a pitbull that nearly strangle itself on a leash before collapse with exhaustion</lemm>
		<bigrams> 2530 2531 2532 2537</bigrams>
	</sent>	<sent id="7">
		<raw>"They are scared, they are hungry, they are tired," said Kerry Branon of the International Federation for Animal Welfare.</raw>
		<lemm> they be scare  they be hungry  they be tired   say kerry branon of the international federation for animal welfare</lemm>
		<bigrams> 2550 2551 2552 2555 1821</bigrams>
	</sent>	<sent id="8">
		<raw>The address where an animal is found is noted, in case it can be reunited with the owner.</raw>
		<lemm>the address where an animal be find be note  in case it can be reunite with the owner</lemm>
		<bigrams></bigrams>
	</sent>	<sent id="9">
		<raw>But most of the rescued animals are still waiting in a huge agricultural exhibition hall at Gonzales, about 80 kilometers (50 miles) from New Orleans.</raw>
		<lemm>but most of the rescue animal be still wait in a huge agricultural exhibition hall at gonzales  about @card@ kilometer ( @card@ mile ) from new orleans</lemm>
		<bigrams> 1019 2570 2572 2573 2574 2578 2579 2580 2581 2582 187</bigrams>
	</sent>	<sent id="10">
		<raw>There are already about 1,300 dogs, cats, rabbits, parrots and more.</raw>
		<lemm>there be already about @card@ dog  cat  rabbit  parrot and more</lemm>
		<bigrams> 508 2586 2587 2588</bigrams>
	</sent>	<sent id="11">
		<raw>"About 400 get here every evening.</raw>
		<lemm> about @card@ get here every evening</lemm>
		<bigrams> 2591 2594</bigrams>
	</sent>	<sent id="12">
		<raw>Only about 20 people a day find their pets here," said Laura Maloney, executive director of the Louisiana Society for the Protection of Animals (SPCA).</raw>
		<lemm>only about @card@ people a day find their pet here   say laura maloney  executive director of the louisiana society for the protection of animals ( spca )</lemm>
		<bigrams> 2596 2598 1934 2602 2603 2604 2606 2610 2611 2612</bigrams>
	</sent>	<sent id="13">
		<raw>Exhausted human refugees tour the building.</raw>
		<lemm>exhaust human refugee tour the building</lemm>
		<bigrams> 2613 2614 2615</bigrams>
	</sent>	<sent id="14">
		<raw>Some carry photos of their lost animals; some have put up signs offering a reward for their pets.</raw>
		<lemm>some carry photo of their lost animal  some have put up sign offer a reward for their pet</lemm>
		<bigrams> 2618 2392 2624</bigrams>
	</sent>	<sent id="15">
		<raw>Summer Johannesson, a 23-year-old fashion student from Florida, and some friends came to volunteer at the shelter after the killer storm.</raw>
		<lemm>summer johannesson  a 23-year-old fashion student from florida  and some friend come to volunteer at the shelter after the killer storm</lemm>
		<bigrams> 2628 2631 2632 2638 2644</bigrams>
	</sent>	<sent id="16">
		<raw>She accompanied a distraught woman who had lost her cat and fell into tears every time she tried to describe it.</raw>
		<lemm>she accompany a distraught woman who have lose her cat and fall into tear every time she try to describe it</lemm>
		<bigrams> 2648 2654 2655</bigrams>
	</sent>	<sent id="17">
		<raw>A sign warns everyone: "Please be cautious next to the cages of animals that are not yours.</raw>
		<lemm>a sign warn everyone   please be cautious next to the cage of animal that be not yours</lemm>
		<bigrams> 2660 2661 2662 2665</bigrams>
	</sent>	<sent id="18">
		<raw>They are stressed and can be defensive."</raw>
		<lemm>they be stress and can be defensive </lemm>
		<bigrams></bigrams>
	</sent>	<sent id="19">
		<raw>Dori Mayard, a 42-year-old nurse, brought her dogs to the shelter.</raw>
		<lemm>dori mayard  a 42-year-old nurse  bring her dog to the shelter</lemm>
		<bigrams> 2673 2676 2677</bigrams>
	</sent>	<sent id="20">
		<raw>She managed to get them out of New Orleans before her house was flooded but cannot keep them in the two room apartment where she is now staying with nine relatives.</raw>
		<lemm>she manage to get them out of new orleans before her house be flood but can keep them in the two room apartment where she be now stay with nine relative</lemm>
		<bigrams> 187 2690 2691 2697</bigrams>
	</sent>	<sent id="21">
		<raw>Some owners have got past the military checkpoints to re-enter the city to try to find their animals.</raw>
		<lemm>some owner have get past the military checkpoint to re-enter the city to try to find their animal</lemm>
		<bigrams> 2700 2702</bigrams>
	</sent>	<sent id="22">
		<raw>Others have not been so lucky.</raw>
		<lemm>other have not be so lucky</lemm>
		<bigrams></bigrams>
	</sent>	<sent id="23">
		<raw>Elizabeth Whitlock tried to get back into New Orleans to find her 28-month-old cat, Carmine, but was turned back, brutally she thought.</raw>
		<lemm>elizabeth whitlock try to get back into new orleans to find her 28-month-old cat  carmine  but be turn back  brutally she think</lemm>
		<bigrams> 2711 2712 1003 187 2717 2718 2721 2722</bigrams>
	</sent>	<sent id="24">
		<raw>"Yesterday we were five blocks away from my place when we had to turn back.</raw>
		<lemm> yesterday we be five block away from my place when we have to turn back</lemm>
		<bigrams> 2727 2728 2721</bigrams>
	</sent>	<sent id="25">
		<raw>"We tried every side road.</raw>
		<lemm> we try every side road</lemm>
		<bigrams> 2735 2736 2737</bigrams>
	</sent>	<sent id="26">
		<raw>We were blocked by the sheriff.</raw>
		<lemm>we be block by the sheriff</lemm>
		<bigrams></bigrams>
	</sent>	<sent id="27">
		<raw>I begged, I pleaded, I would have offered them money, I even showed them the pictures, but there was no way.</raw>
		<lemm>i beg  i plead  i would have offer them money  i even show them the picture  but there be no way</lemm>
		<bigrams> 2748</bigrams>
	</sent>	<sent id="28">
		<raw>"My neighborhood is perfectly dry, but they won't let anybody through.</raw>
		<lemm> my neighborhood be perfectly dry  but they wo n t let anybody through</lemm>
		<bigrams> 2756 999 2760</bigrams>
	</sent>	<sent id="29">
		<raw>The sheriff told me 'You should have grabbed him when you had the chance'," she said, sobbing.</raw>
		<lemm>the sheriff tell me  you should have grab him when you have the chance    she say  sob</lemm>
		<bigrams> 2762 2772</bigrams>
	</sent>	<sent id="30">
		<raw>"They turned me away at gunpoint.</raw>
		<lemm> they turn me away at gunpoint</lemm>
		<bigrams></bigrams>
	</sent>	<sent id="31">
		<raw>They told me not today, not tomorrow, not for weeks."</raw>
		<lemm>they tell me not today  not tomorrow  not for week </lemm>
		<bigrams></bigrams>
	</sent>	<sent id="32">
		<raw>Whitlock, manager of Faulkner House Books, which has the world's biggest collection of first edition books by William Faulkner, said she had left enough food for Carmine to survive about a week.</raw>
		<lemm>whitlock  manager of faulkner house books  which have the world s big collection of first edition book by william faulkner  say she have leave enough food for carmine to survive about a week</lemm>
		<bigrams> 2786 2789 2790 2794 2797 2798 2801 2802 2804 2805</bigrams>
	</sent>	<sent id="33">
		<raw>"But it's the water I'm concerned about.</raw>
		<lemm> but it be the water i be concern about</lemm>
		<bigrams></bigrams>
	</sent>	<sent id="34">
		<raw>I didn't leave the toilet seat up because they warned us the sewers could overflow due to the storm.</raw>
		<lemm>i do n t leave the toilet seat up because they warn us the sewer could overflow due to the storm</lemm>
		<bigrams> 2816 2820 2823 2824 2825</bigrams>
	</sent>	<sent id="35">
		<raw>I bolted all the windows, I put special hurricane shutters on.</raw>
		<lemm>i bolt all the window  i put special hurricane shutter on</lemm>
		<bigrams> 2831 2832 2833</bigrams>
	</sent>	<sent id="36">
		<raw>"He is my baby.</raw>
		<lemm> he be my baby</lemm>
		<bigrams></bigrams>
	</sent>	<sent id="37">
		<raw>He's bred like some dogs who are capable to bond with humans intensely."</raw>
		<lemm>he be breed like some dog who be capable to bond with human intensely </lemm>
		<bigrams> 2838 2847</bigrams>
	</sent>	<sent id="38">
		<raw>Emergency officials say the pet toll could be as bad as the human one.</raw>
		<lemm>emergency official say the pet toll could be as bad as the human one</lemm>
		<bigrams> 2848 996 2850 2851 2857</bigrams>
	</sent></doc>