<?xml version="1.0" encoding="UTF_8"?>
<doc>	<sent id="0">
		<raw>Soldiers assigned to rescue survivors of Hurricane Katrina in New Orleans are turning their attention to saving pets as the number of people being plucked to safety dwindles.</raw>
		<lemm>soldier assign to rescue survivor of hurricane katrina in new orleans be turn their attention to save pet as the number of people be pluck to safety dwindle</lemm>
		<bigrams> 1595 1597 702 187 1606 1614</bigrams>
	</sent>	<sent id="1">
		<raw>"Our focus so far is on people but ... there is a lot of focus and concerns of a lot of people who left their animals or became separated from them," said Lieutenant General Russel Honore, the commander of the Katrina rescue operation here.</raw>
		<lemm> our focus so far be on people but   there be a lot of focus and concern of a lot of people who leave their animal or become separated from them   say lieutenant general russel honore  the commander of the katrina rescue operation here</lemm>
		<bigrams> 1627 1631 1632 1633 1634 4 1384</bigrams>
	</sent>	<sent id="2">
		<raw>"We've got the capacity, it seemed like the right thing to do," he told reporters in the Louisiana capital of Baton Rouge.</raw>
		<lemm> we have get the capacity  it seem like the right thing to do   he tell reporter in the louisiana capital of baton rouge</lemm>
		<bigrams> 1642 107 1647 1650 1360</bigrams>
	</sent>	<sent id="3">
		<raw>Animal rescue officials have been collecting scores of pets and other animals from the shattered city, while many survivors have told of their distress at having to leave beloved cats and dogs behind in the watery city when they fled.</raw>
		<lemm>animal rescue official have be collect score of pet and other animal from the shattered city  while many survivor have tell of their distress at have to leave beloved cat and dog behind in the watery city when they flee</lemm>
		<bigrams> 1653 1654 1657 1660 1663 1670 1671 1672 1675</bigrams>
	</sent>	<sent id="4">
		<raw>The tens of thousands of troops that have secured the city are completing their operation to rescue stranded victims and are now focusing on evacuating remaining residents and receiving bodies, Honore said.</raw>
		<lemm>the ten of thousand of troop that have secure the city be complete their operation to rescue strand victim and be now focus on evacuate remain resident and receive body  honore say</lemm>
		<bigrams> 1691 1692 1698 1699 1702 1703 1704</bigrams>
	</sent></doc>