<?xml version="1.0" encoding="UTF_8"?>
<doc>	<sent id="0">
		<raw>Four kittens floating on a broken door.</raw>
		<lemm>four kitten float on a break door</lemm>
		<bigrams> 819 820 823</bigrams>
	</sent>	<sent id="1">
		<raw>A German Shepard loose on the interstate.</raw>
		<lemm>a german shepard loose on the interstate</lemm>
		<bigrams> 825 826</bigrams>
	</sent>	<sent id="2">
		<raw>And a 90 kilo (200-pound) potbellied pig tied to a fence.</raw>
		<lemm>and a @card@ kilo ( 200-pound ) potbellied pig tie to a fence</lemm>
		<bigrams> 831 832 833 834 835 836 837</bigrams>
	</sent>	<sent id="3">
		<raw>Those were just a few of the animals that Willie Cirone and his partner Jeff Eyre rescued from the devastation wrought by Hurricane Katrina.</raw>
		<lemm>those be just a few of the animal that willie cirone and his partner jeff eyre rescue from the devastation wrought by hurricane katrina</lemm>
		<bigrams> 848 852 853 854 858 702</bigrams>
	</sent>	<sent id="4">
		<raw>The Humane Society volunteers sped though New Orleans answering calls from evacuees who left their pets behind, and rescue workers who found them in the floodwaters.</raw>
		<lemm>the humane society volunteer speed though new orleans answering call from evacuee who leave their pet behind  and rescue worker who find them in the floodwater</lemm>
		<bigrams> 862 863 864 865 866 187 867 868 874 45</bigrams>
	</sent>	<sent id="5">
		<raw>The truck was surrounded when it pulled onto a street filled with rescue workers searching flooded houses for survivors.</raw>
		<lemm>the truck be surround when it pull onto a street fill with rescue worker search flood house for survivor</lemm>
		<bigrams> 887 890 45 893 894 895</bigrams>
	</sent>	<sent id="6">
		<raw>"I got four kittens I rescued today," one firefighter called out as he dashed past the boats to a dry spot where he'd left the mewling grey kittens.</raw>
		<lemm> i get four kitten i rescue today   one firefighter call out as he dash past the boat to a dry spot where he have leave the mewl grey kitten</lemm>
		<bigrams> 899 819 902 903 904 905 909 912 919 920</bigrams>
	</sent>	<sent id="7">
		<raw>Three others brought dogs over, including Tim Robson, who'd spotted a beagle in a window and smashed it open to get the dog out.</raw>
		<lemm>three other bring dog over  include tim robson  who have spot a beagle in a window and smash it open to get the dog out</lemm>
		<bigrams> 923 926 927</bigrams>
	</sent>	<sent id="8">
		<raw>"How can people leave them," wondered Robson, a firefighter from New Mexico who owns a dog and a goldfish.</raw>
		<lemm> how can people leave them   wonder robson  a firefighter from new mexico who own a dog and a goldfish</lemm>
		<bigrams> 944 947 952</bigrams>
	</sent>	<sent id="9">
		<raw>"I'd much rather see a person in a house than an animal because an animal can't do anything for itself."</raw>
		<lemm> i will much rather see a person in a house than an animal because an animal ca n t do anything for itself </lemm>
		<bigrams> 960 961 970 609</bigrams>
	</sent>	<sent id="10">
		<raw>Thousands of people were forced to leave their pets behind when they evacuated New Orleans.</raw>
		<lemm>thousand of people be force to leave their pet behind when they evacuate new orleans</lemm>
		<bigrams> 874 978 187</bigrams>
	</sent>	<sent id="11">
		<raw>Most expected to be home in a few days.</raw>
		<lemm>most expect to be home in a few day</lemm>
		<bigrams></bigrams>
	</sent>	<sent id="12">
		<raw>But with nearly 80 percent of the city buried under disease-ridden floodwaters, officials said they won't be able to get back to their homes for months.</raw>
		<lemm>but with nearly @card@ percent of the city bury under disease-ridden floodwater  official say they wo n t be able to get back to their home for month</lemm>
		<bigrams> 987 988 991 994 995 996 999 1003</bigrams>
	</sent>	<sent id="13">
		<raw>Even to get their pets.</raw>
		<lemm>even to get their pet</lemm>
		<bigrams></bigrams>
	</sent>	<sent id="14">
		<raw>The Humane Society and SPCA are doing their best to rescue animals trapped in sweltering homes for more than a week.</raw>
		<lemm>the humane society and spca be do their good to rescue animal trap in sweltering home for more than a week</lemm>
		<bigrams> 862 1019 1020 1023</bigrams>
	</sent>	<sent id="15">
		<raw>Getting them all will be impossible.</raw>
		<lemm>get them all will be impossible</lemm>
		<bigrams></bigrams>
	</sent>	<sent id="16">
		<raw>"You can only take as many dogs as you have people to take care of them," Cirone said.</raw>
		<lemm> you can only take as many dog as you have people to take care of them   cirone say</lemm>
		<bigrams> 1037 534 1046</bigrams>
	</sent>	<sent id="17">
		<raw>"It's a massive operation."</raw>
		<lemm> it be a massive operation </lemm>
		<bigrams> 1048</bigrams>
	</sent>	<sent id="18">
		<raw>Cirone and Eyre spent nearly two hours Tuesday clearing a house filled with 22 cats, two dogs and a bird.</raw>
		<lemm>cirone and eyre spend nearly two hour tuesday clear a house fill with @card@ cat  two dog and a bird</lemm>
		<bigrams> 1050 1051 1052 1053 1054 1055 1057 1059 1060 237</bigrams>
	</sent>	<sent id="19">
		<raw>Healthy animals roaming the street are left to fend for themselves so the animal protection crews can focus on saving those trapped in homes with no way to scavenge for food.</raw>
		<lemm>healthy animal roam the street be leave to fend for themselves so the animal protection crew can focus on save those trap in home with no way to scavenge for food</lemm>
		<bigrams> 1062 1063 1074 1075</bigrams>
	</sent>	<sent id="20">
		<raw>It's exhausting work.</raw>
		<lemm>it be exhaust work</lemm>
		<bigrams> 1091</bigrams>
	</sent>	<sent id="21">
		<raw>But the worst part isn't the animals.</raw>
		<lemm>but the bad part be n t the animal</lemm>
		<bigrams> 1093</bigrams>
	</sent>	<sent id="22">
		<raw>It's the people.</raw>
		<lemm>it be the people</lemm>
		<bigrams></bigrams>
	</sent>	<sent id="23">
		<raw>"You've got to walk through bodies to get animals," Cirone said.</raw>
		<lemm> you have get to walk through body to get animal   cirone say</lemm>
		<bigrams> 1104 1105 1046</bigrams>
	</sent>	<sent id="24">
		<raw>"Some were in the water.</raw>
		<lemm> some be in the water</lemm>
		<bigrams></bigrams>
	</sent>	<sent id="25">
		<raw>Some were on their porch."</raw>
		<lemm>some be on their porch </lemm>
		<bigrams></bigrams>
	</sent>	<sent id="26">
		<raw>The burly firefighter and animal control officer from New Jersey said he tries his best to tune out the misery around him and to focus on getting his job done.</raw>
		<lemm>the burly firefighter and animal control officer from new jersey say he try his good to tune out the misery around him and to focus on get his job do</lemm>
		<bigrams> 1113 1116 1117 1119 1120 1128</bigrams>
	</sent>	<sent id="27">
		<raw>But there are moments when it slips through.</raw>
		<lemm>but there be moment when it slip through</lemm>
		<bigrams></bigrams>
	</sent>	<sent id="28">
		<raw>Like when a small boy and his mother dropped off their pet rabbit and mice.</raw>
		<lemm>like when a small boy and his mother drop off their pet rabbit and mouse</lemm>
		<bigrams> 1143 1146 1149</bigrams>
	</sent>	<sent id="29">
		<raw>"All their possessions were in a Volkswagen Beatle.</raw>
		<lemm> all their possession be in a volkswagen beatle</lemm>
		<bigrams> 1156</bigrams>
	</sent>	<sent id="30">
		<raw>That's all they have left."</raw>
		<lemm>that be all they have leave </lemm>
		<bigrams></bigrams>
	</sent>	<sent id="31">
		<raw>The animals are being cared for at a farm north of Louisiana until they can be reunited with their families, many of whom were told they would not be able to bring their pets on evacuation busses and helicopters.</raw>
		<lemm>the animal be be care for at a farm north of louisiana until they can be reunite with their family  many of whom be tell they would not be able to bring their pet on evacuation buss and helicopter</lemm>
		<bigrams> 1166 1176 1185</bigrams>
	</sent>	<sent id="32">
		<raw>Photographs of some animals are being posted on a website, petfinder.com, so their owners can claim them.</raw>
		<lemm>photograph of some animal be be post on a website  petfinder com  so their owner can claim them</lemm>
		<bigrams> 1193 812</bigrams>
	</sent></doc>