<?xml version="1.0" encoding="UTF_8"?>
<doc>	<sent id="0">
		<raw>As Valerie Bennett was evacuated from a New Orleans hospital, rescuers told her there was no room in the boat for her dogs.</raw>
		<lemm>as valerie bennett be evacuate from a new orleans hospital  rescuer tell her there be no room in the boat for her dog</lemm>
		<bigrams> 282 187 288 289 290</bigrams>
	</sent>	<sent id="1">
		<raw>She pleaded.</raw>
		<lemm>she plead</lemm>
		<bigrams></bigrams>
	</sent>	<sent id="2">
		<raw>"I offered him my wedding ring and my mom's wedding ring," the 34-year-old nurse recalled Saturday.</raw>
		<lemm> i offer him my wedding ring and my mom s wedding ring   the 34-year-old nurse recall saturday</lemm>
		<bigrams> 307 307 315 316 317</bigrams>
	</sent>	<sent id="3">
		<raw>They wouldn't budge.</raw>
		<lemm>they would n t budge</lemm>
		<bigrams> 319</bigrams>
	</sent>	<sent id="4">
		<raw>She and her husband could bring only one item, and they already had a plastic tub containing the medicines her husband, a liver transplant recipient, needed to survive.</raw>
		<lemm>she and her husband could bring only one item  and they already have a plastic tub contain the medicine her husband  a liver transplant recipient  need to survive</lemm>
		<bigrams> 325 326 329 336 337 343 344 345</bigrams>
	</sent>	<sent id="5">
		<raw>Such emotional scenes were repeated perhaps thousands of times along the Gulf Coast last week as pet owners were forced to abandon their animals in the midst of evacuation.</raw>
		<lemm>such emotional scene be repeat perhaps thousand of time along the gulf coast last week as pet owner be force to abandon their animal in the midst of evacuation</lemm>
		<bigrams> 349 352 353 355 358 359 179 361</bigrams>
	</sent>	<sent id="6">
		<raw>In one example reported last week by The Associated Press, a police officer took a dog from one little boy waiting to get on a bus in New Orleans.</raw>
		<lemm>in one example report last week by the associated press  a police officer take a dog from one little boy wait to get on a bus in new orleans</lemm>
		<bigrams> 369 370 371 179 375 378 379 384 385 386 187</bigrams>
	</sent>	<sent id="7">
		<raw>The policeman told a reporter he didn't know what would happen to the dog.</raw>
		<lemm>the policeman tell a reporter he do n t know what would happen to the dog</lemm>
		<bigrams> 394 403</bigrams>
	</sent>	<sent id="8">
		<raw>The fate of pets is a huge but underappreciated cause of anguish for storm survivors, said Richard Garfield, professor of international clinical nursing at New York's Columbia University.</raw>
		<lemm>the fate of pet be a huge but underappreciated cause of anguish for storm survivor  say richard garfield  professor of international clinical nursing at new york s columbia university</lemm>
		<bigrams> 412 417 418 419 420 421 424 425 80 430</bigrams>
	</sent>	<sent id="9">
		<raw>"It's very distressing for people, wondering if their pets are isolated or starving."</raw>
		<lemm> it be very distressing for people  wonder if their pet be isolate or starve </lemm>
		<bigrams> 436</bigrams>
	</sent>	<sent id="10">
		<raw>Louisiana State Treasurer John Kennedy, who was helping with relief efforts Saturday, said some evacuees refused to leave without their pets.</raw>
		<lemm>louisiana state treasurer john kennedy  who be help with relief effort saturday  say some evacuee refuse to leave without their pet</lemm>
		<bigrams> 442 443 444 445 451 452 453 456 210</bigrams>
	</sent>	<sent id="11">
		<raw>"One woman told me 'I've lost my house, my job, my car and I am not turning my dog loose to starve,'" Kennedy said.</raw>
		<lemm> one woman tell me  i have lose my house  my job  my car and i be not turn my dog loose to starve    kennedy say</lemm>
		<bigrams> 457 458 476 479 480</bigrams>
	</sent>	<sent id="12">
		<raw>Kennedy said he persuaded refugees to get on the bus by telling them he would have the animals taken to the Lamar Dixon center in Gonzales.</raw>
		<lemm>kennedy say he persuade refugee to get on the bus by tell them he would have the animal take to the lamar dixon center in gonzales</lemm>
		<bigrams> 480 483 494 497 498</bigrams>
	</sent>	<sent id="13">
		<raw>The SPCA picked up two cats and 15 dogs, including one Kennedy found tied up far underneath the overpass next to an unopened can of dog food with a sign that read "Please take care of my dog, his name is Chucky".</raw>
		<lemm>the spca pick up two cat and @card@ dog  include one kennedy find tie up far underneath the overpass next to an unopened can of dog food with a sign that read  please take care of my dog  his name be chucky </lemm>
		<bigrams> 502 505 508 509 510 511 512 513 516 519 526 532 533 534</bigrams>
	</sent>	<sent id="14">
		<raw>Valerie Bennett left her dogs with an anesthesiologist who was taking care of about 30 staff members' pets on the roof of the hospital, Lindy Boggs Medical Center.</raw>
		<lemm>valerie bennett leave her dog with an anesthesiologist who be take care of about @card@ staff member  pet on the roof of the hospital  lindy boggs medical center</lemm>
		<bigrams> 282 541 534 550 551 552 558 559 560 561</bigrams>
	</sent>	<sent id="15">
		<raw>The doctor euthanized some animals at the request of their owners, who feared they would be abandoned and starve to death.</raw>
		<lemm>the doctor euthanized some animal at the request of their owner  who fear they would be abandon and starve to death</lemm>
		<bigrams> 563</bigrams>
	</sent>	<sent id="16">
		<raw>He set up a small gas chamber out of a plastic-wrapped dog kennel.</raw>
		<lemm>he set up a small gas chamber out of a plastic-wrapped dog kennel</lemm>
		<bigrams> 584 585 590 591</bigrams>
	</sent>	<sent id="17">
		<raw>"The bigger dogs were fighting it.</raw>
		<lemm> the big dog be fight it</lemm>
		<bigrams> 593</bigrams>
	</sent>	<sent id="18">
		<raw>Fighting the gas.</raw>
		<lemm>fight the gas</lemm>
		<bigrams></bigrams>
	</sent>	<sent id="19">
		<raw>It took them longer.</raw>
		<lemm>it take them longer</lemm>
		<bigrams></bigrams>
	</sent>	<sent id="20">
		<raw>When I saw that, I said 'I can't do it,'" said Bennett's husband, Lorne.</raw>
		<lemm>when i see that  i say  i ca n t do it    say bennett s husband  lorne</lemm>
		<bigrams> 609 613 616</bigrams>
	</sent>	<sent id="21">
		<raw>But the anesthesiologist, a cat owner, promised to care for the other pets.</raw>
		<lemm>but the anesthesiologist  a cat owner  promise to care for the other pet</lemm>
		<bigrams> 621 622</bigrams>
	</sent>	<sent id="22">
		<raw>"He said he'd stay there as long as he possibly could," Valerie Bennett recalled, speaking from her husband's bedside at Atlanta's Emory University Hospital.</raw>
		<lemm> he say he will stay there as long as he possibly could   valerie bennett recall  speak from her husband s bedside at atlanta s emory university hospital</lemm>
		<bigrams> 636 637 282 638 639 648 649</bigrams>
	</sent>	<sent id="23">
		<raw>The Bennetts had four animals, including their two beloved dogs, Lorne's English springer spaniel, Oreo, and Valerie's miniature dachshund, Lady.</raw>
		<lemm>the bennetts have four animal  include their two beloved dog  lorne s english springer spaniel  oreo  and valerie s miniature dachshund  lady</lemm>
		<bigrams> 653 654 657 658 659 662 663 664 669 670</bigrams>
	</sent>	<sent id="24">
		<raw>They moved to Slidell, Louisiana, in July when Valerie took a job at an organ transplant institute connected to Lindy Boggs.</raw>
		<lemm>they move to slidell  louisiana  in july when valerie take a job at an organ transplant institute connect to lindy boggs</lemm>
		<bigrams> 674 679 684 685 686 559</bigrams>
	</sent>	<sent id="25">
		<raw>Lorne, a former paramedic, is disabled since undergoing a liver transplant in 2001.</raw>
		<lemm>lorne  a former paramedic  be disable since undergo a liver transplant in @card@</lemm>
		<bigrams> 691 694 695 343</bigrams>
	</sent>	<sent id="26">
		<raw>On Saturday, as Hurricane Katrina approached, both went to the hospital to help and took all four animals with them.</raw>
		<lemm>on saturday  as hurricane katrina approach  both go to the hospital to help and take all four animal with them</lemm>
		<bigrams> 702 703 653</bigrams>
	</sent>	<sent id="27">
		<raw>Patients were evacuated starting Monday by rescue workers using small boats to traverse the floodwaters surrounding the hospital.</raw>
		<lemm>patient be evacuate start monday by rescue worker use small boat to traverse the floodwater surround the hospital</lemm>
		<bigrams> 716 717 45 720 721 722 727</bigrams>
	</sent>	<sent id="28">
		<raw>On Wednesday night, the Bennetts were told they had to go, too.</raw>
		<lemm>on wednesday night  the bennetts be tell they have to go  too</lemm>
		<bigrams> 730</bigrams>
	</sent>	<sent id="29">
		<raw>They fed their guinea pig and left it in its cage in a patient room.</raw>
		<lemm>they feed their guinea pig and leave it in its cage in a patient room</lemm>
		<bigrams> 740 750</bigrams>
	</sent>	<sent id="30">
		<raw>They couldn't refill its empty water bottle because the hospital's plumbing failed Sunday, they said.</raw>
		<lemm>they could n t refill its empty water bottle because the hospital s plumbing fail sunday  they say</lemm>
		<bigrams> 752 756 757 762 763</bigrams>
	</sent>	<sent id="31">
		<raw>They poured food on the floor for the cat, but again no water.</raw>
		<lemm>they pour food on the floor for the cat  but again no water</lemm>
		<bigrams> 767</bigrams>
	</sent>	<sent id="32">
		<raw>"I just hope that they forgive me," Valerie Bennett cried.</raw>
		<lemm> i just hope that they forgive me   valerie bennett cry</lemm>
		<bigrams> 282 783</bigrams>
	</sent>	<sent id="33">
		<raw>They handed the dogs to the anesthesiologist.</raw>
		<lemm>they hand the dog to the anesthesiologist</lemm>
		<bigrams></bigrams>
	</sent>	<sent id="34">
		<raw>Valerie got his last name but no cell phone number.</raw>
		<lemm>valerie get his last name but no cell phone number</lemm>
		<bigrams> 787 790 794 795</bigrams>
	</sent>	<sent id="35">
		<raw>"I wasn't thinking," she said.</raw>
		<lemm> i be n t think   she say</lemm>
		<bigrams></bigrams>
	</sent>	<sent id="36">
		<raw>But on Saturday afternoon, Valerie Bennett said she saw a posting on a Web site called petfinder.com that said the anesthesiologist was still at Lindy Boggs caring for the animals.</raw>
		<lemm>but on saturday afternoon  valerie bennett say she see a posting on a web site call petfinder com that say the anesthesiologist be still at lindy boggs care for the animal</lemm>
		<bigrams> 800 801 282 802 809 810 811 812 559 818</bigrams>
	</sent></doc>