<?xml version="1.0" encoding="UTF_8"?>
<doc>	<sent id="0">
		<raw>Animal lovers across the country are mobilizing to help thousands of pets and farm animals still stranded or left homeless by Hurricane Katrina and the floods that followed.</raw>
		<lemm>animal lover across the country be mobilize to help thousand of pet and farm animal still strand or leave homeless by hurricane katrina and the flood that follow</lemm>
		<bigrams> 1705 1706 1711 1713 1714 1715 1718 702</bigrams>
	</sent>	<sent id="1">
		<raw>Wayne Pacelle, president and chief executive of the Humane Society of the United States, appealed Wednesday for immediate federal, state and local assistance in the Gulf Coast area to save animals he said will die in the next few days if they aren't found, fed and sheltered.</raw>
		<lemm>wayne pacelle  president and chief executive of the humane society of the united states  appeal wednesday for immediate federal  state and local assistance in the gulf coast area to save animal he say will die in the next few day if they be n t find  feed and shelter</lemm>
		<bigrams> 1576 1577 1580 862 1458 1725 1726 1729 1730 1732 358 1734 1736 1744</bigrams>
	</sent>	<sent id="2">
		<raw>"Animals are trapped by the thousands in their homes, and the clock is ticking," he said.</raw>
		<lemm> animal be trap by the thousand in their home  and the clock be tick   he say</lemm>
		<bigrams></bigrams>
	</sent>	<sent id="3">
		<raw>"We need the government to help us, not with money but with rescuers.</raw>
		<lemm> we need the government to help us  not with money but with rescuer</lemm>
		<bigrams> 1760</bigrams>
	</sent>	<sent id="4">
		<raw>We need the Coast Guard, firemen and the National Guard.</raw>
		<lemm>we need the coast guard  fireman and the national guard</lemm>
		<bigrams> 1767 1768 1771</bigrams>
	</sent>	<sent id="5">
		<raw>... We'll take care of the animals after they are pulled out."</raw>
		<lemm>  we will take care of the animal after they be pull out </lemm>
		<bigrams> 534</bigrams>
	</sent>	<sent id="6">
		<raw>Pacelle, noting that about 60 percent of households have pets, estimated that more than 50,000 animals might be in peril.</raw>
		<lemm>pacelle  note that about @card@ percent of household have pet  estimate that more than @card@ animal might be in peril</lemm>
		<bigrams> 1778 988 1784 1548 1787</bigrams>
	</sent>	<sent id="7">
		<raw>His organization has received more than 2,000 calls from people who fled Katrina.</raw>
		<lemm>his organization have receive more than @card@ call from people who flee katrina</lemm>
		<bigrams> 1793 1796</bigrams>
	</sent>	<sent id="8">
		<raw>Other organizations, including the American Society for the Prevention of Cruelty to Animals, also have been getting pleas for help.</raw>
		<lemm>other organization  include the american society for the prevention of cruelty to animals  also have be get plea for help</lemm>
		<bigrams> 1798 118 1800 1803</bigrams>
	</sent>	<sent id="9">
		<raw>Many people left behind pets, especially cats, because they thought they would be gone only a couple of days.</raw>
		<lemm>many people leave behind pet  especially cat  because they think they would be go only a couple of day</lemm>
		<bigrams> 1805 944 1806 1807 1808 1809</bigrams>
	</sent>	<sent id="10">
		<raw>Hundreds of animal welfare workers and volunteers are in Louisiana and Mississippi with mobile veterinary units, vans, boats, pet food and supplies, as well as holding pens for farm animals.</raw>
		<lemm>hundred of animal welfare worker and volunteer be in louisiana and mississippi with mobile veterinary unit  van  boat  pet food and supply  as well as hold pen for farm animal</lemm>
		<bigrams> 1821 1822 1828 1829 1830 1831 1832 1833 1840 1713</bigrams>
	</sent>	<sent id="11">
		<raw>The most crucial mission is the door-to-door rescue of the stranded pets, but officials said there also is a pressing need to ease the strain on crowded animal shelters and get pet food to those who have taken in stray animals until they can be reunited with their owners.</raw>
		<lemm>the most crucial mission be the door-to-door rescue of the strand pet  but official say there also be a press need to ease the strain on crowded animal shelter and get pet food to those who have take in stray animal until they can be reunite with their owner</lemm>
		<bigrams> 1845 1848 1851 996 1858 1864 1865 1868 1833 1290</bigrams>
	</sent>	<sent id="12">
		<raw>Several animal welfare groups are using their Web sites to help reunite owners with their pets, and to solicit contributions to assist with their rescue efforts.</raw>
		<lemm>several animal welfare group be use their web site to help reunite owner with their pet  and to solicit contribution to assist with their rescue effort</lemm>
		<bigrams> 1876 1821 1877 809 1883 1884 1887 5</bigrams>
	</sent>	<sent id="13">
		<raw>Many people who were trapped in their homes by Katrina said they chose to stay rather than leave without beloved pets.</raw>
		<lemm>many people who be trap in their home by katrina say they choose to stay rather than leave without beloved pet</lemm>
		<bigrams> 1805 1894 1898 210 1901 1902</bigrams>
	</sent>	<sent id="14">
		<raw>Animal rescue workers said Wednesday that they are trying to find more shelters that will allow the people and pets to remain together.</raw>
		<lemm>animal rescue worker say wednesday that they be try to find more shelter that will allow the people and pet to remain together</lemm>
		<bigrams> 1653 45 1903 1904 1918</bigrams>
	</sent>	<sent id="15">
		<raw>"Some of these people will live on the streets and won't go to a shelter if they have to be separated from their pets," said Laura Bevan, the Humane Society's southeast regional director.</raw>
		<lemm> some of these people will live on the street and wo n t go to a shelter if they have to be separate from their pet   say laura bevan  the humane society s southeast regional director</lemm>
		<bigrams> 999 1933 1934 1935 862 1939 1940</bigrams>
	</sent>	<sent id="16">
		<raw>"I respect that, because I wouldn't either."</raw>
		<lemm> i respect that  because i would n t either </lemm>
		<bigrams> 319</bigrams>
	</sent></doc>