<?xml version="1.0" encoding="UTF_8"?>
<doc>	<sent id="0">
		<raw>As reactions to the Katrina rescue efforts have been divided along lines of class, race and political party, they have also highlighted another schism: between dog haves and dog have-nots.</raw>
		<lemm>as reaction to the katrina rescue effort have be divide along line of class  race and political party  they have also highlight another schism  between dog have and dog have-not</lemm>
		<bigrams> 4 5 9 10 13 16 20 21 22 28</bigrams>
	</sent>	<sent id="1">
		<raw>Animal owners around the country have responded with outpourings of sympathy, hurt and outrage: How could rescue workers have barred pets from helicopters and shelters?</raw>
		<lemm>animal owner around the country have respond with outpouring of sympathy  hurt and outrage  how could rescue worker have bar pet from helicopter and shelter</lemm>
		<bigrams> 29 30 39 44 45 48</bigrams>
	</sent>	<sent id="2">
		<raw>"There's been a lot of talk about this at the dog run," said Carol Vinzant, who brings her shepherd mix Jolly to the dog run in Tompkins Square Park in New York.</raw>
		<lemm> there have be a lot of talk about this at the dog run   say carol vinzant  who bring her shepherd mix jolly to the dog run in tompkins square park in new york</lemm>
		<bigrams> 63 64 65 66 71 72 63 76 77 80</bigrams>
	</sent>	<sent id="3">
		<raw>"They're forcing these dog owners to abandon their dogs, which in ordinary times is a crime itself.</raw>
		<lemm> they be force these dog owner to abandon their dog  which in ordinary time be a crime itself</lemm>
		<bigrams> 85 93</bigrams>
	</sent>	<sent id="4">
		<raw>Hundreds, maybe thousands, of people died because they did the right thing and stayed with their dogs."</raw>
		<lemm>hundred  maybe thousand  of people die because they do the right thing and stay with their dog </lemm>
		<bigrams> 97 98 101 107</bigrams>
	</sent>	<sent id="5">
		<raw>Jo Sullivan, a spokeswoman for the American Society for the Prevention of Cruelty to Animals, said the agency had already received more than $5.25 million for rescue efforts, along with shipments of food, blankets and other animal supplies.</raw>
		<lemm>jo sullivan  a spokeswoman for the american society for the prevention of cruelty to animals  say the agency have already receive more than $5 25 million for rescue effort  along with shipment of food  blanket and other animal supply</lemm>
		<bigrams> 112 118 125 130 134 135 5 138 143 147</bigrams>
	</sent>	<sent id="6">
		<raw>Such animal generosity is nothing new.</raw>
		<lemm>such animal generosity be nothing new</lemm>
		<bigrams> 149 152</bigrams>
	</sent>	<sent id="7">
		<raw>After the Sept. 11, 2001, attacks on the World Trade Center, the ASPCA's New York branch received so many supplies that it had to stop taking donations.</raw>
		<lemm>after the sept @card@  @card@  attack on the world trade center  the aspca s new york branch receive so many supply that it have to stop take donation</lemm>
		<bigrams> 155 156 157 161 162 80 167 168 171 177 178</bigrams>
	</sent>	<sent id="8">
		<raw>Last week, as teams of rescuers combed through New Orleans on separate missions, one group taking people without animals, the other taking animals without people, many residents were still refusing to leave without their pets.</raw>
		<lemm>last week  as team of rescuer comb through new orleans on separate mission  one group take people without animal  the other take animal without people  many resident be still refuse to leave without their pet</lemm>
		<bigrams> 179 184 187 190 191 192 193 194 195 196 200 201 202 203 204 207 210</bigrams>
	</sent>	<sent id="9">
		<raw>"When we all re-evaluate this event, it may make us rethink the way we do human rescue," Sullivan said.</raw>
		<lemm> when we all re-evaluate this event  it may make us rethink the way we do human rescue   sullivan say</lemm>
		<bigrams> 220 221 222 228 229 230</bigrams>
	</sent>	<sent id="10">
		<raw>For Elizabeth Finch, the owner of two dogs named Zorra and Hans Blix, the sight of citizens forced to choose between their pets and their safety was, like the disaster itself, indicative of broader social rifts.</raw>
		<lemm>for elizabeth finch  the owner of two dog name zorra and hans blix  the sight of citizen force to choose between their pet and their safety be  like the disaster itself  indicative of broad social rift</lemm>
		<bigrams> 232 237 238 239 242 247 263 264</bigrams>
	</sent>	<sent id="11">
		<raw>"Not to equate people with animals," she said, "but this fits into a bigger model of discrimination."</raw>
		<lemm> not to equate people with animal   she say   but this fit into a big model of discrimination </lemm>
		<bigrams> 267 278</bigrams>
	</sent></doc>