<?xml version="1.0" encoding="UTF_8"?>
<doc>	<sent id="0">
		<raw>They cruise through flooded or muddy streets, scanning porches, backyards and windows for hungry animals left stranded by Hurricane Katrina.</raw>
		<lemm>they cruise through flood or muddy street  scan porch  backyard and window for hungry animal leave strand by hurricane katrina</lemm>
		<bigrams> 1204 1205 1206 1207 1212 1213 1214 702</bigrams>
	</sent>	<sent id="1">
		<raw>"It's very sad ... it is overwhelming," said SPCA Los Angeles spokeswoman Dawn Cotterell, via cell phone from Jefferson Parish, La., as she and a dozen members of her Disaster Animal Response Team hunted for lost pets.</raw>
		<lemm> it be very sad   it be overwhelming   say spca los angeles spokeswoman dawn cotterell  via cell phone from jefferson parish  la  as she and a dozen member of her disaster animal response team hunt for lost pet</lemm>
		<bigrams> 1219 1220 1221 1222 1223 1224 1225 1226 1227 794 1230 1231 1235 1239 1240 1241 1242 1245</bigrams>
	</sent>	<sent id="2">
		<raw>"We have seen dogs chained on porches, tied up in backyards, starving.</raw>
		<lemm> we have see dog chain on porch  tie up in backyard  starve</lemm>
		<bigrams> 1248 1249 1252 1255</bigrams>
	</sent>	<sent id="3">
		<raw>Many of them are pretty thin, you can see their ribs.</raw>
		<lemm>many of them be pretty thin  you can see their rib</lemm>
		<bigrams> 1258</bigrams>
	</sent>	<sent id="4">
		<raw>It breaks my heart."</raw>
		<lemm>it break my heart </lemm>
		<bigrams></bigrams>
	</sent>	<sent id="5">
		<raw>The Samaritans from the Society for the Prevention of Cruelty to Animals, Los Angeles, are among many Southern California residents who have raced against time to aid pets along the ravaged Gulf Coast.</raw>
		<lemm>the samaritan from the society for the prevention of cruelty to animals  los angeles  be among many southern california resident who have race against time to aid pet along the ravage gulf coast</lemm>
		<bigrams> 1269 1222 1272 1273 1274 1275 1282 1283 1285 358</bigrams>
	</sent>	<sent id="6">
		<raw>They have scouted waterlogged neighborhoods.</raw>
		<lemm>they have scout waterlogged neighborhood</lemm>
		<bigrams> 1287 1288</bigrams>
	</sent>	<sent id="7">
		<raw>Fed stray animals.</raw>
		<lemm>fed stray animal</lemm>
		<bigrams> 1289 1290</bigrams>
	</sent>	<sent id="8">
		<raw>Manned temporary shelters.</raw>
		<lemm>man temporary shelter</lemm>
		<bigrams> 1291 1292</bigrams>
	</sent>	<sent id="9">
		<raw>Found foster homes.</raw>
		<lemm>find foster home</lemm>
		<bigrams> 1293 1294</bigrams>
	</sent>	<sent id="10">
		<raw>And attempted to unite family pets with owners scattered from Texas to the Canadian border.</raw>
		<lemm>and attempt to unite family pet with owner scatter from texas to the canadian border</lemm>
		<bigrams> 1298 1299 1302 1307</bigrams>
	</sent>	<sent id="11">
		<raw>Volunteers work from dawn till dusk, bedding down for the night in tents and rented cars.</raw>
		<lemm>volunteer work from dawn till dusk  bed down for the night in tent and rent car</lemm>
		<bigrams> 1308 1311 1312 1313 1321</bigrams>
	</sent>	<sent id="12">
		<raw>In the next few weeks, SPCA Los Angeles plans to airlift 300 homeless dogs from Hurricane Katrina from Houston to Los Angeles for foster care or permanent homes.</raw>
		<lemm>in the next few week  spca los angeles plan to airlift @card@ homeless dog from hurricane katrina from houston to los angeles for foster care or permanent home</lemm>
		<bigrams> 1325 1221 1222 1326 1329 1330 1331 702 1222 1339 1342</bigrams>
	</sent>	<sent id="13">
		<raw>Amanda St. John, founder of MuttShack.org, said her rescue group has shipped more than 250 dog crates to Baton Rouge and New Orleans and rescued 40 dogs a day from within the devastated city.</raw>
		<lemm>amanda st john  founder of muttshack org  say her rescue group have ship more than @card@ dog crate to baton rouge and new orleans and rescue @card@ dog a day from within the devastated city</lemm>
		<bigrams> 1343 1344 1345 1348 1349 1352 508 1357 1360 187 1364 508 1371</bigrams>
	</sent>	<sent id="14">
		<raw>The Lake View Terrace resident will fly to Louisiana today to coordinate rescue operations for 40 volunteers to save the pooches.</raw>
		<lemm>the lake view terrace resident will fly to louisiana today to coordinate rescue operation for @card@ volunteer to save the pooch</lemm>
		<bigrams> 1373 1374 1375 1380 1383 1384 1387</bigrams>
	</sent>	<sent id="15">
		<raw>"We're camping out, we have groups in RVs, we're sleeping in cars.</raw>
		<lemm> we be camp out  we have group in rv  we be sleep in car</lemm>
		<bigrams></bigrams>
	</sent>	<sent id="16">
		<raw>We're just trying to save the dogs and cats and the tarantulas," said St. John, 49, who grew to love animals on the savanna in her native Zululand in South Africa.</raw>
		<lemm>we be just try to save the dog and cat and the tarantula   say st john  @card@  who grow to love animal on the savanna in her native zululand in south africa</lemm>
		<bigrams> 1408 1409 1344 1410 1415 1421 1424</bigrams>
	</sent>	<sent id="17">
		<raw>If need be, I will be wading in the water."</raw>
		<lemm>if need be  i will be wade in the water </lemm>
		<bigrams></bigrams>
	</sent>	<sent id="18">
		<raw>Hollywood celebs have even jumped into the act, with public pleas for pet relief.</raw>
		<lemm>hollywood celebs have even jump into the act  with public plea for pet relief</lemm>
		<bigrams> 1430 1433 1439 1442</bigrams>
	</sent>	<sent id="19">
		<raw>"I am haunted, worse than you will ever know," said Gretchen Wyler, vice president of the Humane Society of the United States, Hollywood, based in Encino, who recruited such celebrities as Sean Aston and Bill Maher for TV spots.</raw>
		<lemm> i be haunt  bad than you will ever know   say gretchen wyler  vice president of the humane society of the united states  hollywood  base in encino  who recruit such celebrity as sean aston and bill maher for tv spot</lemm>
		<bigrams> 1444 1449 1450 1451 1452 1453 1454 862 1458 1459 1460 1469 1472 1475</bigrams>
	</sent>	<sent id="20">
		<raw>"Everyone in America knows that these aren't something that wags its tail, they're members of people's families."</raw>
		<lemm> everyone in america know that these be n t something that wag its tail  they be member of people s family </lemm>
		<bigrams> 1478</bigrams>
	</sent>	<sent id="21">
		<raw>On Sunday, state and federal officials permitted more than 3,000 dogs at a full HSUS/SPCA temporary shelter in Gonzales, La., to begin relocating to other states.</raw>
		<lemm>on sunday  state and federal official permit more than @card@ dog at a full hsus/spca temporary shelter in gonzales  la  to begin relocate to other state</lemm>
		<bigrams> 1492 1495 1496 508 1500 1501 1292 1503 1506</bigrams>
	</sent>	<sent id="22">
		<raw>That means more room for the dozens of pets rescued daily from New Orleans that need aid.</raw>
		<lemm>that mean more room for the dozen of pet rescue daily from new orleans that need aid</lemm>
		<bigrams> 1516 1517 187 1521</bigrams>
	</sent>	<sent id="23">
		<raw>The Humane Society, which has a disaster team of 200 rescuers on the Gulf Coast, is looking to open a second shelter near Gonzales to cope with the overflow.</raw>
		<lemm>the humane society  which have a disaster team of @card@ rescuer on the gulf coast  be look to open a second shelter near gonzales to cope with the overflow</lemm>
		<bigrams> 862 1525 1527 358 1535 1536 1537</bigrams>
	</sent>	<sent id="24">
		<raw>The HSUS and other groups have rescued nearly 4,000 animals from Louisiana and Mississippi, with 200 reunited with their owners.</raw>
		<lemm>the hsus and other group have rescue nearly @card@ animal from louisiana and mississippi  with @card@ reunite with their owner</lemm>
		<bigrams> 1547 987 1548 1554</bigrams>
	</sent>	<sent id="25">
		<raw>Petfinder.com is posting photos of the lost Katrina pets.</raw>
		<lemm>petfinder com be post photo of the lost katrina pet</lemm>
		<bigrams> 812 1556 1559 1560</bigrams>
	</sent>	<sent id="26">
		<raw>Before they are shipped to other shelters, each pet will be photographed, microchipped and documented.</raw>
		<lemm>before they be ship to other shelter  each pet will be photograph  microchipped and document</lemm>
		<bigrams> 1569</bigrams>
	</sent>	<sent id="27">
		<raw>"This is a massive undertaking," said Wayne Pacelle, president and chief executive officer of the Humane Society, in a statement.</raw>
		<lemm> this be a massive undertaking   say wayne pacelle  president and chief executive officer of the humane society  in a statement</lemm>
		<bigrams> 1573 1574 1575 1576 1577 1580 1581 862</bigrams>
	</sent>	<sent id="28">
		<raw>"People who have lost everything are holding on to their last hope that their pets will be saved."</raw>
		<lemm> people who have lose everything be hold on to their last hope that their pet will be save </lemm>
		<bigrams> 1586 1592</bigrams>
	</sent></doc>