<?xml version="1.0" encoding="UTF_8"?>
<doc>	<sent id="0">
		<raw>The United States called Monday for a resumption in talks to end the conflict between Georgia and Abkhazia but made clear it recognized neither the independence of the breakaway Georgian region nor the legitimacy of its weekend elections.</raw>
		<lemm>the united states call monday for a resumption in talk to end the conflict between georgia and abkhazia but make clear it recognize neither the independence of the breakaway georgian region nor the legitimacy of its weekend election</lemm>
		<bigrams> 527 1604 1605 1615 1618 1623 1624 1631</bigrams>
	</sent>	<sent id="1">
		<raw>The State Department said it had no comment on the result of Sunday's poll contested between five pro-independence candidates and would take no position on claims of fraud and irregularities from the presumptive favorite, Raul Khajimba.</raw>
		<lemm>the state department say it have no comment on the result of sunday s poll contest between five pro-independence candidate and would take no position on claim of fraud and irregularity from the presumptive favorite  raul khajimba</lemm>
		<bigrams> 1633 1634 1641 1644 1645 1648 1659 1660 1158</bigrams>
	</sent>	<sent id="2">
		<raw>Instead, deputy spokesman Adam Ereli said that Washington wanted whoever emerges as the new "president" of Abkhazia to resume talks with Georgian authorities.</raw>
		<lemm>instead  deputy spokesman adam ereli say that washington want whoever emerge as the new  president  of abkhazia to resume talk with georgian authority</lemm>
		<bigrams> 1661 1662 1663 1664 1665 1667 1668 1669 1135 1674 1676</bigrams>
	</sent>	<sent id="3">
		<raw>"The United States does not recognize Abkhazia as an independent state, so I don't really have any comment on these elections," he told reporters.</raw>
		<lemm> the united states do not recognize abkhazia as an independent state  so i do n t really have any comment on these election   he tell reporter</lemm>
		<bigrams> 527 1678 1682 1693</bigrams>
	</sent>	<sent id="4">
		<raw>"Our position is to support an international approach to a peaceful resolution of the Abkhaz conflict that respects Georgia's sovereignty and territorial integrity and whatever leadership is in Abkhazia, we would hope that it returns to negotiations toward that end in the near future," he said.</raw>
		<lemm> our position be to support an international approach to a peaceful resolution of the abkhaz conflict that respect georgia s sovereignty and territorial integrity and whatever leadership be in abkhazia  we would hope that it return to negotiation toward that end in the near future   he say</lemm>
		<bigrams> 1700 1702 1705 1708 373 1713 1717 1720 1725</bigrams>
	</sent>	<sent id="5">
		<raw>The identity of Abkhazia's next chief matters because the picturesque enclave on the Black Sea coast is seen as a potential flashpoint between Georgia's pro-Western leaders and Moscow, which has given its tacit support to the Abkhaz separatists.</raw>
		<lemm>the identity of abkhazia s next chief matter because the picturesque enclave on the black sea coast be see as a potential flashpoint between georgia s pro-western leader and moscow  which have give its tacit support to the abkhaz separatist</lemm>
		<bigrams> 1730 1731 1735 298 1738 1741 1744 1752 1754</bigrams>
	</sent>	<sent id="6">
		<raw>Sunday's election was the first competetive vote in Abkhazia since the republic declared its independence from Georgia after winning a war 11 years ago, and was held up as proof of its democratic credentials and internal stability.</raw>
		<lemm>sunday s election be the first competetive vote in abkhazia since the republic declare its independence from georgia after win a war @card@ year ago  and be hold up as proof of its democratic credential and internal stability</lemm>
		<bigrams> 1756 1757 1759 1760 1766 1767 161 1775 1778</bigrams>
	</sent>	<sent id="7">
		<raw>The conflict cost about 10,000 lives and created hundreds of thousands of refugees, most of them ethnic Georgians who were forced to flee Abkhazia.</raw>
		<lemm>the conflict cost about @card@ life and create hundred of thousand of refugee  most of them ethnic georgians who be force to flee abkhazia</lemm>
		<bigrams> 1779 1782 1785 1794 1797</bigrams>
	</sent>	<sent id="8">
		<raw>Fears of a new conflict have resurfaced though, since Mikhail Saakashvili, a tough-talking US-trained lawyer backed by Washington, was swept to power in Tbilisi late last year in a bloodless revolution.</raw>
		<lemm>fear of a new conflict have resurface though  since mikhail saakashvili  a tough-talking us-trained lawyer back by washington  be sweep to power in tbilisi late last year in a bloodless revolution</lemm>
		<bigrams> 1799 1802 1803 1804 2 1806 1227 1807 1812 1813 1814 1817</bigrams>
	</sent>	<sent id="9">
		<raw>Saakashvili has said he will not rest until Georgia's wayward regions, South Ossetia and Abkhazia, are back under Tbilisi's control.</raw>
		<lemm>saakashvili have say he will not rest until georgia s wayward region  south ossetia and abkhazia  be back under tbilisi s control</lemm>
		<bigrams> 1824 1825 16</bigrams>
	</sent>	<sent id="10">
		<raw>This summer he announced Georgian warships would sink any vessels carrying tourists from Russia to resorts in Abkhazia.</raw>
		<lemm>this summer he announce georgian warship would sink any vessel carry tourist from russia to resort in abkhazia</lemm>
		<bigrams> 1830 1831 1832 1833 1836 1837</bigrams>
	</sent>	<sent id="11">
		<raw>That provoked a furious war of words with Moscow.</raw>
		<lemm>that provoke a furious war of word with moscow</lemm>
		<bigrams> 1845</bigrams>
	</sent>	<sent id="12">
		<raw>Renewed fighting over Abkhazia would destabilize a south Caucasus region which is soon to become a strategic gateway for oil exports from the Caspian Sea to Western markets.</raw>
		<lemm>renewed fighting over abkhazia would destabilize a south caucasus region which be soon to become a strategic gateway for oil export from the caspian sea to western market</lemm>
		<bigrams> 1849 214 1851 1854 1855 1861 1864 1867 1870</bigrams>
	</sent></doc>