<?xml version="1.0" encoding="UTF_8"?>
<doc>	<sent id="0">
		<raw>Georgia on Tuesday accused Russia of interfering in its internal affairs, citing a visit to Moscow by two rival presidential candidates in the breakaway Georgian province of Abkhazia.</raw>
		<lemm>georgia on tuesday accuse russia of interfere in its internal affair  cite a visit to moscow by two rival presidential candidate in the breakaway georgian province of abkhazia</lemm>
		<bigrams> 2297 2298 2304 2305 2311 2312 1379 1623 2313</bigrams>
	</sent>	<sent id="1">
		<raw>Former Abkhazian Prime Minister Raul Khadzhimba and his challenger, opposition leader Sergei Bagapsh, arrived in Moscow on Monday to meet with Russian officials and discuss the fiercely contested presidential vote in Abkhazia, Russian and Abkhazian media reported.</raw>
		<lemm>former abkhazian prime minister raul khadzhimba and his challenger  opposition leader sergei bagapsh  arrive in moscow on monday to meet with russian official and discuss the fiercely contest presidential vote in abkhazia  russian and abkhazian medium report</lemm>
		<bigrams> 2315 2316 307 1997 1998 2320 1392 2321 1068 2322 2327 2332 2333 2334 2335 2337 2338</bigrams>
	</sent>	<sent id="2">
		<raw>"Just as it has been for the last 10 years, who will become the next leader will be decided in Russia," Georgy Khaindrava, Georgia's minister for conflict settlement, said at a Moscow news conference, according to the Interfax news agency.</raw>
		<lemm> just as it have be for the last @card@ year  who will become the next leader will be decide in russia   georgy khaindrava  georgia s minister for conflict settlement  say at a moscow news conference  accord to the interfax news agency</lemm>
		<bigrams> 2343 1767 2348 2353 2088 2354 2355 2356 2359 2130 2360 1092 1093</bigrams>
	</sent>	<sent id="3">
		<raw>Abkhazia, which has enjoyed de facto independence since Georgian troops were driven from the region 1993, has been in turmoil after its first contested presidential vote on Oct. 3.</raw>
		<lemm>abkhazia  which have enjoy de facto independence since georgian troop be drive from the region @card@  have be in turmoil after its first contested presidential vote on oct @card@</lemm>
		<bigrams> 2363 125 2364 2365 2366 2367 2371 2376 2377 2334 1388</bigrams>
	</sent>	<sent id="4">
		<raw>Abkhazian election officials said that opposition leader Sergei Bagapsh won the vote, and the region's highest court later confirmed it.</raw>
		<lemm>abkhazian election official say that opposition leader sergei bagapsh win the vote  and the region s high court later confirm it</lemm>
		<bigrams> 2379 2380 2381 1392 2321 1068 2383 2386 2387 2388</bigrams>
	</sent>	<sent id="5">
		<raw>But hours after issuing the verdict, the court overturned the ruling when hundreds of supporters of Bagapsh's rival, ex-Prime Minister Raul Khadzhimba, broke into the court building.</raw>
		<lemm>but hour after issue the verdict  the court overturn the ruling when hundred of supporter of bagapsh s rival  ex-prime minister raul khadzhimba  break into the court building</lemm>
		<bigrams> 2397 2407 2408 1997 1998 2409 2411</bigrams>
	</sent>	<sent id="6">
		<raw>Outgoing President Vladislav Ardzinba, who supported Khadzhimba, then ordered a new election, a decision Bagapsh has refused to recognize.</raw>
		<lemm>outgoing president vladislav ardzinba  who support khadzhimba  then order a new election  a decision bagapsh have refuse to recognize</lemm>
		<bigrams> 2412 2413 1139 2415 2419 2422</bigrams>
	</sent>	<sent id="7">
		<raw>Georgian parliament speaker Nino Burdzhanadze, also visiting Moscow, made similar accusations about Russian meddling.</raw>
		<lemm>georgian parliament speaker nino burdzhanadze  also visit moscow  make similar accusation about russian meddling</lemm>
		<bigrams> 2427 2428 2429 2430 2431 2432 2433 2434 2435 2436 2439</bigrams>
	</sent>	<sent id="8">
		<raw>She said Georgia was mulling over withdrawing from the Commonwealth of Independent States, a group uniting 12 former Soviet republics, which she called "inefficient," the ITAR-Tass news agency reported.</raw>
		<lemm>she say georgia be mull over withdraw from the commonwealth of independent states  a group unite @card@ former soviet republic  which she call  inefficient   the itar-tass news agency report</lemm>
		<bigrams> 2441 2448 2451 2452 2453 396 509 2457 2460 1093 2461</bigrams>
	</sent>	<sent id="9">
		<raw>She indicated that no final decision had been made.</raw>
		<lemm>she indicate that no final decision have be make</lemm>
		<bigrams> 2466</bigrams>
	</sent>	<sent id="10">
		<raw>Abkhazia and another separatist province of Georgia, South Ossetia, have cultivated close ties with Russia.</raw>
		<lemm>abkhazia and another separatist province of georgia  south ossetia  have cultivate close tie with russia</lemm>
		<bigrams> 2468 2469 416 16 2181 2182</bigrams>
	</sent>	<sent id="11">
		<raw>Tensions have escalated between Tbilisi and the two provinces, as well as Russia, after Georgian President Mikhail Saakashvili vowed to bring the regions back under central control.</raw>
		<lemm>tension have escalate between tbilisi and the two province  as well as russia  after georgian president mikhail saakashvili vow to bring the region back under central control</lemm>
		<bigrams> 2474 0 1 2 1247 2480 817</bigrams>
	</sent>	<sent id="12">
		<raw>Burdzhanadze criticized Russia for unilaterally handing out Russian passports to citizens in Abkhazia and South Ossetia.</raw>
		<lemm>burdzhanadze criticize russia for unilaterally hand out russian passport to citizen in abkhazia and south ossetia</lemm>
		<bigrams> 2481 2482 2485 2488 16</bigrams>
	</sent>	<sent id="13">
		<raw>"I think it's clear to everyone that the granting of Russian citizenship is being used for a single reason: to be able to say that Russia has the right to interfere in these conflicts because many Russian residents reside there," Interfax quoted her as saying.</raw>
		<lemm> i think it be clear to everyone that the grant of russian citizenship be be use for a single reason  to be able to say that russia have the right to interfere in these conflict because many russian resident reside there   interfax quote her as say</lemm>
		<bigrams> 2214 2505 2518 2519 2520 2523</bigrams>
	</sent></doc>