<?xml version="1.0" encoding="UTF_8"?>
<doc>	<sent id="0">
		<raw>The old white Zhiguli fairly flew down the highway, skimming precariously over the potholes as Garri Nersesov clutched the wheel and declared victory in the war on corruption.</raw>
		<lemm>the old white zhiguli fairly fly down the highway  skim precariously over the pothole as garri nersesov clutch the wheel and declare victory in the war on corruption</lemm>
		<bigrams> 2526 2527 2528 2529 2533 2534 2539 2540 2545</bigrams>
	</sent>	<sent id="1">
		<raw>"It used to be, you had a policeman sitting under every bush.</raw>
		<lemm> it use to be  you have a policeman sit under every bush</lemm>
		<bigrams> 2554 2557</bigrams>
	</sent>	<sent id="2">
		<raw>I could never drive this fast.</raw>
		<lemm>i could never drive this fast</lemm>
		<bigrams> 2559 2560</bigrams>
	</sent>	<sent id="3">
		<raw>.</raw>
		<lemm></lemm>
		<bigrams></bigrams>
	</sent>	<sent id="4">
		<raw>.</raw>
		<lemm></lemm>
		<bigrams></bigrams>
	</sent>	<sent id="5">
		<raw>.</raw>
		<lemm></lemm>
		<bigrams></bigrams>
	</sent>	<sent id="6">
		<raw>Score one taxi driver on the side of President Mikheil Saakashvili's drive to end the tyranny of Georgia's notoriously corrupt street cops.</raw>
		<lemm>score one taxi driver on the side of president mikheil saakashvili s drive to end the tyranny of georgia s notoriously corrupt street cop</lemm>
		<bigrams> 2563 2564 2565 2570 2571 782 2577 2578</bigrams>
	</sent>	<sent id="7">
		<raw>Half the nation's police force, nearly 15,000 officers, was fired earlier this year.</raw>
		<lemm>half the nation s police force  nearly @card@ officer  be fire earlier this year</lemm>
		<bigrams> 2583 2584 2585 2586 2588</bigrams>
	</sent>	<sent id="8">
		<raw>Those remaining got jaunty, American-style police uniforms, new Volkswagen Passats and salaries high enough to help resist the urge to collect on-the-spot traffic fines.</raw>
		<lemm>those remain get jaunty  american-style police uniform  new volkswagen passats and salary high enough to help resist the urge to collect on-the-spot traffic fine</lemm>
		<bigrams> 2590 2591 2592 2593 2594 2595 2596 2597 2600 2601 2604 2609 2610 2611</bigrams>
	</sent>	<sent id="9">
		<raw>Saakashvili was elected after Georgians flooded the streets last November and ousted President Eduard A. Shevardnadze in an uprising known as the "Rose Revolution."</raw>
		<lemm>saakashvili be elect after georgians flood the street last november and oust president eduard a shevardnadze in an uprising know as the  rose revolution </lemm>
		<bigrams> 2614 2617 2618 2621 2622 2627 158</bigrams>
	</sent>	<sent id="10">
		<raw>In less than a year, Saakashvili has succeeded in slashing the state bureaucracy by 35 percent, wresting back the breakaway region of Adzharia, raising pensions and nearly doubling the nation's tax and customs revenues.</raw>
		<lemm>in less than a year  saakashvili have succeed in slash the state bureaucracy by @card@ percent  wrest back the breakaway region of adzharia  raise pension and nearly double the nation s tax and custom revenue</lemm>
		<bigrams> 2632 2636 605 2639 2640 2641 2643 2644 2647 2651</bigrams>
	</sent>	<sent id="11">
		<raw>But the brash 36-year-old with the boyish, pudgy cheeks and a Columbia University law degree also has engaged in some brinkmanship with neighboring Russia.</raw>
		<lemm>but the brash 36-year-old with the boyish  pudgy cheek and a columbia university law degree also have engage in some brinkmanship with neighbor russia</lemm>
		<bigrams> 2653 2656 2657 2660 2661 2662 2663 2186</bigrams>
	</sent>	<sent id="12">
		<raw>He is finding it increasingly difficult to convince his constituents and the world that the dysfunctional Caucasian backwater he inherited can be transformed overnight into a prosperous democracy by the force of his own audacious determination.</raw>
		<lemm>he be find it increasingly difficult to convince his constituent and the world that the dysfunctional caucasian backwater he inherit can be transform overnight into a prosperous democracy by the force of his own audacious determination</lemm>
		<bigrams> 2674 2683 2684 2690 2693 2700</bigrams>
	</sent>	<sent id="13">
		<raw>Disappointment fueled by impatience is on the rise.</raw>
		<lemm>disappointment fuel by impatience be on the rise</lemm>
		<bigrams> 2701</bigrams>
	</sent>	<sent id="14">
		<raw>Almost daily, protesters take to the streets over low wages and the sale of state-owned factories to companies abroad.</raw>
		<lemm>almost daily  protester take to the street over low wage and the sale of state-owned factory to company abroad</lemm>
		<bigrams> 2707 2708 2709 2713 2717 2720</bigrams>
	</sent>	<sent id="15">
		<raw>Moreover, the government, which swept to power under the banner of democracy, faces challenges to its human rights record.</raw>
		<lemm>moreover  the government  which sweep to power under the banner of democracy  face challenge to its human right record</lemm>
		<bigrams> 2728 2729 2733 2734</bigrams>
	</sent>	<sent id="16">
		<raw>Police have broken up at least three demonstrations since July and jailed a former state audit official who was allegedly tortured after his arrest.</raw>
		<lemm>police have break up at least three demonstration since july and jail a former state audit official who be allegedly torture after his arrest</lemm>
		<bigrams> 2738 2739 2740 2741 2745 2746 2747 2750</bigrams>
	</sent>	<sent id="17">
		<raw>In the town of Gori, a respected newspaper editor who published articles critical of the Saakashvili-appointed governor was arrested.</raw>
		<lemm>in the town of gori  a respected newspaper editor who publish article critical of the saakashvili-appointed governor be arrest</lemm>
		<bigrams> 2759 2760 2763 2764 2767</bigrams>
	</sent>	<sent id="18">
		<raw>He says a packet of drugs was shoved into his pocket.</raw>
		<lemm>he say a packet of drug be shove into his pocket</lemm>
		<bigrams></bigrams>
	</sent>	<sent id="19">
		<raw>For many, disillusionment with the new Georgia is as simple as being as poor now as they were a year ago.</raw>
		<lemm>for many  disillusionment with the new georgia be as simple as be as poor now as they be a year ago</lemm>
		<bigrams> 2780 2782 161</bigrams>
	</sent>	<sent id="20">
		<raw>Worse, prices have escalated sharply in the last few months, and many worry that Saakashvili's tough talk against Russia has hurt their chances to sell goods there.</raw>
		<lemm>worse  price have escalate sharply in the last few month  and many worry that saakashvili s tough talk against russia have hurt their chance to sell good there</lemm>
		<bigrams> 2791 2793 2798 2801 2809</bigrams>
	</sent>	<sent id="21">
		<raw>"It's .</raw>
		<lemm> it be</lemm>
		<bigrams></bigrams>
	</sent>	<sent id="22">
		<raw>.</raw>
		<lemm></lemm>
		<bigrams></bigrams>
	</sent>	<sent id="23">
		<raw>.</raw>
		<lemm></lemm>
		<bigrams></bigrams>
	</sent>	<sent id="24">
		<raw>"Whatever he promised us, he delivered nothing.</raw>
		<lemm> whatever he promise us  he deliver nothing</lemm>
		<bigrams> 2813 2816</bigrams>
	</sent>	<sent id="25">
		<raw>I'm not against being friendly with America, but we mustn't forget that ordinary people need a market to sell their stuff, and our market is Russia.</raw>
		<lemm>i be not against be friendly with america  but we must n t forget that ordinary people need a market to sell their stuff  and our market be russia</lemm>
		<bigrams> 2824 72 2828</bigrams>
	</sent>	<sent id="26">
		<raw>As long as we have tense relations with Russia, we'll see nothing here."</raw>
		<lemm>as long as we have tense relation with russia  we will see nothing here </lemm>
		<bigrams> 2843 2847</bigrams>
	</sent>	<sent id="27">
		<raw>Gyorgy Dzhangidze, a college economics student, said he and his friends didn't expect to find a job paying more than $400 a month.</raw>
		<lemm>gyorgy dzhangidze  a college economics student  say he and his friend do n t expect to find a job pay more than $400 a month</lemm>
		<bigrams> 2849 2852 2853 2854 2861</bigrams>
	</sent>	<sent id="28">
		<raw>"We were fighting for him in Rustaveli Street.</raw>
		<lemm> we be fight for him in rustaveli street</lemm>
		<bigrams> 2871</bigrams>
	</sent>	<sent id="29">
		<raw>And it's not that he failed us," he said.</raw>
		<lemm>and it be not that he fail us   he say</lemm>
		<bigrams> 2874</bigrams>
	</sent>	<sent id="30">
		<raw>"But we didn't see the results we expected."</raw>
		<lemm> but we do n t see the result we expect </lemm>
		<bigrams></bigrams>
	</sent>	<sent id="31">
		<raw>Saakashvili's team, many of them also young, U. S.-educated professionals, said they realized their time to turn the country around was short.</raw>
		<lemm>saakashvili s team  many of them also young  u s -educated professional  say they realize their time to turn the country around be short</lemm>
		<bigrams> 2880 2882 2883 2886 2887 2895</bigrams>
	</sent>	<sent id="32">
		<raw>"We understand now that the honeymoon is over.</raw>
		<lemm> we understand now that the honeymoon be over</lemm>
		<bigrams></bigrams>
	</sent>	<sent id="33">
		<raw>We realize every single day how hard it is to run a small country in this part of the world," said Georgia's national security adviser, Gela Bezhuashvili.</raw>
		<lemm>we realize every single day how hard it be to run a small country in this part of the world   say georgia s national security adviser  gela bezhuashvili</lemm>
		<bigrams> 2905 2906 2907 2912 2915 2441 2917 2918 2919 2920</bigrams>
	</sent>	<sent id="34">
		<raw>"The revolution gave people hope, but nobody talked to them about what democracy is, what independence is, how much it costs."</raw>
		<lemm> the revolution give people hope  but nobody talk to them about what democracy be  what independence be  how much it cost </lemm>
		<bigrams> 2922 2923 2924 2927</bigrams>
	</sent>	<sent id="35">
		<raw>After his stunning electoral victory in January with 96 percent of the vote, Saakashvili dismissed several ministers and other senior officials suspected of corruption and declared his intention to end the de facto secession of the pro-Russian regions of Adzharia, Abkhazia and South Ossetia.</raw>
		<lemm>after his stunning electoral victory in january with @card@ percent of the vote  saakashvili dismiss several minister and other senior official suspect of corruption and declare his intention to end the de facto secession of the pro-russian region of adzharia  abkhazia and south ossetia</lemm>
		<bigrams> 2941 2942 605 2944 2945 2946 2947 2950 2951 125 2959 2962 2963 16</bigrams>
	</sent>	<sent id="36">
		<raw>By May, the young president had sent Adzharia's feisty strongman, Aslan Abashidze, packing to Moscow; in the process, he regained access to the busy Black Sea port at Batumi and its millions of dollars in revenues.</raw>
		<lemm>by may  the young president have send adzharia s feisty strongman  aslan abashidze  pack to moscow  in the process  he regain access to the busy black sea port at batumi and its million of dollar in revenue</lemm>
		<bigrams> 2967 2969 2972 2973 2148 2974 2980 2983 298 2984</bigrams>
	</sent>	<sent id="37">
		<raw>Next, Saakashvili set his sights on Abkhazia and South Ossetia, virtually independent since conflicts frozen in the early 1990s.</raw>
		<lemm>next  saakashvili set his sight on abkhazia and south ossetia  virtually independent since conflict freeze in the early 1990s</lemm>
		<bigrams> 2993 2994 16 2998 2999 3000 3001 3002 411</bigrams>
	</sent>	<sent id="38">
		<raw>There, he hit a brick wall, entrenched Russian support and a population viscerally opposed to union with Georgia quickly ignited new conflict.</raw>
		<lemm>there  he hit a brick wall  entrenched russian support and a population viscerally oppose to union with georgia quickly ignite new conflict</lemm>
		<bigrams> 3008 3009 3010 3011 3014 3015 3019 3020 3021 1799</bigrams>
	</sent>	<sent id="39">
		<raw>Seventeen Georgian soldiers died in clashes in South Ossetia after Saakashvili closed down a booming $20-million annual trade in Russian goods smuggled through the lawless region.</raw>
		<lemm>seventeen georgian soldier die in clash in south ossetia after saakashvili close down a booming $20-million annual trade in russian good smuggle through the lawless region</lemm>
		<bigrams> 3022 829 3023 16 3027 3031 3032 3033 3036 3037 3040</bigrams>
	</sent>	<sent id="40">
		<raw>In Abkhazia, where thousands of Russian tourists spend their summers at low-budget Black Sea resorts, Saakashvili threatened to sink Russian tour boats.</raw>
		<lemm>in abkhazia  where thousand of russian tourist spend their summer at low-budget black sea resort  saakashvili threaten to sink russian tour boat</lemm>
		<bigrams> 2204 3042 3047 298 299 3048 3049 3052 3053 3054</bigrams>
	</sent>	<sent id="41">
		<raw>Russia has been doing its own share of blustering.</raw>
		<lemm>russia have be do its own share of bluster</lemm>
		<bigrams></bigrams>
	</sent>	<sent id="42">
		<raw>After the terrorist seizure of a school at Beslan, Moscow declared that it was prepared to launch pre-emptive strikes against terrorist refuges.</raw>
		<lemm>after the terrorist seizure of a school at beslan  moscow declare that it be prepare to launch pre-emptive strike against terrorist refuge</lemm>
		<bigrams> 3061 3066 3067 3070 3071 3074</bigrams>
	</sent>	<sent id="43">
		<raw>In view of Russia's frequent complaints that Georgia shields Chechen rebels in the remote Pankisi Gorge, most took the declaration as a thinly veiled threat to bomb Georgia.</raw>
		<lemm>in view of russia s frequent complaint that georgia shield chechen rebel in the remote pankisi gorge  most take the declaration as a thinly veil threat to bomb georgia</lemm>
		<bigrams> 3078 3080 3081 3082 3085 3086 3092 3093 3096</bigrams>
	</sent>	<sent id="44">
		<raw>The newly assertive Georgian president clearly has Moscow worried.</raw>
		<lemm>the newly assertive georgian president clearly have moscow worry</lemm>
		<bigrams> 3098 3099 0 3100 3103</bigrams>
	</sent>	<sent id="45">
		<raw>"He is extremely popular, and while he is popular, he fancies himself invincible.</raw>
		<lemm> he be extremely popular  and while he be popular  he fancy himself invincible</lemm>
		<bigrams> 3105</bigrams>
	</sent>	<sent id="46">
		<raw>He destabilizes the situation with his simplistic moves .</raw>
		<lemm>he destabilize the situation with his simplistic move</lemm>
		<bigrams> 3119</bigrams>
	</sent>	<sent id="47">
		<raw>.</raw>
		<lemm></lemm>
		<bigrams></bigrams>
	</sent>	<sent id="48">
		<raw>.," Gleb Pavlovsky, an analyst close to the Kremlin, told the Russian newspaper Nezavisimaya Gazeta.</raw>
		<lemm>  gleb pavlovsky  an analyst close to the kremlin  tell the russian newspaper nezavisimaya gazeta</lemm>
		<bigrams> 3120 3123 3126 3127 3128 39</bigrams>
	</sent>	<sent id="49">
		<raw>"It means that Russia will have to stop this man sooner or later."</raw>
		<lemm> it mean that russia will have to stop this man sooner or later </lemm>
		<bigrams> 3137</bigrams>
	</sent>	<sent id="50">
		<raw>The prospect of a new war in the Caucasus would provoke unease in the United States, which last year spent $20 million on democracy-building programs in Georgia and is Saakashvili's biggest international booster.</raw>
		<lemm>the prospect of a new war in the caucasus would provoke unease in the united states  which last year spend $20 million on democracy-building program in georgia and be saakashvili s big international booster</lemm>
		<bigrams> 3142 3143 3144 3145 527 1814 3149 3150 3151 3154 3157 3158</bigrams>
	</sent>	<sent id="51">
		<raw>At home, Saakashvili still enjoys a confidence rating of more than 80 percent, according to a poll two months ago by the GORBI Sociological Survey, and many Georgians say they are proud of their tough new president.</raw>
		<lemm>at home  saakashvili still enjoy a confidence rating of more than @card@ percent  accord to a poll two month ago by the gorbi sociological survey  and many georgians say they be proud of their tough new president</lemm>
		<bigrams> 3160 3161 3162 3165 605 3168 3169 3170 3171 3173 3174 3176 3177 3181 1135</bigrams>
	</sent>	<sent id="52">
		<raw>"Of course we support him.</raw>
		<lemm> of course we support him</lemm>
		<bigrams></bigrams>
	</sent>	<sent id="53">
		<raw>One hundred and fifty percent," said Lasha Chechua, an unemployed gas industry engineer.</raw>
		<lemm>one hundred and fifty percent   say lasha chechua  an unemployed gas industry engineer</lemm>
		<bigrams> 3184 3187 3188 3189 3190 3193 3194 3195</bigrams>
	</sent>	<sent id="54">
		<raw>"If he needs to go to war in South Ossetia, people must understand that this is Georgia's territory, and this whole conflict was created by a third party, Russia."</raw>
		<lemm> if he need to go to war in south ossetia  people must understand that this be georgia s territory  and this whole conflict be create by a third party  russia </lemm>
		<bigrams> 16 3201 3202 3203 3211 3215 3216</bigrams>
	</sent>	<sent id="55">
		<raw>"We're up to our ears in debt," his wife, Tsetsino, said.</raw>
		<lemm> we be up to our ear in debt   his wife  tsetsino  say</lemm>
		<bigrams> 3225 3226</bigrams>
	</sent>	<sent id="56">
		<raw>"But that's not Saakashvili's fault.</raw>
		<lemm> but that be not saakashvili s fault</lemm>
		<bigrams></bigrams>
	</sent>	<sent id="57">
		<raw>Everything was destroyed when he came to power.</raw>
		<lemm>everything be destroy when he come to power</lemm>
		<bigrams></bigrams>
	</sent>	<sent id="58">
		<raw>There was nothing.</raw>
		<lemm>there be nothing</lemm>
		<bigrams></bigrams>
	</sent>	<sent id="59">
		<raw>Now, we need time.</raw>
		<lemm>now  we need time</lemm>
		<bigrams> 3237</bigrams>
	</sent>	<sent id="60">
		<raw>He needs time."</raw>
		<lemm>he need time </lemm>
		<bigrams> 3237</bigrams>
	</sent>	<sent id="61">
		<raw>Yet how much time is required to turn around a nation with 17 percent unemployment, falling living standards and an industrial output barely a quarter of what it was in 1991?</raw>
		<lemm>yet how much time be require to turn around a nation with @card@ percent unemployment  fall live standard and an industrial output barely a quarter of what it be in @card@</lemm>
		<bigrams> 3239 3243 605 3247 3248 3249 3250 3254 3255</bigrams>
	</sent>	<sent id="62">
		<raw>For some of those who stood with Saakashvili last November demanding a more accountable government, there is a sense of urgency, the new government, they say, must be held to its commitment to democracy, before the authoritarian habits that are so entrenched in most post-Soviet republics are allowed to slip in.</raw>
		<lemm>for some of those who stand with saakashvili last november demand a more accountable government  there be a sense of urgency  the new government  they say  must be hold to its commitment to democracy  before the authoritarian habit that be so entrench in most post-soviet republic be allow to slip in</lemm>
		<bigrams> 3268 2618 3269 3273 964 3281 3290 3297</bigrams>
	</sent>	<sent id="63">
		<raw>A Tbilisi organization, Former Political Prisoners for Human Rights, has compiled 72 cases of beatings of prisoners and other police abuses since the beginning of the year.</raw>
		<lemm>a tbilisi organization  former political prisoners for human rights  have compile @card@ case of beating of prisoner and other police abuse since the beginning of the year</lemm>
		<bigrams> 3304 3305 3306 3307 3310 3313 3314 3321 3322</bigrams>
	</sent>	<sent id="64">
		<raw>"The right to freely express yourself no longer exists.</raw>
		<lemm> the right to freely express yourself no longer exist</lemm>
		<bigrams> 3326 3330</bigrams>
	</sent>	<sent id="65">
		<raw>People have been thrown into prisons for participating in mass rallies," said Nana Kakabadze, head of the prisoners group.</raw>
		<lemm>people have be throw into prison for participate in mass rally   say nana kakabadze  head of the prisoner group</lemm>
		<bigrams> 3339 3340 3341 3342 3343 3345</bigrams>
	</sent>	<sent id="66">
		<raw>"I think we are on the right road.</raw>
		<lemm> i think we be on the right road</lemm>
		<bigrams> 3347</bigrams>
	</sent>	<sent id="67">
		<raw>We want to build a good, strong, free, democratic state," said the deputy speaker of Parliament, Mikheil Machavariani.</raw>
		<lemm>we want to build a good  strong  free  democratic state   say the deputy speaker of parliament  mikheil machavariani</lemm>
		<bigrams> 3353 3354 3355 3356 3357 3359 3361 3362</bigrams>
	</sent>	<sent id="68">
		<raw>"Our partners are helping us with this, and our neighbors in Russia are very jealous of this relationship with the United States, probably because they love us so much.</raw>
		<lemm> our partner be help us with this  and our neighbor in russia be very jealous of this relationship with the united states  probably because they love us so much</lemm>
		<bigrams> 3366 527 3378 3381</bigrams>
	</sent>	<sent id="69">
		<raw>"But they love us as a little brother, and we are not little brothers.</raw>
		<lemm> but they love us as a little brother  and we be not little brother</lemm>
		<bigrams> 3381 3387 3387</bigrams>
	</sent>	<sent id="70">
		<raw>We want to be equal partners in a big family."</raw>
		<lemm>we want to be equal partner in a big family </lemm>
		<bigrams> 3392 3395</bigrams>
	</sent></doc>