<?xml version="1.0" encoding="UTF_8"?>
<doc>	<sent id="0">
		<raw>Colombia's hardline government said Friday it is willing to meet with members of the country's main leftist rebel group in an unprecedented offer aimed at freeing dozens of rebel hostages, including three Americans.</raw>
		<lemm>colombia s hardline government say friday it be willing to meet with member of the country s main leftist rebel group in an unprecedented offer aim at free dozen of rebel hostage  include three americans</lemm>
		<bigrams> 2 3 4 17 18 19 23 24 27 30 31 32 33</bigrams>
	</sent>	<sent id="1">
		<raw>Before any face-to-face meeting can take place, however, the rebels must agree to swap 15 hostages for 15 rebels jailed on minor charges, said Peace Commissioner Luis Carlos Restrepo.</raw>
		<lemm>before any face-to-face meeting can take place  however  the rebel must agree to swap @card@ hostage for @card@ rebel jail on minor charge  say peace commissioner luis carlos restrepo</lemm>
		<bigrams> 36 39 40 43 44 47 48 51 52 55 56 57 58 59 60 61</bigrams>
	</sent>	<sent id="2">
		<raw>Despite mistrust on both sides, Restrepo said the government is willing to release the 15 jailed rebels first, provided the rebel Revolutionary Armed Forces of Colombia, or FARC, at least expresses a willingness to reciprocate.</raw>
		<lemm>despite mistrust on both side  restrepo say the government be willing to release the @card@ jailed rebel first  provide the rebel revolutionary armed forces of colombia  or farc  at least express a willingness to reciprocate</lemm>
		<bigrams> 62 66 67 74 75 76 77 79 80 81 88</bigrams>
	</sent>	<sent id="3">
		<raw>"All we're looking for is a minimum sign of hope and we will start the ball rolling," Restrepo told local radio.</raw>
		<lemm> all we be look for be a minimum sign of hope and we will start the ball roll   restrepo tell local radio</lemm>
		<bigrams> 100 109 110 111 112 113</bigrams>
	</sent>	<sent id="4">
		<raw>After any initial prisoner exchange, the meeting, which could last up to five days, would take place in the Vatican's embassy in Bogota or at another diplomatic mission in the capital, according to the government proposal, which was first announced Thursday night and then amplified Friday.</raw>
		<lemm>after any initial prisoner exchange  the meeting  which could last up to five day  would take place in the vatican s embassy in bogota or at another diplomatic mission in the capital  accord to the government proposal  which be first announce thursday night and then amplify friday</lemm>
		<bigrams> 116 117 122 126 127 128 39 139 140 143 146 150 151 152 156</bigrams>
	</sent>	<sent id="5">
		<raw>The FARC had no immediate response.</raw>
		<lemm>the farc have no immediate response</lemm>
		<bigrams> 161</bigrams>
	</sent>	<sent id="6">
		<raw>The proposal calls for a total of 50 jailed rebels to be freed in return for about 60 so-called political prisoners the FARC is holding in jungle hideouts.</raw>
		<lemm>the proposal call for a total of @card@ jailed rebel to be free in return for about @card@ so-called political prisoner the farc be hold in jungle hideout</lemm>
		<bigrams> 163 74 75 177 178 179 185</bigrams>
	</sent>	<sent id="7">
		<raw>The FARC's hostages include politicians, police officers, soldiers and three U. S. contractors whose small plane crashed in rebel-held territory early last year.</raw>
		<lemm>the farc s hostage include politician  police officer  soldier and three u s contractor whose small plane crash in rebel-held territory early last year</lemm>
		<bigrams> 31 188 189 190 191 194 197 198 199 200 203 204 205 206</bigrams>
	</sent>	<sent id="8">
		<raw>Restrepo said the government would allow the Red Cross to escort to the capital any FARC members taking part in the talks and would return them home when the talks end, accompanied by the Roman Catholic Church representatives.</raw>
		<lemm>restrepo say the government would allow the red cross to escort to the capital any farc member take part in the talk and would return them home when the talk end  accompany by the roman catholic church representative</lemm>
		<bigrams> 67 207 208 211 217 218 219 224 229 230 234 235 236</bigrams>
	</sent>	<sent id="9">
		<raw>Augusto Castro, vice president of the Catholic Church's ruling body in Colombia, said he hopes the FARC reacts positively to the offer.</raw>
		<lemm>augusto castro  vice president of the catholic church s ruling body in colombia  say he hope the farc react positively to the offer</lemm>
		<bigrams> 237 238 239 235 244 247 251 252</bigrams>
	</sent>	<sent id="10">
		<raw>"This proposal addresses the need to find a solution at a time when we are all concerned about being on a street with no exits," said Castro.</raw>
		<lemm> this proposal address the need to find a solution at a time when we be all concern about be on a street with no exit   say castro</lemm>
		<bigrams> 256 278 279</bigrams>
	</sent>	<sent id="11">
		<raw>The previous administration of President Andres Pastrana held face-to-face peace talks with the FARC for three years inside a safe haven as large as Switzerland in the jungles and cattle country of southern Colombia.</raw>
		<lemm>the previous administration of president andres pastrana hold face-to-face peace talk with the farc for three year inside a safe haven as large as switzerland in the jungle and cattle country of southern colombia</lemm>
		<bigrams> 281 284 285 286 287 288 289 294 295 307 310</bigrams>
	</sent>	<sent id="12">
		<raw>Those talks collapsed, and the government rescinded the safe haven, in 2002 after the FARC rebels hijacked an airliner and kidnapped a senator who was aboard.</raw>
		<lemm>those talk collapse  and the government rescind the safe haven  in @card@ after the farc rebel hijack an airliner and kidnap a senator who be aboard</lemm>
		<bigrams> 312 315 322 323</bigrams>
	</sent>	<sent id="13">
		<raw>In their last communique, the FARC on Oct. 20 said it wanted two new safe havens to be created in southern Colombia in which talks on a prisoner exchange would be held.</raw>
		<lemm>in their last communique  the farc on oct @card@ say it want two new safe haven to be create in southern colombia in which talk on a prisoner exchange would be hold</lemm>
		<bigrams> 335 339 340 343 344 345 310 117 355</bigrams>
	</sent>	<sent id="14">
		<raw>The government rejected providing additional safe havens to the rebels.</raw>
		<lemm>the government reject provide additional safe haven to the rebel</lemm>
		<bigrams> 357 358 359 360</bigrams>
	</sent>	<sent id="15">
		<raw>The FARC and a smaller rebel group have been battling a succession of elected governments in this Andean nation for 40 years.</raw>
		<lemm>the farc and a small rebel group have be battle a succession of elect government in this andean nation for @card@ year</lemm>
		<bigrams> 364 19 372 376 378</bigrams>
	</sent></doc>