<?xml version="1.0" encoding="UTF_8"?>
<doc>	<sent id="0">
		<raw>The office of the UN High Commissioner for Human Rights on Thursday condemned the killing of five members of the same family in north Colombia last Friday, local press said.</raw>
		<lemm>the office of the un high commissioner for human rights on thursday condemn the killing of five member of the same family in north colombia last friday  local press say</lemm>
		<bigrams> 890 891 894 897 902 906 907 908 909 910 911</bigrams>
	</sent>	<sent id="1">
		<raw>The UN office demanded the rebel Revolutionary Armed Forces of Colombia (FARC) clarify whether it was responsible for the crime.</raw>
		<lemm>the un office demand the rebel revolutionary armed forces of colombia ( farc ) clarify whether it be responsible for the crime</lemm>
		<bigrams> 912 913 79 80 81 489 490 491 915 916</bigrams>
	</sent>	<sent id="2">
		<raw>It also asked the group to ensure strict compliance of its members with international humanitarian law.</raw>
		<lemm>it also ask the group to ensure strict compliance of its member with international humanitarian law</lemm>
		<bigrams> 920 924 925 931 932</bigrams>
	</sent>	<sent id="3">
		<raw>Five members of the same family, four of them women, were murdered last Friday by armed individuals who broke into their house in Coloso in the northern Sucre province.</raw>
		<lemm>five member of the same family  four of them woman  be murder last friday by armed individual who break into their house in coloso in the northern sucre province</lemm>
		<bigrams> 902 933 939 908 942 952 953</bigrams>
	</sent>	<sent id="4">
		<raw>One of the victims was pregnant for four months.</raw>
		<lemm>one of the victim be pregnant for four month</lemm>
		<bigrams> 958</bigrams>
	</sent>	<sent id="5">
		<raw>Two others were girl friends of a soldier and a police agent of the area.</raw>
		<lemm>two other be girl friend of a soldier and a police agent of the area</lemm>
		<bigrams> 962 966</bigrams>
	</sent>	<sent id="6">
		<raw>The Sucre authorities blamed FARC guerrillas for the killing, who has not yet claimed responsibility.</raw>
		<lemm>the sucre authority blame farc guerrilla for the killing  who have not yet claim responsibility</lemm>
		<bigrams> 970 971 972 588 978 979</bigrams>
	</sent>	<sent id="7">
		<raw>The UN office believed the women were murdered because of their relationship with law enforcement officers.</raw>
		<lemm>the un office believe the woman be murder because of their relationship with law enforcement officer</lemm>
		<bigrams> 912 980 988 989</bigrams>
	</sent>	<sent id="8">
		<raw>The Colombian authorities on Wednesday captured a FARC member who was suspected of being involved in the Coloso killing.</raw>
		<lemm>the colombian authority on wednesday capture a farc member who be suspect of be involve in the coloso killing</lemm>
		<bigrams> 757 991 217 1000</bigrams>
	</sent>	<sent id="9">
		<raw>The FARC, with 17,000 members, is the country's largest and oldest rebel organization.</raw>
		<lemm>the farc  with @card@ member  be the country s large and old rebel organization</lemm>
		<bigrams> 579 1004 1005</bigrams>
	</sent>	<sent id="10">
		<raw>Colombia has been plagued by a four-decade civil war, in which leftist rebels, far-right paramilitaries and government troops fight each other, killing about 3,500 people every year.</raw>
		<lemm>colombia have be plague by a four-decade civil war  in which leftist rebel  far-right paramilitaries and government troop fight each other  kill about @card@ people every year</lemm>
		<bigrams> 612 613 18 616 617 620 621 626 627 628</bigrams>
	</sent></doc>