<?xml version="1.0" encoding="UTF_8"?>
<doc>	<sent id="0">
		<raw>The Colombian Navy has captured a member of the rebel Revolutionary Armed Forces of Colombia (FARC), who was believed to be involved in the slaughtering of five members of the same family, authorities said Wednesday.</raw>
		<lemm>the colombian navy have capture a member of the rebel revolutionary armed forces of colombia ( farc )  who be believe to be involve in the slaughter of five member of the same family  authority say wednesday</lemm>
		<bigrams> 1994 79 80 81 489 490 491 902 2002 1656 2003</bigrams>
	</sent>	<sent id="1">
		<raw>The rebel was identified as Willinton Quiroz, also known as " Juan Carlos," of Front 35 of the FARC.</raw>
		<lemm>the rebel be identify as willinton quiroz  also know as  juan carlos   of front @card@ of the farc</lemm>
		<bigrams> 2005 2006 2007 2010 1605</bigrams>
	</sent>	<sent id="2">
		<raw>Quiroz was also wanted for crimes of rebellion and terrorism, said the Navy.</raw>
		<lemm>quiroz be also want for crime of rebellion and terrorism  say the navy</lemm>
		<bigrams> 2015 2022</bigrams>
	</sent>	<sent id="3">
		<raw>The slaughter occurred last Friday night in the rural area of Coloso in northern Sucre province.</raw>
		<lemm>the slaughter occur last friday night in the rural area of coloso in northern sucre province</lemm>
		<bigrams> 2024 2025 908 1571 2028 952 953</bigrams>
	</sent>	<sent id="4">
		<raw>Several armed men broke into houses inhabited by the same family.</raw>
		<lemm>several armed man break into house inhabit by the same family</lemm>
		<bigrams> 2032 1575 2033 2035</bigrams>
	</sent>	<sent id="5">
		<raw>Among the victims were the girl friends of a police agent and a soldier.</raw>
		<lemm>among the victim be the girl friend of a police agent and a soldier</lemm>
		<bigrams> 962 966</bigrams>
	</sent>	<sent id="6">
		<raw>One victim was pregnant for four months.</raw>
		<lemm>one victim be pregnant for four month</lemm>
		<bigrams> 2039 958</bigrams>
	</sent>	<sent id="7">
		<raw>The FARC, the largest guerrilla force in Colombia, is accused of committing selective murders and slaughters, as well as terrorist acts in different parts of the South American country.</raw>
		<lemm>the farc  the large guerrilla force in colombia  be accuse of commit selective murder and slaughter  as well as terrorist act in different part of the south american country</lemm>
		<bigrams> 2040 2041 2046 2047 2052 2054 2057 2058</bigrams>
	</sent></doc>