<?xml version="1.0" encoding="UTF_8"?>
<doc>	<sent id="0">
		<raw>After a two-year wait, on Tuesday more than 40 million Americans eligible for Medicare can start to sign up for Medicare Part D, the program's voluntary prescription drug benefit.</raw>
		<lemm>after a two-year wait  on tuesday more than @card@ million americans eligible for medicare can start to sign up for medicare part d  the program s voluntary prescription drug benefit</lemm>
		<bigrams> 2566 92 2570 2571 915 2577 62 63</bigrams>
	</sent>	<sent id="1">
		<raw>And by Tuesday, a quarter of those people, some 10 million retired American workers, will find out something more specific: whether their former employers will continue to pay for their prescription drug benefits in 2006.</raw>
		<lemm>and by tuesday  a quarter of those people  some @card@ million retire american worker  will find out something more specific  whether their former employer will continue to pay for their prescription drug benefit in @card@</lemm>
		<bigrams> 92 2585 2586 2587 2593 2596 62 63</bigrams>
	</sent>	<sent id="2">
		<raw>Tuesday is the deadline for employers to say "yes," "no" or, perhaps, "maybe."</raw>
		<lemm>tuesday be the deadline for employer to say  yes    no  or  perhaps   maybe </lemm>
		<bigrams> 2607 2610</bigrams>
	</sent>	<sent id="3">
		<raw>This group of retirees includes my wife, Sara, and me.</raw>
		<lemm>this group of retiree include my wife  sara  and me</lemm>
		<bigrams> 2613 2616</bigrams>
	</sent>	<sent id="4">
		<raw>In our case, we were waiting for a letter from General Electric Co., where Sara worked for 23 years.</raw>
		<lemm>in our case  we be wait for a letter from general electric co  where sara work for @card@ year</lemm>
		<bigrams> 2625 2626 2629 20</bigrams>
	</sent>	<sent id="5">
		<raw>When she retired, she signed up for a GE retiree prescription drug plan, which pays 70 to 85 percent of our drug costs.</raw>
		<lemm>when she retire  she sign up for a ge retiree prescription drug plan  which pay @card@ to @card@ percent of our drug cost</lemm>
		<bigrams> 2636 2637 62 347 367 368 341</bigrams>
	</sent>	<sent id="6">
		<raw>We get our medications by mail and pay $25 for a 90-day supply.</raw>
		<lemm>we get our medication by mail and pay $25 for a 90-day supply</lemm>
		<bigrams> 2648 2650</bigrams>
	</sent>	<sent id="7">
		<raw>It's a benefit we did not want to lose.</raw>
		<lemm>it be a benefit we do not want to lose</lemm>
		<bigrams></bigrams>
	</sent>	<sent id="8">
		<raw>We began to worry about whether GE would continue its drug benefit when Congress voted in 2003 to let Medicare pay for prescription drugs, which opened the door for some companies to drop their retiree coverage.</raw>
		<lemm>we begin to worry about whether ge would continue its drug benefit when congress vote in @card@ to let medicare pay for prescription drug  which open the door for some company to drop their retiree coverage</lemm>
		<bigrams> 2658 2659 2660 63 2665 2667 2668 62 2681</bigrams>
	</sent>	<sent id="9">
		<raw>The new voluntary drug benefit begins Jan. 1 and is expected to be of financial help to many seniors who have no drug coverage.</raw>
		<lemm>the new voluntary drug benefit begin jan @card@ and be expect to be of financial help to many senior who have no drug coverage</lemm>
		<bigrams> 2682 2683 63 2684 505 190 2688 1308 182</bigrams>
	</sent>	<sent id="10">
		<raw>Part D allows people on Medicare to get their drugs in one of two ways: by buying an individual drug policy or by signing up with a Medicare Advantage managed care plan.</raw>
		<lemm>part d allow people on medicare to get their drug in one of two way  by buy an individual drug policy or by sign up with a medicare advantage manage care plan</lemm>
		<bigrams> 2695 2702 2707 2708 1496 2713 2714 2715</bigrams>
	</sent>	<sent id="11">
		<raw>The new drug plans are being offered by private health insurance companies.</raw>
		<lemm>the new drug plan be be offer by private health insurance company</lemm>
		<bigrams> 1252 347 2719 160 1019</bigrams>
	</sent>	<sent id="12">
		<raw>Retirees who have approved drug coverage from former employers will not need to buy a Part D plan.</raw>
		<lemm>retiree who have approve drug coverage from former employer will not need to buy a part d plan</lemm>
		<bigrams> 2722 182 2596</bigrams>
	</sent>	<sent id="13">
		<raw>So Sara and I were relieved when we received a "yes" letter from GE, telling us that our drug coverage would continue without change.</raw>
		<lemm>so sara and i be relieve when we receive a  yes  letter from ge  tell us that our drug coverage would continue without change</lemm>
		<bigrams> 2736 2738 2739 182 2742 2660 2743 2744</bigrams>
	</sent>	<sent id="14">
		<raw>One of the reasons for our concern was that our out-of-pocket drug expenses under the GE plan last year were $1,685.</raw>
		<lemm>one of the reason for our concern be that our out-of-pocket drug expense under the ge plan last year be $1 685</lemm>
		<bigrams> 1101 2750 2753 2754 2755 2758</bigrams>
	</sent>	<sent id="15">
		<raw>But if we had been in a standard Medicare Part D plan, our expenses would have been about $5,000.</raw>
		<lemm>but if we have be in a standard medicare part d plan  our expense would have be about $5 000</lemm>
		<bigrams> 2762 915 2765 1108</bigrams>
	</sent>	<sent id="16">
		<raw>We did not want to go there.</raw>
		<lemm>we do not want to go there</lemm>
		<bigrams></bigrams>
	</sent>	<sent id="17">
		<raw>The new Medicare drug benefit, expected to cost more than $724 billion over 10 years, is being regulated by the Centers for Medicare and Medicaid Services (CMS).</raw>
		<lemm>the new medicare drug benefit  expect to cost more than $724 billion over @card@ year  be be regulate by the centers for medicare and medicaid services ( cms )</lemm>
		<bigrams> 272 273 63 2768 2772 20 452 2777 2778 2779</bigrams>
	</sent>	<sent id="18">
		<raw>To encourage employers to retain their retiree prescription coverage, Congress offered them a 28 percent tax-free subsidy of the cost of that coverage.</raw>
		<lemm>to encourage employer to retain their retiree prescription coverage  congress offer them a @card@ percent tax-free subsidy of the cost of that coverage</lemm>
		<bigrams> 2781 2637 1104 2784 2785 368 2789 2790</bigrams>
	</sent>	<sent id="19">
		<raw>But the question was: Would employers keep their drug plans and take the subsidy, or would they dump their plans to save money, knowing that retirees could now get prescription coverage from Medicare Part D?</raw>
		<lemm>but the question be  would employer keep their drug plan and take the subsidy  or would they dump their plan to save money  know that retiree could now get prescription coverage from medicare part d</lemm>
		<bigrams> 2797 2798 347 1863 2809 2811 2814 1104 915</bigrams>
	</sent>	<sent id="20">
		<raw>The speculation seemed reasonable.</raw>
		<lemm>the speculation seem reasonable</lemm>
		<bigrams> 2817 2818</bigrams>
	</sent>	<sent id="21">
		<raw>The number of corporate employers offering retiree health benefits has declined steadily for 15 years.</raw>
		<lemm>the number of corporate employer offer retiree health benefit have decline steadily for @card@ year</lemm>
		<bigrams> 2822 2823 2824 893 1458 2826 20</bigrams>
	</sent>	<sent id="22">
		<raw>Part D could have provided an escape hatch for employers who wanted out.</raw>
		<lemm>part d could have provide an escape hatch for employer who want out</lemm>
		<bigrams> 2831</bigrams>
	</sent>	<sent id="23">
		<raw>In addition, employers had to jump through some difficult regulatory hoops to prove to CMS that their plans were as good as the standard Part D drug plan.</raw>
		<lemm>in addition  employer have to jump through some difficult regulatory hoop to prove to cms that their plan be as good as the standard part d drug plan</lemm>
		<bigrams> 2836 2842 2843 2854 347</bigrams>
	</sent>	<sent id="24">
		<raw>Developing the proof turned out to be a costly, time-consuming process that required employers to hire a small army of actuaries and consultants.</raw>
		<lemm>develop the proof turn out to be a costly  time-consuming process that require employer to hire a small army of actuary and consultant</lemm>
		<bigrams> 2857 2861 2862 2865 2869</bigrams>
	</sent>	<sent id="25">
		<raw>Employers who passed the CMS tests were able to claim they had "creditable coverage," a requirement for getting the 28 percent subsidy.</raw>
		<lemm>employer who pass the cms test be able to claim they have  creditable coverage   a requirement for get the @card@ percent subsidy</lemm>
		<bigrams> 2877 2884 368 2890</bigrams>
	</sent>	<sent id="26">
		<raw>"GE has determined that the prescription drug coverage offered by the GE Pensioners' Prescription Drug Plan is, on average for all plan participants, expected to pay out as much or more than the standard Medicare prescription drug coverage will pay in 2006."</raw>
		<lemm> ge have determine that the prescription drug coverage offer by the ge pensioners  prescription drug plan be  on average for all plan participant  expect to pay out as much or more than the standard medicare prescription drug coverage will pay in @card@ </lemm>
		<bigrams> 62 182 2894 2895 2896 62 347 2900 2901 2762 2311 62 182</bigrams>
	</sent>	<sent id="27">
		<raw>In Medicare-speak, that meant that GE had passed the CMS tests, would take the subsidy from the government and would continue to provide our prescription coverage.</raw>
		<lemm>in medicare-speak  that mean that ge have pass the cms test  would take the subsidy from the government and would continue to provide our prescription coverage</lemm>
		<bigrams> 2877 2913 2914 2660 1104</bigrams>
	</sent>	<sent id="28">
		<raw>Enclosed in the GE packet was a "Certificate of Creditable Coverage," suitable for framing.</raw>
		<lemm>enclose in the ge packet be a  certificate of creditable coverage   suitable for framing</lemm>
		<bigrams> 2922 2884 2927</bigrams>
	</sent>	<sent id="29">
		<raw>GE said we should keep it in a safe place.</raw>
		<lemm>ge say we should keep it in a safe place</lemm>
		<bigrams> 2930 2936</bigrams>
	</sent>	<sent id="30">
		<raw>The reason for the caution is that people who do not sign up for a Part D prescription plan by May 15 will face a 1 percent per month premium penalty if they sign up later.</raw>
		<lemm>the reason for the caution be that people who do not sign up for a part d prescription plan by may @card@ will face a @card@ percent per month premium penalty if they sign up later</lemm>
		<bigrams> 2943 496 368 2947 2948 2949 2950</bigrams>
	</sent>	<sent id="31">
		<raw>The penalty will be waived for those who can show they already had "creditable coverage" when the deadline passed.</raw>
		<lemm>the penalty will be waive for those who can show they already have  creditable coverage  when the deadline pass</lemm>
		<bigrams> 2884 2962</bigrams>
	</sent>	<sent id="32">
		<raw>GE, of course, was not the only employer to face a decision on whether to continue its retiree health coverage.</raw>
		<lemm>ge  of course  be not the only employer to face a decision on whether to continue its retiree health coverage</lemm>
		<bigrams> 893 2972</bigrams>
	</sent>	<sent id="33">
		<raw>Thousands of corporations and state and local governments had to make similar choices.</raw>
		<lemm>thousand of corporation and state and local government have to make similar choice</lemm>
		<bigrams> 2978 2980 2981</bigrams>
	</sent>	<sent id="34">
		<raw>While most retirees are getting "yes" letters, others will not be so fortunate.</raw>
		<lemm>while most retiree be get  yes  letter  other will not be so fortunate</lemm>
		<bigrams> 2985 2736</bigrams>
	</sent>	<sent id="35">
		<raw>If you receive a "no" letter, meaning your employer's plan is not as good as the standard Medicare plan, and you want to buy better coverage, you will have to sift through dozens of Medicare drug plans offered by health care companies.</raw>
		<lemm>if you receive a  no  letter  mean your employer s plan be not as good as the standard medicare plan  and you want to buy good coverage  you will have to sift through dozen of medicare drug plan offer by health care company</lemm>
		<bigrams> 2992 2762 1921 2998 2999 273 347 238 1426 1427</bigrams>
	</sent>	<sent id="36">
		<raw>If you receive what is, in essence, a "maybe" letter, it may say that your former employer will continue to pay for some of your retiree drug benefits, at least for a while, but that you may have to move into a Part D plan.</raw>
		<lemm>if you receive what be  in essence  a  maybe  letter  it may say that your former employer will continue to pay for some of your retiree drug benefit  at least for a while  but that you may have to move into a part d plan</lemm>
		<bigrams> 3010 3012 2596 3017 63</bigrams>
	</sent>	<sent id="37">
		<raw>The CMS says it is too soon to provide a scorecard.</raw>
		<lemm>the cms say it be too soon to provide a scorecard</lemm>
		<bigrams> 3026</bigrams>
	</sent>	<sent id="38">
		<raw>But Mark McClellan, CMS administrator, in an interview predicted: "The vast majority of employers will take the retiree subsidy."</raw>
		<lemm>but mark mcclellan  cms administrator  in an interview predict   the vast majority of employer will take the retiree subsidy </lemm>
		<bigrams> 479 3034 3035 3038 3041 3045</bigrams>
	</sent>	<sent id="39">
		<raw>And that means, he said, that millions of retirees will continue to get drug coverage from former employers in 2006.</raw>
		<lemm>and that mean  he say  that million of retiree will continue to get drug coverage from former employer in @card@</lemm>
		<bigrams> 1512 182 2596</bigrams>
	</sent>	<sent id="40">
		<raw>Meanwhile, several retired friends told me they, too, had received "yes" letters from their former employers.</raw>
		<lemm>meanwhile  several retired friend tell me they  too  have receive  yes  letter from their former employer</lemm>
		<bigrams> 3050 3051 3052 3053 3059 2736 2596</bigrams>
	</sent>	<sent id="41">
		<raw>One, a former accounting manager at GMAC, received a "yes" letter from General Motors Corp., which provides his health and drug benefits.</raw>
		<lemm>one  a former accounting manager at gmac  receive a  yes  letter from general motors corp  which provide his health and drug benefit</lemm>
		<bigrams> 3063 3064 3067 2736 3068 3069 63</bigrams>
	</sent>	<sent id="42">
		<raw>The letter said retirees who want to keep their coverage should not join a Medicare Part D plan.</raw>
		<lemm>the letter say retiree who want to keep their coverage should not join a medicare part d plan</lemm>
		<bigrams> 3076 3077 915</bigrams>
	</sent>	<sent id="43">
		<raw>He said he likes his GM health benefits and was happy not to have to join a Part D plan.</raw>
		<lemm>he say he like his gm health benefit and be happy not to have to join a part d plan</lemm>
		<bigrams> 3086 1458</bigrams>
	</sent>	<sent id="44">
		<raw>I also talked with people at Lockheed Martin Corp. in Bethesda, Md.</raw>
		<lemm>i also talk with people at lockheed martin corp in bethesda  md </lemm>
		<bigrams> 3090 3095 3096 3099</bigrams>
	</sent>	<sent id="45">
		<raw>The company has about 50,000 retirees eligible for prescription drug benefits, according to spokesman Thomas Greer.</raw>
		<lemm>the company have about @card@ retiree eligible for prescription drug benefit  accord to spokesman thomas greer</lemm>
		<bigrams> 3103 3104 62 63 3105 3107 3108</bigrams>
	</sent>	<sent id="46">
		<raw>Lockheed Martin, he said, will maintain its benefits, take the government subsidy and send out notices to retirees by the Tuesday deadline.</raw>
		<lemm>lockheed martin  he say  will maintain its benefit  take the government subsidy and send out notice to retiree by the tuesday deadline</lemm>
		<bigrams> 3095 3114 3115 3124</bigrams>
	</sent>	<sent id="47">
		<raw>"We feel it is important to keep our plans unchanged to ensure stability for our retirees during introduction of Medicare Part D," Greer said.</raw>
		<lemm> we feel it be important to keep our plan unchanged to ensure stability for our retiree during introduction of medicare part d   greer say</lemm>
		<bigrams> 3129 3132 915 3139</bigrams>
	</sent>	<sent id="48">
		<raw>In some cases, the subsidy will allow employers to lower retiree premiums in 2006.</raw>
		<lemm>in some case  the subsidy will allow employer to lower retiree premium in @card@</lemm>
		<bigrams> 3145 3147 3148</bigrams>
	</sent>	<sent id="49">
		<raw>For example, Dow Chemical Co. said it would share its Medicare subsidy money with retirees on a 50-50 basis.</raw>
		<lemm>for example  dow chemical co say it would share its medicare subsidy money with retiree on a @card@ basis</lemm>
		<bigrams> 3150 3151 3152 3153 3155 3158 3159 3163</bigrams>
	</sent>	<sent id="50">
		<raw>As a result, said Janet Boyd, director of government relations, "We expect that our eligible Medicare retirees' 2006 premium will be reduced by about $20 a month."</raw>
		<lemm>as a result  say janet boyd  director of government relation   we expect that our eligible medicare retiree  @card@ premium will be reduce by about $20 a month </lemm>
		<bigrams> 3166 3167 3168 3169 3172 3177 3178 3179 3180</bigrams>
	</sent>	<sent id="51">
		<raw>The decision to share rather than keep the subsidy money, Boyd said, was not only good for the retirees but also helped increase the company's contribution to the retiree drug plan.</raw>
		<lemm>the decision to share rather than keep the subsidy money  boyd say  be not only good for the retiree but also help increase the company s contribution to the retiree drug plan</lemm>
		<bigrams> 3190 3159 3193 3194 3200 3201 3017 347</bigrams>
	</sent>	<sent id="52">
		<raw>By doing that, she said, it made it easier for the company to qualify for "creditable coverage."</raw>
		<lemm>by do that  she say  it make it easy for the company to qualify for  creditable coverage </lemm>
		<bigrams> 2884</bigrams>
	</sent>	<sent id="53">
		<raw>Meanwhile, IBM said it would share one-third of its subsidy with retirees.</raw>
		<lemm>meanwhile  ibm say it would share one-third of its subsidy with retiree</lemm>
		<bigrams> 3214 3215 3155 3216</bigrams>
	</sent>	<sent id="54">
		<raw>The action will help reduce scheduled premium increases by $13 a month for individuals, $26 for couples.</raw>
		<lemm>the action will help reduce schedule premium increase by $13 a month for individual  $26 for couple</lemm>
		<bigrams> 3223 3224 3225 3226 3230</bigrams>
	</sent>	<sent id="55">
		<raw>The Medicare employer subsidy applies to retiree drug expenses between $250 and $5,000 a year in 2006.</raw>
		<lemm>the medicare employer subsidy apply to retiree drug expense between $250 and $5 000 a year in @card@</lemm>
		<bigrams> 3232 3233 3234 3017 2750 1108</bigrams>
	</sent>	<sent id="56">
		<raw>The average subsidy is estimated to be $668 a year.</raw>
		<lemm>the average subsidy be estimate to be $668 a year</lemm>
		<bigrams> 3240</bigrams>
	</sent>	<sent id="57">
		<raw>By comparison, Medicare will contribute an estimated $1,200 a year per person for people who sign up for Part D stand-alone drug plans and Medicare managed care plans.</raw>
		<lemm>by comparison  medicare will contribute an estimated $1 200 a year per person for people who sign up for part d stand-alone drug plan and medicare manage care plan</lemm>
		<bigrams> 3247 3251 3252 3254 3255 2167 347 3259 2714 2715</bigrams>
	</sent>	<sent id="58">
		<raw>Thus Medicare will save money if employers can be persuaded to take the subsidy, which by itself will cost $41 billion over 10 years.</raw>
		<lemm>thus medicare will save money if employer can be persuade to take the subsidy  which by itself will cost $41 billion over @card@ year</lemm>
		<bigrams> 3260 1863 3271 3272 20</bigrams>
	</sent>	<sent id="59">
		<raw>I couldn't immediately find employers who sent "no" or "maybe" letters.</raw>
		<lemm>i could n t immediately find employer who send  no  or  maybe  letter</lemm>
		<bigrams> 3274 3276 3277 3010</bigrams>
	</sent>	<sent id="60">
		<raw>But the Fresno Bee reported that retailer JC Penney Co. had decided to discontinue all health benefits for 9,500 retirees who are 65 and older.</raw>
		<lemm>but the fresno bee report that retailer jc penney co have decide to discontinue all health benefit for @card@ retiree who be @card@ and old</lemm>
		<bigrams> 3282 3283 3286 3287 3288 1458 3103</bigrams>
	</sent>	<sent id="61">
		<raw>"The fact that Medicare was implementing prescription drug coverage in 2006 was the impetus for the change," said spokesman Tim Lyon.</raw>
		<lemm> the fact that medicare be implement prescription drug coverage in @card@ be the impetus for the change   say spokesman tim lyon</lemm>
		<bigrams> 3298 62 182 1747 3302 3303 3304</bigrams>
	</sent>	<sent id="62">
		<raw>JC Penney will help retirees enroll in an AARP plan and will pay 55 percent of the premium for one year, he said.</raw>
		<lemm>jc penney will help retiree enroll in an aarp plan and will pay @card@ percent of the premium for one year  he say</lemm>
		<bigrams> 3287 3306 3307 3309 367 368 3313</bigrams>
	</sent>	<sent id="63">
		<raw>However, dropping out is not going to be widespread, said Jon Gabel, vice president of the Washington-based Center for Studying Health System Change.</raw>
		<lemm>however  drop out be not go to be widespread  say jon gabel  vice president of the washington-based center for studying health system change</lemm>
		<bigrams> 3315 3318 3319 3320 3321 1622 3323 3326 3327 3328</bigrams>
	</sent>	<sent id="64">
		<raw>Dropping a retiree health benefit, he said, is "the very last thing employers want to do."</raw>
		<lemm>drop a retiree health benefit  he say  be  the very last thing employer want to do </lemm>
		<bigrams> 893 1458 3334 3335 3336</bigrams>
	</sent>	<sent id="65">
		<raw>They know, he added, "that it will lead to all kinds of public relations problems."</raw>
		<lemm>they know  he add   that it will lead to all kind of public relation problem </lemm>
		<bigrams> 3347 3348</bigrams>
	</sent>	<sent id="66">
		<raw>But employer enthusiasm for the subsidy may be temporary, predicted John Gorman, president of Gorman Health Group, a Washington consulting firm.</raw>
		<lemm>but employer enthusiasm for the subsidy may be temporary  predict john gorman  president of gorman health group  a washington consulting firm</lemm>
		<bigrams> 3350 3352 3354 3355 3356 3357 3359 3360 3363 3364</bigrams>
	</sent>	<sent id="67">
		<raw>"In 2007," he said, "you're going to start to see an exodus of employers and unions from their own plans in order to move their retirees into Part D options."</raw>
		<lemm> in @card@   he say   you be go to start to see an exodus of employer and union from their own plan in order to move their retiree into part d option </lemm>
		<bigrams></bigrams>
	</sent>	<sent id="68">
		<raw>Many employers, Gorman added, view the subsidy as "putting a Band-Aid on a shotgun wound.</raw>
		<lemm>many employer  gorman add  view the subsidy as  put a band-aid on a shotgun wound</lemm>
		<bigrams> 3379 3380 3381 3382 3390</bigrams>
	</sent>	<sent id="69">
		<raw>...</raw>
		<lemm>  </lemm>
		<bigrams></bigrams>
	</sent>	<sent id="70">
		<raw>It will slow down the bleeding ... but it is not going to stop it."</raw>
		<lemm>it will slow down the bleeding   but it be not go to stop it </lemm>
		<bigrams></bigrams>
	</sent>	<sent id="71">
		<raw>Meanwhile, leaders of public employee unions are advising their retirees: "If you have creditable coverage, it's OK to sit still," said Steven Kreisberg, collective bargaining director of the American Federation of State, County and Municipal Employees.</raw>
		<lemm>meanwhile  leader of public employee union be advise their retiree   if you have creditable coverage  it be ok to sit still   say steven kreisberg  collective bargaining director of the american federation of state  county and municipal employees</lemm>
		<bigrams> 3398 3400 3401 2884 3410 3411 3412 3413 3414 3415 3416 3418 3421 3424</bigrams>
	</sent>	<sent id="72">
		<raw>There are between 300,000 and 400,000 retired public employees around the country, he noted.</raw>
		<lemm>there be between @card@ and @card@ retire public employee around the country  he note</lemm>
		<bigrams> 3427 3428 3400 3429</bigrams>
	</sent>	<sent id="73">
		<raw>The labor leader said he thought that some employers might begin to look for "creative solutions," in which they would give up the subsidy in order to set up their own prescription drug plans or Medicare Advantage managed care plans, or find other ways to partner with Part D plans.</raw>
		<lemm>the labor leader say he think that some employer might begin to look for  creative solution   in which they would give up the subsidy in order to set up their own prescription drug plan or medicare advantage manage care plan  or find other way to partner with part d plan</lemm>
		<bigrams> 3435 3436 3440 3441 3443 3447 62 347 1496 2713 2714 2715</bigrams>
	</sent>	<sent id="74">
		<raw>If employers decide to move to Part D options, bringing more people and more premiums to the plan, Kreisberg said, it may give retirees "a bigger bang for their buck" because the additional federal dollars could provide better benefits.</raw>
		<lemm>if employer decide to move to part d option  bring more people and more premium to the plan  kreisberg say  it may give retiree  a big bang for their buck  because the additional federal dollar could provide good benefit</lemm>
		<bigrams> 3460 3463 3470 3471 3472 3473 3476 3481 3482 3483 3484 3485 589</bigrams>
	</sent></doc>