<?xml version="1.0" encoding="UTF_8"?>
<doc>	<sent id="0">
		<raw>Nearly two years after President Bush signed into law the most sweeping change in Medicare's history, beneficiaries can begin signing up Tuesday for coverage of their prescription drugs.</raw>
		<lemm>nearly two year after president bush sign into law the most sweeping change in medicare s history  beneficiary can begin sign up tuesday for coverage of their prescription drug</lemm>
		<bigrams> 5254 3709 5257 5258 5263 5265 5268 62</bigrams>
	</sent>	<sent id="1">
		<raw>Despite recent polls showing widespread confusion about how the benefit will work and concern that the coverage choices are too complicated, administration officials say they are confident the drug program will catch on.</raw>
		<lemm>despite recent poll show widespread confusion about how the benefit will work and concern that the coverage choice be too complicate  administration official say they be confident the drug program will catch on</lemm>
		<bigrams> 5273 5274 5275 5276 5277 5285 5288 4262 5289 121</bigrams>
	</sent>	<sent id="2">
		<raw>By the time the open enrollment period ends next May 15, beneficiaries will have a better understanding of the program and "those polls will change," said Health and Human Services Secretary Michael Leavitt, in a conference call with reporters last week.</raw>
		<lemm>by the time the open enrollment period end next may @card@  beneficiary will have a good understanding of the program and  those poll will change   say health and human services secretary michael leavitt  in a conference call with reporter last week</lemm>
		<bigrams> 953 5084 5297 5298 5299 496 5300 5302 1747 5307 5309 5310 5311 5312 5315 5317 640</bigrams>
	</sent>	<sent id="3">
		<raw>"This is the beginning of a new era in Medicare," Leavitt said.</raw>
		<lemm> this be the beginning of a new era in medicare   leavitt say</lemm>
		<bigrams> 5319 5321 5322</bigrams>
	</sent>	<sent id="4">
		<raw>"We will slowly build understanding."</raw>
		<lemm> we will slowly build understanding </lemm>
		<bigrams> 5324 5325</bigrams>
	</sent>	<sent id="5">
		<raw>Administration officials stress there is no need for beneficiaries to hastily enroll.</raw>
		<lemm>administration official stress there be no need for beneficiary to hastily enroll</lemm>
		<bigrams> 4262 5326 5332</bigrams>
	</sent>	<sent id="6">
		<raw>The drug benefit will not take effect until Jan. 1, 2006, and beneficiaries can continue signing up until May 15, 2006, without paying a penalty.</raw>
		<lemm>the drug benefit will not take effect until jan @card@  @card@  and beneficiary can continue sign up until may @card@  @card@  without pay a penalty</lemm>
		<bigrams> 63 3488 190 5090 5337 496 5090 5339 5340</bigrams>
	</sent>	<sent id="7">
		<raw>But those who are eligible and do not sign up by then will pay a 1 percent a month penalty when they do enroll.</raw>
		<lemm>but those who be eligible and do not sign up by then will pay a @card@ percent a month penalty when they do enroll</lemm>
		<bigrams> 368 5345</bigrams>
	</sent>	<sent id="8">
		<raw>The next enrollment period after May 15 will be in November 2006.</raw>
		<lemm>the next enrollment period after may @card@ will be in november @card@</lemm>
		<bigrams> 5083 5084 496 5351</bigrams>
	</sent>	<sent id="9">
		<raw>With the enrollment period about to begin and beneficiaries being flooded with information from Medicare and dozens of prescription drug providers, interest in the program is quickly growing.</raw>
		<lemm>with the enrollment period about to begin and beneficiary be flood with information from medicare and dozen of prescription drug provider  interest in the program be quickly grow</lemm>
		<bigrams> 5084 62 5360 5361 5363</bigrams>
	</sent>	<sent id="10">
		<raw>"More and more people are starting to pay attention."</raw>
		<lemm> more and more people be start to pay attention </lemm>
		<bigrams> 5366</bigrams>
	</sent>	<sent id="11">
		<raw>Nationwide, the federal government is working with about 10,000 local organizations to provide assistance, Leavitt said.</raw>
		<lemm>nationwide  the federal government be work with about @card@ local organization to provide assistance  leavitt say</lemm>
		<bigrams> 4712 5371 5372 5374 5375 5322</bigrams>
	</sent>	<sent id="12">
		<raw>That help will be needed, experts say, because the program is so complicated.</raw>
		<lemm>that help will be need  expert say  because the program be so complicate</lemm>
		<bigrams> 5379 401</bigrams>
	</sent>	<sent id="13">
		<raw>Advocates of a drug benefit for the elderly had lobbied for years to expand the program within Medicare, but when Congress finally acted, it tossed the benefit to the private sector with a hefty government subsidy.</raw>
		<lemm>advocate of a drug benefit for the elderly have lobby for year to expand the program within medicare  but when congress finally act  it toss the benefit to the private sector with a hefty government subsidy</lemm>
		<bigrams> 63 5391 5392 5393 5394 5399 5402 3115</bigrams>
	</sent>	<sent id="14">
		<raw>The result is that beneficiaries must enroll in private plans, not in Medicare directly, for the prescription drug benefit known as Medicare Part D.</raw>
		<lemm>the result be that beneficiary must enroll in private plan  not in medicare directly  for the prescription drug benefit know as medicare part d </lemm>
		<bigrams> 5406 5407 1490 5411 62 63 1274 915</bigrams>
	</sent>	<sent id="15">
		<raw>In virtually every state, beneficiaries are confronted with more than 40 competing drug plans, many of them different options offered by the same company.</raw>
		<lemm>in virtually every state  beneficiary be confront with more than @card@ compete drug plan  many of them different option offer by the same company</lemm>
		<bigrams> 5414 5415 5416 5420 5421 347 5422 5424 5425</bigrams>
	</sent>	<sent id="16">
		<raw>It's like deciding which cell phone service to buy from competing companies and then selecting a particular calling plan within the chosen company.</raw>
		<lemm>it be like decide which cell phone service to buy from compete company and then select a particular call plan within the choose company</lemm>
		<bigrams> 5427 5430 5431 5434 5440 5441 5442 5445</bigrams>
	</sent>	<sent id="17">
		<raw>A survey of Medicare beneficiaries late last month found that more than 60 percent said they do not understand the new drug law.</raw>
		<lemm>a survey of medicare beneficiary late last month find that more than @card@ percent say they do not understand the new drug law</lemm>
		<bigrams> 1469 5447 4196 5448 5449 368 3903 1252 5453</bigrams>
	</sent>	<sent id="18">
		<raw>The survey, conducted by the non-profit Kaiser Family Foundation and the Harvard School of Public Health, also found that 37 percent of beneficiaries said they do not plan to enroll in a plan; 43 percent were undecided and only 20 percent said they planned to enroll for the drug benefit.</raw>
		<lemm>the survey  conduct by the non-profit kaiser family foundation and the harvard school of public health  also find that @card@ percent of beneficiary say they do not plan to enroll in a plan  @card@ percent be undecided and only @card@ percent say they plan to enroll for the drug benefit</lemm>
		<bigrams> 5455 5458 1346 1347 5460 5462 5463 5464 368 5466 3902 368 368 3903 63</bigrams>
	</sent>	<sent id="19">
		<raw>Most elderly who have not followed the issue are unaware that they have so many plans to choose from.</raw>
		<lemm>most elderly who have not follow the issue be unaware that they have so many plan to choose from</lemm>
		<bigrams> 4699</bigrams>
	</sent>	<sent id="20">
		<raw>When told they have so many choices, nearly three-fourths said that "makes it confusing and difficult to pick the best plan" while 22 percent said it "provides an opportunity to choose the best plan."</raw>
		<lemm>when tell they have so many choice  nearly three-fourth say that  make it confusing and difficult to pick the good plan  while @card@ percent say it  provide an opportunity to choose the good plan </lemm>
		<bigrams> 5481 5482 5483 5484 5489 368 3903 5489</bigrams>
	</sent>	<sent id="21">
		<raw>Critics of the drug law have argued for months that it is too complex.</raw>
		<lemm>critic of the drug law have argue for month that it be too complex</lemm>
		<bigrams> 5453</bigrams>
	</sent>	<sent id="22">
		<raw>They also have argued that if Medicare purchased drugs directly, the way the Department of Veterans Affairs does for veterans, beneficiaries would pay much less.</raw>
		<lemm>they also have argue that if medicare purchase drug directly  the way the department of veterans affairs do for veteran  beneficiary would pay much less</lemm>
		<bigrams> 5508 5509 5510 5515 5519 5520 5521 5522 5523</bigrams>
	</sent>	<sent id="23">
		<raw>Ron Pollack, executive director of Families USA, which opposed the drug bill when it was in Congress, said its flaws "are producing bewilderment and confusion among seniors" and will also result in a far more costly program.</raw>
		<lemm>ron pollack  executive director of families usa  which oppose the drug bill when it be in congress  say its flaw  be produce bewilderment and confusion among senior  and will also result in a far more costly program</lemm>
		<bigrams> 5524 5525 5526 5528 5532 5535 5540 5543 665 5544 5548</bigrams>
	</sent>	<sent id="24">
		<raw>But Dr. Mark McClellan, head of the federal Centers for Medicare and Medicaid Services, said competition among the private plans has resulted in lower premiums, lower deductibles and lower copayments than had been predicted.</raw>
		<lemm>but dr mark mcclellan  head of the federal centers for medicare and medicaid services  say competition among the private plan have result in low premium  low deductible and low copayment than have be predict</lemm>
		<bigrams> 478 479 5550 5552 452 5553 5554 567 1490 786 5557 5558 5560</bigrams>
	</sent>	<sent id="25">
		<raw>A study of the prices scheduled to be charged under the drug law for the top 25 most commonly prescribed medications used by the elderly found that the drug benefit will result in average savings of 20 percent on brand name drugs bought at a retail pharmacy and 27 percent through a mail order pharmacy.</raw>
		<lemm>a study of the price schedule to be charge under the drug law for the top @card@ most commonly prescribe medication use by the elderly find that the drug benefit will result in average saving of @card@ percent on brand name drug buy at a retail pharmacy and @card@ percent through a mail order pharmacy</lemm>
		<bigrams> 5565 5453 5570 5573 5574 5575 5577 63 5580 368 5584 5585 5586 5589 368 5593 5594</bigrams>
	</sent>	<sent id="26">
		<raw>For generic drugs, the savings are 44 percent for retail and 64 percent for mail order.</raw>
		<lemm>for generic drug  the saving be @card@ percent for retail and @card@ percent for mail order</lemm>
		<bigrams> 1559 368 368 5593</bigrams>
	</sent>	<sent id="27">
		<raw>The study, based on filings with the Medicare program, was conducted by the Pharmaceutical Care Management Association, the national trade organization representing pharmacy benefit managers.</raw>
		<lemm>the study  base on filings with the medicare program  be conduct by the pharmaceutical care management association  the national trade organization represent pharmacy benefit manager</lemm>
		<bigrams> 5602 1807 5607 5608 5609 5611 5612 5613 5614 5615 4004</bigrams>
	</sent>	<sent id="28">
		<raw>McClellan said he was unconcerned that more than a third of Medicare beneficiaries say they don't intend to enroll in a drug plan because most of them have more generous coverage through a former employer.</raw>
		<lemm>mcclellan say he be unconcerned that more than a third of medicare beneficiary say they do n t intend to enroll in a drug plan because most of them have more generous coverage through a former employer</lemm>
		<bigrams> 541 1469 5466 347 5626 2596</bigrams>
	</sent>	<sent id="29">
		<raw>The Medicare drug law provides substantial incentives for employers to continue to offer retiree drug coverage.</raw>
		<lemm>the medicare drug law provide substantial incentive for employer to continue to offer retiree drug coverage</lemm>
		<bigrams> 273 5453 5627 5628 5629 2824 3017 182</bigrams>
	</sent>	<sent id="30">
		<raw>Of the more than 40 million elderly and disabled Medicare beneficiaries nationwide, administration officials expect about 28 million to 30 million to enroll in a drug plan or remain in a federally subsidized retiree plan.</raw>
		<lemm>of the more than @card@ million elderly and disabled medicare beneficiary nationwide  administration official expect about @card@ million to @card@ million to enroll in a drug plan or remain in a federally subsidized retiree plan</lemm>
		<bigrams> 92 1802 5632 1469 5633 5634 4262 5635 92 92 347 5641 5642 930</bigrams>
	</sent>	<sent id="31">
		<raw>That includes about 10 million retirees with employer-sponsored coverage, 12 million very low income people whose drug coverage automatically will be switched from Medicaid to Medicare, and 6 million in Medicare managed care plans that already provide drug coverage.</raw>
		<lemm>that include about @card@ million retiree with employer-sponsored coverage  @card@ million very low income people whose drug coverage automatically will be switch from medicaid to medicare  and @card@ million in medicare manage care plan that already provide drug coverage</lemm>
		<bigrams> 92 4635 4119 5646 92 5649 5650 5651 5652 182 5653 92 3259 2714 2715 5658 5659 182</bigrams>
	</sent>	<sent id="32">
		<raw>To help beneficiaries wade through the various plans, Medicare has created a series of tools that can compare costs and benefits.</raw>
		<lemm>to help beneficiary wade through the various plan  medicare have create a series of tool that can compare cost and benefit</lemm>
		<bigrams> 5660 5661 5664 5665 5672</bigrams>
	</sent>	<sent id="33">
		<raw>The tool enables beneficiaries to compare premiums, deductibles and copayments for each plan based on the drugs listed.</raw>
		<lemm>the tool enable beneficiary to compare premium  deductible and copayment for each plan base on the drug list</lemm>
		<bigrams> 5674 5675 302 258 5678 260</bigrams>
	</sent>	<sent id="34">
		<raw>It also tells them which local pharmacies will accept the various plans, or whether drugs can be purchased through a bulk mail-order or online supplier.</raw>
		<lemm>it also tell them which local pharmacy will accept the various plan  or whether drug can be purchase through a bulk mail-order or online supplier</lemm>
		<bigrams> 5680 5684 5664 5688 5693 5696</bigrams>
	</sent>	<sent id="35">
		<raw>"It's a wonderful tool," Nora said.</raw>
		<lemm> it be a wonderful tool   nora say</lemm>
		<bigrams> 5698 5699 5700</bigrams>
	</sent>	<sent id="36">
		<raw>"It really gets in depth on how much you are going to save.</raw>
		<lemm> it really get in depth on how much you be go to save</lemm>
		<bigrams> 5702</bigrams>
	</sent>	<sent id="37">
		<raw>You plug in (the information) and it's the best thing since sliced bread."</raw>
		<lemm>you plug in ( the information ) and it be the good thing since slice bread </lemm>
		<bigrams> 5711 5712 5713 5714 5715</bigrams>
	</sent>	<sent id="38">
		<raw>Drew.</raw>
		<lemm>draw</lemm>
		<bigrams></bigrams>
	</sent>	<sent id="39">
		<raw>E. Altman, president of the Kaiser Family Foundation, said it's unclear how many beneficiaries will enroll in a plan, but he noted that "in the long run the bigger question is whether seniors believe they are getting?enough help with their drug costs from the plans they are in."</raw>
		<lemm>e altman  president of the kaiser family foundation  say it be unclear how many beneficiary will enroll in a plan  but he note that  in the long run the big question be whether senior believe they be get enough help with their drug cost from the plan they be in </lemm>
		<bigrams> 5716 5717 1346 1347 5718 5721 2213 5725 5727 5728 5730 5731 341</bigrams>
	</sent></doc>