<?xml version="1.0" encoding="UTF_8"?>
<doc>	<sent id="0">
		<raw>Reuben and Claudia Beck understand complex things.</raw>
		<lemm>reuben and claudia beck understand complex thing</lemm>
		<bigrams> 2 3 4 5</bigrams>
	</sent>	<sent id="1">
		<raw>Reuben, 84, who was a sailor in World War II and an engineer for 40 years, designed conveyor systems for automobiles before retiring at age 70.</raw>
		<lemm>reuben  @card@  who be a sailor in world war ii and an engineer for @card@ year  design conveyor system for automobile before retire at age @card@</lemm>
		<bigrams> 6 13 14 20 21 22 23 30</bigrams>
	</sent>	<sent id="2">
		<raw>Claudia, 66, a registered nurse, is a retired insurance claims adjuster who knows how to slash through red tape.</raw>
		<lemm>claudia  @card@  a registered nurse  be a retire insurance claim adjuster who know how to slash through red tape</lemm>
		<bigrams> 31 34 37 38 39 47</bigrams>
	</sent>	<sent id="3">
		<raw>Even so, the Becks fear they have met their match in Medicare's new prescription drug benefit plan, designed to help seniors pay for medicine.</raw>
		<lemm>even so  the becks fear they have meet their match in medicare s new prescription drug benefit plan  design to help senior pay for medicine</lemm>
		<bigrams> 51 61 62 63 64 65 68 69</bigrams>
	</sent>	<sent id="4">
		<raw>"It's just so confusing," Claudia Beck said.</raw>
		<lemm> it be just so confusing   claudia beck say</lemm>
		<bigrams> 76 2 77</bigrams>
	</sent>	<sent id="5">
		<raw>"And it seems the more I call, the more runaround I get."</raw>
		<lemm> and it seem the more i call  the more runaround i get </lemm>
		<bigrams></bigrams>
	</sent>	<sent id="6">
		<raw>The couple, along with 42 million other seniors and disabled citizens eligible for Medicare, will have access to a benefit that seniors have wanted for a long time.</raw>
		<lemm>the couple  along with @card@ million other senior and disabled citizen eligible for medicare  will have access to a benefit that senior have want for a long time</lemm>
		<bigrams> 89 92 97 98 114</bigrams>
	</sent>	<sent id="7">
		<raw>And there's no doubt the prescription drug program will help millions.</raw>
		<lemm>and there be no doubt the prescription drug program will help million</lemm>
		<bigrams> 62 121 124</bigrams>
	</sent>	<sent id="8">
		<raw>First, however, they must survive the jungle of jargon and confusing array of options that are tripping up thousands already, and the benefit hasn't even started yet.</raw>
		<lemm>first  however  they must survive the jungle of jargon and confusing array of option that be trip up thousand already  and the benefit have n t even start yet</lemm>
		<bigrams> 125 128 135 143 151 152</bigrams>
	</sent>	<sent id="9">
		<raw>Medicare is the government program that provides health insurance for Americans 65 and older.</raw>
		<lemm>medicare be the government program that provide health insurance for americans @card@ and old</lemm>
		<bigrams> 156 159 160 163</bigrams>
	</sent>	<sent id="10">
		<raw>It has not previously covered outpatient prescription drugs.</raw>
		<lemm>it have not previously cover outpatient prescription drug</lemm>
		<bigrams> 169 170 171 62</bigrams>
	</sent>	<sent id="11">
		<raw>But in 2003, Congress passed a law that will make prescription drug coverage available to those on Medicare starting Jan. 1.</raw>
		<lemm>but in @card@  congress pass a law that will make prescription drug coverage available to those on medicare start jan @card@</lemm>
		<bigrams> 174 175 181 62 182 183 188 189 190</bigrams>
	</sent>	<sent id="12">
		<raw>Private insurers are providing the coverage.</raw>
		<lemm>private insurer be provide the coverage</lemm>
		<bigrams> 191</bigrams>
	</sent>	<sent id="13">
		<raw>Those eligible for the benefit can pick an insurance plan from dozens being marketed to them.</raw>
		<lemm>those eligible for the benefit can pick an insurance plan from dozen be market to them</lemm>
		<bigrams> 202</bigrams>
	</sent>	<sent id="14">
		<raw>Seniors generally will pay premiums and co-payments as with most insurance policies.</raw>
		<lemm>senior generally will pay premium and co-payment as with most insurance policy</lemm>
		<bigrams> 209 212 219</bigrams>
	</sent>	<sent id="15">
		<raw>But the confusion begins right at the beginning, when seniors try to pick a plan.</raw>
		<lemm>but the confusion begin right at the beginning  when senior try to pick a plan</lemm>
		<bigrams> 222 223 229</bigrams>
	</sent>	<sent id="16">
		<raw>In Georgia, there are 82 plans offered by 18 companies.</raw>
		<lemm>in georgia  there be @card@ plan offer by @card@ company</lemm>
		<bigrams> 237 238 241</bigrams>
	</sent>	<sent id="17">
		<raw>Deductibles, co-payments, out-of-pocket expenses and covered drugs vary among the plans.</raw>
		<lemm>deductible  co-payment  out-of-pocket expense and cover drug vary among the plan</lemm>
		<bigrams> 242 243 244 247 248 249</bigrams>
	</sent>	<sent id="18">
		<raw>Imagine 82 plans with, say, five variables, premium, deductible, co-payments, drug list and pharmacy choice.</raw>
		<lemm>imagine @card@ plan with  say  five variable  premium  deductible  co-payment  drug list and pharmacy choice</lemm>
		<bigrams> 252 237 255 256 257 258 242 259 260 263</bigrams>
	</sent>	<sent id="19">
		<raw>The variables become mathematically if not emotionally daunting.</raw>
		<lemm>the variable become mathematically if not emotionally daunting</lemm>
		<bigrams> 265 266 270</bigrams>
	</sent>	<sent id="20">
		<raw>"The new Medicare drug benefit is 10 times more complicated than the Medicare drug discount card," said Robert Hayes, president of the Medicare Rights Center, a New York-based consumer advocacy organization, "and 10 times more important."</raw>
		<lemm> the new medicare drug benefit be @card@ time more complicated than the medicare drug discount card   say robert hayes  president of the medicare rights center  a new york-based consumer advocacy organization   and @card@ time more important </lemm>
		<bigrams> 272 273 63 275 273 281 282 283 284 285 286 289 290 293 294 295 296 275</bigrams>
	</sent>	<sent id="21">
		<raw>Even after comparing premiums, co-payments, deductibles and rosters of drugs, the work will still not be complete.</raw>
		<lemm>even after compare premium  co-payment  deductible and roster of drug  the work will still not be complete</lemm>
		<bigrams> 302 303 304</bigrams>
	</sent>	<sent id="22">
		<raw>Seniors will also need to determine how they'll stomach what's termed "the doughnut hole", a gap where there's no coverage after seniors rack up drug costs of $2,250.</raw>
		<lemm>senior will also need to determine how they will stomach what be term  the doughnut hole   a gap where there be no coverage after senior rack up drug cost of $2 250</lemm>
		<bigrams> 318 330 338 341 344</bigrams>
	</sent>	<sent id="23">
		<raw>Under most drug plans, patients will have coverage up to $2,250 in spending.</raw>
		<lemm>under most drug plan  patient will have coverage up to $2 250 in spending</lemm>
		<bigrams> 347 348 344</bigrams>
	</sent>	<sent id="24">
		<raw>But between $2,250 and $5,100, they'll generally be on their own.</raw>
		<lemm>but between $2 250 and $5 100  they will generally be on their own</lemm>
		<bigrams> 344 360</bigrams>
	</sent>	<sent id="25">
		<raw>Medicare will pay 95 percent of covered drug costs above $5,100.</raw>
		<lemm>medicare will pay @card@ percent of cover drug cost above $5 100</lemm>
		<bigrams> 367 368 247 341 360</bigrams>
	</sent>	<sent id="26">
		<raw>Despite the difficulties, it's worthwhile for seniors to explore the new $700 billion benefit, especially those with limited incomes, those who lack drug coverage now and those with high prescription costs, experts said.</raw>
		<lemm>despite the difficulty  it be worthwhile for senior to explore the new $700 billion benefit  especially those with limited income  those who lack drug coverage now and those with high prescription cost  expert say</lemm>
		<bigrams> 382 383 384 385 389 393 182 398 399 400 401</bigrams>
	</sent>	<sent id="27">
		<raw>The best way for seniors to compare plans is by using Medicare's Web site or calling Medicare or a local insurance counseling service to use the Internet tool for them.</raw>
		<lemm>the good way for senior to compare plan be by use medicare s web site or call medicare or a local insurance counseling service to use the internet tool for them</lemm>
		<bigrams> 403 406 410 412 415 419 420 421 426</bigrams>
	</sent>	<sent id="28">
		<raw>Gary Karr, a spokesman for the federal agency that runs Medicare, acknowledged "a little bit of anxiety" among consumers over the benefit.</raw>
		<lemm>gary karr  a spokesman for the federal agency that run medicare  acknowledge  a little bit of anxiety  among consumer over the benefit</lemm>
		<bigrams> 429 434 437 438 441 444 445</bigrams>
	</sent>	<sent id="29">
		<raw>But the Centers for Medicare and Medicaid Services also emphasized there's no immediate rush to sign up, that Nov. 15 is just the starting point.</raw>
		<lemm>but the centers for medicare and medicaid services also emphasize there be no immediate rush to sign up  that nov @card@ be just the start point</lemm>
		<bigrams> 452 453 454 457 463 467</bigrams>
	</sent>	<sent id="30">
		<raw>"People do have time to take a deep breath," said Dr. Mark McClellan, the Medicare agency's administrator.</raw>
		<lemm> people do have time to take a deep breath   say dr mark mcclellan  the medicare agency s administrator</lemm>
		<bigrams> 475 476 477 478 479 481</bigrams>
	</sent>	<sent id="31">
		<raw>"They don't need to rush into a decision."</raw>
		<lemm> they do n t need to rush into a decision </lemm>
		<bigrams></bigrams>
	</sent>	<sent id="32">
		<raw>Enrollment is open between Nov. 15 and May 15.</raw>
		<lemm>enrollment be open between nov @card@ and may @card@</lemm>
		<bigrams> 463 496</bigrams>
	</sent>	<sent id="33">
		<raw>Coverage for those who enroll before Dec. 31 will begin Jan. 1.</raw>
		<lemm>coverage for those who enroll before dec @card@ will begin jan @card@</lemm>
		<bigrams> 502 505 190</bigrams>
	</sent>	<sent id="34">
		<raw>If you wait until after May 15 to enroll, you might have to pay extra to join a plan.</raw>
		<lemm>if you wait until after may @card@ to enroll  you might have to pay extra to join a plan</lemm>
		<bigrams> 496 518</bigrams>
	</sent>	<sent id="35">
		<raw>The Medicare agency said seniors now can narrow down their choices based on what's important to them, premium, deductible, available drugs, or other factors.</raw>
		<lemm>the medicare agency say senior now can narrow down their choice base on what be important to them  premium  deductible  available drug  or other factor</lemm>
		<bigrams> 481 522 523 530 258 536 537</bigrams>
	</sent>	<sent id="36">
		<raw>McClellan said CMS had added thousands of customer service representatives, and that during a recent week handled more than 700,000 calls "with no or minimal delay."</raw>
		<lemm>mcclellan say cms have add thousand of customer service representative  and that during a recent week handle more than @card@ call  with no or minimal delay </lemm>
		<bigrams> 541 542 545 548 549 555 556 560 565</bigrams>
	</sent>	<sent id="37">
		<raw>The competition among drug plans has helped consumers, he said.</raw>
		<lemm>the competition among drug plan have help consumer  he say</lemm>
		<bigrams> 567 568 347 571</bigrams>
	</sent>	<sent id="38">
		<raw>"What we're seeing is that drug plans are coming in at a lower cost and with better benefits than were expected."</raw>
		<lemm> what we be see be that drug plan be come in at a low cost and with good benefit than be expect </lemm>
		<bigrams> 347 585 589</bigrams>
	</sent>	<sent id="39">
		<raw>Some plans have no doughnut hole or no deductible, he said.</raw>
		<lemm>some plan have no doughnut hole or no deductible  he say</lemm>
		<bigrams> 330</bigrams>
	</sent>	<sent id="40">
		<raw>"This benefit is really worth it," McClellan said.</raw>
		<lemm> this benefit be really worth it   mcclellan say</lemm>
		<bigrams> 602 541</bigrams>
	</sent>	<sent id="41">
		<raw>The Becks have struggled to find information about the 82 drug plans and analyze which one might work best for them.</raw>
		<lemm>the becks have struggle to find information about the @card@ drug plan and analyze which one might work good for them</lemm>
		<bigrams> 609 613 347 618 619 620</bigrams>
	</sent>	<sent id="42">
		<raw>For example, the Medicare pamphlet about the program could not list all the provisions of the 82 plans listed in Georgia.</raw>
		<lemm>for example  the medicare pamphlet about the program could not list all the provision of the @card@ plan list in georgia</lemm>
		<bigrams> 624 627 237 634</bigrams>
	</sent>	<sent id="43">
		<raw>Claudia Beck asked one day last week.</raw>
		<lemm>claudia beck ask one day last week</lemm>
		<bigrams> 2 636 637 638 639 640</bigrams>
	</sent>	<sent id="44">
		<raw>And the Becks wonder: If figuring out a prescription drug plan is this hard for them, how hard will it be for millions of others not as savvy or healthy?</raw>
		<lemm>and the becks wonder  if figure out a prescription drug plan be this hard for them  how hard will it be for million of other not as savvy or healthy</lemm>
		<bigrams> 641 62 347</bigrams>
	</sent>	<sent id="45">
		<raw>Such insecurity among seniors appears to be widespread, according to Lisa Federico, coordinator of GeorgiaCares, a nonprofit insurance counseling service.</raw>
		<lemm>such insecurity among senior appear to be widespread  accord to lisa federico  coordinator of georgiacares  a nonprofit insurance counseling service</lemm>
		<bigrams> 664 665 666 670 673 674 679 420 421</bigrams>
	</sent>	<sent id="46">
		<raw>Her office is receiving about 300 calls a day from seniors frantic for help.</raw>
		<lemm>her office be receive about @card@ call a day from senior frantic for help</lemm>
		<bigrams> 560 689</bigrams>
	</sent>	<sent id="47">
		<raw>The staff can process about 80 of them, she said, creating a pileup of 220 calls a day and putting them at least a week behind.</raw>
		<lemm>the staff can process about @card@ of them  she say  create a pileup of @card@ call a day and put them at least a week behind</lemm>
		<bigrams> 700 560 712</bigrams>
	</sent>	<sent id="48">
		<raw>"I've never seen anything like this, just the level of confusion this is generating," Federico said.</raw>
		<lemm> i have never see anything like this  just the level of confusion this be generate   federico say</lemm>
		<bigrams> 715 716 717 726 727</bigrams>
	</sent>	<sent id="49">
		<raw>After some delays, the Medicare Web site (www.medicare.gov) for the drug benefit has finally opened, but still isn't fully functional, with a key piece of the "Prescription Drug Plan Finder" tool not working.</raw>
		<lemm>after some delay  the medicare web site ( www medicare gov ) for the drug benefit have finally open  but still be n t fully functional  with a key piece of the  prescription drug plan finder  tool not work</lemm>
		<bigrams> 731 412 732 733 734 735 736 63 740 746 750 62 347 752 753</bigrams>
	</sent>	<sent id="50">
		<raw>It frustrates counselors trying to help seniors.</raw>
		<lemm>it frustrate counselor try to help senior</lemm>
		<bigrams> 757 758 68</bigrams>
	</sent>	<sent id="51">
		<raw>The Medicare agency said the site would be completely functioning "in the next few days."</raw>
		<lemm>the medicare agency say the site would be completely function  in the next few day </lemm>
		<bigrams> 481 522 761 764</bigrams>
	</sent>	<sent id="52">
		<raw>Even then, for many reasons, seniors will need insurance counseling, Hayes said.</raw>
		<lemm>even then  for many reason  senior will need insurance counseling  hayes say</lemm>
		<bigrams> 773 774 776 420 777 778</bigrams>
	</sent>	<sent id="53">
		<raw>"There will be insurers who will promote a low premium and disguise the extremely high co-payments," Hayes said.</raw>
		<lemm> there will be insurer who will promote a low premium and disguise the extremely high co-payment   hayes say</lemm>
		<bigrams> 786 790 791 792 778</bigrams>
	</sent>	<sent id="54">
		<raw>A senior can find out what drugs are covered on a plan's formulary, he said, "but people aren't being told how much they are going to pay" for the drugs.</raw>
		<lemm>a senior can find out what drug be cover on a plan s formulary  he say   but people be n t be tell how much they be go to pay  for the drug</lemm>
		<bigrams></bigrams>
	</sent>	<sent id="55">
		<raw>State government retiree Robert Hauss, 75, said he feels a time crunch on his drug plan decision.</raw>
		<lemm>state government retiree robert hauss  @card@  say he feel a time crunch on his drug plan decision</lemm>
		<bigrams> 817 818 819 820 821 822 827 347 831</bigrams>
	</sent>	<sent id="56">
		<raw>State retirees were told they must make a decision about keeping their current state drug plan by Tuesday, but Hauss said he didn't get his booklet from the state detailing the changes until Oct. 27.</raw>
		<lemm>state retiree be tell they must make a decision about keep their current state drug plan by tuesday  but hauss say he do n t get his booklet from the state detail the change until oct @card@</lemm>
		<bigrams> 832 835 841 842 347 847 855 860</bigrams>
	</sent>	<sent id="57">
		<raw>Other state retirees have also complained to GeorgiaCares about a tight deadline for the state plan.</raw>
		<lemm>other state retiree have also complain to georgiacares about a tight deadline for the state plan</lemm>
		<bigrams> 832 864 870 872</bigrams>
	</sent>	<sent id="58">
		<raw>On Friday, Gov.</raw>
		<lemm>on friday  gov </lemm>
		<bigrams> 874</bigrams>
	</sent>	<sent id="59">
		<raw>Sonny Perdue announced that he was extending the state's enrollment deadline 10 days, to Nov. 18.</raw>
		<lemm>sonny perdue announce that he be extend the state s enrollment deadline @card@ day  to nov @card@</lemm>
		<bigrams> 875 876 884 885 886 463</bigrams>
	</sent>	<sent id="60">
		<raw>Hauss, meanwhile, said his retiree health plan will be about twice as expensive as its current cost if he doesn't join a Medicare drug plan.</raw>
		<lemm>hauss  meanwhile  say his retiree health plan will be about twice as expensive as its current cost if he do n t join a medicare drug plan</lemm>
		<bigrams> 889 890 893 894 903 273 347</bigrams>
	</sent>	<sent id="61">
		<raw>"The state is forcing us to go into Medicare Part D," he said.</raw>
		<lemm> the state be force us to go into medicare part d   he say</lemm>
		<bigrams> 910 915</bigrams>
	</sent>	<sent id="62">
		<raw>"I'm not happy with the changes."</raw>
		<lemm> i be not happy with the change </lemm>
		<bigrams></bigrams>
	</sent>	<sent id="63">
		<raw>But a spokeswoman for the state agency overseeing the retiree plan denied the state was pushing people into Medicare drug coverage.</raw>
		<lemm>but a spokeswoman for the state agency oversee the retiree plan deny the state be push people into medicare drug coverage</lemm>
		<bigrams> 926 927 930 931 934 273 182</bigrams>
	</sent>	<sent id="64">
		<raw>"They have choices," said Julie Kerlin, spokeswoman for the Georgia Department of Community Health.</raw>
		<lemm> they have choice   say julie kerlin  spokeswoman for the georgia department of community health</lemm>
		<bigrams> 937 938 939 940 942 945</bigrams>
	</sent>	<sent id="65">
		<raw>"Employees make choices every time there is an open enrollment."</raw>
		<lemm> employee make choice every time there be an open enrollment </lemm>
		<bigrams> 946 947 948 949 953</bigrams>
	</sent>	<sent id="66">
		<raw>Hauss takes seven medications for chronic conditions, and worries that not all his drugs will be covered as they are now.</raw>
		<lemm>hauss take seven medication for chronic condition  and worry that not all his drug will be cover as they be now</lemm>
		<bigrams> 954 955 956 959</bigrams>
	</sent>	<sent id="67">
		<raw>"Medicare Part D plans may not have the same drug formulary as the state health plan," he said.</raw>
		<lemm> medicare part d plan may not have the same drug formulary as the state health plan   he say</lemm>
		<bigrams> 915 971 977 980 894</bigrams>
	</sent>	<sent id="68">
		<raw>Hauss isn't hooked into the Internet, so he's waiting for insurance counselors to call back.</raw>
		<lemm>hauss be n t hook into the internet  so he be wait for insurance counselor to call back</lemm>
		<bigrams> 991 994</bigrams>
	</sent>	<sent id="69">
		<raw>Jim and Marlys Antonoff have spent hours compiling information on Medicare's drug benefit.</raw>
		<lemm>jim and marlys antonoff have spend hour compile information on medicare s drug benefit</lemm>
		<bigrams> 997 1000 1001 1002 63</bigrams>
	</sent>	<sent id="70">
		<raw>They've neatly filed brochures and information from seven drug plans in a plastic container.</raw>
		<lemm>they have neatly file brochure and information from seven drug plan in a plastic container</lemm>
		<bigrams> 1006 1007 1012 347 1016</bigrams>
	</sent>	<sent id="71">
		<raw>They've called the insurance companies, even politicians, seeking answers.</raw>
		<lemm>they have call the insurance company  even politician  seek answer</lemm>
		<bigrams> 1019 1020 1021 1022 1023</bigrams>
	</sent>	<sent id="72">
		<raw>Despite the painstaking work they have done to understand Part D, they're still frustrated by its complexity.</raw>
		<lemm>despite the painstaking work they have do to understand part d  they be still frustrate by its complexity</lemm>
		<bigrams> 1025 1030 1033</bigrams>
	</sent>	<sent id="73">
		<raw>And they find themselves chuckling about the string of roadblocks they run into.</raw>
		<lemm>and they find themselves chuckle about the string of roadblock they run into</lemm>
		<bigrams></bigrams>
	</sent>	<sent id="74">
		<raw>One roadblock: Three drug plans' phone numbers listed in the Medicare handbook are wrong, said Jim Antonoff.</raw>
		<lemm>one roadblock  three drug plan  phone number list in the medicare handbook be wrong  say jim antonoff</lemm>
		<bigrams> 1048 1049 1050 347 1051 1052 1053 1054 1057 1058 1059</bigrams>
	</sent>	<sent id="75">
		<raw>"The average person is going to have a terrible time with this," Jim said as they finally navigated the Medicare Web site.</raw>
		<lemm> the average person be go to have a terrible time with this   jim say as they finally navigate the medicare web site</lemm>
		<bigrams> 1061 1066 1070 1073 731 412</bigrams>
	</sent>	<sent id="76">
		<raw>There are things that the Antonoffs like about the new plan.</raw>
		<lemm>there be thing that the antonoffs like about the new plan</lemm>
		<bigrams> 1079 1081</bigrams>
	</sent>	<sent id="77">
		<raw>It's an insurance policy against unforeseen drug costs that can run into the thousands of dollars, Jim said.</raw>
		<lemm>it be an insurance policy against unforeseen drug cost that can run into the thousand of dollar  jim say</lemm>
		<bigrams> 219 1084 341 1090 1070</bigrams>
	</sent>	<sent id="78">
		<raw>Jim could save about $1,000 from the new benefit.</raw>
		<lemm>jim could save about $1 000 from the new benefit</lemm>
		<bigrams> 1091 1092 1095 1097</bigrams>
	</sent>	<sent id="79">
		<raw>And his current out-of-pocket drug costs, with no prescription coverage, reach about $5,000 a year.</raw>
		<lemm>and his current out-of-pocket drug cost  with no prescription coverage  reach about $5 000 a year</lemm>
		<bigrams> 1100 1101 341 1104 1105 1108</bigrams>
	</sent>	<sent id="80">
		<raw>Marlys, 67, could also save about $1,000.</raw>
		<lemm>marlys  @card@  could also save about $1 000</lemm>
		<bigrams> 1111 1112 1113 1114 1095</bigrams>
	</sent>	<sent id="81">
		<raw>Still, Jim Antonoff said he thought Part D could have been designed much better.</raw>
		<lemm>still  jim antonoff say he think part d could have be design much well</lemm>
		<bigrams> 1115 1059 1116 1118 1123 1124</bigrams>
	</sent>	<sent id="82">
		<raw>"The average person is going to be so lost, they're going to throw up their arms and say, 'The hell with it,' " Antonoff said.</raw>
		<lemm> the average person be go to be so lose  they be go to throw up their arm and say   the hell with it    antonoff say</lemm>
		<bigrams> 1061 1116</bigrams>
	</sent>	<sent id="83">
		<raw>Virginia Anderson and Andy Miller write for The Atlanta Journal-Constitution.</raw>
		<lemm>virginia anderson and andy miller write for the atlanta journal-constitution</lemm>
		<bigrams> 1138 1141 1142 1145</bigrams>
	</sent></doc>