<?xml version="1.0" encoding="UTF_8"?>
<doc>	<sent id="0">
		<raw>Top Senate leaders declared an unsuccessful end to their compromise talks over President George W. Bush's stalled judicial nominees, despite fresh talk of a deal to clear five appeals court appointees while scuttling three others.</raw>
		<lemm>top senate leader declare an unsuccessful end to their compromise talk over president george w bush s stalled judicial nominee  despite fresh talk of a deal to clear five appeal court appointee while scuttle three other</lemm>
		<bigrams> 2710 2711 2712 2715 2718 2055 2056 2057 2721 85 2722 2723 2724 2727 2728 763 2729 2732</bigrams>
	</sent>	<sent id="1">
		<raw>"I've tried to compromise and they want all or nothing, and I can't do that," Democratic leader Harry Reid of Nevada told reporters after a private meeting Monday with Majority Leader Bill Frist.</raw>
		<lemm> i have try to compromise and they want all or nothing  and i ca n t do that   democratic leader harry reid of nevada tell reporter after a private meeting monday with majority leader bill frist</lemm>
		<bigrams> 2743 1688 1249 253 2746 586 2749 2750 1 2 3</bigrams>
	</sent>	<sent id="2">
		<raw>"We both agreed that after several months of discussions, we have been unable to come to a negotiated position where the president's nominees get an up-or-down vote," Frist said.</raw>
		<lemm> we both agree that after several month of discussion  we have be unable to come to a negotiate position where the president s nominee get an up-or-down vote   frist say</lemm>
		<bigrams> 2758 2764 2767 192 2769 70</bigrams>
	</sent>	<sent id="3">
		<raw>By their comments, the two party leaders pushed the Senate closer to a historic confrontation that could decide the fate of the appeals court candidates, Supreme Court nominees during Bush's term and the Senate's venerable filibuster rules as well.</raw>
		<lemm>by their comment  the two party leader push the senate closer to a historic confrontation that could decide the fate of the appeal court candidate  supreme court nominee during bush s term and the senate s venerable filibuster rule as well</lemm>
		<bigrams> 2773 1936 2774 2776 2778 2781 763 2268 2785 395 589 2789 1771</bigrams>
	</sent>	<sent id="4">
		<raw>Democrats prevented final votes on 10 of Bush's first-term appeals court nominees, and have threatened to do the same this year to seven whom the president renominated.</raw>
		<lemm>democrats prevent final vote on @card@ of bush s first-term appeal court nominee  and have threaten to do the same this year to seven whom the president renominate</lemm>
		<bigrams> 2792 2793 2794 2796 763 589 2804</bigrams>
	</sent>	<sent id="5">
		<raw>Frist has threatened to change Senate procedures to strip them of their ability to do so.</raw>
		<lemm>frist have threaten to change senate procedure to strip them of their ability to do so</lemm>
		<bigrams> 2805 2806</bigrams>
	</sent>	<sent id="6">
		<raw>At issue is the filibuster, a parliamentary device that can be overcome only by a majority of 60 votes or higher in the 100-member Senate.</raw>
		<lemm>at issue be the filibuster  a parliamentary device that can be overcome only by a majority of @card@ vote or high in the 100-member senate</lemm>
		<bigrams> 2814 122 1405</bigrams>
	</sent>	<sent id="7">
		<raw>Frist and Reid reached their self-declared dead end at the same time a small group of Democrats, who have been meeting with Republicans also eager to avoid a showdown, floated a proposal to clear the way for confirmation of some of Bush's blocked appointees.</raw>
		<lemm>frist and reid reach their self-declared dead end at the same time a small group of democrats  who have be meet with republican also eager to avoid a showdown  float a proposal to clear the way for confirmation of some of bush s block appointee</lemm>
		<bigrams> 2825 2828 2829 2834 2839 2840 2844 2850</bigrams>
	</sent>	<sent id="8">
		<raw>Under the proposal, circulated in writing, Republicans would have to pledge no change through 2006 in the Senate's rules that allow filibusters against judicial nominees.</raw>
		<lemm>under the proposal  circulate in writing  republicans would have to pledge no change through @card@ in the senate s rule that allow filibuster against judicial nominee</lemm>
		<bigrams> 2852 2855 2856 2865 85</bigrams>
	</sent>	<sent id="9">
		<raw>For their part, Democrats would commit not to block votes on Bush's Supreme Court or appeals court nominees during the same period, except in extreme circumstances.</raw>
		<lemm>for their part  democrats would commit not to block vote on bush s supreme court or appeal court nominee during the same period  except in extreme circumstance</lemm>
		<bigrams> 2868 2869 2870 137 395 763 589 2879 2881</bigrams>
	</sent>	<sent id="10">
		<raw>Officials who spoke on condition of anonymity said Democrats involved in the compromise would vote to end any filibuster blocking a final vote on Richard Griffin, David McKeague and Susan Neilson, all named to the 6th U. S. Circuit Court of Appeals.</raw>
		<lemm>official who speak on condition of anonymity say democrat involve in the compromise would vote to end any filibuster block a final vote on richard griffin  david mckeague and susan neilson  all name to the 6th u s circuit court of appeals</lemm>
		<bigrams> 2884 1796 2885 2888 2889 2892 2794 2183 2896 2181 2899 2200 331</bigrams>
	</sent>	<sent id="11">
		<raw>Democrats would also clear the way for final votes on William H. Pryor Jr. for the 11th Circuit Court of Appeals and Janice Rogers Brown for the U. S. Circuit Court of Appeals for the District of Columbia.</raw>
		<lemm>democrats would also clear the way for final vote on william h pryor jr for the 11th circuit court of appeals and janice rogers brown for the u s circuit court of appeals for the district of columbia</lemm>
		<bigrams> 2869 2903 2904 2794 321 322 323 330 331 398 399 331</bigrams>
	</sent>	<sent id="12">
		<raw>Both are among the nominees most strongly opposed by organized labor as well as civil rights and abortion rights groups and others that provide political support for the Democratic Party.</raw>
		<lemm>both be among the nominee most strongly oppose by organized labor as well as civil right and abortion right group and other that provide political support for the democratic party</lemm>
		<bigrams> 2914 2917 2160 2923 2924 2929 2930 2932</bigrams>
	</sent>	<sent id="13">
		<raw>Three other nominations would continue to be blocked under the offer: those of Henry Saad to the 6th Circuit Court, Priscilla Owen to the 5th Circuit and William G. Myers III to the 9th Circuit.</raw>
		<lemm>three other nomination would continue to be block under the offer  those of henry saad to the 6th circuit court  priscilla owen to the 5th circuit and william g myers iii to the 9th circuit</lemm>
		<bigrams> 1652 1272 2185 2939 331 2940 403 2942 2187 2188 1980 2945</bigrams>
	</sent>	<sent id="14">
		<raw>Individual Democrats would be free to decide for themselves what constituted an extreme case for future nominees, according to officials familiar with the proposal.</raw>
		<lemm>individual democrats would be free to decide for themselves what constitute an extreme case for future nominee  accord to official familiar with the proposal</lemm>
		<bigrams> 2946 2869 2956 2087 2959 2961</bigrams>
	</sent>	<sent id="15">
		<raw>At the same time, Republicans would be bound to leave filibuster practices in effect.</raw>
		<lemm>at the same time  republicans would be bind to leave filibuster practice in effect</lemm>
		<bigrams> 2964 2856 2968 2969</bigrams>
	</sent>	<sent id="16">
		<raw>Nebraska Sen. Ben Nelson, a Democrat seeking re-election in a Republican state, outlined the suggested compromise for Frist on Sunday night at a dinner at the Tennessee Republican's home.</raw>
		<lemm>nebraska sen ben nelson  a democrat seek re-election in a republican state  outline the suggest compromise for frist on sunday night at a dinner at the tennessee republican s home</lemm>
		<bigrams> 2972 1264 1265 2975 2976 2979 2980 2983 2987 2437</bigrams>
	</sent>	<sent id="17">
		<raw>Nelson also has spoken with Reid.</raw>
		<lemm>nelson also have speak with reid</lemm>
		<bigrams> 2995</bigrams>
	</sent>	<sent id="18">
		<raw>Frist has said all along he will not accept any plan unless it gives each of Bush's nominees a yes-or-no vote.</raw>
		<lemm>frist have say all along he will not accept any plan unless it give each of bush s nominee a yes-or-no vote</lemm>
		<bigrams> 3005 3011</bigrams>
	</sent>	<sent id="19">
		<raw>For his part, Reid has not endorsed Nelson's proposal, which would clear the way for confirmation of one more judge than the party leader has publicly signaled he would accept.</raw>
		<lemm>for his part  reid have not endorse nelson s proposal  which would clear the way for confirmation of one more judge than the party leader have publicly signal he would accept</lemm>
		<bigrams> 3014 3016 181 1936 3026 3028</bigrams>
	</sent>	<sent id="20">
		<raw>At the same time, he met with leaders of outside groups during the day, and a representative of one organization who attended said he did not reject the terms, either.</raw>
		<lemm>at the same time  he meet with leader of outside group during the day  and a representative of one organization who attend say he do not reject the term  either</lemm>
		<bigrams> 3034 3039 3042 3045</bigrams>
	</sent>	<sent id="21">
		<raw>This individual spoke on condition of anonymity.</raw>
		<lemm>this individual speak on condition of anonymity</lemm>
		<bigrams> 3047</bigrams>
	</sent>	<sent id="22">
		<raw>Nelson's spokesman, David DiMartino, declined to confirm the details of the compromise offer.</raw>
		<lemm>nelson s spokesman  david dimartino  decline to confirm the detail of the compromise offer</lemm>
		<bigrams> 3049 3050 3051 3053</bigrams>
	</sent>	<sent id="23">
		<raw>Republicans hold 55 seats in the Senate, meaning they can afford five defections and still triumph.</raw>
		<lemm>republicans hold @card@ seat in the senate  mean they can afford five defection and still triumph</lemm>
		<bigrams> 1400 1401 1402 3054 3058 3059 3061</bigrams>
	</sent>	<sent id="24">
		<raw>Already, though, McCain and Sen. Lincoln Chafee of Rhode Island have said they will break ranks.</raw>
		<lemm>already  though  mccain and sen lincoln chafee of rhode island have say they will break rank</lemm>
		<bigrams> 3062 3063 3065 3066 3069 3072</bigrams>
	</sent>	<sent id="25">
		<raw>Vote counters on both sides have sad they expect Sen. Olympia Snowe of Maine to do likewise.</raw>
		<lemm>vote counter on both side have sad they expect sen olympia snowe of maine to do likewise</lemm>
		<bigrams> 3073 3079 3080 3081</bigrams>
	</sent>	<sent id="26">
		<raw>Several other Republicans are publicly uncommitted, and neither side appears certain it has enough votes to prevail if the issue is put to a vote.</raw>
		<lemm>several other republican be publicly uncommitted  and neither side appear certain it have enough vote to prevail if the issue be put to a vote</lemm>
		<bigrams> 3089 3092 3093 3094 3098</bigrams>
	</sent>	<sent id="27">
		<raw>At the same time, if six Republicans and six Democrats agree to a compromise of their own, they could impose it on the leadership if necessary, averting a showdown.</raw>
		<lemm>at the same time  if six republican and six democrat agree to a compromise of their own  they could impose it on the leadership if necessary  avert a showdown</lemm>
		<bigrams> 1380 1383 3103 3107 3112</bigrams>
	</sent>	<sent id="28">
		<raw>Even Republicans who strongly opposed the Democrats' repeated use of filibusters argue that banning such moves would amount to a sweeping change in the way the Senate conducts business.</raw>
		<lemm>even republicans who strongly oppose the democrats  repeated use of filibuster argue that ban such move would amount to a sweeping change in the way the senate conduct business</lemm>
		<bigrams> 3114 2914 3117 3118 3119 3123 3124 3126 3128 3129</bigrams>
	</sent>	<sent id="29">
		<raw>The chamber's uniqueness, they say, stems in part from the rights it preserves for the minority.</raw>
		<lemm>the chamber s uniqueness  they say  stem in part from the right it preserve for the minority</lemm>
		<bigrams> 3133</bigrams>
	</sent>	<sent id="30">
		<raw>As a result, many have expressed hope that a confrontation could be avoided.</raw>
		<lemm>as a result  many have express hope that a confrontation could be avoid</lemm>
		<bigrams> 3140 3143 3146</bigrams>
	</sent>	<sent id="31">
		<raw>"I believe that we are skating over very thin ice here with regard to the continuity of life in the Senate as we've known it," Sen. Richard Lugar, an Indiana Republican, said over the weekend on CNN.</raw>
		<lemm> i believe that we be skate over very thin ice here with regard to the continuity of life in the senate as we have know it   sen richard lugar  an indiana republican  say over the weekend on cnn</lemm>
		<bigrams> 3154 3168 3169 3172 1795</bigrams>
	</sent>	<sent id="32">
		<raw>"I'm opposed to trying to eliminate filibusters simply because I think they protect minority rights, whether they're Republicans, Democrats or other people."</raw>
		<lemm> i be oppose to try to eliminate filibuster simply because i think they protect minority right  whether they be republican  democrat or other people </lemm>
		<bigrams> 3182 3183 3188 3189 3190 3193</bigrams>
	</sent></doc>