<?xml version="1.0" encoding="UTF_8"?>
<doc>	<sent id="0">
		<raw>The Senate's Republican and Democratic leaders called for a prompt showdown in the impasse over judicial nominations Tuesday, a move that would undercut moderates' efforts to find a compromise to the long-running dispute.</raw>
		<lemm>the senate s republican and democratic leader call for a prompt showdown in the impasse over judicial nomination tuesday  a move that would undercut moderate  effort to find a compromise to the long-running dispute</lemm>
		<bigrams> 1688 1689 1692 24 1696 1700 1701 1702 1706</bigrams>
	</sent>	<sent id="1">
		<raw>Both parties' leaderships are wary of a bipartisan bid by a few centrists to find a middle ground that would force GOP and Democratic leaders to accept options they have called intolerable.</raw>
		<lemm>both party  leadership be wary of a bipartisan bid by a few centrist to find a middle ground that would force gop and democratic leader to accept option they have call intolerable</lemm>
		<bigrams> 1707 1712 1719 1721 1722 1688 1725 1727</bigrams>
	</sent>	<sent id="2">
		<raw>Majority Leader Bill Frist, R-Tenn., has said the ability to filibuster judicial nominees, now or in the future, must end.</raw>
		<lemm>majority leader bill frist  r-tenn  have say the ability to filibuster judicial nominee  now or in the future  must end</lemm>
		<bigrams> 1 2 3 25 1731 85 1735 1736</bigrams>
	</sent>	<sent id="3">
		<raw>Minority Leader Harry Reid, D-Nev., meanwhile, has said the right to filibuster must remain intact and President Bush must withdraw three of his most contentious appellate court nominees.</raw>
		<lemm>minority leader harry reid  d-nev  meanwhile  have say the right to filibuster must remain intact and president bush must withdraw three of his most contentious appellate court nominee</lemm>
		<bigrams> 256 1249 253 1250 1737 1739 1740 1741 20 1744 1745 1746 1749 146 589</bigrams>
	</sent>	<sent id="4">
		<raw>Neither man could claim victory under compromises being promoted by Sen. Ben Nelson, D-Neb., among others.</raw>
		<lemm>neither man could claim victory under compromise be promote by sen ben nelson  d-neb  among other</lemm>
		<bigrams> 1750 1751 1752 1753 1264 1265 1760 1761</bigrams>
	</sent>	<sent id="5">
		<raw>Nelson said that the details of his plan remain fluid, but that it would leave the filibuster rules intact while confirming more of Bush's nominees than Reid has said his party can accept.</raw>
		<lemm>nelson say that the detail of his plan remain fluid  but that it would leave the filibuster rule intact while confirm more of bush s nominee than reid have say his party can accept</lemm>
		<bigrams> 1284 1766 1767 1769 1771 1772</bigrams>
	</sent>	<sent id="6">
		<raw>Nelson said senators would have to pledge to use filibusters only in "extreme or extraordinary cases."</raw>
		<lemm>nelson say senator would have to pledge to use filibuster only in  extreme or extraordinary case </lemm>
		<bigrams> 1284 1783 1784 1141 1794</bigrams>
	</sent>	<sent id="7">
		<raw>But Republicans said Democrats have a history of labeling mainstream conservatives as extremists.</raw>
		<lemm>but republican say democrat have a history of label mainstream conservative as extremist</lemm>
		<bigrams> 1795 1796 1801 1802</bigrams>
	</sent>	<sent id="8">
		<raw>Reid and Frist said they remain open to a possible compromise.</raw>
		<lemm>reid and frist say they remain open to a possible compromise</lemm>
		<bigrams> 70 1808 1810</bigrams>
	</sent>	<sent id="9">
		<raw>But both men rejected elements of Nelson's plan Tuesday and signaled that they want a showdown vote on the filibuster issue, often called "the nuclear option", as early as next week, if not Friday.</raw>
		<lemm>but both man reject element of nelson s plan tuesday and signal that they want a showdown vote on the filibuster issue  often call  the nuclear option   as early as next week  if not friday</lemm>
		<bigrams> 1813 1814 1819 1825 1418 1826 1827 1830 1467</bigrams>
	</sent>	<sent id="10">
		<raw>Frist, noting that four of the controversial nominations could be called to the Senate floor any time, told reporters that "the suggestion has been made, let's go straight through the executive calendar and deal with them one by one.</raw>
		<lemm>frist  note that four of the controversial nomination could be call to the senate floor any time  tell reporter that  the suggestion have be make  let be go straight through the executive calendar and deal with them one by one</lemm>
		<bigrams> 1838 1843 1844 41 1850 586 1854 1857 1861</bigrams>
	</sent>	<sent id="11">
		<raw>And I think it's time to do that."</raw>
		<lemm>and i think it be time to do that </lemm>
		<bigrams></bigrams>
	</sent>	<sent id="12">
		<raw>Reid said Democrats "are prepared for a vote on the nuclear option."</raw>
		<lemm>reid say democrat  be prepare for a vote on the nuclear option </lemm>
		<bigrams> 297 1796 1830</bigrams>
	</sent>	<sent id="13">
		<raw>Nelson said in an interview that his biggest challenge is to find a compromise "without undermining the leaders in both caucuses."</raw>
		<lemm>nelson say in an interview that his big challenge be to find a compromise  without undermine the leader in both caucus </lemm>
		<bigrams> 1284 1880 1882 1883</bigrams>
	</sent>	<sent id="14">
		<raw>If a handful of Democrats broke with Reid, Nelson said, they could confirm some or all of the seven appellate court nominees thwarted by filibusters in Bush's first term and still awaiting action.</raw>
		<lemm>if a handful of democrats break with reid  nelson say  they could confirm some or all of the seven appellate court nominee thwart by filibuster in bush s first term and still await action</lemm>
		<bigrams> 1893 1896 1284 1898 1902 146 589 1903 129 1909 1910</bigrams>
	</sent>	<sent id="15">
		<raw>And if three more Republicans join the three who have vowed to oppose Frist's effort to ban filibusters of judicial nominees, the GOP leader would not have the 51 votes he needs to change the rule.</raw>
		<lemm>and if three more republican join the three who have vow to oppose frist s effort to ban filibuster of judicial nominee  the gop leader would not have the @card@ vote he need to change the rule</lemm>
		<bigrams> 1915 1922 1925 85 1928 1929 122</bigrams>
	</sent>	<sent id="16">
		<raw>But with party leaders and outside interest groups pressuring senators to stick with their caucuses, Nelson said, it may prove impossible to pass his proposal.</raw>
		<lemm>but with party leader and outside interest group pressure senator to stick with their caucus  nelson say  it may prove impossible to pass his proposal</lemm>
		<bigrams> 1936 1939 1940 1941 1942 1948 1284 1951 1952</bigrams>
	</sent>	<sent id="17">
		<raw>If Republicans leave the right to filibuster judges intact, Reid has said, his caucus will let them pick one appellate court nominee for a non-filibustered confirmation from a group the Democrats have strongly criticized: Janice Rogers Brown of California, William Myers III of Idaho, Priscilla Owen of Texas and William Pryor Jr. of Alabama.</raw>
		<lemm>if republicans leave the right to filibuster judge intact  reid have say  his caucus will let them pick one appellate court nominee for a non-filibustered confirmation from a group the democrats have strongly criticize  janice rogers brown of california  william myers iii of idaho  priscilla owen of texas and william pryor jr of alabama</lemm>
		<bigrams> 1958 1959 1960 1961 1967 1968 146 589 1970 1976 1977 398 399 1979 411 1980 1983 403 1986 323</bigrams>
	</sent>	<sent id="18">
		<raw>Frist rejected the offer again Tuesday, saying this "is a matter of principle, and the principle is this fairness of an up-or-down vote" for all nominees.</raw>
		<lemm>frist reject the offer again tuesday  say this  be a matter of principle  and the principle be this fairness of an up-or-down vote  for all nominee</lemm>
		<bigrams> 1989 1993 192</bigrams>
	</sent>	<sent id="19">
		<raw>Sen. Trent Lott, R-Miss., suggested that exploring compromises may help Frist gain the votes he will need to outlaw judicial filibusters.</raw>
		<lemm>sen trent lott  r-miss  suggest that explore compromise may help frist gain the vote he will need to outlaw judicial filibuster</lemm>
		<bigrams> 2005 2006 2007 2008 2010 2011 2012 2013 2014 2019 2020</bigrams>
	</sent>	<sent id="20">
		<raw>Moderate GOP senators, Lott told radio talk host Tony Snow, "have to feel assured that every avenue has been explored.</raw>
		<lemm>moderate gop senator  lott tell radio talk host tony snow   have to feel assured that every avenue have be explore</lemm>
		<bigrams> 2021 2022 2023 2024 2025 2026 2027 2028 2029 2032 2035</bigrams>
	</sent>	<sent id="21">
		<raw>...</raw>
		<lemm>  </lemm>
		<bigrams></bigrams>
	</sent>	<sent id="22">
		<raw>If every effort has been made and fails, then they will be there" when Frist calls for the showdown vote.</raw>
		<lemm>if every effort have be make and fail  then they will be there  when frist call for the showdown vote</lemm>
		<bigrams> 2039 2048 1825</bigrams>
	</sent></doc>