<?xml version="1.0" encoding="UTF_8"?>
<doc>	<sent id="0">
		<raw>Moderate Democrats and Republicans failed Tuesday to derail a confrontation over federal judgeships that both sides said would begin playing out Wednesday on the floor of the Senate.</raw>
		<lemm>moderate democrats and republicans fail tuesday to derail a confrontation over federal judgeship that both side say would begin play out wednesday on the floor of the senate</lemm>
		<bigrams> 1077 1080 1081 1088 620 1091 1092 1093</bigrams>
	</sent>	<sent id="1">
		<raw>Republican leaders said they would start the day's Senate session by fopening debate on President Bush's nomination of Texas Supreme Court Justice Priscilla Owen to the federal appeals court in New Orleans.</raw>
		<lemm>republican leader say they would start the day s senate session by fopening debate on president bush s nomination of texas supreme court justice priscilla owen to the federal appeal court in new orleans</lemm>
		<bigrams> 418 1098 1100 1105 1108 20 401 395 396 402 403 644 763 1116</bigrams>
	</sent>	<sent id="2">
		<raw>The nomination of California Supreme Court Justice Janice Rogers Brown to the federal appeals court in the District of Columbia also will be discussed in the coming days, but Republicans have decided to focus on Owen in their dispute with Democrats over judicial nominees.</raw>
		<lemm>the nomination of california supreme court justice janice rogers brown to the federal appeal court in the district of columbia also will be discuss in the come day  but republican have decide to focus on owen in their dispute with democrat over judicial nominee</lemm>
		<bigrams> 394 395 396 397 398 399 644 763 1120 1126 85</bigrams>
	</sent>	<sent id="3">
		<raw>Democrats previously used filibusters to block the nominations of Owen and Brown and have said they would seek to do so again, setting the stage for the Senate showdown.</raw>
		<lemm>democrats previously use filibuster to block the nomination of owen and brown and have say they would seek to do so again  set the stage for the senate showdown</lemm>
		<bigrams> 1139 1140 1141 1144 1150</bigrams>
	</sent>	<sent id="4">
		<raw>Bush turned up the heat on the issue, saying Tuesday night that senators have "a duty to promptly consider each of these nominees on the Senate floor, discuss and debate their qualifications, and then give them the up-or-down vote they deserve" rather than filibuster them.</raw>
		<lemm>bush turn up the heat on the issue  say tuesday night that senator have  a duty to promptly consider each of these nominee on the senate floor  discuss and debate their qualification  and then give them the up-or-down vote they deserve  rather than filibuster them</lemm>
		<bigrams> 1151 1156 621 1157 1164 41 1169 192 1182</bigrams>
	</sent>	<sent id="5">
		<raw>Bush's remarks to 1,500 donors attending a Republican Party fund-raising gala represented an escalation of the administration's campaign to pressure the Senate to act.</raw>
		<lemm>bush s remark to @card@ donor attend a republican party fund-raising gala represent an escalation of the administration s campaign to pressure the senate to act</lemm>
		<bigrams> 1189 1190 1193 1194 1195 1196</bigrams>
	</sent>	<sent id="6">
		<raw>In the hours before the parliamentary battle was to begin, the spotlight shone on a dozen or so centrists from both parties who discussed a potential compromise to defuse the dispute.</raw>
		<lemm>in the hour before the parliamentary battle be to begin  the spotlight shine on a dozen or so centrist from both party who discuss a potential compromise to defuse the dispute</lemm>
		<bigrams> 1210 1216 1230</bigrams>
	</sent>	<sent id="7">
		<raw>After an hour and a half of discussions Tuesday evening that included Senate Majority Leader Bill Frist, R-Tenn., and Senate Minority Leader Harry Reid, D-Nev., the meeting broke up with no progress reported.</raw>
		<lemm>after an hour and a half of discussion tuesday evening that include senate majority leader bill frist  r-tenn  and senate minority leader harry reid  d-nev  the meeting break up with no progress report</lemm>
		<bigrams> 1241 1242 1245 0 1 2 3 25 1248 256 1249 253 1250 1253 1258</bigrams>
	</sent>	<sent id="8">
		<raw>The lead Democrat in the effort, Sen. Ben Nelson of Nebraska, told reporters that talks would continue.</raw>
		<lemm>the lead democrat in the effort  sen ben nelson of nebraska  tell reporter that talk would continue</lemm>
		<bigrams> 1260 1263 1264 1265 1268 586 1271 1272</bigrams>
	</sent>	<sent id="9">
		<raw>"Every time you talk, you gain ground, you don't lose ground," Nelson said.</raw>
		<lemm> every time you talk  you gain ground  you do n t lose ground   nelson say</lemm>
		<bigrams> 1273 1278 1282 1283 1284</bigrams>
	</sent>	<sent id="10">
		<raw>The confrontation has been building for years as each party has used various methods to thwart the other party's nominations to the federal courts.</raw>
		<lemm>the confrontation have be build for year as each party have use various method to thwart the other party s nomination to the federal court</lemm>
		<bigrams> 1292 1293 1299</bigrams>
	</sent>	<sent id="11">
		<raw>In recent years, Democrats used the filibuster, in which a senator's right to extended debate is used as a stalling tactic, to block votes on 10 of Bush's nominations to federal appellate courts.</raw>
		<lemm>in recent year  democrat use the filibuster  in which a senator s right to extended debate be use as a stall tactic  to block vote on @card@ of bush s nomination to federal appellate court</lemm>
		<bigrams> 1301 1302 1303 757 1316 137 145 146</bigrams>
	</sent>	<sent id="12">
		<raw>Democrats argued that those judges were conservative ideologues.</raw>
		<lemm>democrats argue that those judge be conservative ideologue</lemm>
		<bigrams> 1319 816</bigrams>
	</sent>	<sent id="13">
		<raw>Currently, 60 votes are needed to end a filibuster and force a confirmation vote; Republicans want to lower the threshold to 51 votes for judicial nominees.</raw>
		<lemm>currently  @card@ vote be need to end a filibuster and force a confirmation vote  republican want to lower the threshold to @card@ vote for judicial nominee</lemm>
		<bigrams> 1325 122 119 1335 1336 122 85</bigrams>
	</sent>	<sent id="14">
		<raw>"I really think people on both sides don't want this to happen," said Sen. Joe Lieberman, D-Conn., one of those working for a compromise.</raw>
		<lemm> i really think people on both side do n t want this to happen   say sen joe lieberman  d-conn  one of those working for a compromise</lemm>
		<bigrams> 1345 1346 1353 1061 1354 1355 1356 1357</bigrams>
	</sent>	<sent id="15">
		<raw>"Members on both sides don't want the explosion to occur."</raw>
		<lemm> member on both side do n t want the explosion to occur </lemm>
		<bigrams></bigrams>
	</sent>	<sent id="16">
		<raw>The proposed compromise, brokered by Nelson and Sen. John McCain, R-Ariz., would be a pact between six Republicans and six Democrats to vote together to end filibusters of the stalled judicial nominees but also oppose any change in the rules permitting such filibusters.</raw>
		<lemm>the propose compromise  broker by nelson and sen john mccain  r-ariz  would be a pact between six republican and six democrat to vote together to end filibuster of the stall judicial nominee but also oppose any change in the rule permit such filibuster</lemm>
		<bigrams> 1367 1368 1373 1374 1375 1376 1380 1383 1386 1388 1391 85 1393 1397</bigrams>
	</sent>	<sent id="17">
		<raw>Republicans hold 55 seats in the 100-member Senate, so six GOP defectors would be enough to deny Frist a majority vote on the filibuster issue.</raw>
		<lemm>republicans hold @card@ seat in the 100-member senate  so six gop defector would be enough to deny frist a majority vote on the filibuster issue</lemm>
		<bigrams> 1400 1401 1402 1405 1408 1409 1410 1414 1417 1418</bigrams>
	</sent>	<sent id="18">
		<raw>Owen and Brown, the two judges at the heart of the Republican campaign against the filibuster, were in Washington Tuesday.</raw>
		<lemm>owen and brown  the two judge at the heart of the republican campaign against the filibuster  be in washington tuesday</lemm>
		<bigrams> 1420 1424 1429</bigrams>
	</sent>	<sent id="19">
		<raw>They had lunch at the White House with Bush's chief counsel, Harriet Miers, dropped by the Oval Office for a brief visit with Bush and then made a carefully orchestrated appearance on Capitol Hill.</raw>
		<lemm>they have lunch at the white house with bush s chief counsel  harriet miers  drop by the oval office for a brief visit with bush and then make a carefully orchestrate appearance on capitol hill</lemm>
		<bigrams> 1433 1437 1438 1439 1440 1443 1446 1451 1452 1455</bigrams>
	</sent>	<sent id="20">
		<raw>The confrontation is expected to play out over the coming week in stages and culminate early next week.</raw>
		<lemm>the confrontation be expect to play out over the come week in stage and culminate early next week</lemm>
		<bigrams> 1460 1465 1466 1467</bigrams>
	</sent>	<sent id="21">
		<raw>Owen is a favorite of abortion opponents and religious conservatives because of several legal opinions she wrote denying minors the right to an abortion without parental notification.</raw>
		<lemm>owen be a favorite of abortion opponent and religious conservative because of several legal opinion she write deny minor the right to an abortion without parental notification</lemm>
		<bigrams> 1470 1473 1476 1477 1480 1481 857 1484 977</bigrams>
	</sent>	<sent id="22">
		<raw>Brown, who is black, is considered more likely to attract the support of independents and Republican moderates.</raw>
		<lemm>brown  who be black  be consider more likely to attract the support of independent and republican moderate</lemm>
		<bigrams> 1498</bigrams>
	</sent>	<sent id="23">
		<raw>A senior Frist aide said Tuesday that Brown's nomination will move to the Senate floor after confirmation votes for Owen and John R. Bolton, Bush's nominee for U. N. ambassador.</raw>
		<lemm>a senior frist aide say tuesday that brown s nomination will move to the senate floor after confirmation vote for owen and john r bolton  bush s nominee for u n ambassador</lemm>
		<bigrams> 1500 1501 1502 621 41 119 1511 1512 1513 1516 1517</bigrams>
	</sent>	<sent id="24">
		<raw>As a result, Brown's confirmation battle is unlikely to reach the Senate floor until after Memorial Day.</raw>
		<lemm>as a result  brown s confirmation battle be unlikely to reach the senate floor until after memorial day</lemm>
		<bigrams> 1519 1521 41 1529</bigrams>
	</sent>	<sent id="25">
		<raw>The aide spoke on condition of anonymity because the scenario was preliminary.</raw>
		<lemm>the aide speak on condition of anonymity because the scenario be preliminary</lemm>
		<bigrams> 1531</bigrams>
	</sent>	<sent id="26">
		<raw>The second stage is expected to begin Friday, the aide said, when Republicans will file a motion to end debate on Owen.</raw>
		<lemm>the second stage be expect to begin friday  the aide say  when republican will file a motion to end debate on owen</lemm>
		<bigrams> 1542 1544 1502 1553</bigrams>
	</sent>	<sent id="27">
		<raw>Two days later, the Senate will hold a vote on the motion, known as "cloture," which requires 60 votes.</raw>
		<lemm>two day later  the senate will hold a vote on the motion  know as  cloture   which require @card@ vote</lemm>
		<bigrams> 1554 1555 1561 1566 122</bigrams>
	</sent>	<sent id="28">
		<raw>Republicans are expected to lose that vote, at which point Frist will begin the climactic chapter, according to his aide.</raw>
		<lemm>republican be expect to lose that vote  at which point frist will begin the climactic chapter  accord to his aide</lemm>
		<bigrams> 1573 1577 1578</bigrams>
	</sent>	<sent id="29">
		<raw>With Vice President Dick Cheney presiding over the chamber in his capacity as president of the Senate, Frist will make a motion suggesting that senators should have the right to vote on judicial nominees after a certain number of hours of debate have passed.</raw>
		<lemm>with vice president dick cheney preside over the chamber in his capacity as president of the senate  frist will make a motion suggest that senator should have the right to vote on judicial nominee after a certain number of hour of debate have pass</lemm>
		<bigrams> 1582 1583 1584 1585 1592 1594 85 1603</bigrams>
	</sent>	<sent id="30">
		<raw>Cheney is expected to uphold the motion, Democrats are expected to object, and the chamber will vote on whether to table, or reject, the Democratic appeal.</raw>
		<lemm>cheney be expect to uphold the motion  democrats be expect to object  and the chamber will vote on whether to table  or reject  the democratic appeal</lemm>
		<bigrams> 1613 1625</bigrams>
	</sent>	<sent id="31">
		<raw>All those votes require a simple majority, the aide said, and Cheney could break a possible tie.</raw>
		<lemm>all those vote require a simple majority  the aide say  and cheney could break a possible tie</lemm>
		<bigrams> 1628 1631 1502 1635 1636 1639</bigrams>
	</sent>	<sent id="32">
		<raw>Frist's motion would establish a precedent, he said, under which all judicial nominations would get a vote after a certain amount of debate and confirmation would require 51 votes.</raw>
		<lemm>frist s motion would establish a precedent  he say  under which all judicial nomination would get a vote after a certain amount of debate and confirmation would require @card@ vote</lemm>
		<bigrams> 1642 1643 24 1652 1653 1655 1659 1660 1566 122</bigrams>
	</sent>	<sent id="33">
		<raw>The precedent would apply to all federal judges, including the Supreme Court.</raw>
		<lemm>the precedent would apply to all federal judge  include the supreme court</lemm>
		<bigrams> 1662 1663 1667 1668 395</bigrams>
	</sent>	<sent id="34">
		<raw>Times staff writers Mary Curtius, Richard Simon, Edwin Chen and Warren Vieth contributed to this report.</raw>
		<lemm>times staff writer mary curtius  richard simon  edwin chen and warren vieth contribute to this report</lemm>
		<bigrams> 1670 1671 1672 1673 1674 1675 1676 1677 1680 1681</bigrams>
	</sent></doc>