<?xml version="1.0" encoding="UTF_8"?>
<doc>	<sent id="0">
		<raw>Moderate Democratic and Republican senators met into the evening Tuesday night in the hopes of avoiding a showdown over filibusters of judicial nominees, as Republican leaders planned to launch a carefully choreographed debate on the issue of judges Wednesday that they hope will bring public opinion to their side.</raw>
		<lemm>moderate democratic and republican senator meet into the evening tuesday night in the hope of avoid a showdown over filibuster of judicial nominee  as republican leader plan to launch a carefully choreograph debate on the issue of judge wednesday that they hope will bring public opinion to their side</lemm>
		<bigrams> 3640 3642 3643 3647 1157 85 418 3656 3659 3660 3662 3667 3668</bigrams>
	</sent>	<sent id="1">
		<raw>About a dozen senators met behind closed doors with Senate majority leader Bill Frist and Senate minority leader Harry Reid for about an hour late Tuesday afternoon to discuss the framework of the proposed compromise.</raw>
		<lemm>about a dozen senator meet behind closed door with senate majority leader bill frist and senate minority leader harry reid for about an hour late tuesday afternoon to discuss the framework of the propose compromise</lemm>
		<bigrams> 3672 3643 3673 3674 3675 0 1 2 3 1248 256 1249 253 3681 3682 3683 1367</bigrams>
	</sent>	<sent id="2">
		<raw>However, a senior Democratic aide said Tuesday night that the two leaders left the meeting as far apart as ever, though that does not foreclose the possibility of rank-and-file members reaching an agreement on their own.</raw>
		<lemm>however  a senior democratic aide say tuesday night that the two leader leave the meeting as far apart as ever  though that do not foreclose the possibility of rank-and-file member reach an agreement on their own</lemm>
		<bigrams> 3284 3285 1502 621 1157 3689 3690 3693 3696 3702 3703</bigrams>
	</sent>	<sent id="3">
		<raw>Senator Ben Nelson, a Nebraska Democrat who is among the leaders of the group seeking a compromise, emerged from the meeting saying they were drawing close to a deal but remained short of persuading the six Democrats and six Republicans they need to seal the deal.</raw>
		<lemm>senator ben nelson  a nebraska democrat who be among the leader of the group seek a compromise  emerge from the meeting say they be draw close to a deal but remain short of persuade the six democrat and six republican they need to seal the deal</lemm>
		<bigrams> 3707 1265 3709 3712 3713 3715 3717 3721 1383 1380</bigrams>
	</sent>	<sent id="4">
		<raw>The agreement under discussion would bind the Republicans to preserving Democrats' right to filibuster judges, on the condition that Democrats only use filibusters in "extreme circumstances," Nelson said.</raw>
		<lemm>the agreement under discussion would bind the republicans to preserve democrat  right to filibuster judge  on the condition that democrats only use filibuster in  extreme circumstance   nelson say</lemm>
		<bigrams> 3735 3736 3739 3740 1959 1141 2881 3747 1284</bigrams>
	</sent>	<sent id="5">
		<raw>Still undecided, however, is the fate of eight men and women the White House has already nominated for judgeships and Democratic leaders have promised to filibuster.</raw>
		<lemm>still undecided  however  be the fate of eight man and woman the white house have already nominate for judgeship and democratic leader have promise to filibuster</lemm>
		<bigrams> 3748 3749 3752 1433 3758 1688</bigrams>
	</sent>	<sent id="6">
		<raw>Under the deal, "There'll be judicious use of the filibuster, and you won't have a nuclear option [a banning of filibusters] in this session of Congress," Nelson told reporters after the meeting.</raw>
		<lemm>under the deal   there will be judicious use of the filibuster  and you wo n t have a nuclear option [ a banning of filibuster ] in this session of congress   nelson tell reporter after the meeting</lemm>
		<bigrams> 3766 3769 1830 3772 3776 3782 3783 586</bigrams>
	</sent>	<sent id="7">
		<raw>It remained unclear Tuesday whether Frist would sign off on such a deal, however.</raw>
		<lemm>it remain unclear tuesday whether frist would sign off on such a deal  however</lemm>
		<bigrams> 3785 3786 3787 3788 3789 3790 3795</bigrams>
	</sent>	<sent id="8">
		<raw>The Tennessee Republican refused to comment on his way out of the meeting, but has said he will not take any deal that doesn't guarantee votes for all nominees on the Senate floor.</raw>
		<lemm>the tennessee republican refuse to comment on his way out of the meeting  but have say he will not take any deal that do n t guarantee vote for all nominee on the senate floor</lemm>
		<bigrams> 2437 3796 3809 41</bigrams>
	</sent>	<sent id="9">
		<raw>In addition, Frist is under pressure from conservatives to ban filibusters before a vacancy arises on the Supreme Court, and the proposed agreement would not accomplish that.</raw>
		<lemm>in addition  frist be under pressure from conservative to ban filibuster before a vacancy arise on the supreme court  and the propose agreement would not accomplish that</lemm>
		<bigrams> 3811 1925 3820 395 3822 3823</bigrams>
	</sent>	<sent id="10">
		<raw>As of Tuesday night, Frist remained on track to force the issue on the Senate floor, starting Wednesday morning.</raw>
		<lemm>as of tuesday night  frist remain on track to force the issue on the senate floor  start wednesday morning</lemm>
		<bigrams> 1157 3828 3829 41 3835 3836 3837</bigrams>
	</sent>	<sent id="11">
		<raw>Frist is moving to confirm two female judges with compelling life stories, making it more difficult for Democrats to stand against them.</raw>
		<lemm>frist be move to confirm two female judge with compelling life story  make it more difficult for democrats to stand against them</lemm>
		<bigrams> 3839 3840 3841 3844 3845 3846</bigrams>
	</sent>	<sent id="12">
		<raw>Republicans plan to stretch debate over several days and make a show of trying to cut the Democrats off through normal procedures, a move intended to highlight the perception of Democratic obstructionism, Republican senators said.</raw>
		<lemm>republicans plan to stretch debate over several day and make a show of try to cut the democrats off through normal procedure  a move intend to highlight the perception of democratic obstructionism  republican senator say</lemm>
		<bigrams> 3853 3855 3858 3867 3869 3875 3876 3642 3877</bigrams>
	</sent>	<sent id="13">
		<raw>"When you want to score, you run your best plays," said Senator George Allen, Republican of Virginia.</raw>
		<lemm> when you want to score  you run your good play   say senator george allen  republican of virginia</lemm>
		<bigrams> 3885 3886 1783 3887 3888 3889</bigrams>
	</sent>	<sent id="14">
		<raw>"And if it's tough for the Democrats, that's fine with me."</raw>
		<lemm> and if it be tough for the democrats  that be fine with me </lemm>
		<bigrams></bigrams>
	</sent>	<sent id="15">
		<raw>Frist will bring up the nominations of Priscilla Owen and Janice Rogers Brown Wednesday through the Senate's regular operating rules, but a vote is unlikely to happen before next Tuesday or Wednesday, according to Frist's top aides.</raw>
		<lemm>frist will bring up the nomination of priscilla owen and janice rogers brown wednesday through the senate s regular operate rule  but a vote be unlikely to happen before next tuesday or wednesday  accord to frist s top aide</lemm>
		<bigrams> 403 398 399 3899 3902 3903 3907 3910 3913</bigrams>
	</sent>	<sent id="16">
		<raw>Frist hosted Owen and Rogers Brown for a photo opportunity Tuesday at his office shortly after the two met with President Bush at the White House.</raw>
		<lemm>frist host owen and rogers brown for a photo opportunity tuesday at his office shortly after the two meet with president bush at the white house</lemm>
		<bigrams> 3914 3915 399 3918 3919 3922 3924 20 1433</bigrams>
	</sent>	<sent id="17">
		<raw>"Our simple goal is to restore that 214 years of tradition to allow these nominees a simple, fair up-or-down vote," Frist said at a news conference.</raw>
		<lemm> our simple goal be to restore that @card@ year of tradition to allow these nominee a simple  fair up-or-down vote   frist say at a news conference</lemm>
		<bigrams> 3928 3932 3938 3251 192 2769 70 75</bigrams>
	</sent>	<sent id="18">
		<raw>Democrats are fighting back by citing inflammatory statements and decisions handed down by Owen and Rogers Brown.</raw>
		<lemm>democrats be fight back by cite inflammatory statement and decision hand down by owen and rogers brown</lemm>
		<bigrams> 3941 3944 3945 3948 399</bigrams>
	</sent>	<sent id="19">
		<raw>They are planning a series of public events to state opposition to the judges, and to any rules change that would make their confirmations possible.</raw>
		<lemm>they be plan a series of public event to state opposition to the judge  and to any rule change that would make their confirmation possible</lemm>
		<bigrams> 3957 3960 174 3967 3970</bigrams>
	</sent>	<sent id="20">
		<raw>Under Senate rules, as few as 41 senators can force unlimited debate through a procedure known as a filibuster, effectively killing a nomination.</raw>
		<lemm>under senate rule  as few as @card@ senator can force unlimited debate through a procedure know as a filibuster  effectively kill a nomination</lemm>
		<bigrams> 745 2120 3977 2104 3979 3980 3981</bigrams>
	</sent>	<sent id="21">
		<raw>Democrats used that power to scuttle 10 of Bush's 218 judicial nominees in his first term, and have vowed to do the same to defeat at least the seven he has re-nominated this year.</raw>
		<lemm>democrats use that power to scuttle @card@ of bush s @card@ judicial nominee in his first term  and have vow to do the same to defeat at least the seven he have re-nominated this year</lemm>
		<bigrams> 131 3988 162 85 129</bigrams>
	</sent>	<sent id="22">
		<raw>Frist has promised to use a parliamentary maneuver that would outlaw those filibusters, in essence lowering the threshold for confirmation from 60 votes to 50 votes.</raw>
		<lemm>frist have promise to use a parliamentary maneuver that would outlaw those filibuster  in essence lower the threshold for confirmation from @card@ vote to @card@ vote</lemm>
		<bigrams> 3999 4001 4005 122 122</bigrams>
	</sent>	<sent id="23">
		<raw>Conservatives are anxious for the rules to be changed before a Supreme Court vacancy, but Democrats have vowed to slow Senate business to a crawl in response.</raw>
		<lemm>conservative be anxious for the rule to be change before a supreme court vacancy  but democrat have vow to slow senate business to a crawl in response</lemm>
		<bigrams> 395 573 4015 2527</bigrams>
	</sent>	<sent id="24">
		<raw>The proposed compromise, being spearheaded by Nelson and Senator John McCain, Republican of Arizona, would probably be acceptable to Reid if it preserves Democrats' ability to filibuster judges in the future, according to aides to the Democratic leader.</raw>
		<lemm>the propose compromise  be spearhead by nelson and senator john mccain  republican of arizona  would probably be acceptable to reid if it preserve democrat  ability to filibuster judge in the future  accord to aide to the democratic leader</lemm>
		<bigrams> 1367 4022 1374 4023 4025 4026 3739 4032 1959 4033 1688</bigrams>
	</sent>	<sent id="25">
		<raw>If the future of filibusters comes to a vote in the Senate, neither side is sure of the outcome.</raw>
		<lemm>if the future of filibuster come to a vote in the senate  neither side be sure of the outcome</lemm>
		<bigrams> 4037 4038 3092</bigrams>
	</sent>	<sent id="26">
		<raw>Frist's maneuver needs 50 votes to succeed, and while Republicans control 55 Senate seats, two senators have announced plans to side with the Democrats and at least half a dozen others are publicly undecided.</raw>
		<lemm>frist s maneuver need @card@ vote to succeed  and while republican control @card@ senate seat  two senator have announce plan to side with the democrats and at least half a dozen other be publicly undecided</lemm>
		<bigrams> 4043 200 122 4048 4049 4050 4051 4052 3497 4054 4058 4062</bigrams>
	</sent></doc>