<?xml version="1.0" encoding="UTF_8"?>
<doc>	<sent id="0">
		<raw>The Senate Judiciary Committee on Thursday approved and sent to the full Senate two of President Bush's candidates for seats on the federal appeals bench.</raw>
		<lemm>the senate judiciary committee on thursday approve and send to the full senate two of president bush s candidate for seat on the federal appeal bench</lemm>
		<bigrams> 313 314 632 391 636 20 644 645</bigrams>
	</sent>	<sent id="1">
		<raw>Sen. Arlen Specter, the Pennsylvania Republican who is the committee's chairman, asked his colleagues to be brief, saying there was little doubt that voting on the two candidates, Priscilla R. Owen and Janice Rogers Brown, would be along party lines.</raw>
		<lemm>sen arlen specter  the pennsylvania republican who be the committee s chairman  ask his colleague to be brief  say there be little doubt that vote on the two candidate  priscilla r owen and janice rogers brown  would be along party line</lemm>
		<bigrams> 646 647 650 655 661 665 669 670 671 672 398 399 675 677 678</bigrams>
	</sent>	<sent id="2">
		<raw>It was as he predicted, with each of the nominees receiving favorable votes from all 10 Republicans on the committee while all 8 Democrats voted against them.</raw>
		<lemm>it be as he predict  with each of the nominee receive favorable vote from all @card@ republican on the committee while all @card@ democrats vote against them</lemm>
		<bigrams> 685 686 687 691 695 696</bigrams>
	</sent>	<sent id="3">
		<raw>That did not discourage committee members from brushing aside Specter's plea for brevity and plunging into prolonged and angry debate about the two nominees.</raw>
		<lemm>that do not discourage committee member from brush aside specter s plea for brevity and plunge into prolonged and angry debate about the two nominee</lemm>
		<bigrams> 701 702 705 706 717 719</bigrams>
	</sent>	<sent id="4">
		<raw>Everyone understood that these candidates have come to stand for more than their own hopes to be confirmed; the two may be the test cases used by Republican leaders to change the Senate rules to prohibit filibusters to block judicial nominees.</raw>
		<lemm>everyone understand that these candidate have come to stand for more than their own hope to be confirm  the two may be the test case use by republican leader to change the senate rule to prohibit filibuster to block judicial nominee</lemm>
		<bigrams> 720 737 740 741 418 745 747 748 85</bigrams>
	</sent>	<sent id="5">
		<raw>Dating from Bush's first term, Democrats have used a filibuster or the threat of extended debate, to block 10 of the president's choices for the federal appeals courts, while approving 35 others.</raw>
		<lemm>date from bush s first term  democrats have use a filibuster or the threat of extended debate  to block @card@ of the president s choice for the federal appeal court  while approve @card@ other</lemm>
		<bigrams> 129 130 757 759 644 763 766</bigrams>
	</sent>	<sent id="6">
		<raw>Sen. Bill Frist of Tennessee, the Republican leader, has warned with increasing ardor that he may seek to change the rules so that the Democrats, who are in the minority, would be unable to block Bush's judicial choices.</raw>
		<lemm>sen bill frist of tennessee  the republican leader  have warn with increase ardor that he may seek to change the rule so that the democrats  who be in the minority  would be unable to block bush s judicial choice</lemm>
		<bigrams> 768 3 418 776 780 787 790 792</bigrams>
	</sent>	<sent id="7">
		<raw>Both Owen, a justice on the Texas Supreme Court, and Brown, a justice on the California Supreme Court, have been blocked before by Democrats who have called them unfit for the federal bench, asserting that they are hard-line conservative ideologues.</raw>
		<lemm>both owen  a justice on the texas supreme court  and brown  a justice on the california supreme court  have be block before by democrats who have call them unfit for the federal bench  assert that they be hard-line conservative ideologue</lemm>
		<bigrams> 401 395 394 395 810 811 815 816</bigrams>
	</sent>	<sent id="8">
		<raw>Sen Patrick J. Leahy of Vermont, the committee's ranking Democrat, said Owen had shown herself to be "an ends-oriented activist judge" in Texas.</raw>
		<lemm>sen patrick j leahy of vermont  the committee s ranking democrat  say owen have show herself to be  an ends-oriented activist judge  in texas</lemm>
		<bigrams> 817 818 819 824 825 826 833 834</bigrams>
	</sent>	<sent id="9">
		<raw>The debate about Owen has centered on her dissents from court rulings interpreting a state law allowing a minor to obtain an abortion without the permission of a parent in certain limited circumstances.</raw>
		<lemm>the debate about owen have center on her dissent from court ruling interpret a state law allow a minor to obtain an abortion without the permission of a parent in certain limited circumstance</lemm>
		<bigrams> 845 846 849 850 857 864 865</bigrams>
	</sent>	<sent id="10">
		<raw>In one dissent, Justice Owen said the teenager in the case had not demonstrated that she knew that there were religious objections to abortion and that some women who underwent abortions had experienced severe remorse.</raw>
		<lemm>in one dissent  justice owen say the teenager in the case have not demonstrate that she know that there be religious objection to abortion and that some woman who undergo abortion have experience severe remorse</lemm>
		<bigrams> 867 868 869 870 884 893 896 897</bigrams>
	</sent>	<sent id="11">
		<raw>Alberto R. Gonzales, the attorney general, who was a member of the court at the time, said the views of the dissenters were far beyond what the Legislature had enacted and amounted to "an unconscionable act of judicial activism."</raw>
		<lemm>alberto r gonzales  the attorney general  who be a member of the court at the time  say the view of the dissenter be far beyond what the legislature have enact and amount to  an unconscionable act of judicial activism </lemm>
		<bigrams> 898 899 902 907 913 924 927</bigrams>
	</sent>	<sent id="12">
		<raw>A review of the court opinions shows that other judges also asserted that Owen and her fellow dissenters were putting their own views ahead of the law.</raw>
		<lemm>a review of the court opinion show that other judge also assert that owen and her fellow dissenter be put their own view ahead of the law</lemm>
		<bigrams> 930 931 935 936 940 944</bigrams>
	</sent>	<sent id="13">
		<raw>The author of the majority opinion in the principal case, Justice Harriet O'Neill, wrote, "In deciding this case we squarely confront the question of whether, as judges, we should apply the Parental Notification Act as it is written by the Legislature or according to our own personal beliefs."</raw>
		<lemm>the author of the majority opinion in the principal case  justice harriet o neill  write   in decide this case we squarely confront the question of whether  as judge  we should apply the parental notification act as it be write by the legislature or accord to our own personal belief </lemm>
		<bigrams> 950 953 954 955 958 965 977 978 989</bigrams>
	</sent>	<sent id="14">
		<raw>She added that, "The issue's highly charged nature does not excuse judges who impose their own personal convictions into what must be a strictly legal inquiry."</raw>
		<lemm>she add that   the issue be highly charge nature do not excuse judge who impose their own personal conviction into what must be a strictly legal inquiry </lemm>
		<bigrams> 994 995 998 1002 1008 1009</bigrams>
	</sent>	<sent id="15">
		<raw>Sen. Sam Brownback, R- Kan., said the opinion showed Owen was "actually following the Legislature's intent.</raw>
		<lemm>sen sam brownback  r- kan  say the opinion show owen be  actually follow the legislature s intent</lemm>
		<bigrams> 1010 1011 1012 1013 1014 931 1016 1019</bigrams>
	</sent>	<sent id="16">
		<raw>This is the kind of judge we're looking for."</raw>
		<lemm>this be the kind of judge we be look for </lemm>
		<bigrams></bigrams>
	</sent>	<sent id="17">
		<raw>Brown was assailed by Democrats over some of her judicial opinions but also over her many speeches in which she disparages the usefulness of government.</raw>
		<lemm>brown be assail by democrat over some of her judicial opinion but also over her many speech in which she disparage the usefulness of government</lemm>
		<bigrams> 1039 1045</bigrams>
	</sent>	<sent id="18">
		<raw>"She has a vitriolic hostility to government," said Sen. Dianne Feinstein, D-Calif. At her confirmation hearing Brown said she was not an ideologue of any stripe.</raw>
		<lemm> she have a vitriolic hostility to government   say sen dianne feinstein  d-calif at her confirmation hearing brown say she be not an ideologue of any stripe</lemm>
		<bigrams> 1057 1060 1061 1062 1063 1064 1068 1069 1070</bigrams>
	</sent></doc>