<?xml version="1.0" encoding="UTF_8"?>
<doc>	<sent id="0">
		<raw>If Senate Majority Leader Bill Frist of Tennessee decides to exercise the "nuclear option" to end a filibuster of President Bush's judicial nominees, here is how it is likely to unfold, motion by motion:</raw>
		<lemm>if senate majority leader bill frist of tennessee decide to exercise the  nuclear option  to end a filibuster of president bush s judicial nominee  here be how it be likely to unfold  motion by motion </lemm>
		<bigrams> 0 1 2 3 2572 1830 20 85 2582</bigrams>
	</sent>	<sent id="1">
		<raw>-The Senate will begin debate on one of the nominees, most likely Priscilla Owen of Texas or Janice Rogers Brown of California.</raw>
		<lemm>-the senate will begin debate on one of the nominee  most likely priscilla owen of texas or janice rogers brown of california</lemm>
		<bigrams> 2585 2586 2589 403 398 399</bigrams>
	</sent>	<sent id="2">
		<raw>- At some arbitrary point in the debate, the majority leader will seek a ruling from the presiding officer of the Senate "regarding the appropriate length of time for debate" on the nominee.</raw>
		<lemm>- at some arbitrary point in the debate  the majority leader will seek a ruling from the preside officer of the senate  regard the appropriate length of time for debate  on the nominee</lemm>
		<bigrams> 2595 1 2603 2605 2608</bigrams>
	</sent>	<sent id="3">
		<raw>The majority leader's point of order will maintain that further debate on the nomination is "dilatory."</raw>
		<lemm>the majority leader s point of order will maintain that further debate on the nomination be  dilatory </lemm>
		<bigrams> 1</bigrams>
	</sent>	<sent id="4">
		<raw>- The presiding officer, who is likely to be Vice President Cheney, the president of the Senate under the U. S. Constitution, will sustain the majority leader's point of order.</raw>
		<lemm>- the preside officer  who be likely to be vice president cheney  the president of the senate under the u s constitution  will sustain the majority leader s point of order</lemm>
		<bigrams> 2603 1582 2627 1</bigrams>
	</sent>	<sent id="5">
		<raw>The presiding officer could seek the advice of the Senate Parliamentarian before sustaining the majority leader's point of order, but it is not required.</raw>
		<lemm>the preside officer could seek the advice of the senate parliamentarian before sustain the majority leader s point of order  but it be not require</lemm>
		<bigrams> 2603 2635 2636 2640 1</bigrams>
	</sent>	<sent id="6">
		<raw>-A member of the Senate, probably Senate Minority Leader Harry Reid of Nevada, will object to the ruling of the presiding officer as contrary to the rules and precedents of the Senate, which currently require a vote of 60 senators to invoke cloture, that is, bring an end to debate.</raw>
		<lemm>-a member of the senate  probably senate minority leader harry reid of nevada  will object to the ruling of the preside officer as contrary to the rule and precedent of the senate  which currently require a vote of @card@ senator to invoke cloture  that be  bring an end to debate</lemm>
		<bigrams> 2646 2647 2648 1248 256 1249 253 2603 2662 2120 2665</bigrams>
	</sent>	<sent id="7">
		<raw>- At this crucial point, the majority leader will offer a nondebatable motion to table the appeal from the minority leader.</raw>
		<lemm>- at this crucial point  the majority leader will offer a nondebatable motion to table the appeal from the minority leader</lemm>
		<bigrams> 2674 1 2679 256</bigrams>
	</sent>	<sent id="8">
		<raw>The Senate will then vote on the motion, and a simple majority vote of the 100-member Senate will sustain the ruling of the presiding officer.</raw>
		<lemm>the senate will then vote on the motion  and a simple majority vote of the 100-member senate will sustain the ruling of the preside officer</lemm>
		<bigrams> 1631 1417 1405 2603</bigrams>
	</sent>	<sent id="9">
		<raw>If the Senate is split 50-50 on the motion, the vice president will vote to break the tie and sustain his own ruling.</raw>
		<lemm>if the senate be split @card@ on the motion  the vice president will vote to break the tie and sustain his own ruling</lemm>
		<bigrams> 2687 1582</bigrams>
	</sent>	<sent id="10">
		<raw>-The Senate would then be poised to vote on the judicial nominee.</raw>
		<lemm>-the senate would then be poise to vote on the judicial nominee</lemm>
		<bigrams> 2585 2698 85</bigrams>
	</sent>	<sent id="11">
		<raw>Scott Shepard's e-mail address is sshepard@coxnews.com.</raw>
		<lemm>scott shepard s e-mail address be sshepard@coxnews com</lemm>
		<bigrams> 2703 2706 2709</bigrams>
	</sent></doc>