<?xml version="1.0" encoding="UTF_8"?>
<doc>	<sent id="0">
		<raw>India's space agency is ready to send a man to space within seven years if the government gives the nod, while preparations have already begun for the launch of an unmanned lunar mission, a top official said.</raw>
		<lemm>india s space agency be ready to send a man to space within seven year if the government give the nod  while preparation have already begin for the launch of an unmanned lunar mission  a top official say</lemm>
		<bigrams> 157 693 694 695 698 705 711 164 714 445</bigrams>
	</sent>	<sent id="1">
		<raw>Madhavan Nair, chairman of the Indian Space Research Organisation (ISRO), the country's premier space agency, said the scientific community in the country had already started a debate on the manned mission.</raw>
		<lemm>madhavan nair  chairman of the indian space research organisation ( isro )  the country s premier space agency  say the scientific community in the country have already start a debate on the manned mission</lemm>
		<bigrams> 34 465 79 15 80 715 233 234 720 157 721 724 727 68</bigrams>
	</sent>	<sent id="2">
		<raw>"The question of a manned mission is glaring before us now," Nair told AFP ahead of a lunar conference which kicks off in the northern Indian city of Udaipur on Monday.</raw>
		<lemm> the question of a manned mission be glare before us now   nair tell afp ahead of a lunar conference which kick off in the northern indian city of udaipur on monday</lemm>
		<bigrams> 68 740 741 742 744 750 751</bigrams>
	</sent>	<sent id="3">
		<raw>"The thought process has begun and various agencies have come up with ideas.</raw>
		<lemm> the thought process have begin and various agency have come up with idea</lemm>
		<bigrams> 756 761</bigrams>
	</sent>	<sent id="4">
		<raw>Whether it is now or later is a question to be considered," Nair said.</raw>
		<lemm>whether it be now or later be a question to be consider   nair say</lemm>
		<bigrams> 774 35</bigrams>
	</sent>	<sent id="5">
		<raw>"We have not taken it up to the government level yet.</raw>
		<lemm> we have not take it up to the government level yet</lemm>
		<bigrams> 781 782</bigrams>
	</sent>	<sent id="6">
		<raw>But if we are asked to ... and are given adequate funding, we can achieve it in six to seven years from today," he said.</raw>
		<lemm>but if we be ask to   and be give adequate funding  we can achieve it in six to seven year from today   he say</lemm>
		<bigrams> 790 791 695</bigrams>
	</sent>	<sent id="7">
		<raw>India sent its first astronaut, Rakesh Sharma, aboard Soviet spacecraft Salyut 7 in April 1984 while another astronaut, Kalpana Chawla, was killed along with six others in the Columbia shuttle disaster in February last year.</raw>
		<lemm>india send its first astronaut  rakesh sharma  aboard soviet spacecraft salyut @card@ in april @card@ while another astronaut  kalpana chawla  be kill along with six other in the columbia shuttle disaster in february last year</lemm>
		<bigrams> 803 806 807 808 809 810 811 812 813 816 819 820 821 824 830 831 834 835</bigrams>
	</sent>	<sent id="8">
		<raw>Nair said "a lot of debate" had to take place in India before a final decision is taken on a manned space flight.</raw>
		<lemm>nair say  a lot of debate  have to take place in india before a final decision be take on a manned space flight</lemm>
		<bigrams> 35 841 847 852 853</bigrams>
	</sent>	<sent id="9">
		<raw>"The benefits and the costs involved have to be examined.</raw>
		<lemm> the benefit and the cost involve have to be examine</lemm>
		<bigrams> 858</bigrams>
	</sent>	<sent id="10">
		<raw>Various facilities and equipment such as a space capsule for human habitation, shielding, control and safety features have to be built, a large amount of funding is required," he said.</raw>
		<lemm>various facility and equipment such as a space capsule for human habitation  shield  control and safety feature have to be build  a large amount of funding be require   he say</lemm>
		<bigrams> 861 865 868 869 870 873 878</bigrams>
	</sent>	<sent id="11">
		<raw>India's unmanned lunar flight, Chandrayaan (Moon Journey), slated to launch by the end of 2007 or early 2008, was on schedule, Nair said.</raw>
		<lemm>india s unmanned lunar flight  chandrayaan ( moon journey )  slate to launch by the end of @card@ or early @card@  be on schedule  nair say</lemm>
		<bigrams> 711 885 886 887 888 889 890 891 899 902 35</bigrams>
	</sent>	<sent id="12">
		<raw>"The design work for Chandrayaan has been completed and we are in the phase of implementing various types of prototypes," he said.</raw>
		<lemm> the design work for chandrayaan have be complete and we be in the phase of implement various type of prototype   he say</lemm>
		<bigrams> 904 914 915</bigrams>
	</sent>	<sent id="13">
		<raw>"Building instruments and calibrating them to match exact conditions on the moon is a big challenge.</raw>
		<lemm> building instrument and calibrate them to match exact condition on the moon be a big challenge</lemm>
		<bigrams> 919 925 926 930</bigrams>
	</sent>	<sent id="14">
		<raw>"We do not expect any difficulty with respect to the spacecraft and launch vehicle.</raw>
		<lemm> we do not expect any difficulty with respect to the spacecraft and launch vehicle</lemm>
		<bigrams> 650</bigrams>
	</sent>	<sent id="15">
		<raw>The acquisition of land for deep space exploration has also been completed.</raw>
		<lemm>the acquisition of land for deep space exploration have also be complete</lemm>
		<bigrams> 947 948</bigrams>
	</sent>	<sent id="16">
		<raw>Things are progressing well for the targetted launch latest by early 2008," he said.</raw>
		<lemm>thing be progress well for the targetted launch late by early @card@   he say</lemm>
		<bigrams> 954 957 958 899</bigrams>
	</sent>	<sent id="17">
		<raw>The mission, to place a 525 kilogram (1,125 pound) orbiter using an indigenously-built polar satellite launch vehicle, is slated to cost the agency 83 million dollars.</raw>
		<lemm>the mission  to place a @card@ kilogram ( @card@ pound ) orbiter use an indigenously-built polar satellite launch vehicle  be slate to cost the agency @card@ million dollar</lemm>
		<bigrams> 141 142 143 144 145 964 965 968 969 970 650 976 219 977</bigrams>
	</sent>	<sent id="18">
		<raw>The satellite will go around the polar orbit about 100 kilometers (62 miles) above the moon.</raw>
		<lemm>the satellite will go around the polar orbit about @card@ kilometer ( @card@ mile ) above the moon</lemm>
		<bigrams> 981 515 519 620 143 517 621</bigrams>
	</sent>	<sent id="19">
		<raw>Critics have slammed the mission saying it is outdated and the organisation was wasting its money from a limited budget of 25 billion rupees (543 million dollars) allotted by the government.</raw>
		<lemm>critic have slam the mission say it be outdated and the organisation be waste its money from a limited budget of @card@ billion rupee ( @card@ million dollar ) allot by the government</lemm>
		<bigrams> 987 998 1000 1001 221 143 219 977 224 1002</bigrams>
	</sent>	<sent id="20">
		<raw>They say cash-strapped India should not undertake the mission but instead restrict its space programmes to satellite launches and use its funds for social welfare.</raw>
		<lemm>they say cash-strapped india should not undertake the mission but instead restrict its space programme to satellite launch and use its fund for social welfare</lemm>
		<bigrams> 1005 1006 1013 1016 970 1025</bigrams>
	</sent>	<sent id="21">
		<raw>But ISRO chief Nair defended the mission and said it would spur the Indian scientconference in Udaipur is being attended by about 200 Indian and foreign delegates from countries such as the United States, Europe, Japan, Russia and China.</raw>
		<lemm>but isro chief nair defend the mission and say it would spur the indian scientconference in udaipur be be attend by about @card@ indian and foreign delegate from country such as the united states  europe  japan  russia and china</lemm>
		<bigrams> 1027 1028 1029 1033 1035 1043 1046 153 1050 1051 1052</bigrams>
	</sent></doc>