<?xml version="1.0" encoding="UTF_8"?>
<doc>	<sent id="0">
		<raw>India will launch more missions to the moon if its maiden unmanned spacecraft Chandrayaan-1, slated to be launched by 2008, is successful in mapping the lunar surface, a top space official said Tuesday.</raw>
		<lemm>india will launch more mission to the moon if its maiden unmanned spacecraft chandrayaan-1  slate to be launch by @card@  be successful in map the lunar surface  a top space official say tuesday</lemm>
		<bigrams> 1550 1551 1552 1553 1370 1558 1559 445 1560</bigrams>
	</sent>	<sent id="1">
		<raw>"If there are good prospects for minerals then we will go for one or more robotic missions," said Madhavan Nair, chairman of the Indian Space Research Organisation (ISRO), the country's premier space agency.</raw>
		<lemm> if there be good prospect for mineral then we will go for one or more robotic mission   say madhavan nair  chairman of the indian space research organisation ( isro )  the country s premier space agency</lemm>
		<bigrams> 1563 1572 987 1573 34 465 79 15 80 715 233 234 720 157</bigrams>
	</sent>	<sent id="2">
		<raw>"It depends on the success of the first mission," said Nair, who was in the northern city of Udaipur to attend a five-day global conference on "Exploration and Utilization of the Moon."</raw>
		<lemm> it depend on the success of the first mission   say nair  who be in the northern city of udaipur to attend a five-day global conference on  exploration and utilization of the moon </lemm>
		<bigrams> 1578 987 1579 1582 1587 1588</bigrams>
	</sent>	<sent id="3">
		<raw>Nair said the two planned missions would be launched before 2015.</raw>
		<lemm>nair say the two planned mission would be launch before @card@</lemm>
		<bigrams> 35 1595 1596 1597</bigrams>
	</sent>	<sent id="4">
		<raw>India's 590 kilogram (1,298 pound) Chandrayaan-1, which will map the lunar terrain for minerals and conduct scientific experiments, will also carry an "impacter" module, Nair said.</raw>
		<lemm>india s @card@ kilogram ( @card@ pound ) chandrayaan-1  which will map the lunar terrain for mineral and conduct scientific experiment  will also carry an  impacter  module  nair say</lemm>
		<bigrams> 141 142 143 144 145 1600 119 124 125 1606 137 1608 35</bigrams>
	</sent>	<sent id="5">
		<raw>The "impacter" weighing 20 kilograms will descend from the lunar orbit and touch the moon's surface to examine the surface more closely, he said.</raw>
		<lemm>the  impacter  weigh @card@ kilogram will descend from the lunar orbit and touch the moon s surface to examine the surface more closely  he say</lemm>
		<bigrams> 1610 1611 141 1616</bigrams>
	</sent>	<sent id="6">
		<raw>"At the impact it will kick up some dust which our master control room will pick up through the mounted cameras and analyse.</raw>
		<lemm> at the impact it will kick up some dust which our master control room will pick up through the mount camera and analyse</lemm>
		<bigrams> 383 1634 1641</bigrams>
	</sent>	<sent id="7">
		<raw>It is an one-shot affair," Nair explained.</raw>
		<lemm>it be an one-shot affair   nair explain</lemm>
		<bigrams> 1645 1646 1647</bigrams>
	</sent>	<sent id="8">
		<raw>The European Space Agency and National Aeronautics and Space Administration's X-ray and laser equipment will ride piggyback on India's Chandrayaan-1.</raw>
		<lemm>the european space agency and national aeronautics and space administration s x-ray and laser equipment will ride piggyback on india s chandrayaan-1</lemm>
		<bigrams> 156 157 1650 1653 1658 1661</bigrams>
	</sent>	<sent id="9">
		<raw>The ISRO chief called on the international community to draw a roadmap for future space programmes.</raw>
		<lemm>the isro chief call on the international community to draw a roadmap for future space programme</lemm>
		<bigrams> 1027 1665 1668 1675 1016</bigrams>
	</sent>	<sent id="10">
		<raw>"International cooperation and collaboration is needed rather than competition, which exists today, to share space on an equitable basis.</raw>
		<lemm> international cooperation and collaboration be need rather than competition  which exist today  to share space on an equitable basis</lemm>
		<bigrams> 1676 1681 1686 1689 1693</bigrams>
	</sent>	<sent id="11">
		<raw>All the five nations should join hands to minimise costs," Nair said.</raw>
		<lemm>all the five nation should join hand to minimise cost   nair say</lemm>
		<bigrams> 1224 1697 1700 1701 35</bigrams>
	</sent>	<sent id="12">
		<raw>The United States, the European Space Agency, China, Japan and India are all planning lunar missions during the next decade.</raw>
		<lemm>the united states  the european space agency  china  japan and india be all plan lunar mission during the next decade</lemm>
		<bigrams> 153 156 157 158 1702 163 164 168</bigrams>
	</sent>	<sent id="13">
		<raw>The conference being attended by more than 200 delegates from 16 countries will draft a declaration on Friday underlining future cooperation in space programmes.</raw>
		<lemm>the conference be attend by more than @card@ delegate from @card@ country will draft a declaration on friday underline future cooperation in space programme</lemm>
		<bigrams> 1712 1713 1719 1720 1721 1016</bigrams>
	</sent></doc>