<?xml version="1.0" encoding="UTF_8"?>
<doc>	<sent id="0">
		<raw>India is "a step ahead" of China in satellite technology and can surpass Beijing in space research by tapping the talent of its huge pool of young scientists, India's space research chief said Monday.</raw>
		<lemm>india be  a step ahead  of china in satellite technology and can surpass beijing in space research by tap the talent of its huge pool of young scientist  india s space research chief say monday</lemm>
		<bigrams> 3 8 12 15 23 26 27 15 30 31 32</bigrams>
	</sent>	<sent id="1">
		<raw>G Madhavan Nair said India and China were "on par (with each other) as far as rocket technology is concerned," the Press Trust of India news agency reported.</raw>
		<lemm>g madhavan nair say india and china be  on par ( with each other ) as far as rocket technology be concern   the press trust of india news agency report</lemm>
		<bigrams> 33 34 35 36 42 51 56 59 60 61</bigrams>
	</sent>	<sent id="2">
		<raw>Though China was ahead in planning a manned mission to the moon, "We are a step ahead of China in satellite technology," Nair, chief of the Indian Space Research Organisation, told a gathering in the southern city of Coimbatore.</raw>
		<lemm>though china be ahead in plan a manned mission to the moon   we be a step ahead of china in satellite technology   nair  chief of the indian space research organisation  tell a gathering in the southern city of coimbatore</lemm>
		<bigrams> 62 68 3 8 74 75 79 15 80 81 87</bigrams>
	</sent>	<sent id="3">
		<raw>Two years ago, India announced it would launch a mission to the moon, the Chandrayan-I or Moon Vehicle I, by 2007.</raw>
		<lemm>two year ago  india announce it would launch a mission to the moon  the chandrayan-i or moon vehicle i  by @card@</lemm>
		<bigrams> 90 91 92 93 96 103</bigrams>
	</sent>	<sent id="4">
		<raw>The 590-kilogram (1,298-pound) Chandrayan-1 is expected to map the lunar terrain for minerals and conduct scientific experiments.</raw>
		<lemm>the 590-kilogram ( 1 298-pound ) chandrayan-1 be expect to map the lunar terrain for mineral and conduct scientific experiment</lemm>
		<bigrams> 108 109 110 111 112 119 124 125</bigrams>
	</sent>	<sent id="5">
		<raw>The 2007 mission also aims at landing a small probe, an "impacter" module weighing about 20 kilograms (44 pounds), on the surface of the moon.</raw>
		<lemm>the @card@ mission also aim at land a small probe  an  impacter  module weigh about @card@ kilogram ( @card@ pound )  on the surface of the moon</lemm>
		<bigrams> 127 128 129 134 137 138 141 142 143 144 145</bigrams>
	</sent>	<sent id="6">
		<raw>Besides India, the United States, the European Space Agency, China and Japan are planning lunar missions during the next decade.</raw>
		<lemm>besides india  the united states  the european space agency  china and japan be plan lunar mission during the next decade</lemm>
		<bigrams> 150 153 156 157 158 163 164 168</bigrams>
	</sent></doc>