<?xml version="1.0" encoding="UTF_8"?>
<doc>	<sent id="0">
		<raw>Afghanistan's public health minister asked Indian officials on Friday to help bring modern health care to his war-ravaged nation, officials said.</raw>
		<lemm>afghanistan s public health minister ask indian official on friday to help bring modern health care to his war-ravage nation  official say</lemm>
		<bigrams> 1383 1384 1385 1386 1387 1389 1390 1391 1392 1396 1397 445</bigrams>
	</sent>	<sent id="1">
		<raw>Afghanistan will set up a countrywide network of "telemedicine" centers with the help of India's space agency, the Indian Space Research Organization, said Abdul Salam Jalali, a member of the delegation.</raw>
		<lemm>afghanistan will set up a countrywide network of  telemedicine  center with the help of india s space agency  the indian space research organization  say abdul salam jalali  a member of the delegation</lemm>
		<bigrams> 1403 1406 157 79 15 231 1089 1409 1410 1411</bigrams>
	</sent>	<sent id="2">
		<raw>Telemedicine centers are located in areas where hospitals don't exist or specialists are not available.</raw>
		<lemm>telemedicine center be locate in area where hospital do n t exist or specialist be not available</lemm>
		<bigrams> 1406</bigrams>
	</sent>	<sent id="3">
		<raw>They are equipped with a computer, video camera, clinical equipment and a satellite connection which allow doctors in another location to examine patients.</raw>
		<lemm>they be equip with a computer  video camera  clinical equipment and a satellite connection which allow doctor in another location to examine patient</lemm>
		<bigrams> 1434 1435 1436 1437 1439 1442 1445 1448</bigrams>
	</sent>	<sent id="4">
		<raw>He said Afghan Public Health Minister Syed Mohammed Amin Fatimie held talks with officials of India's health and family welfare ministry and visited hospitals in New Delhi.</raw>
		<lemm>he say afghan public health minister syed mohammed amin fatimie hold talk with official of india s health and family welfare ministry and visit hospital in new delhi</lemm>
		<bigrams> 1449 1450 1383 1384 1451 1452 1453 1454 1455 1456 328 1459 1462 435</bigrams>
	</sent>	<sent id="5">
		<raw>"Two and a half decades of war and internal fighting have destroyed our infrastructure, including health care facilities," Jalali said in the southern city of Bangalore.</raw>
		<lemm> two and a half decade of war and internal fighting have destroy our infrastructure  include health care facility   jalali say in the southern city of bangalore</lemm>
		<bigrams> 1466 1471 1476 1477 1392 1478 1479 1480 87</bigrams>
	</sent>	<sent id="6">
		<raw>In the first phase, Afghanistan will set up telemedicine centers in 11 cities, including Kabul, Kandahar and Mazar-e-Sharif, Jalali said.</raw>
		<lemm>in the first phase  afghanistan will set up telemedicine center in @card@ city  include kabul  kandahar and mazar-e-sharif  jalali say</lemm>
		<bigrams> 345 1482 1406 1485 1486 1487 1488 1491 1480</bigrams>
	</sent>	<sent id="7">
		<raw>The first center in Kabul will become operational in early 2006, he said.</raw>
		<lemm>the first center in kabul will become operational in early @card@  he say</lemm>
		<bigrams> 1492 1496 899</bigrams>
	</sent>	<sent id="8">
		<raw>Jalali, also the director of the Indira Gandhi Institute for child health, a hospital in Kabul set up with Indian assistance, said Afghanistan lacks specialists to provide advanced medical care in several disciplines.</raw>
		<lemm>jalali  also the director of the indira gandhi institute for child health  a hospital in kabul set up with indian assistance  say afghanistan lack specialist to provide advanced medical care in several discipline</lemm>
		<bigrams> 1499 1504 1505 1508 1511 1513 1514 1515 1516 1517 1520 1521 1522 1525</bigrams>
	</sent>	<sent id="9">
		<raw>Afghan hospitals are in talks with several Indian hospitals to enable these patients to get treated in India at affordable rates, he said.</raw>
		<lemm>afghan hospital be in talk with several indian hospital to enable these patient to get treat in india at affordable rate  he say</lemm>
		<bigrams> 1526 1529 1530 1537 1541</bigrams>
	</sent></doc>