<?xml version="1.0" encoding="UTF_8"?>
<doc>	<sent id="0">
		<raw>The space agencies of India and France signed an agreement on Friday to cooperate in launching a satellite in four years that will help make climate predictions more accurate.</raw>
		<lemm>the space agency of india and france sign an agreement on friday to cooperate in launch a satellite in four year that will help make climate prediction more accurate</lemm>
		<bigrams> 157 1055 1067 1071 1072 1073</bigrams>
	</sent>	<sent id="1">
		<raw>The project, named Megha-Tropiques, "is a major milestone in the long-standing relationship between Indian and French space agencies," G. Madhavan Nair, chairman of the Indian Space Research Organization, said in a statement.</raw>
		<lemm>the project  name megha-tropiques   be a major milestone in the long-standing relationship between indian and french space agency   g madhavan nair  chairman of the indian space research organization  say in a statement</lemm>
		<bigrams> 1076 1077 1080 1083 1087 157 1088 33 34 465 79 15 231 1089</bigrams>
	</sent>	<sent id="2">
		<raw>ISRO and the French National Space Center, known by its French acronym CNES, signed the memorandum of understanding following five years of talks.</raw>
		<lemm>isro and the french national space center  know by its french acronym cnes  sign the memorandum of understanding follow five year of talk</lemm>
		<bigrams> 1094 1095 1096 1097 1101 1102 1103 1108 1109 1110</bigrams>
	</sent>	<sent id="3">
		<raw>ISRO will build the satellite, launch it sometime between April 2008 and March 2009, and control the spacecraft in space.</raw>
		<lemm>isro will build the satellite  launch it sometime between april @card@ and march @card@  and control the spacecraft in space</lemm>
		<bigrams> 970 816 1121</bigrams>
	</sent>	<sent id="4">
		<raw>CNES will build the scientific instruments that will observe atmospheric conditions and send back data.</raw>
		<lemm>cnes will build the scientific instrument that will observe atmospheric condition and send back datum</lemm>
		<bigrams> 1126 1129 1130 1133 1134</bigrams>
	</sent>	<sent id="5">
		<raw>ISRO will spend about US$24 million (euro18.6 million), while CNES will contribute US$62 million (euro48 million) to the mission, the agencies said.</raw>
		<lemm>isro will spend about us$24 million ( euro18 6 million )  while cnes will contribute us$62 million ( euro48 million ) to the mission  the agency say</lemm>
		<bigrams> 1138 1139 1140 1141 1142 1143 1147 1148 1139 1149 1150 1143 721</bigrams>
	</sent>	<sent id="6">
		<raw>The satellite will track tropical atmospheric conditions, such as rain above oceans, monsoon patterns, humidity, water vapor and radiation, that have an impact on global climatic changes.</raw>
		<lemm>the satellite will track tropical atmospheric condition  such as rain above ocean  monsoon pattern  humidity  water vapor and radiation  that have an impact on global climatic change</lemm>
		<bigrams> 1154 1155 1130 1160 1161 1162 1163 1164 1172 1173</bigrams>
	</sent>	<sent id="7">
		<raw>"These systems interact with the general atmospheric circulation in ways we still do not fully understand, one reason why weather forecasts and predictions of climatic events such as cyclones, monsoons, flooding and drought are not more accurate," CNES said.</raw>
		<lemm> these system interact with the general atmospheric circulation in way we still do not fully understand  one reason why weather forecast and prediction of climatic event such as cyclone  monsoon  flooding and drought be not more accurate   cnes say</lemm>
		<bigrams> 1175 1178 1179 1186 1187 1188 1191 1196 1199 1200 1206 1207</bigrams>
	</sent>	<sent id="8">
		<raw>"The Megha-Tropiques mission will improve our understanding of these processes," it said.</raw>
		<lemm> the megha-tropiques mission will improve our understanding of these process   it say</lemm>
		<bigrams> 1209</bigrams>
	</sent></doc>