<?xml version="1.0" encoding="UTF_8"?>
<doc>	<sent id="0">
		<raw>Federal prosecutors investigating the smuggling of nuclear technology disclosed Friday that a South African businessman has pleaded guilty to arranging illegal exports of American-made equipment both to Pakistan and its regional rival, India.</raw>
		<lemm>federal prosecutor investigate the smuggling of nuclear technology disclose friday that a south african businessman have plead guilty to arrange illegal export of american-made equipment both to pakistan and its regional rival  india</lemm>
		<bigrams> 1871 1872 1877 1878 1879 1883 1884 1887 1890 1891 1894 1901 1902</bigrams>
	</sent>	<sent id="1">
		<raw>Asher Karni, an Israeli who lives in South Africa, entered the guilty plea in September and has been cooperating with investigators, prosecutors said.</raw>
		<lemm>asher karni  an israeli who live in south africa  enter the guilty plea in september and have be cooperate with investigator  prosecutor say</lemm>
		<bigrams> 1903 1909 1910 1913 1920 1921</bigrams>
	</sent>	<sent id="2">
		<raw>The prosecutors kept the proceeding secret until Friday, however, when they unsealed the plea agreement and charges they have brought against Humayun Khan, an Islamabad businessman with longstanding ties to Pakistan's military.</raw>
		<lemm>the prosecutor keep the proceeding secret until friday  however  when they unseal the plea agreement and charge they have bring against humayun khan  an islamabad businessman with longstanding tie to pakistan s military</lemm>
		<bigrams> 1923 1926 1929 1935 1943 1946 1949</bigrams>
	</sent>	<sent id="3">
		<raw>Khan is said to be Karni's partner.</raw>
		<lemm>khan be say to be karni s partner</lemm>
		<bigrams></bigrams>
	</sent>	<sent id="4">
		<raw>As part of Karni's plea agreement, he acknowledged that he also was involved in 2002 in selling sophisticated electronic equipment to government agencies in India, some of which are involved in nuclear weapons and missile research.</raw>
		<lemm>as part of karni s plea agreement  he acknowledge that he also be involve in @card@ in sell sophisticated electronic equipment to government agency in india  some of which be involve in nuclear weapon and missile research</lemm>
		<bigrams> 1935 1971 1972 1973 1976 664 1984</bigrams>
	</sent>	<sent id="5">
		<raw>It is not clear whether the goods he sold were useful for making nuclear weapons.</raw>
		<lemm>it be not clear whether the good he sell be useful for make nuclear weapon</lemm>
		<bigrams> 1986 1994 664</bigrams>
	</sent>	<sent id="6">
		<raw>The disclosures in the two cases shed additional light on the black market trade in nuclear-related equipment to countries regarded as proliferation risks.</raw>
		<lemm>the disclosure in the two case shed additional light on the black market trade in nuclear-related equipment to country regard as proliferation risk</lemm>
		<bigrams> 1997 1998 1999 2000 2003 2004 2007 2009 2012</bigrams>
	</sent>	<sent id="7">
		<raw>They provide new details on the smuggling operations and, for the first time, indicate that India, as well as Pakistan, sought at least some banned equipment.</raw>
		<lemm>they provide new detail on the smuggling operation and  for the first time  indicate that india  as well as pakistan  seek at least some ban equipment</lemm>
		<bigrams> 2014 2015 2017 2020 2021 2026 2031</bigrams>
	</sent>	<sent id="8">
		<raw>Khan's indictment states that he employed Karni in 2002 and 2003 to purchase 200 high-speed electrical switches that can be used in a nuclear device, as well as oscilloscopes, and to export them to Pakistan without the required U. S. export licenses.</raw>
		<lemm>khan s indictment state that he employ karni in @card@ and @card@ to purchase @card@ high-speed electrical switch that can be use in a nuclear device  as well as oscilloscope  and to export them to pakistan without the require u s export license</lemm>
		<bigrams> 2034 2037 2041 2042 2043 2044 2049 2055 2058 2060</bigrams>
	</sent>	<sent id="9">
		<raw>The switches, known as triggered spark gaps, are used in medical equipment but also have military applications, including as detonators for nuclear weapons, the prosecutors said.</raw>
		<lemm>the switch  know as trigger spark gap  be use in medical equipment but also have military application  include as detonator for nuclear weapon  the prosecutor say</lemm>
		<bigrams> 2062 2065 2066 412 2072 2073 664 1921</bigrams>
	</sent>	<sent id="10">
		<raw>Khan is believed to be in Pakistan and a Pakistani embassy official said he was unaware of an American request to have him detained.</raw>
		<lemm>khan be believe to be in pakistan and a pakistani embassy official say he be unaware of an american request to have him detain</lemm>
		<bigrams> 2083 2084 445 2090</bigrams>
	</sent>	<sent id="11">
		<raw>Efforts to reach Khan on Friday were unsuccessful, but in interviews, including one with The New York Times in 2004, he has denied smuggling American-made triggers to Pakistan.</raw>
		<lemm>effort to reach khan on friday be unsuccessful  but in interview  include one with the new york times in @card@  he have deny smuggle american-made trigger to pakistan</lemm>
		<bigrams> 2097 2104 2105 2108 2109 2113 2114 2115</bigrams>
	</sent>	<sent id="12">
		<raw>Because of the large number of triggers sought, American officials said they strongly suspected the devices were intended for government agencies involved in nuclear weapons work in Pakistan and possibly other countries seeking nuclear weapons.</raw>
		<lemm>because of the large number of trigger seek  american official say they strongly suspect the device be intend for government agency involve in nuclear weapon work in pakistan and possibly other country seek nuclear weapon</lemm>
		<bigrams> 2119 2122 2123 2124 445 2127 1976 2133 664 2134 2139 2140 664</bigrams>
	</sent>	<sent id="13">
		<raw>Several U. S. officials said that they have not been able to tie the Pakistani government directly to the trigger purchases.</raw>
		<lemm>several u s official say that they have not be able to tie the pakistani government directly to the trigger purchase</lemm>
		<bigrams> 2141 445 2149 2150 2153</bigrams>
	</sent>	<sent id="14">
		<raw>A senior Commerce Department official said Friday that, with Karni's help, the investigation has turned up indications that Khan was involved in sales of nuclear-related technology to countries other than Pakistan using a network of suppliers and middlemen similar to that used by A. Q Khan, the Pakistani nuclear scientist who confessed in 2004 to providing nuclear technology to Iran, Libya and North Korea for more than a decade.</raw>
		<lemm>a senior commerce department official say friday that  with karni s help  the investigation have turn up indication that khan be involve in sale of nuclear-related technology to country other than pakistan use a network of supplier and middleman similar to that use by a q khan  the pakistani nuclear scientist who confess in @card@ to provide nuclear technology to iran  libya and north korea for more than a decade</lemm>
		<bigrams> 2155 2156 2157 445 2158 2173 2178 2184 2191 2193 2194 2198 1877 2200 2203</bigrams>
	</sent>	<sent id="15">
		<raw>The two Khans are not believed to be related, officials said.</raw>
		<lemm>the two khans be not believe to be relate  official say</lemm>
		<bigrams> 2208 2212 445</bigrams>
	</sent>	<sent id="16">
		<raw>"Humayun Khan is a black marketeer involved in the proliferation of nuclear weapons and once this is all spelled out we're going to see the same scale of network that A. Q. Khan was involved in," said the Commerce Department official.</raw>
		<lemm> humayun khan be a black marketeer involve in the proliferation of nuclear weapon and once this be all spell out we be go to see the same scale of network that a q khan be involve in   say the commerce department official</lemm>
		<bigrams> 1943 2214 2215 664 2191 2156 2157</bigrams>
	</sent>	<sent id="17">
		<raw>The official would not identify countries other than Pakistan that the United States suspects of involvement with Humayun Khan.</raw>
		<lemm>the official would not identify country other than pakistan that the united states suspect of involvement with humayun khan</lemm>
		<bigrams> 2235 2238 153 2241 1943</bigrams>
	</sent>	<sent id="18">
		<raw>Mohammad Sadiq, deputy chief of mission at Pakistan's embassy in Washington, denied that Humayun Khan was involved in procuring triggers or other equipment for its nuclear program.</raw>
		<lemm>mohammad sadiq  deputy chief of mission at pakistan s embassy in washington  deny that humayun khan be involve in procure trigger or other equipment for its nuclear program</lemm>
		<bigrams> 2246 2247 2248 2255 1943 2259 2266</bigrams>
	</sent>	<sent id="19">
		<raw>"I'm not aware of why Humayun Khan was buying these," Sadiq said.</raw>
		<lemm> i be not aware of why humayun khan be buy these   sadiq say</lemm>
		<bigrams> 1943 2275</bigrams>
	</sent>	<sent id="20">
		<raw>"The government of Pakistan has nothing to do with this, that is for sure."</raw>
		<lemm> the government of pakistan have nothing to do with this  that be for sure </lemm>
		<bigrams></bigrams>
	</sent>	<sent id="21">
		<raw>American investigators have not been able to interview Khan in person, they said.</raw>
		<lemm>american investigator have not be able to interview khan in person  they say</lemm>
		<bigrams> 2288 2291</bigrams>
	</sent>	<sent id="22">
		<raw>Sadiq said he was not aware that any formal request to question Khan had been made by U. S. authorities.</raw>
		<lemm>sadiq say he be not aware that any formal request to question khan have be make by u s authority</lemm>
		<bigrams> 2275 2298 2300</bigrams>
	</sent>	<sent id="23">
		<raw>Karni, the Israeli businessman who worked with Khan, was arrested in Denver in 2004 after traveling to the United States with his family for a vacation.</raw>
		<lemm>karni  the israeli businessman who work with khan  be arrest in denver in @card@ after travel to the united states with his family for a vacation</lemm>
		<bigrams> 2307 153</bigrams>
	</sent>	<sent id="24">
		<raw>Karni ran a company called Top-Cape Technology from Cape Town, South Africa.</raw>
		<lemm>karni run a company call top-cape technology from cape town  south africa</lemm>
		<bigrams> 2324 2327 2328 2329 2332 2333 1909</bigrams>
	</sent>	<sent id="25">
		<raw>Karni's relationship with Khan began in 2002 when the Pakistani asked him to buy an oscilloscope manufactured by Tektronix Inc. of Beaverton, Ore., according to the documents released on Friday.</raw>
		<lemm>karni s relationship with khan begin in @card@ when the pakistani ask him to buy an oscilloscope manufacture by tektronix inc of beaverton  ore  accord to the document release on friday</lemm>
		<bigrams> 2336 2340 2346 2349 2352 2353 2355</bigrams>
	</sent>	<sent id="26">
		<raw>Such devices display graphs of electric signals and have numerous applications, including in weapons research.</raw>
		<lemm>such device display graph of electric signal and have numerous application  include in weapon research</lemm>
		<bigrams> 2358 2359 2362 2365 2073 2368</bigrams>
	</sent>	<sent id="27">
		<raw>He warned Karni to "approach these cases carefully as all items are controlled," according to an e-mail message quoted in Khan's indictment, which says that Karni eventually shipped three oscilloscopes to Pakistani companies that were clients of Khan.</raw>
		<lemm>he warn karni to  approach these case carefully as all item be control   accord to an e-mail message quote in khan s indictment  which say that karni eventually ship three oscilloscope to pakistani company that be client of khan</lemm>
		<bigrams> 2370 2375 2381 2384 2385 2391 2392 2393 2394 2397</bigrams>
	</sent>	<sent id="28">
		<raw>In 2003, Khan sent an e-mail message seeking triggered spark gaps and advising Khan not to "disclose the end destination."</raw>
		<lemm>in @card@  khan send an e-mail message seek trigger spark gap and advise khan not to  disclose the end destination </lemm>
		<bigrams> 2402 2403 2384 2405 2406 2065 2066 2409 2414</bigrams>
	</sent>	<sent id="29">
		<raw>In July of that year, an unidentified informant tipped off Commerce Department and customs agents about Karni's activities.</raw>
		<lemm>in july of that year  an unidentified informant tip off commerce department and custom agent about karni s activity</lemm>
		<bigrams> 2421 2422 2156 2427</bigrams>
	</sent>	<sent id="30">
		<raw>The American supplier, Perkin Elmer Optoelectronics of Salem, Mass., agreed to cooperate in the case, sending 66 disabled triggers in a shipment to Pakistan, routed through South Africa and the United Arab Emirates.</raw>
		<lemm>the american supplier  perkin elmer optoelectronics of salem  mass  agree to cooperate in the case  send @card@ disabled trigger in a shipment to pakistan  rout through south africa and the united arab emirates</lemm>
		<bigrams> 2432 2433 2434 2435 2438 2439 2442 2443 2444 2445 2449 1909 2453 2454</bigrams>
	</sent>	<sent id="31">
		<raw>In one transaction, Karni was asked by Humtek Communications in Bangalore, India, to buy electrical components for India's Space Applications Center, which works on rockets and is barred from receiving advanced American technology.</raw>
		<lemm>in one transaction  karni be ask by humtek communications in bangalore  india  to buy electrical component for india s space applications center  which work on rocket and be bar from receive advanced american technology</lemm>
		<bigrams> 2456 2457 2461 2463 2464 2465 2468 2469 2477 2478 2479</bigrams>
	</sent></doc>