<?xml version="1.0" encoding="UTF_8"?>
<doc>	<sent id="0">
		<raw>The Indian Space Research Organization (ISRO) has short-listed experiments from five nations including the United States, Britain and Germany, for a slot on India's unmanned moon mission Chandrayaan-1 to be undertaken by 2006-2007, the Press Trust of India (PTI) reported Monday.</raw>
		<lemm>the indian space research organization ( isro ) have short-list experiment from five nation include the united states  britain and germany  for a slot on india s unmanned moon mission chandrayaan-1 to be undertake by @card@  the press trust of india ( pti ) report monday</lemm>
		<bigrams> 79 15 231 232 233 234 1221 1224 1225 153 1226 439 440 1234 56 1239 1240 1241 1242 1243</bigrams>
	</sent>	<sent id="1">
		<raw>"We have short listed scientific experiments from researchers in five countries, US, UK, Sweden, Bulgaria and Germany.</raw>
		<lemm> we have short list scientific experiment from researcher in five country  us  uk  sweden  bulgaria and germany</lemm>
		<bigrams> 1245 1246 125 1250 1251 1252 1253 1254</bigrams>
	</sent>	<sent id="2">
		<raw>We will finalize the right partners by December," PTI quoted ISRO sources as saying in Bangalore in south India.</raw>
		<lemm>we will finalize the right partner by december   pti quote isro source as say in bangalore in south india</lemm>
		<bigrams> 1260 1263 1264 1265 1266 1272</bigrams>
	</sent>	<sent id="3">
		<raw>India plans to put a 525 kg orbiter using Polar Satellite Launch Vehicle rocket 100 km over the moon to explore the earth's satellite.</raw>
		<lemm>india plan to put a @card@ kg orbiter use polar satellite launch vehicle rocket @card@ km over the moon to explore the earth s satellite</lemm>
		<bigrams> 1273 1275 1276 965 1277 969 970 650 1278 1279 1280</bigrams>
	</sent>	<sent id="4">
		<raw>ISRO had allotted 10 kgs and 10 watts of power for space agencies of other nations and had invited international bids for the purpose that had evoked 15 responses from 10 nations.</raw>
		<lemm>isro have allot @card@ kgs and @card@ watt of power for space agency of other nation and have invite international bid for the purpose that have evoke @card@ response from @card@ nation</lemm>
		<bigrams> 1291 1292 1295 157 1305 1306 1311 1312 1315</bigrams>
	</sent>	<sent id="5">
		<raw>"The best suited proposals have been short listed.</raw>
		<lemm> the well suit proposal have be short list</lemm>
		<bigrams> 1317 1318 1245</bigrams>
	</sent>	<sent id="6">
		<raw>We have to find out whether they finally fit into our mission payload," the sources said.</raw>
		<lemm>we have to find out whether they finally fit into our mission payload   the source say</lemm>
		<bigrams> 1326 1330 1333</bigrams>
	</sent>	<sent id="7">
		<raw>India's mission is aimed at expanding the scientific knowledge about the moon, upgrading India's technological capability and providing challenging opportunities for planetary research to the younger generation.</raw>
		<lemm>india s mission be aim at expand the scientific knowledge about the moon  upgrade india s technological capability and provide challenging opportunity for planetary research to the young generation</lemm>
		<bigrams> 1338 1341 1342 1344 1347 1348 1351 1354</bigrams>
	</sent>	<sent id="8">
		<raw>ISRO officials said a three-dimensional atlas of regions of scientific interest of the moon will be mapped with instruments on board the mission, besides exploring the lunar surface for elements such as magnesium, aluminium, silicon, calcium, iron and titanium.</raw>
		<lemm>isro official say a three-dimensional atlas of region of scientific interest of the moon will be map with instrument on board the mission  besides explore the lunar surface for element such as magnesium  aluminium  silicon  calcium  iron and titanium</lemm>
		<bigrams> 1355 445 538 1359 1368 1369 1370 1375 1376 1377 1378</bigrams>
	</sent></doc>