<?xml version="1.0" encoding="UTF_8"?>
<doc>	<sent id="0">
		<raw>A three-member Afghan delegation is in Bangalore seeking help to set up a high-tech telemedicine facility in 10 Afghan cities linked via Indian satellites, Indo-Asian News Service reported Saturday.</raw>
		<lemm>a three-member afghan delegation be in bangalore seek help to set up a high-tech telemedicine facility in @card@ afghan city link via indian satellite  indo-asian news service report saturday</lemm>
		<bigrams> 1724 1725 1727 1728 1732 1733 1735 1736 1737 1738 1739 1740 1741 194 1742 1743 1744</bigrams>
	</sent>	<sent id="1">
		<raw>The satellite-based networks that will be established later this year with the help of the Indian Space Research Organization (ISRO) will offer connectivity to major hospitals in India to improve healthcare in the war-ravaged country.</raw>
		<lemm>the satellite-based network that will be establish later this year with the help of the indian space research organization ( isro ) will offer connectivity to major hospital in india to improve healthcare in the war-ravage country</lemm>
		<bigrams> 1746 1749 79 15 231 232 233 234 1753 1756 1759 1762</bigrams>
	</sent>	<sent id="2">
		<raw>An ISRO team will visit Afghanistan soon to install the network at the Indira Gandhi Institute of Chid Health (IGICH) which will be linked with New Delhi's All India Institute of Medical Sciences (AIIMS).</raw>
		<lemm>an isro team will visit afghanistan soon to install the network at the indira gandhi institute of chid health ( igich ) which will be link with new delhi s all india institute of medical sciences ( aiims )</lemm>
		<bigrams> 1764 1767 1768 1504 1505 1776 1777 1778 1779 435 1786 1788 1789 1790 1791</bigrams>
	</sent>	<sent id="3">
		<raw>After the recent visits of Afghan President Hamid Karzai to Delhi and Indian foreign minister K. Natwar Singh to Kabul last month, the Afghan health ministry decided to upgrade IGICH with a polyclinic, a diagnostic center and a surgical block, IGICH director Abdul Salam Jalali told media.</raw>
		<lemm>after the recent visit of afghan president hamid karzai to delhi and indian foreign minister k natwar singh to kabul last month  the afghan health ministry decide to upgrade igich with a polyclinic  a diagnostic center and a surgical block  igich director abdul salam jalali tell medium</lemm>
		<bigrams> 1794 1797 1798 1799 1804 1805 1806 1807 1808 1811 1812 1815 1816 1817 1819 1824 1827 1828 1829 1830 1410 1411 1831 1832</bigrams>
	</sent>	<sent id="4">
		<raw>After the telemedicine network becomes operational in Kabul, the ISRO and the Afghan health ministry will jointly work on expanding the facility to other provinces.</raw>
		<lemm>after the telemedicine network become operational in kabul  the isro and the afghan health ministry will jointly work on expand the facility to other province</lemm>
		<bigrams> 1833 1834 1496 1815 1816 1838</bigrams>
	</sent>	<sent id="5">
		<raw>Afghanistan has a population of 23-25 million, a majority of the people scattered in semi-urban and rural areas where public health system has remained neglected due to the quarter century of strife, civil war and Talibanization, Jalali recalled.</raw>
		<lemm>afghanistan have a population of @card@ million  a majority of the people scatter in semi-urban and rural area where public health system have remain neglect due to the quarter century of strife  civil war and talibanization  jalali recall</lemm>
		<bigrams> 219 1849 1854 1383 1856 1859 1860 1863 1866 1867 1869 1870</bigrams>
	</sent></doc>