<?xml version="1.0" encoding="UTF_8"?>
<doc>	<sent id="0">
		<raw>An ambitious telemedicine system to connect through satellite doctors of some of the best hospitals across India with patients in Jharkhand will be launched, according to Indo-Asian News Agency.</raw>
		<lemm>an ambitious telemedicine system to connect through satellite doctor of some of the good hospital across india with patient in jharkhand will be launch  accord to indo-asian news agency</lemm>
		<bigrams> 170 171 176 181 182 183 191 194 60</bigrams>
	</sent>	<sent id="1">
		<raw>The Jharkhand Space Application Center (JSAC) of the Information Technology Department has proposed the telemedicine system to help poor people avail of diagnostic facilities from good hospitals.</raw>
		<lemm>the jharkhand space application center ( jsac ) of the information technology department have propose the telemedicine system to help poor people avail of diagnostic facility from good hospital</lemm>
		<bigrams> 196 197 198 199 200 201 204 205 171 211 212 213 216 181</bigrams>
	</sent>	<sent id="2">
		<raw>The 130 million rupees (2.9 million US dollars) project will be launched with the help of the Indian Space Research Organization ( ISRO).</raw>
		<lemm>the @card@ million rupee ( @card@ million us dollar ) project will be launch with the help of the indian space research organization ( isro )</lemm>
		<bigrams> 219 220 221 143 219 222 223 224 225 79 15 231 232 233 234</bigrams>
	</sent>	<sent id="3">
		<raw>Bangalore-based ISRO will provide satellite connectivity infrastructure to JSCA, like bandwidth and VSAT facilities and hardware.</raw>
		<lemm>bangalore-based isro will provide satellite connectivity infrastructure to jsca  like bandwidth and vsat facility and hardware</lemm>
		<bigrams> 235 238 239 240 243 244 247</bigrams>
	</sent>	<sent id="4">
		<raw>"Under the telemedicine system, villagers will get the advice of doctors of renowned hospitals without having to shift to any place," said an official of the IT Department.</raw>
		<lemm> under the telemedicine system  villager will get the advice of doctor of renowned hospital without have to shift to any place   say an official of the it department</lemm>
		<bigrams> 171 251 259 260 267</bigrams>
	</sent>	<sent id="5">
		<raw>It would benefit the state's 54 percent population living below the poverty line ( BPL).</raw>
		<lemm>it would benefit the state s @card@ percent population live below the poverty line ( bpl )</lemm>
		<bigrams> 273 278 279 280 284 285 286 287</bigrams>
	</sent>	<sent id="6">
		<raw>The state has a population of 26.91 million.</raw>
		<lemm>the state have a population of @card@ million</lemm>
		<bigrams> 219</bigrams>
	</sent>	<sent id="7">
		<raw>"Doctors within and outside the state will be made available to rural people through mobile vans.</raw>
		<lemm> doctor within and outside the state will be make available to rural people through mobile van</lemm>
		<bigrams> 293 299 302 305</bigrams>
	</sent>	<sent id="8">
		<raw>It will cover the remotest areas of the state," said R. S Sharma, IT secretary of Jharkhand.</raw>
		<lemm>it will cover the remote area of the state   say r s sharma  it secretary of jharkhand</lemm>
		<bigrams> 310 312 313</bigrams>
	</sent>	<sent id="9">
		<raw>The project will be a joint venture of the IT and health and family welfare departments of the state with the expense being shared among them.</raw>
		<lemm>the project will be a joint venture of the it and health and family welfare department of the state with the expense be share among them</lemm>
		<bigrams> 322 328 329 335</bigrams>
	</sent>	<sent id="10">
		<raw>The project has been designed to cover three phases.</raw>
		<lemm>the project have be design to cover three phase</lemm>
		<bigrams> 342 343</bigrams>
	</sent>	<sent id="11">
		<raw>In the first phase, seven district hospitals, one mobile van and two medical college hospitals would be connected through e-health of the IT Department.</raw>
		<lemm>in the first phase  seven district hospital  one mobile van and two medical college hospital would be connect through e-health of the it department</lemm>
		<bigrams> 345 346 347 348 349 350 305 353 354 355 356</bigrams>
	</sent>	<sent id="12">
		<raw>In the second phase, eight district hospitals and one mobile van would be added, while in the third phase seven district hospitals, one medical hospital and one mobile van would be connected.</raw>
		<lemm>in the second phase  eight district hospital and one mobile van would be add  while in the third phase seven district hospital  one medical hospital and one mobile van would be connect</lemm>
		<bigrams> 362 363 364 348 350 305 367 372 346 347 348 349 373 374 350 305 367</bigrams>
	</sent>	<sent id="13">
		<raw>All the 22 district hospitals, three medical hospitals and three mobile vans would be connected with master control facility located at the state capital Ranchi.</raw>
		<lemm>all the @card@ district hospital  three medical hospital and three mobile van would be connect with master control facility locate at the state capital ranchi</lemm>
		<bigrams> 376 348 377 378 374 380 305 367 383 384 385 388 389</bigrams>
	</sent>	<sent id="14">
		<raw>A specialized center would come up in every district hospital with facilities like video conferencing, telemedicine software and hardware, communication system, diagnostic equipment and medical equipment.</raw>
		<lemm>a specialized center would come up in every district hospital with facility like video conference  telemedicine software and hardware  communication system  diagnostic equipment and medical equipment</lemm>
		<bigrams> 391 392 393 397 348 400 401 402 403 404 406 407 408 409 412</bigrams>
	</sent>	<sent id="15">
		<raw>The mobile vans would also have video conferencing facilities.</raw>
		<lemm>the mobile van would also have video conference facility</lemm>
		<bigrams> 305 367 414 402 417</bigrams>
	</sent></doc>