<?xml version="1.0" encoding="UTF_8"?>
<doc>	<sent id="0">
		<raw>Bob Woodward's book on "Deep Throat" will be rushed onto bookshelves by next month, his publisher said Thursday, two days after a monthly magazine revealed the famed Watergate source's real identity.</raw>
		<lemm>bob woodward s book on  deep throat  will be rush onto bookshelve by next month  his publisher say thursday  two day after a monthly magazine reveal the famed watergate source s real identity</lemm>
		<bigrams> 89 52 1397 1398 1401 1404 1405 1406 1407 1410 1411 1414 994 1417</bigrams>
	</sent>	<sent id="1">
		<raw>In a statement, Simon and Schuster said Woodward was still working on the book, which carries the title "The Secret Man: The Story of Watergate's Deep Throat."</raw>
		<lemm>in a statement  simon and schuster say woodward be still work on the book  which carry the title  the secret man  the story of watergate s deep throat </lemm>
		<bigrams> 1419 1422 1423 1426 1434 52</bigrams>
	</sent>	<sent id="2">
		<raw>In the volume, which will be published in July, Woodward will discuss how he first met Mark Felt and how the former FBI official became the legendary secret source whose insider guidance was so critical to The Washington Post's coverage of the Watergate scandal.</raw>
		<lemm>in the volume  which will be publish in july  woodward will discuss how he first meet mark felt and how the former fbi official become the legendary secret source whose insider guidance be so critical to the washington post s coverage of the watergate scandal</lemm>
		<bigrams> 1446 1452 1453 1 337 338 1456 1458 523 1459 1460 1461 85 176</bigrams>
	</sent>	<sent id="3">
		<raw>"Bob Woodward's account will be the true final piece of the Watergate puzzle," said David Rosenthal, executive vice president of Simon and Schuster.</raw>
		<lemm> bob woodward s account will be the true final piece of the watergate puzzle   say david rosenthal  executive vice president of simon and schuster</lemm>
		<bigrams> 89 1471 1472 1474 1475 1476 1477 1478 1479 1480</bigrams>
	</sent>	<sent id="4">
		<raw>Woodward had been preparing his Deep Throat book for some time, with a view to publishing after Felt, now 91, died.</raw>
		<lemm>woodward have be prepare his deep throat book for some time  with a view to publishing after felt  now @card@  die</lemm>
		<bigrams> 52 1487 1499</bigrams>
	</sent>	<sent id="5">
		<raw>However, the unexpected revelation of Felt's secret in Vanity Fair magazine on Tuesday, meant the project was moved onto the fast track.</raw>
		<lemm>however  the unexpected revelation of felt s secret in vanity fair magazine on tuesday  mean the project be move onto the fast track</lemm>
		<bigrams> 1502 378 379 1507 1512 1515</bigrams>
	</sent>	<sent id="6">
		<raw>Woodward has authored or co-authored 10 number one national non-fiction best-sellers, including the "All the President's Men" (1974), the definitive account of how he and fellow Post journalist Carl Bernstein unravelled the Watergate scandal that brought down president Richard Nixon.</raw>
		<lemm>woodward have authore or co-author @card@ number one national non-fiction best-seller  include the  all the president s men  ( @card@ )  the definitive account of how he and fellow post journalist carl bernstein unravel the watergate scandal that bring down president richard nixon</lemm>
		<bigrams> 1519 1520 1521 1522 1523 1524 1525 1530 1531 1532 1535 1539 1540 1541 537 1542 176 7 986</bigrams>
	</sent></doc>