<?xml version="1.0" encoding="UTF_8"?>
<doc>	<sent id="0">
		<raw>Former FBI deputy director Mark Felt was hailed as a hero and denounced as a villain Wednesday after confessing to being the Watergate scandal's "Deep Throat", a disclosure that startled even President George W. Bush.</raw>
		<lemm>former fbi deputy director mark felt be hail as a hero and denounce as a villain wednesday after confess to be the watergate scandal s  deep throat   a disclosure that startle even president george w bush</lemm>
		<bigrams> 337 501 502 989 1 1800 176 52 1807 1808 1809 1810 1811</bigrams>
	</sent>	<sent id="1">
		<raw>Felt's family and The Washington Post, which spearheaded press coverage of the Watergate cover-up in the early 1970s, confirmed that Felt was the celebrated anonymous source whose leaks helped bring down President Richard Nixon.</raw>
		<lemm>felt s family and the washington post  which spearhead press coverage of the watergate cover-up in the early 1970s  confirm that felt be the celebrated anonymous source whose leak help bring down president richard nixon</lemm>
		<bigrams> 85 1814 1815 1816 328 1818 1821 48 1459 1822 1823 1824 7 986</bigrams>
	</sent>	<sent id="2">
		<raw>"I'm the guy they used to call Deep Throat," Felt, now 91, told Vanity Fair in an article published that was the talk of the nation on Wednesday.</raw>
		<lemm> i be the guy they use to call deep throat   felt  now @card@  tell vanity fair in an article publish that be the talk of the nation on wednesday</lemm>
		<bigrams> 1829 52 1830 1831 1832 378 1834</bigrams>
	</sent>	<sent id="3">
		<raw>"All I can tell you is that it was a revelation that caught me by surprise," President Bush told reporters, summing up the feeling of many in the Washington establishment.</raw>
		<lemm> all i can tell you be that it be a revelation that catch me by surprise   president bush tell reporter  sum up the feeling of many in the washington establishment</lemm>
		<bigrams> 1853 1854 1855 1856 1857 1864</bigrams>
	</sent>	<sent id="4">
		<raw>"For those of us who grew up, got out of college in the late '60s, the Watergate story was a relevant story," Bush said.</raw>
		<lemm> for those of us who grow up  get out of college in the late  60s  the watergate story be a relevant story   bush say</lemm>
		<bigrams> 1874 1599 1878 1879 1880</bigrams>
	</sent>	<sent id="5">
		<raw>"And a lot of us have always wondered who Deep Throat might have been.</raw>
		<lemm> and a lot of us have always wonder who deep throat might have be</lemm>
		<bigrams> 1882 52 1884</bigrams>
	</sent>	<sent id="6">
		<raw>And the mystery was solved yesterday."</raw>
		<lemm>and the mystery be solve yesterday </lemm>
		<bigrams> 1888</bigrams>
	</sent>	<sent id="7">
		<raw>Defence Secretary Donald Rumsfeld, who was appointed by Nixon as the US ambassador to NATO, in the 1970s, gave a guarded response when asked if he thought Felt had been right to leak confidential information.</raw>
		<lemm>defence secretary donald rumsfeld  who be appoint by nixon as the us ambassador to nato  in the 1970s  give a guarded response when ask if he think felt have be right to leak confidential information</lemm>
		<bigrams> 1889 1890 1891 1898 1903 1906 1176 1912 1204</bigrams>
	</sent>	<sent id="8">
		<raw>"Well, I'm not in any judgmental mood," Rumsfeld told a Pentagon briefing.</raw>
		<lemm> well  i be not in any judgmental mood   rumsfeld tell a pentagon briefing</lemm>
		<bigrams> 1916 1917 1918 1921</bigrams>
	</sent>	<sent id="9">
		<raw>Prepared in strict secrecy by the magazine, the Vanity Fair article flat-footed former Post reporters Bob Woodward and Carl Bernstein who, along with the newspaper's former editor Ben Bradlee, had kept Felt's identity secret for more than 30 years.</raw>
		<lemm>prepare in strict secrecy by the magazine  the vanity fair article flat-footed former post reporter bob woodward and carl bernstein who  along with the newspaper s former editor ben bradlee  have keep felt s identity secret for more than @card@ year</lemm>
		<bigrams> 1924 378 1928 1929 1930 442 443 88 89 537 1935 1936 254 1937 1938 981</bigrams>
	</sent>	<sent id="10">
		<raw>After initially refusing to confirm Felt as the source, Woodward and Bernstein eventually gave in.</raw>
		<lemm>after initially refuse to confirm felt as the source  woodward and bernstein eventually give in</lemm>
		<bigrams> 1943 1945 1946 1947 1948</bigrams>
	</sent>	<sent id="11">
		<raw>"Mark Felt was Deep Throat and helped us immeasurably in our Watergate coverage," the statement said.</raw>
		<lemm> mark felt be deep throat and help us immeasurably in our watergate coverage   the statement say</lemm>
		<bigrams> 1 52 1560 1561 1565 1952</bigrams>
	</sent>	<sent id="12">
		<raw>The two were preparing a major article about their contacts with Deep Throat to be published on Thursday.</raw>
		<lemm>the two be prepare a major article about their contact with deep throat to be publish on thursday</lemm>
		<bigrams> 1956 52</bigrams>
	</sent>	<sent id="13">
		<raw>Deep Throat met with Woodward several times to help break stories about the involvement of Nixon administration officials in the June 17, 1972 burglary of the Democratic National Committee headquarters at the Watergate complex in Washington.</raw>
		<lemm>deep throat meet with woodward several time to help break story about the involvement of nixon administration official in the june @card@  @card@ burglary of the democratic national committee headquarters at the watergate complex in washington</lemm>
		<bigrams> 52 1965 1968 1969 1972 1973 1978 1979 1982 242 1983 186 187 1985 1987</bigrams>
	</sent>	<sent id="14">
		<raw>The scandal ultimately led to Nixon becoming the first US president to resign in August 1974.</raw>
		<lemm>the scandal ultimately lead to nixon become the first us president to resign in august @card@</lemm>
		<bigrams> 1989 1990 1991 1993 1994 1700</bigrams>
	</sent>	<sent id="15">
		<raw>Felt's grandson, Nick Jones, described his grandfather as "a great American hero" and said his family hoped the country would see him the same way.</raw>
		<lemm>felt s grandson  nick jones  describe his grandfather as  a great american hero  and say his family hope the country would see him the same way</lemm>
		<bigrams> 1999 2000 2001 2006 2007 2009 2011 2012</bigrams>
	</sent>	<sent id="16">
		<raw>But not everyone did, especially former Nixon aides.</raw>
		<lemm>but not everyone do  especially former nixon aide</lemm>
		<bigrams> 2021 1281 1091</bigrams>
	</sent>	<sent id="17">
		<raw>G. Gordon Liddy, a Nixon operative who served four and a half years in prison for engineering the Watergate break-in, said Felt "violated the ethics of the law enforcement profession," while former Nixon speechwriter Pat Buchanan bluntly labelled him a "traitor."</raw>
		<lemm>g gordon liddy  a nixon operative who serve four and a half year in prison for engineer the watergate break-in  say felt  violate the ethic of the law enforcement profession   while former nixon speechwriter pat buchanan bluntly label him a  traitor </lemm>
		<bigrams> 1003 1004 1006 1018 1021 136 2025 1027 1028 1033 1034 1281 926 1282 1283 2028 2029</bigrams>
	</sent>	<sent id="18">
		<raw>Chuck Colson, the head of White House communications in 1972, said Felt could have helped America avoid a wrenching political crisis.</raw>
		<lemm>chuck colson  the head of white house communication in @card@  say felt could have help america avoid a wrenching political crisis</lemm>
		<bigrams> 1223 124 1227 1174 1027 1230 1232 1233 1236 1237</bigrams>
	</sent>	<sent id="19">
		<raw>"Mark Felt could have stopped Watergate," said Colson.</raw>
		<lemm> mark felt could have stop watergate   say colson</lemm>
		<bigrams> 1 1230 1254 1255 1256</bigrams>
	</sent>	<sent id="20">
		<raw>"He was in a position of that kind of influence.</raw>
		<lemm> he be in a position of that kind of influence</lemm>
		<bigrams></bigrams>
	</sent>	<sent id="21">
		<raw>Instead, he goes out and basically undermines the administration."</raw>
		<lemm>instead  he go out and basically undermine the administration </lemm>
		<bigrams> 1278</bigrams>
	</sent>	<sent id="22">
		<raw>Felt's disclosure received a more positive reception in the press, with several leading US dailies on Wednesday hailing Deep Throat as a prime example of how anonymous sources can keep government abuse in check.</raw>
		<lemm>felt s disclosure receive a more positive reception in the press  with several lead us daily on wednesday hail deep throat as a prime example of how anonymous source can keep government abuse in check</lemm>
		<bigrams> 2032 2036 2039 1312 2040 2042 2043 52 1317 48 1323 1324</bigrams>
	</sent>	<sent id="23">
		<raw>Hal Holbrook, the actor who played the Deep Throat character in the 1976 Watergate movie "All The President's Men" said he thought Felt had been driven by a "higher purpose."</raw>
		<lemm>hal holbrook  the actor who play the deep throat character in the @card@ watergate movie  all the president s men  say he think felt have be drive by a  high purpose </lemm>
		<bigrams> 2044 52 2050 2052 2053 2055 1176 2058</bigrams>
	</sent>	<sent id="24">
		<raw>"The important thing was not who it was, but why he did it," Holbrook said.</raw>
		<lemm> the important thing be not who it be  but why he do it   holbrook say</lemm>
		<bigrams> 2060 2070</bigrams>
	</sent>	<sent id="25">
		<raw>"It's called morality.</raw>
		<lemm> it be call morality</lemm>
		<bigrams> 2072</bigrams>
	</sent>	<sent id="26">
		<raw>That is something that is not very popular today."</raw>
		<lemm>that be something that be not very popular today </lemm>
		<bigrams> 2077</bigrams>
	</sent>	<sent id="27">
		<raw>Jones said his grandfather had initially previously expressed deep reservations about revealing his secret.</raw>
		<lemm>jones say his grandfather have initially previously express deep reservation about reveal his secret</lemm>
		<bigrams> 2078 2081 2082 2083 2084</bigrams>
	</sent>	<sent id="28">
		<raw>"But as he recently told my mother, 'I guess people used to think Deep Throat was a criminal.</raw>
		<lemm> but as he recently tell my mother   i guess people use to think deep throat be a criminal</lemm>
		<bigrams> 2091 2096 2097 2099 52</bigrams>
	</sent>	<sent id="29">
		<raw>But now they think he's a hero,'" Jones said.</raw>
		<lemm>but now they think he be a hero    jones say</lemm>
		<bigrams> 2104 2078</bigrams>
	</sent>	<sent id="30">
		<raw>Felt's family had no idea about his secret until 2002, when Felt's close friend and frequent social companion, Yvette La Garde, told his daughter Joan that Felt had confided to being Woodward's source.</raw>
		<lemm>felt s family have no idea about his secret until @card@  when felt s close friend and frequent social companion  yvette la garde  tell his daughter joan that felt have confide to be woodward s source</lemm>
		<bigrams> 2113 2115 2116 2117 2118 2119 2120 2122</bigrams>
	</sent>	<sent id="31">
		<raw>The Vanity Fair article said Joan confronted her father, who initially denied it, but after she explained La Garde's disclosure, he responded: "Since that's the case, well, yes I am."</raw>
		<lemm>the vanity fair article say joan confront her father  who initially deny it  but after she explain la garde s disclosure  he respond   since that be the case  well  yes i be </lemm>
		<bigrams> 378 1928 2128 2129 2130 2135 2141 2119 2145 2147 2148</bigrams>
	</sent>	<sent id="32">
		<raw>He finally gave in to family pressure to go public when his daughter persuaded him that the story could bring some financial benefit that would help pay for his grandchildren's education.</raw>
		<lemm>he finally give in to family pressure to go public when his daughter persuade him that the story could bring some financial benefit that would help pay for his grandchild s education</lemm>
		<bigrams> 2151 2154 2157 2160 2163 2164 2167 2170 2171</bigrams>
	</sent>	<sent id="33">
		<raw>With the secret finally out, The New York Times said Watergate aficionados would mourn the end to a 30-year cottage industry of Deep Throat speculation.</raw>
		<lemm>with the secret finally out  the new york times say watergate aficionado would mourn the end to a 30-year cottage industry of deep throat speculation</lemm>
		<bigrams> 2177 1348 1349 2180 2181 2182 2183 2184 2189 2190 52 2192</bigrams>
	</sent>	<sent id="34">
		<raw>"It's a little like discovering that Superman's secret identity was, well, Clark Kent," the newspaper said.</raw>
		<lemm> it be a little like discover that superman s secret identity be  well  clark kent   the newspaper say</lemm>
		<bigrams> 2194 2195 2199 2202 2203 2205</bigrams>
	</sent></doc>