<?xml version="1.0" encoding="UTF_8"?>
<doc>	<sent id="0">
		<raw>W. Mark Felt wanted to become FBI director.</raw>
		<lemm>w mark felt want to become fbi director</lemm>
		<bigrams> 0 1 2 5 6</bigrams>
	</sent>	<sent id="1">
		<raw>President Richard M. Nixon and his closest aides thought that ambition might make Felt the ideal person to sidetrack an FBI investigation into the Watergate burglary.</raw>
		<lemm>president richard m nixon and his close aide think that ambition might make felt the ideal person to sidetrack an fbi investigation into the watergate burglary</lemm>
		<bigrams> 7 13 14 17 18 19 22 27 31</bigrams>
	</sent>	<sent id="2">
		<raw>They couldn't have been more wrong.</raw>
		<lemm>they could n t have be more wrong</lemm>
		<bigrams> 33</bigrams>
	</sent>	<sent id="3">
		<raw>Rather than helping shield Nixon, Felt became the best-known anonymous source in history.</raw>
		<lemm>rather than help shield nixon  felt become the best-known anonymous source in history</lemm>
		<bigrams> 41 42 43 44 47 48</bigrams>
	</sent>	<sent id="4">
		<raw>As "Deep Throat," he was a key figure in uncovering the scandal that eventually led to Nixon's resignation.</raw>
		<lemm>as  deep throat   he be a key figure in uncover the scandal that eventually lead to nixon s resignation</lemm>
		<bigrams> 52 57 64</bigrams>
	</sent>	<sent id="5">
		<raw>Information was traveling from Felt, the No.</raw>
		<lemm>information be travel from felt  the no </lemm>
		<bigrams></bigrams>
	</sent>	<sent id="6">
		<raw>2 official at the FBI, to the news columns of The Washington Post via reporter Bob Woodward, snippets from a criminal investigation that led ultimately to the president.</raw>
		<lemm>@card@ official at the fbi  to the news column of the washington post via reporter bob woodward  snippet from a criminal investigation that lead ultimately to the president</lemm>
		<bigrams> 74 81 85 86 87 88 89 90 94 97</bigrams>
	</sent>	<sent id="7">
		<raw>The Post on its Web site Tuesday quoted Woodward as saying that Felt helped the newspaper at a time of tense relations between the White House and much of the FBI hierarchy.</raw>
		<lemm>the post on its web site tuesday quote woodward as say that felt help the newspaper at a time of tense relation between the white house and much of the fbi hierarchy</lemm>
		<bigrams> 104 105 106 107 112 120 124 128</bigrams>
	</sent>	<sent id="8">
		<raw>FBI Director J. Edgar Hoover died shortly before the Watergate break-in.</raw>
		<lemm>fbi director j edgar hoover die shortly before the watergate break-in</lemm>
		<bigrams> 6 129 130 131 132 133 136</bigrams>
	</sent>	<sent id="9">
		<raw>Felt himself had hopes that he would be the next FBI director, according to the Post, but President Nixon instead appointed an administration insider, assistant attorney general L. Patrick Gray III, to the post.</raw>
		<lemm>feel himself have hope that he would be the next fbi director  accord to the post  but president nixon instead appoint an administration insider  assistant attorney general l patrick gray iii  to the post</lemm>
		<bigrams> 146 6 147 151 152 153 156 157 158 159 160 161 162 163</bigrams>
	</sent>	<sent id="10">
		<raw>Felt's ambition was no secret, as White House tape recordings from the Watergate scandal show.</raw>
		<lemm>felt s ambition be no secret  as white house tape recording from the watergate scandal show</lemm>
		<bigrams> 124 172 173 176 177</bigrams>
	</sent>	<sent id="11">
		<raw>Six days after the break-in at the offices of the Democratic National Committee, President Nixon and his co-conspirators discussed ordering the FBI to shut down its probe, on grounds that the investigation would interfere with a CIA operation.</raw>
		<lemm>six day after the break-in at the office of the democratic national committee  president nixon and his co-conspirator discuss order the fbi to shut down its probe  on ground that the investigation would interfere with a cia operation</lemm>
		<bigrams> 178 186 187 188 151 190 191 202 203 207</bigrams>
	</sent>	<sent id="12">
		<raw>"Mark Felt wants to cooperate because he's ambitious," White House chief of staff H. R. Haldeman said.</raw>
		<lemm> mark felt want to cooperate because he be ambitious   white house chief of staff h r haldeman say</lemm>
		<bigrams> 1 2 212 124 213 216 217 218 219</bigrams>
	</sent>	<sent id="13">
		<raw>"Yeah," the president replied.</raw>
		<lemm> yeah   the president reply</lemm>
		<bigrams> 221</bigrams>
	</sent>	<sent id="14">
		<raw>Months later on the Watergate tapes, Nixon and his aides discussed Felt as a possible leaker.</raw>
		<lemm>month later on the watergate tape  nixon and his aide discuss felt as a possible leaker</lemm>
		<bigrams> 222 225 226 228 229 233</bigrams>
	</sent>	<sent id="15">
		<raw>"We know who leaked it," Haldeman said on Oct. 19, 1972.</raw>
		<lemm> we know who leak it   haldeman say on oct @card@  @card@</lemm>
		<bigrams> 219 241 242</bigrams>
	</sent>	<sent id="16">
		<raw>Nixon asked.</raw>
		<lemm>nixon ask</lemm>
		<bigrams> 243</bigrams>
	</sent>	<sent id="17">
		<raw>"Yes, sir, Mark Felt," Haldeman replied.</raw>
		<lemm> yes  sir  mark felt   haldeman reply</lemm>
		<bigrams> 244 245 1 246 247</bigrams>
	</sent>	<sent id="18">
		<raw>The Post's executive editor during Watergate, Ben Bradlee, said Tuesday it's a good thing for the country that Felt's identity has finally been revealed.</raw>
		<lemm>the post s executive editor during watergate  ben bradlee  say tuesday it be a good thing for the country that felt s identity have finally be reveal</lemm>
		<bigrams> 250 253 254 255 256 260</bigrams>
	</sent>	<sent id="19">
		<raw>Bradlee has never met Felt, but "I would thank him" if the two men ever did get together, Bradlee said.</raw>
		<lemm>bradlee have never meet felt  but  i would thank him  if the two man ever do get together  bradlee say</lemm>
		<bigrams> 272 273 277 282 283 286 287 255</bigrams>
	</sent>	<sent id="20">
		<raw>Felt had a storied career at the bureau, one that also had its share of controversy.</raw>
		<lemm>feel have a storied career at the bureau  one that also have its share of controversy</lemm>
		<bigrams> 291 294</bigrams>
	</sent>	<sent id="21">
		<raw>A jury found him guilty in 1980 of violating civil rights by authorizing warrantless searches at homes of friends and relatives of left-wing fugitives during the early 1970s.</raw>
		<lemm>a jury find him guilty in @card@ of violate civil right by authorize warrantless search at home of friend and relative of left-wing fugitive during the early 1970s</lemm>
		<bigrams> 303 310 311 314 315 324 328</bigrams>
	</sent>	<sent id="22">
		<raw>President Ronald Reagan pardoned him, along with another former FBI official convicted in the case.</raw>
		<lemm>president ronald reagan pardon him  along with another former fbi official convict in the case</lemm>
		<bigrams> 329 330 331 336 337 338 339</bigrams>
	</sent>	<sent id="23">
		<raw>Felt and his co-defendant had argued they were authorized by their boss, Gray, who was then the acting FBI director, to approve break-ins without first going to court for a warrant.</raw>
		<lemm>feel and his co-defendant have argue they be authorize by their boss  gray  who be then the acting fbi director  to approve break-in without first go to court for a warrant</lemm>
		<bigrams> 353 359 6 362 363 364 365</bigrams>
	</sent>	<sent id="24">
		<raw>In breaking the story that Felt was "Deep Throat," Vanity Fair magazine wrote of his ascent inside the bureau run at the time by Hoover.</raw>
		<lemm>in break the story that felt be  deep throat   vanity fair magazine write of his ascent inside the bureau run at the time by hoover</lemm>
		<bigrams> 52 377 378 379 380 384 386</bigrams>
	</sent>	<sent id="25">
		<raw>"In a move to rein in his power-seeking head of domestic intelligence, William C. Sullivan, Hoover promoted Felt to a newly created position overseeing Sullivan, vaulting Felt to prominence," the magazine wrote.</raw>
		<lemm> in a move to rein in his power-seeking head of domestic intelligence  william c sullivan  hoover promote felt to a newly create position oversee sullivan  vault felt to prominence   the magazine write</lemm>
		<bigrams> 398 401 402 403 404 405 406 407 411 412 413 414 415 416 380</bigrams>
	</sent>	<sent id="26">
		<raw>A magazine named Felt as the likely Deep Throat in 1974, prompting a denial from Felt and a threat to sue that he never followed up on.</raw>
		<lemm>a magazine name felt as the likely deep throat in @card@  prompt a denial from felt and a threat to sue that he never follow up on</lemm>
		<bigrams> 421 422 425 52 427 438</bigrams>
	</sent>	<sent id="27">
		<raw>In 1992, former Post reporter James Mann wrote in The Atlantic Monthly that Deep Throat was certainly in the FBI, and named Felt as one of three likely candidates.</raw>
		<lemm>in @card@  former post reporter james mann write in the atlantic monthly that deep throat be certainly in the fbi  and name felt as one of three likely candidate</lemm>
		<bigrams> 441 442 443 444 445 446 449 52 422 460 461</bigrams>
	</sent>	<sent id="28">
		<raw>In the 2002 book "The Bureau: The Secret History of the FBI," another former Post reporter, Ronald Kessler, wrote that Deep Throat was probably Felt.</raw>
		<lemm>in the @card@ book  the bureau  the secret history of the fbi   another former post reporter  ronald kessler  write that deep throat be probably felt</lemm>
		<bigrams> 463 467 469 336 442 443 470 471 472 52 475</bigrams>
	</sent>	<sent id="29">
		<raw>Born in Twin Falls, Idaho, in 1913, he graduated from the University of Idaho, went to George Washington University Law School and joined the FBI in 1942.</raw>
		<lemm>bear in twin falls  idaho  in @card@  he graduate from the university of idaho  go to george washington university law school and join the fbi in @card@</lemm>
		<bigrams> 478 479 487 489 490 491 492</bigrams>
	</sent>	<sent id="30">
		<raw>One day after the disclosure that former FBI Deputy Director W. Mark Felt was Deep Throat, Washington was awash with claims from political celebrities and minor Watergate figures that they'd known the identity of the secret source all along.</raw>
		<lemm>one day after the disclosure that former fbi deputy director w mark felt be deep throat  washington be awash with claim from political celebrity and minor watergate figure that they have know the identity of the secret source all along</lemm>
		<bigrams> 497 337 501 502 503 0 1 52 504 511 514 515 523</bigrams>
	</sent>	<sent id="31">
		<raw>Nora Ephron, the screenwriter and author who was once married to Washington Post reporter Carl Bernstein, who with colleague Bob Woodward played leading roles in exposing Watergate, put out word on a blog that "I knew that Deep Throat was Mark Felt because I figured it out."</raw>
		<lemm>nora ephron  the screenwriter and author who be once marry to washington post reporter carl bernstein  who with colleague bob woodward play lead role in expose watergate  put out word on a blog that  i know that deep throat be mark felt because i figure it out </lemm>
		<bigrams> 526 85 443 536 537 541 89 542 543 544 547 548 52 1</bigrams>
	</sent>	<sent id="32">
		<raw>Washington Post columnist Richard Cohen wrote Wednesday that, even though he once reported that a mere Secret Service technician could have been Deep Throat, "I always suspected it was" Felt.</raw>
		<lemm>washington post columnist richard cohen write wednesday that  even though he once report that a mere secret service technician could have be deep throat   i always suspect it be  felt</lemm>
		<bigrams> 85 564 565 566 567 568 571 578 579 580 581 52 585</bigrams>
	</sent>	<sent id="33">
		<raw>And longtime Washington pundit Robert Novak topped them all.</raw>
		<lemm>and longtime washington pundit robert novak top them all</lemm>
		<bigrams> 589 590 591 592 593</bigrams>
	</sent>	<sent id="34">
		<raw>Even though Deep Throat's identity had been one of Washington's most enduring and fascinating mysteries, Novak declared that just about everyone in the Capital had known all along.</raw>
		<lemm>even though deep throat s identity have be one of washington s most enduring and fascinating mystery  novak declare that just about everyone in the capital have know all along</lemm>
		<bigrams> 571 596 52 605 606 607</bigrams>
	</sent>	<sent id="35">
		<raw>The morning-after rush to claim prescience was one more indication, if one were needed, that to Washingtonians, the worst crime is being out of the loop.</raw>
		<lemm>the morning-after rush to claim prescience be one more indication  if one be need  that to washingtonians  the bad crime be be out of the loop</lemm>
		<bigrams> 617 620 633</bigrams>
	</sent>	<sent id="36">
		<raw>Ephron, whose first novel, "Heartburn," was based on her marriage to Bernstein and became a 1986 movie directed by Mike Nichols, said on her blog that she did not learn of Felt's identity from her husband.</raw>
		<lemm>ephron  whose first novel   heartburn   be base on her marriage to bernstein and become a @card@ movie direct by mike nichols  say on her blog that she do not learn of felt s identity from her husband</lemm>
		<bigrams> 639 640 641 642 654 655 658 659</bigrams>
	</sent>	<sent id="37">
		<raw>She said "he was far too intelligent to tell me a secret like that.</raw>
		<lemm>she say  he be far too intelligent to tell me a secret like that</lemm>
		<bigrams> 680</bigrams>
	</sent>	<sent id="38">
		<raw>He refused to tell his children too, who are also my children, so I told them, and they told others, and even so, years passed and no one really listened to any of us.</raw>
		<lemm>he refuse to tell his child too  who be also my child  so i tell them  and they tell other  and even so  year pass and no one really listen to any of us</lemm>
		<bigrams> 703 707 708</bigrams>
	</sent>	<sent id="39">
		<raw>"Years passed while unbelievably idiotic ideas of who Deep Throat was were floated by otherwise intelligent people," Efron preened.</raw>
		<lemm> year pass while unbelievably idiotic idea of who deep throat be be float by otherwise intelligent people   efron preen</lemm>
		<bigrams> 703 715 716 52 723 724 725 726</bigrams>
	</sent>	<sent id="40">
		<raw>Novak, who writes a column for the Chicago Sun-Times that is nationally syndicated, was recently in the news for a controversy about a secret source.</raw>
		<lemm>novak  who write a column for the chicago sun-times that be nationally syndicated  be recently in the news for a controversy about a secret source</lemm>
		<bigrams> 733 737 523</bigrams>
	</sent>	<sent id="41">
		<raw>Novak disclosed Valerie Plame's identity as a CIA operative, based on a government leak that has sparked a federal investigation.</raw>
		<lemm>novak disclose valerie plame s identity as a cia operative  base on a government leak that have spark a federal investigation</lemm>
		<bigrams> 745 746 747 750 751 753 759</bigrams>
	</sent>	<sent id="42">
		<raw>In a column posted Wednesday, Novak wrote that he was not alone in suspecting Deep Throat's identity.</raw>
		<lemm>in a column post wednesday  novak write that he be not alone in suspect deep throat s identity</lemm>
		<bigrams> 760 761 762 763 768 52</bigrams>
	</sent>	<sent id="43">
		<raw>It was virtually an open secret in Washington, he said: "Everybody knew that Felt was leaking information to Woodward and Bernstein about the Watergate investigation.</raw>
		<lemm>it be virtually an open secret in washington  he say   everybody know that felt be leak information to woodward and bernstein about the watergate investigation</lemm>
		<bigrams> 772 777 778 780 787</bigrams>
	</sent>	<sent id="44">
		<raw>"The reporters made no secret of the fact that they were getting leaks from inside the FBI, and it was presumed that Felt was one of the leakers."</raw>
		<lemm> the reporter make no secret of the fact that they be get leak from inside the fbi  and it be presume that felt be one of the leaker </lemm>
		<bigrams> 789 795</bigrams>
	</sent>	<sent id="45">
		<raw>Tom Brokaw, the former NBC anchor who covered the Nixon White House, said he deduced that Felt was the source because Woodward and Bernstein had pledged to keep Deep Throat's identity a secret until after he died, and few credible candidates were left on a short list.</raw>
		<lemm>tom brokaw  the former nbc anchor who cover the nixon white house  say he deduce that felt be the source because woodward and bernstein have pledge to keep deep throat s identity a secret until after he die  and few credible candidate be leave on a short list</lemm>
		<bigrams> 802 805 806 811 124 812 822 52 831 836</bigrams>
	</sent>	<sent id="46">
		<raw>"Well I had for a long time felt that he was kind of the last surviving possibility," Brokaw said on MSNBC's "Hardball with Chris Matthews" on Tuesday night.</raw>
		<lemm> well i have for a long time feel that he be kind of the last survive possibility   brokaw say on msnbc s  hardball with chris matthews  on tuesday night</lemm>
		<bigrams> 841 842 847 848 849 850 856 859</bigrams>
	</sent>	<sent id="47">
		<raw>"There were a lot of people on that list for awhile.</raw>
		<lemm> there be a lot of people on that list for awhile</lemm>
		<bigrams></bigrams>
	</sent>	<sent id="48">
		<raw>And they all seemed to fall away, either by absolute denials or they didn't match up (with) all the various criteria."</raw>
		<lemm>and they all seem to fall away  either by absolute denial or they do n t match up ( with ) all the various criterion </lemm>
		<bigrams> 873 874 877 890</bigrams>
	</sent>	<sent id="49">
		<raw>Some journalists did divine that Felt was Deep Throat, including James Mann, a former Los Angeles Times correspondent.</raw>
		<lemm>some journalist do divine that felt be deep throat  include james mann  a former los angeles times correspondent</lemm>
		<bigrams> 52 895 896 445 899 900 901 902</bigrams>
	</sent>	<sent id="50">
		<raw>In an Atlantic Monthly article in 1992, Mann wrote that Deep Throat clearly was an FBI man.</raw>
		<lemm>in an atlantic monthly article in @card@  mann write that deep throat clearly be an fbi man</lemm>
		<bigrams> 449 905 907 446 52 908 911</bigrams>
	</sent>	<sent id="51">
		<raw>And Ephron once rejected speculation by former White House counsel John W. Dean III that Nixon speechwriter David Gergen was Deep Throat by saying Gergen was "too tall" to have fit into the parking garage where Woodward met the source.</raw>
		<lemm>and ephron once reject speculation by former white house counsel john w dean iii that nixon speechwriter david gergen be deep throat by say gergen be  too tall  to have fit into the parking garage where woodward meet the source</lemm>
		<bigrams> 915 918 124 919 920 921 922 923 926 927 928 52 932 940 943</bigrams>
	</sent>	<sent id="52">
		<raw>"They used to say the eighth deadly sin in Washington was losing, and the new one is being out of the loop," said Gergen, a Nixon adviser who said he was relieved to have the cloud of suspicion lifted from his head.</raw>
		<lemm> they use to say the eighth deadly sin in washington be lose  and the new one be be out of the loop   say gergen  a nixon adviser who say he be relieve to have the cloud of suspicion lift from his head</lemm>
		<bigrams> 950 951 957 958 932 961 970</bigrams>
	</sent>	<sent id="53">
		<raw>"Some of us have been in the lineup for about 30 years," he said.</raw>
		<lemm> some of us have be in the lineup for about @card@ year   he say</lemm>
		<bigrams> 981</bigrams>
	</sent>	<sent id="54">
		<raw>Aides to the late president Richard Nixon said Wednesday that former FBI deputy director Mark Felt, unmasked as the anonymous Watergate source known as "Deep Throat," had breached professional ethics by leaking information.</raw>
		<lemm>aide to the late president richard nixon say wednesday that former fbi deputy director mark felt  unmask as the anonymous watergate source know as  deep throat   have breach professional ethic by leak information</lemm>
		<bigrams> 985 7 986 987 988 337 501 502 989 1 990 993 994 995 52 999 1000 780</bigrams>
	</sent>	<sent id="55">
		<raw>G. Gordon Liddy, a Nixon operative who engineered the 1972 break-in at the Democratic National Campaign headquarters in the Watergate building in Washington, and served four and a half years in jail for it, said Felt "violated the ethics of the law enforcement profession."</raw>
		<lemm>g gordon liddy  a nixon operative who engineer the @card@ break-in at the democratic national campaign headquarters in the watergate building in washington  and serve four and a half year in jail for it  say felt  violate the ethic of the law enforcement profession </lemm>
		<bigrams> 1003 1004 1006 1010 186 1011 1012 1014 1018 1021 1027 1028 1033 1034</bigrams>
	</sent>	<sent id="56">
		<raw>"If he possessed evidence of wrongdoing, he was honor-bound to take that to a grand jury and secure an indictment, not to selectively leak it to a single news source," Liddy, now a popular conservative radio talk show host, told CNN television.</raw>
		<lemm> if he possess evidence of wrongdoing  he be honor-bound to take that to a grand jury and secure an indictment  not to selectively leak it to a single news source   liddy  now a popular conservative radio talk show host  tell cnn television</lemm>
		<bigrams> 1037 1046 1054 1057 1058 1059 1063 1064 1065 1066 1067 1068 1069 1070</bigrams>
	</sent>	<sent id="57">
		<raw>"Deep Throat," named after an emblematic porn film of the time, helped Washington Post reporters Bob Woodward and Carl Bernstein draw connections between the break-in and the White House, eventually leading to Nixon's resignation under threat of impeachment.</raw>
		<lemm> deep throat   name after an emblematic porn film of the time  help washington post reporter bob woodward and carl bernstein draw connection between the break-in and the white house  eventually lead to nixon s resignation under threat of impeachment</lemm>
		<bigrams> 52 1071 1075 1076 1078 1079 85 443 88 89 537 1081 1082 124 1085 64</bigrams>
	</sent>	<sent id="58">
		<raw>Forty Nixon aides were indicted as a result of the break-in in which burglars planted listening devices to spy on the Democrats during an election campaign.</raw>
		<lemm>forty nixon aide be indict as a result of the break-in in which burglar plant listen device to spy on the democrats during an election campaign</lemm>
		<bigrams> 1090 1091 1100 1101 1102 1110</bigrams>
	</sent>	<sent id="59">
		<raw>Felt revealed Tuesday that he had secretly fed to Washington Post reporters information about crimes committed by members of the presidential entourage, who spun an intricate web of illegal political espionage and vendettas against those perceived to be Nixon's enemies.</raw>
		<lemm>feel reveal tuesday that he have secretly feed to washington post reporter information about crime commit by member of the presidential entourage  who spin an intricate web of illegal political espionage and vendetta against those perceive to be nixon s enemy</lemm>
		<bigrams> 1111 1112 1116 85 443 1118 1121 1126 1131 1134 1135</bigrams>
	</sent>	<sent id="60">
		<raw>Liddy suggested that Felt had been also aware of information that was damaging to the Democrats but chose to keep that silent about it, indicating he was driven by partisan politics.</raw>
		<lemm>liddy suggest that felt have be also aware of information that be damage to the democrats but choose to keep that silent about it  indicate he be drive by partisan politics</lemm>
		<bigrams> 1145 1148 1166</bigrams>
	</sent>	<sent id="61">
		<raw>Leonard Garment, Nixon's chief legal counsellor from 1969-1973, said he thought Felt kept his role in Watergate secret for 31 years "because he felt that what he had done could well be considered dishonorable."</raw>
		<lemm>leonard garment  nixon s chief legal counsellor from @card@  say he think felt keep his role in watergate secret for @card@ year  because he feel that what he have do could well be consider dishonorable </lemm>
		<bigrams> 1167 1168 1170 1171 1174 1176 1177 1181 981 1190 1193</bigrams>
	</sent>	<sent id="62">
		<raw>Garment said the question was "when government persons, having private, secret, confidential information, are justified to become the whistle-blower and defy or ignore their sworn obligation to maintain security and go to the press with it."</raw>
		<lemm>garment say the question be  when government person  have private  secret  confidential information  be justify to become the whistle-blower and defy or ignore their sworn obligation to maintain security and go to the press with it </lemm>
		<bigrams> 1194 1199 1202 1203 1204 1214 1217</bigrams>
	</sent>	<sent id="63">
		<raw>Chuck Colson, the head of White House communications in 1972, Felt could have helped America avoid a wrenching political crisis, the ripple effect of which was felt in the country for decades, if he had gone through proper channels.</raw>
		<lemm>chuck colson  the head of white house communication in @card@  felt could have help america avoid a wrenching political crisis  the ripple effect of which be feel in the country for decade  if he have go through proper channel</lemm>
		<bigrams> 1223 124 1227 1229 1230 1232 1233 1236 1237 1240 1252</bigrams>
	</sent>	<sent id="64">
		<raw>"Mark Felt could have stopped Watergate," said Colson, who served time in jail and is now an evangelical Christian broadcaster.</raw>
		<lemm> mark felt could have stop watergate   say colson  who serve time in jail and be now an evangelical christian broadcaster</lemm>
		<bigrams> 1 1230 1254 1255 1256 1259 1266 1267</bigrams>
	</sent>	<sent id="65">
		<raw>"He was in a position of that kind of influence.</raw>
		<lemm> he be in a position of that kind of influence</lemm>
		<bigrams></bigrams>
	</sent>	<sent id="66">
		<raw>Instead, he goes out and basically undermines the administration."</raw>
		<lemm>instead  he go out and basically undermine the administration </lemm>
		<bigrams> 1278</bigrams>
	</sent>	<sent id="67">
		<raw>Former Nixon speechwriter Pat Buchanan, in an appearance on MSNBC television, bluntly said Felt was a "traitor."</raw>
		<lemm>former nixon speechwriter pat buchanan  in an appearance on msnbc television  bluntly say felt be a  traitor </lemm>
		<bigrams> 1281 926 1282 1283 1287 1288 1289 1027</bigrams>
	</sent>	<sent id="68">
		<raw>But David Gergen, another ex-Nixon aide and one-time Deep Throat suspect, was reserved, saying he was "relieved" he was no longer under suspicion.</raw>
		<lemm>but david gergen  another ex-nixon aide and one-time deep throat suspect  be reserve  say he be  relieved  he be no longer under suspicion</lemm>
		<bigrams> 928 1292 1293 1294 1297 52 1298 1301</bigrams>
	</sent>	<sent id="69">
		<raw>Felt's disclosure was hailed by leading US dalies Wednesday as a prime example of how anonymous sources can keep government abuse in check.</raw>
		<lemm>felt s disclosure be hail by lead us dalies wednesday as a prime example of how anonymous source can keep government abuse in check</lemm>
		<bigrams> 1312 1313 1314 1317 48 1323 1324</bigrams>
	</sent>	<sent id="70">
		<raw>"Had Felt remained quiet, Nixon might have succeeded in one of the most serious abuses of power ever attempted by an American president," said the Washington Post.</raw>
		<lemm> have felt remain quiet  nixon might have succeed in one of the most serious abuse of power ever attempt by an american president   say the washington post</lemm>
		<bigrams> 1328 1329 1330 1331 1338 1341 1342 1346 1347 85</bigrams>
	</sent>	<sent id="71">
		<raw>The New York Times wondered if a Watergate scandal today would similarly come to light.</raw>
		<lemm>the new york times wonder if a watergate scandal today would similarly come to light</lemm>
		<bigrams> 1348 1349 1350 176 1354 1355 1356 1357</bigrams>
	</sent>	<sent id="72">
		<raw>"Now, at a time when reporters' right to keep sources secret is under so much attack, it's worth asking whether Deep Throat would have shared his secrets" if he had not been confident the Post reporters would keep the secret.</raw>
		<lemm> now  at a time when reporter  right to keep source secret be under so much attack  it be worth ask whether deep throat would have share his secret  if he have not be confident the post reporter would keep the secret</lemm>
		<bigrams> 1363 1365 1366 1371 1374 1375 1376 52 1377 443 1387 1388</bigrams>
	</sent>	<sent id="73">
		<raw>Bob Woodward's book on "Deep Throat" will be rushed onto bookshelves by next month, his publisher said Thursday, two days after a monthly magazine revealed the famed Watergate source's real identity.</raw>
		<lemm>bob woodward s book on  deep throat  will be rush onto bookshelve by next month  his publisher say thursday  two day after a monthly magazine reveal the famed watergate source s real identity</lemm>
		<bigrams> 89 52 1397 1398 1401 1404 1405 1406 1407 1410 1411 1414 994 1417</bigrams>
	</sent>	<sent id="74">
		<raw>In a statement, Simon and Schuster said Woodward was still working on the book, which carries the title "The Secret Man: The Story of Watergate's Deep Throat."</raw>
		<lemm>in a statement  simon and schuster say woodward be still work on the book  which carry the title  the secret man  the story of watergate s deep throat </lemm>
		<bigrams> 1419 1422 1423 1426 1434 52</bigrams>
	</sent>	<sent id="75">
		<raw>In the volume, which will be published in July, Woodward will discuss how he first met Mark Felt and how the former FBI official became the legendary secret source whose insider guidance was so critical to The Washington Post's coverage of the Watergate scandal.</raw>
		<lemm>in the volume  which will be publish in july  woodward will discuss how he first meet mark felt and how the former fbi official become the legendary secret source whose insider guidance be so critical to the washington post s coverage of the watergate scandal</lemm>
		<bigrams> 1446 1452 1453 1 337 338 1456 1458 523 1459 1460 1461 85 176</bigrams>
	</sent>	<sent id="76">
		<raw>"Bob Woodward's account will be the true final piece of the Watergate puzzle," said David Rosenthal, executive vice president of Simon and Schuster.</raw>
		<lemm> bob woodward s account will be the true final piece of the watergate puzzle   say david rosenthal  executive vice president of simon and schuster</lemm>
		<bigrams> 89 1471 1472 1474 1475 1476 1477 1478 1479 1480</bigrams>
	</sent>	<sent id="77">
		<raw>Woodward had been preparing his Deep Throat book for some time, with a view to publishing after Felt, now 91, died.</raw>
		<lemm>woodward have be prepare his deep throat book for some time  with a view to publishing after felt  now @card@  die</lemm>
		<bigrams> 52 1487 1499</bigrams>
	</sent>	<sent id="78">
		<raw>However, the unexpected revelation of Felt's secret in Vanity Fair magazine on Tuesday, meant the project was moved onto the fast track.</raw>
		<lemm>however  the unexpected revelation of felt s secret in vanity fair magazine on tuesday  mean the project be move onto the fast track</lemm>
		<bigrams> 1502 378 379 1507 1512 1515</bigrams>
	</sent>	<sent id="79">
		<raw>Woodward has authored or co-authored 10 number one national non-fiction best-sellers, including the "All the President's Men" (1974), the definitive account of how he and fellow Post journalist Carl Bernstein unravelled the Watergate scandal that brought down president Richard Nixon.</raw>
		<lemm>woodward have authore or co-author @card@ number one national non-fiction best-seller  include the  all the president s men  ( @card@ )  the definitive account of how he and fellow post journalist carl bernstein unravel the watergate scandal that bring down president richard nixon</lemm>
		<bigrams> 1519 1520 1521 1522 1523 1524 1525 1530 1531 1532 1535 1539 1540 1541 537 1542 176 7 986</bigrams>
	</sent>	<sent id="80">
		<raw>Washington Post reporters Bob Woodward and Carl Bernstein confirmed Tuesday that former FBI number-two W. Mark Felt was the "Deep Throat" source who helped unravel the Watergate scandal and bring down President Richard Nixon.</raw>
		<lemm>washington post reporter bob woodward and carl bernstein confirm tuesday that former fbi number-two w mark felt be the  deep throat  source who help unravel the watergate scandal and bring down president richard nixon</lemm>
		<bigrams> 85 443 88 89 537 1547 1548 337 1549 1550 0 1 52 1552 1555 176 7 986</bigrams>
	</sent>	<sent id="81">
		<raw>"W. Mark Felt was 'Deep Throat' and helped us immeasurably in our Watergate coverage," Woodward and Bernstein said in a statement carried on The Washington Post web site.</raw>
		<lemm> w mark felt be  deep throat  and help us immeasurably in our watergate coverage   woodward and bernstein say in a statement carry on the washington post web site</lemm>
		<bigrams> 0 1 52 1560 1561 1565 1566 1567 1569 85 1571 104</bigrams>
	</sent>	<sent id="82">
		<raw>"However, as the record shows, many other sources and officials assisted us and other reporters for the hundreds of stories that were written in The Washington Post about Watergate," they added.</raw>
		<lemm> however  as the record show  many other source and official assist us and other reporter for the hundred of story that be write in the washington post about watergate   they add</lemm>
		<bigrams> 1574 1575 1580 1581 85</bigrams>
	</sent>	<sent id="83">
		<raw>Woodward, Bernstein and Ben Bradlee, the Post's executive editor when the Watergate story broke in 1972, said they kept the identity of "Deep Throat" secret at Felt's request, saying his name would be revealed upon his death.</raw>
		<lemm>woodward  bernstein and ben bradlee  the post s executive editor when the watergate story break in @card@  say they keep the identity of  deep throat  secret at felt s request  say his name would be reveal upon his death</lemm>
		<bigrams> 1594 254 250 1599 1600 1174 52 1605 1609 1612 1613</bigrams>
	</sent>	<sent id="84">
		<raw>"We've kept that secret because we keep our word," Woodward said.</raw>
		<lemm> we have keep that secret because we keep our word   woodward say</lemm>
		<bigrams> 1624 1625</bigrams>
	</sent>	<sent id="85">
		<raw>They said they had decided to break their silence after Felt, now 91 and in declining health, was identifed as "Deep Throat" by his family and Vanity Fair magazine.</raw>
		<lemm>they say they have decide to break their silence after felt  now @card@ and in decline health  be identif as  deep throat  by his family and vanity fair magazine</lemm>
		<bigrams> 1636 52 378 379</bigrams>
	</sent>	<sent id="86">
		<raw>The Post said Woodward, now a Post assistant managing editor, will write an article for Thursday's newspaper about his and Bernstein's experience covering Watergate.</raw>
		<lemm>the post say woodward  now a post assistant managing editor  will write an article for thursday s newspaper about his and bernstein s experience cover watergate</lemm>
		<bigrams> 1644 1423 1647 1648 1649 1663 1664</bigrams>
	</sent>	<sent id="87">
		<raw>"The thing that stuns me is that the goddamn secret has lasted this long," Bradlee was quoted as saying by the Post.</raw>
		<lemm> the thing that stun me be that the goddamn secret have last this long   bradlee be quote as say by the post</lemm>
		<bigrams> 1672 1677</bigrams>
	</sent>	<sent id="88">
		<raw>Bradlee said he had learned the "positional identity" of "Deep Throat" as the Post was breaking its Watergate stories and had learned his name just after Nixon's resignation in August 1974.</raw>
		<lemm>bradlee say he have learn the  positional identity  of  deep throat  as the post be break its watergate story and have learn his name just after nixon s resignation in august @card@</lemm>
		<bigrams> 255 1686 52 1599 1700</bigrams>
	</sent>	<sent id="89">
		<raw>"The number-two guy at the FBI, that was a pretty good source," Bradlee was quoted as saying.</raw>
		<lemm> the number-two guy at the fbi  that be a pretty good source   bradlee be quote as say</lemm>
		<bigrams> 1702 1706 1707 1708</bigrams>
	</sent>	<sent id="90">
		<raw>"I knew the paper was on the right track," Bradlee added.</raw>
		<lemm> i know the paper be on the right track   bradlee add</lemm>
		<bigrams> 1713 1714 1715</bigrams>
	</sent>	<sent id="91">
		<raw>The "quality of the source" and the soundness of his guidance made him sure of that.</raw>
		<lemm>the  quality of the source  and the soundness of his guidance make him sure of that</lemm>
		<bigrams> 1721</bigrams>
	</sent>	<sent id="92">
		<raw>Felt's family confirmed earlier Tuesday that the retired FBI official had been "Deep Throat", one of the best kept journalistic secrets of all time.</raw>
		<lemm>felt s family confirm earlier tuesday that the retire fbi official have be  deep throat   one of the well keep journalistic secret of all time</lemm>
		<bigrams> 1726 1727 1728 1730 338 52 1732 1734 1735 1736</bigrams>
	</sent>	<sent id="93">
		<raw>The Post said the Watergate break-in in January 1972 came shortly after the death of legendary FBI director J. Edgar Hoover, who was Felt's mentor.</raw>
		<lemm>the post say the watergate break-in in january @card@ come shortly after the death of legendary fbi director j edgar hoover  who be felt s mentor</lemm>
		<bigrams> 1644 136 1740 1741 1742 1747 6 129 130 131</bigrams>
	</sent>	<sent id="94">
		<raw>It quoted Woodward as saying that Felt had hopes of becoming the FBI director but Nixon appointed an official from his administration, L. Patrick Gray, to the post.</raw>
		<lemm>it quote woodward as say that felt have hope of become the fbi director but nixon appoint an official from his administration  l patrick gray  to the post</lemm>
		<bigrams> 107 6 1755 1759 161 162</bigrams>
	</sent>	<sent id="95">
		<raw>Bradlee said that over the years, "it was interesting to watch people flounder around with odd choices" about the identity of "Deep Throat," a nickname borrowed from the title of a pornographic film.</raw>
		<lemm>bradlee say that over the year   it be interesting to watch people flounder around with odd choice  about the identity of  deep throat   a nickname borrow from the title of a pornographic film</lemm>
		<bigrams> 255 1768 1769 1770 1773 52 1777 1782</bigrams>
	</sent>	<sent id="96">
		<raw>Although he knew the identity, Bradlee said: "I've never met Felt.</raw>
		<lemm>although he know the identity  bradlee say   i have never meet felt</lemm>
		<bigrams> 1785 255 272 273</bigrams>
	</sent>	<sent id="97">
		<raw>I wouldn't know him if I fell on him."</raw>
		<lemm>i would n t know him if i fall on him </lemm>
		<bigrams> 1787</bigrams>
	</sent>	<sent id="98">
		<raw>Former FBI deputy director Mark Felt was hailed as a hero and denounced as a villain Wednesday after confessing to being the Watergate scandal's "Deep Throat", a disclosure that startled even President George W. Bush.</raw>
		<lemm>former fbi deputy director mark felt be hail as a hero and denounce as a villain wednesday after confess to be the watergate scandal s  deep throat   a disclosure that startle even president george w bush</lemm>
		<bigrams> 337 501 502 989 1 1800 176 52 1807 1808 1809 1810 1811</bigrams>
	</sent>	<sent id="99">
		<raw>Felt's family and The Washington Post, which spearheaded press coverage of the Watergate cover-up in the early 1970s, confirmed that Felt was the celebrated anonymous source whose leaks helped bring down President Richard Nixon.</raw>
		<lemm>felt s family and the washington post  which spearhead press coverage of the watergate cover-up in the early 1970s  confirm that felt be the celebrated anonymous source whose leak help bring down president richard nixon</lemm>
		<bigrams> 85 1814 1815 1816 328 1818 1821 48 1459 1822 1823 1824 7 986</bigrams>
	</sent>	<sent id="100">
		<raw>"I'm the guy they used to call Deep Throat," Felt, now 91, told Vanity Fair in an article published that was the talk of the nation on Wednesday.</raw>
		<lemm> i be the guy they use to call deep throat   felt  now @card@  tell vanity fair in an article publish that be the talk of the nation on wednesday</lemm>
		<bigrams> 1829 52 1830 1831 1832 378 1834</bigrams>
	</sent>	<sent id="101">
		<raw>"All I can tell you is that it was a revelation that caught me by surprise," President Bush told reporters, summing up the feeling of many in the Washington establishment.</raw>
		<lemm> all i can tell you be that it be a revelation that catch me by surprise   president bush tell reporter  sum up the feeling of many in the washington establishment</lemm>
		<bigrams> 1853 1854 1855 1856 1857 1864</bigrams>
	</sent>	<sent id="102">
		<raw>"For those of us who grew up, got out of college in the late '60s, the Watergate story was a relevant story," Bush said.</raw>
		<lemm> for those of us who grow up  get out of college in the late  60s  the watergate story be a relevant story   bush say</lemm>
		<bigrams> 1874 1599 1878 1879 1880</bigrams>
	</sent>	<sent id="103">
		<raw>"And a lot of us have always wondered who Deep Throat might have been.</raw>
		<lemm> and a lot of us have always wonder who deep throat might have be</lemm>
		<bigrams> 1882 52 1884</bigrams>
	</sent>	<sent id="104">
		<raw>And the mystery was solved yesterday."</raw>
		<lemm>and the mystery be solve yesterday </lemm>
		<bigrams> 1888</bigrams>
	</sent>	<sent id="105">
		<raw>Defence Secretary Donald Rumsfeld, who was appointed by Nixon as the US ambassador to NATO, in the 1970s, gave a guarded response when asked if he thought Felt had been right to leak confidential information.</raw>
		<lemm>defence secretary donald rumsfeld  who be appoint by nixon as the us ambassador to nato  in the 1970s  give a guarded response when ask if he think felt have be right to leak confidential information</lemm>
		<bigrams> 1889 1890 1891 1898 1903 1906 1176 1912 1204</bigrams>
	</sent>	<sent id="106">
		<raw>"Well, I'm not in any judgmental mood," Rumsfeld told a Pentagon briefing.</raw>
		<lemm> well  i be not in any judgmental mood   rumsfeld tell a pentagon briefing</lemm>
		<bigrams> 1916 1917 1918 1921</bigrams>
	</sent>	<sent id="107">
		<raw>Prepared in strict secrecy by the magazine, the Vanity Fair article flat-footed former Post reporters Bob Woodward and Carl Bernstein who, along with the newspaper's former editor Ben Bradlee, had kept Felt's identity secret for more than 30 years.</raw>
		<lemm>prepare in strict secrecy by the magazine  the vanity fair article flat-footed former post reporter bob woodward and carl bernstein who  along with the newspaper s former editor ben bradlee  have keep felt s identity secret for more than @card@ year</lemm>
		<bigrams> 1924 378 1928 1929 1930 442 443 88 89 537 1935 1936 254 1937 1938 981</bigrams>
	</sent>	<sent id="108">
		<raw>After initially refusing to confirm Felt as the source, Woodward and Bernstein eventually gave in.</raw>
		<lemm>after initially refuse to confirm felt as the source  woodward and bernstein eventually give in</lemm>
		<bigrams> 1943 1945 1946 1947 1948</bigrams>
	</sent>	<sent id="109">
		<raw>"Mark Felt was Deep Throat and helped us immeasurably in our Watergate coverage," the statement said.</raw>
		<lemm> mark felt be deep throat and help us immeasurably in our watergate coverage   the statement say</lemm>
		<bigrams> 1 52 1560 1561 1565 1952</bigrams>
	</sent>	<sent id="110">
		<raw>The two were preparing a major article about their contacts with Deep Throat to be published on Thursday.</raw>
		<lemm>the two be prepare a major article about their contact with deep throat to be publish on thursday</lemm>
		<bigrams> 1956 52</bigrams>
	</sent>	<sent id="111">
		<raw>Deep Throat met with Woodward several times to help break stories about the involvement of Nixon administration officials in the June 17, 1972 burglary of the Democratic National Committee headquarters at the Watergate complex in Washington.</raw>
		<lemm>deep throat meet with woodward several time to help break story about the involvement of nixon administration official in the june @card@  @card@ burglary of the democratic national committee headquarters at the watergate complex in washington</lemm>
		<bigrams> 52 1965 1968 1969 1972 1973 1978 1979 1982 242 1983 186 187 1985 1987</bigrams>
	</sent>	<sent id="112">
		<raw>The scandal ultimately led to Nixon becoming the first US president to resign in August 1974.</raw>
		<lemm>the scandal ultimately lead to nixon become the first us president to resign in august @card@</lemm>
		<bigrams> 1989 1990 1991 1993 1994 1700</bigrams>
	</sent>	<sent id="113">
		<raw>Felt's grandson, Nick Jones, described his grandfather as "a great American hero" and said his family hoped the country would see him the same way.</raw>
		<lemm>felt s grandson  nick jones  describe his grandfather as  a great american hero  and say his family hope the country would see him the same way</lemm>
		<bigrams> 1999 2000 2001 2006 2007 2009 2011 2012</bigrams>
	</sent>	<sent id="114">
		<raw>But not everyone did, especially former Nixon aides.</raw>
		<lemm>but not everyone do  especially former nixon aide</lemm>
		<bigrams> 2021 1281 1091</bigrams>
	</sent>	<sent id="115">
		<raw>G. Gordon Liddy, a Nixon operative who served four and a half years in prison for engineering the Watergate break-in, said Felt "violated the ethics of the law enforcement profession," while former Nixon speechwriter Pat Buchanan bluntly labelled him a "traitor."</raw>
		<lemm>g gordon liddy  a nixon operative who serve four and a half year in prison for engineer the watergate break-in  say felt  violate the ethic of the law enforcement profession   while former nixon speechwriter pat buchanan bluntly label him a  traitor </lemm>
		<bigrams> 1003 1004 1006 1018 1021 136 2025 1027 1028 1033 1034 1281 926 1282 1283 2028 2029</bigrams>
	</sent>	<sent id="116">
		<raw>Chuck Colson, the head of White House communications in 1972, said Felt could have helped America avoid a wrenching political crisis.</raw>
		<lemm>chuck colson  the head of white house communication in @card@  say felt could have help america avoid a wrenching political crisis</lemm>
		<bigrams> 1223 124 1227 1174 1027 1230 1232 1233 1236 1237</bigrams>
	</sent>	<sent id="117">
		<raw>"Mark Felt could have stopped Watergate," said Colson.</raw>
		<lemm> mark felt could have stop watergate   say colson</lemm>
		<bigrams> 1 1230 1254 1255 1256</bigrams>
	</sent>	<sent id="118">
		<raw>"He was in a position of that kind of influence.</raw>
		<lemm> he be in a position of that kind of influence</lemm>
		<bigrams></bigrams>
	</sent>	<sent id="119">
		<raw>Instead, he goes out and basically undermines the administration."</raw>
		<lemm>instead  he go out and basically undermine the administration </lemm>
		<bigrams> 1278</bigrams>
	</sent>	<sent id="120">
		<raw>Felt's disclosure received a more positive reception in the press, with several leading US dailies on Wednesday hailing Deep Throat as a prime example of how anonymous sources can keep government abuse in check.</raw>
		<lemm>felt s disclosure receive a more positive reception in the press  with several lead us daily on wednesday hail deep throat as a prime example of how anonymous source can keep government abuse in check</lemm>
		<bigrams> 2032 2036 2039 1312 2040 2042 2043 52 1317 48 1323 1324</bigrams>
	</sent>	<sent id="121">
		<raw>Hal Holbrook, the actor who played the Deep Throat character in the 1976 Watergate movie "All The President's Men" said he thought Felt had been driven by a "higher purpose."</raw>
		<lemm>hal holbrook  the actor who play the deep throat character in the @card@ watergate movie  all the president s men  say he think felt have be drive by a  high purpose </lemm>
		<bigrams> 2044 52 2050 2052 2053 2055 1176 2058</bigrams>
	</sent>	<sent id="122">
		<raw>"The important thing was not who it was, but why he did it," Holbrook said.</raw>
		<lemm> the important thing be not who it be  but why he do it   holbrook say</lemm>
		<bigrams> 2060 2070</bigrams>
	</sent>	<sent id="123">
		<raw>"It's called morality.</raw>
		<lemm> it be call morality</lemm>
		<bigrams> 2072</bigrams>
	</sent>	<sent id="124">
		<raw>That is something that is not very popular today."</raw>
		<lemm>that be something that be not very popular today </lemm>
		<bigrams> 2077</bigrams>
	</sent>	<sent id="125">
		<raw>Jones said his grandfather had initially previously expressed deep reservations about revealing his secret.</raw>
		<lemm>jones say his grandfather have initially previously express deep reservation about reveal his secret</lemm>
		<bigrams> 2078 2081 2082 2083 2084</bigrams>
	</sent>	<sent id="126">
		<raw>"But as he recently told my mother, 'I guess people used to think Deep Throat was a criminal.</raw>
		<lemm> but as he recently tell my mother   i guess people use to think deep throat be a criminal</lemm>
		<bigrams> 2091 2096 2097 2099 52</bigrams>
	</sent>	<sent id="127">
		<raw>But now they think he's a hero,'" Jones said.</raw>
		<lemm>but now they think he be a hero    jones say</lemm>
		<bigrams> 2104 2078</bigrams>
	</sent>	<sent id="128">
		<raw>Felt's family had no idea about his secret until 2002, when Felt's close friend and frequent social companion, Yvette La Garde, told his daughter Joan that Felt had confided to being Woodward's source.</raw>
		<lemm>felt s family have no idea about his secret until @card@  when felt s close friend and frequent social companion  yvette la garde  tell his daughter joan that felt have confide to be woodward s source</lemm>
		<bigrams> 2113 2115 2116 2117 2118 2119 2120 2122</bigrams>
	</sent>	<sent id="129">
		<raw>The Vanity Fair article said Joan confronted her father, who initially denied it, but after she explained La Garde's disclosure, he responded: "Since that's the case, well, yes I am."</raw>
		<lemm>the vanity fair article say joan confront her father  who initially deny it  but after she explain la garde s disclosure  he respond   since that be the case  well  yes i be </lemm>
		<bigrams> 378 1928 2128 2129 2130 2135 2141 2119 2145 2147 2148</bigrams>
	</sent>	<sent id="130">
		<raw>He finally gave in to family pressure to go public when his daughter persuaded him that the story could bring some financial benefit that would help pay for his grandchildren's education.</raw>
		<lemm>he finally give in to family pressure to go public when his daughter persuade him that the story could bring some financial benefit that would help pay for his grandchild s education</lemm>
		<bigrams> 2151 2154 2157 2160 2163 2164 2167 2170 2171</bigrams>
	</sent>	<sent id="131">
		<raw>With the secret finally out, The New York Times said Watergate aficionados would mourn the end to a 30-year cottage industry of Deep Throat speculation.</raw>
		<lemm>with the secret finally out  the new york times say watergate aficionado would mourn the end to a 30-year cottage industry of deep throat speculation</lemm>
		<bigrams> 2177 1348 1349 2180 2181 2182 2183 2184 2189 2190 52 2192</bigrams>
	</sent>	<sent id="132">
		<raw>"It's a little like discovering that Superman's secret identity was, well, Clark Kent," the newspaper said.</raw>
		<lemm> it be a little like discover that superman s secret identity be  well  clark kent   the newspaper say</lemm>
		<bigrams> 2194 2195 2199 2202 2203 2205</bigrams>
	</sent>	<sent id="133">
		<raw>Deep Throat, the secret source whose insider guidance was vital to The Washington Post's groundbreaking coverage of the Watergate scandal, was a pillar of the FBI named W. Mark Felt, The Post confirmed.</raw>
		<lemm>deep throat  the secret source whose insider guidance be vital to the washington post s groundbreaking coverage of the watergate scandal  be a pillar of the fbi name w mark felt  the post confirm</lemm>
		<bigrams> 52 523 1459 1460 1461 85 2210 176 2214 2215 0 1 2216</bigrams>
	</sent>	<sent id="134">
		<raw>As the bureau's second- and third-ranking official during a period when the FBI was battling for its independence against the administration of President Richard M. Nixon, Felt had the means and the motive to help uncover the web of internal spies, secret surveillance, dirty tricks and coverups that led to Nixon's unprecedented resignation on Aug. 9, 1974, and to prison sentences for some of Nixon's highest-ranking aides.</raw>
		<lemm>as the bureau s second- and third-ranking official during a period when the fbi be battle for its independence against the administration of president richard m nixon  felt have the mean and the motive to help uncover the web of internal spy  secret surveillance  dirty trick and coverup that lead to nixon s unprecedented resignation on aug @card@  @card@  and to prison sentence for some of nixon s highest-ranking aide</lemm>
		<bigrams> 2221 7 43 2239 2242 2243 2244 2245 2246 2251 2254 242 2257 2260</bigrams>
	</sent>	<sent id="135">
		<raw>Felt's identity as Washington's most celebrated secret source had been an object of speculation for more than 30 years until Tuesday, when his role was revealed by his family in a Vanity Fair magazine article.</raw>
		<lemm>felt s identity as washington s most celebrated secret source have be an object of speculation for more than @card@ year until tuesday  when his role be reveal by his family in a vanity fair magazine article</lemm>
		<bigrams> 2263 523 981 378 379 2276</bigrams>
	</sent>	<sent id="136">
		<raw>Even Nixon was caught on tape speculating that Felt was "an informer" as early as February 1973, at a time when Deep Throat was supplying confirmation and context for some of The Post's most explosive Watergate stories.</raw>
		<lemm>even nixon be catch on tape speculate that felt be  an informer  as early as february @card@  at a time when deep throat be supply confirmation and context for some of the post s most explosive watergate story</lemm>
		<bigrams> 2277 2282 2289 52 2293 2298 1599</bigrams>
	</sent>	<sent id="137">
		<raw>But Felt's repeated denials, and the stalwart silence of the reporters he aided, Bob Woodward and Carl Bernstein, kept the cloak of mystery drawn up around Deep Throat.</raw>
		<lemm>but felt s repeated denial  and the stalwart silence of the reporter he aid  bob woodward and carl bernstein  keep the cloak of mystery draw up around deep throat</lemm>
		<bigrams> 2301 2304 2308 89 537 2309 2313 2316 52</bigrams>
	</sent>	<sent id="138">
		<raw>"He knew he was taking a monumental risk," said Woodward, now an assistant managing editor of The Post,whose catalogue of prizewinning and best-selling work has been built on the sort of confidential relationships he maintained with Deep Throat.</raw>
		<lemm> he know he be take a monumental risk   say woodward  now an assistant managing editor of the post whose catalogue of prizewinning and best-selling work have be build on the sort of confidential relationship he maintain with deep throat</lemm>
		<bigrams> 2321 2322 1423 1648 1649 2325 2326 2331 2338 52</bigrams>
	</sent>	<sent id="139">
		<raw>Felt also knew, by firsthand experience, that Nixon's administration was willing to use wiretaps and break-ins to hunt down leakers, so no amount of caution was too great in his mind.</raw>
		<lemm>felt also know  by firsthand experience  that nixon s administration be willing to use wiretap and break-in to hunt down leaker  so no amount of caution be too great in his mind</lemm>
		<bigrams> 2342 2343 2346 2353</bigrams>
	</sent>	<sent id="140">
		<raw>Woodward rode multiple taxis, sometimes in the wrong direction, and often walked long distances to reach the middle-of-the-night meetings.</raw>
		<lemm>woodward ride multiple taxi  sometimes in the wrong direction  and often walk long distance to reach the middle-of-the-night meeting</lemm>
		<bigrams> 2369 2370 2371 2372 2375 2378 2379 2380 2385</bigrams>
	</sent>	<sent id="141">
		<raw>Woodward and Bernstein expressed a concern that the Deep Throat story has, over the years, come to obscure the many other elements that went into exposing the Watergate story: other sources, other investigators, high-impact Senate hearings, a shocking trove of secret White House tape recordings and the decisive intervention of a unanimous U. S. Supreme Court.</raw>
		<lemm>woodward and bernstein express a concern that the deep throat story have  over the year  come to obscure the many other element that go into expose the watergate story  other source  other investigator  high-impact senate hearing  a shocking trove of secret white house tape recording and the decisive intervention of a unanimous u s supreme court</lemm>
		<bigrams> 2386 52 2390 2393 1599 2406 2407 2408 2411 2414 124 172 173 2417 2420 2423</bigrams>
	</sent>	<sent id="142">
		<raw>"Felt's role in all this can be overstated," said Bernstein, who went on after Watergate to a career of books, magazine articles and television investigations.</raw>
		<lemm> felt s role in all this can be overstate   say bernstein  who go on after watergate to a career of book  magazine article and television investigation</lemm>
		<bigrams> 2430 2431 2440 2276 2443</bigrams>
	</sent>	<sent id="143">
		<raw>"When we wrote the book, we didn't think his role would achieve such mythical dimensions.</raw>
		<lemm> when we write the book  we do n t think his role would achieve such mythical dimension</lemm>
		<bigrams> 2451 2452 2455</bigrams>
	</sent>	<sent id="144">
		<raw>You see there that Felt/Deep Throat largely confirmed information we had already gotten from other sources."</raw>
		<lemm>you see there that felt/deep throat largely confirm information we have already get from other source </lemm>
		<bigrams> 2460 2461 2462 2463 2466</bigrams>
	</sent>	<sent id="145">
		<raw>Felt, 91 and enfeebled by a stroke, lives in California.</raw>
		<lemm>feel  @card@ and enfeeble by a stroke  life in california</lemm>
		<bigrams> 2469 2473</bigrams>
	</sent>	<sent id="146">
		<raw>The revelation that Mark Felt was the storied source who helped set in motion the events that ended a presidency not only resolved one of the United States' great political mysteries, it liberated a gallery of other high-profile figures from decades of speculation.</raw>
		<lemm>the revelation that mark felt be the storied source who help set in motion the event that end a presidency not only resolve one of the united states  great political mystery  it liberate a gallery of other high-profile figure from decade of speculation</lemm>
		<bigrams> 1 2479 2480 2492 2494 2495 2496 2497 2505</bigrams>
	</sent>	<sent id="147">
		<raw>Ferreting out Deep Throat's identity has long been a favorite topic in Washington and beyond, and the search has engaged former Nixon administration officials who dealt with the consequences of his leaks, intrepid journalism students eager to solve one of a prior generation's abiding enigmas, and many an armchair sleuth.</raw>
		<lemm>ferret out deep throat s identity have long be a favorite topic in washington and beyond  and the search have engage former nixon administration official who deal with the consequence of his leak  intrepid journalism student eager to solve one of a prior generation s abiding enigma  and many an armchair sleuth</lemm>
		<bigrams> 52 2514 2521 1281 1978 1979 2528 2529 2530 2531 2534 2536 2539 2544</bigrams>
	</sent>	<sent id="148">
		<raw>But then-deputy White House counsel Fred Fielding, onetime Nixon aide Alexander Haig, speechwriter Patrick Buchanan and many others who have been mentioned as possible candidates, in some cases based on circumstantial evidence at best, may finally face fewer questions about the famous disclosures of over three decades ago.</raw>
		<lemm>but then-deputy white house counsel fred fielding  onetime nixon aide alexander haig  speechwriter patrick buchanan and many other who have be mention as possible candidate  in some case base on circumstantial evidence at good  may finally face few question about the famous disclosure of over three decade ago</lemm>
		<bigrams> 2546 124 919 2547 2548 2549 2550 1091 2551 2552 2553 2554 2555 2562 2566 2568 2571 2572 2573 2578 2582 2583</bigrams>
	</sent>	<sent id="149">
		<raw>"It ends the speculation," said Leonard Garment, who served as acting White House counsel during the investigation into the Watergate break-in, and published a book called "In Search of Deep Throat" in 2000.</raw>
		<lemm> it end the speculation   say leonard garment  who serve as act white house counsel during the investigation into the watergate break-in  and publish a book call  in search of deep throat  in @card@</lemm>
		<bigrams> 2587 2588 1167 2592 124 919 136 2597 52</bigrams>
	</sent>	<sent id="150">
		<raw>"Every good secret deserves a decent burial."</raw>
		<lemm> every good secret deserve a decent burial </lemm>
		<bigrams> 2601 2602 2603 2606</bigrams>
	</sent>	<sent id="151">
		<raw>If so, then people have been clamoring to deliver the eulogy for years.</raw>
		<lemm>if so  then people have be clamor to deliver the eulogy for year</lemm>
		<bigrams></bigrams>
	</sent>	<sent id="152">
		<raw>Some even claimed that Deep Throat, played by Hal Holbrook in the film "All the President's Men", was actually an amalgam of different sources who provided Washington Post reporters Bob Woodward and Carl Bernstein with key information for their reporting.</raw>
		<lemm>some even claim that deep throat  play by hal holbrook in the film  all the president s men   be actually an amalgam of different source who provide washington post reporter bob woodward and carl bernstein with key information for their reporting</lemm>
		<bigrams> 2619 52 2621 2044 2633 2635 85 443 88 89 537 2638</bigrams>
	</sent>	<sent id="153">
		<raw>Others have focused on specific individuals, doggedly studying who might have had access to what kind of information, and cross-referencing that detective work with other sources, including the book by Woodward and Bernstein upon which the film was based.</raw>
		<lemm>other have focus on specific individual  doggedly study who might have have access to what kind of information  and cross-reference that detective work with other source  include the book by woodward and bernstein upon which the film be base</lemm>
		<bigrams> 2646 2647 2648 2660 2663 2666</bigrams>
	</sent>	<sent id="154">
		<raw>Two years ago, after a four-year investigation, a journalism class at the University of Illinois at Urbana-Champaign found "Fielding to be the most likely Throat candidate," according to a summary on deepthroatuncovered.com.</raw>
		<lemm>two year ago  after a four-year investigation  a journalism class at the university of illinois at urbana-champaign find  fielding to be the most likely throat candidate   accord to a summary on deepthroatuncovered com</lemm>
		<bigrams> 2670 2671 2674 2677 2682 2683 2686 2687 2688 2692</bigrams>
	</sent>	<sent id="155">
		<raw>Tuesday, after Woodward confirmed that Felt was Deep Throat, William Gaines, the professor involved, said he and his students accepted that.</raw>
		<lemm>tuesday  after woodward confirm that felt be deep throat  william gaines  the professor involve  say he and his student accept that</lemm>
		<bigrams> 2695 52 2696 2697 2700 2701 2703</bigrams>
	</sent>	<sent id="156">
		<raw>Fielding, who according to media reports had denied that he was Deep Throat, could not be reached for comment.</raw>
		<lemm>fielding  who accord to medium report have deny that he be deep throat  could not be reach for comment</lemm>
		<bigrams> 2708 52 2712</bigrams>
	</sent>	<sent id="157">
		<raw>Another strain of thought focused on officials in the FBI.</raw>
		<lemm>another strain of thought focus on official in the fbi</lemm>
		<bigrams> 2717 2720</bigrams>
	</sent>	<sent id="158">
		<raw>In 1992, 20 years after Watergate, James Mann, a former colleague of Woodward and Bernstein at The Washington Post, laid out the tension between the White House and the FBI in the wake of J. Edgar Hoover's death in May 1972, months before the Watergate break-in.</raw>
		<lemm>in @card@  @card@ year after watergate  james mann  a former colleague of woodward and bernstein at the washington post  lay out the tension between the white house and the fbi in the wake of j edgar hoover s death in may @card@  month before the watergate break-in</lemm>
		<bigrams> 242 981 2723 445 2724 85 2728 124 130 131 2739 2740 136</bigrams>
	</sent>	<sent id="159">
		<raw>Mann, writing in the Atlantic magazine, stated flatly that he did not know who Deep Throat was.</raw>
		<lemm>mann  write in the atlantic magazine  state flatly that he do not know who deep throat be</lemm>
		<bigrams> 446 2742 2743 2744 52</bigrams>
	</sent>	<sent id="160">
		<raw>But, Mann wrote, "He could well have been Mark Felt ...</raw>
		<lemm>but  mann write   he could well have be mark felt  </lemm>
		<bigrams> 446 1190 1</bigrams>
	</sent>	<sent id="161">
		<raw>Felt was known in Washington as a person willing to talk to the press.</raw>
		<lemm>feel be know in washington as a person willing to talk to the press</lemm>
		<bigrams> 2756</bigrams>
	</sent>	<sent id="162">
		<raw>He has denied that he was Deep Throat."</raw>
		<lemm>he have deny that he be deep throat </lemm>
		<bigrams> 52</bigrams>
	</sent>	<sent id="163">
		<raw>A retired FBI official, Mark Felt, was the "Deep Throat" source who leaked secrets to two Washington Post reporters about the Watergate scandal that brought down former president Richard Nixon, his family said Tuesday.</raw>
		<lemm>a retire fbi official  mark felt  be the  deep throat  source who leak secret to two washington post reporter about the watergate scandal that bring down former president richard nixon  his family say tuesday</lemm>
		<bigrams> 1730 338 2760 1 52 1552 2761 2764 85 443 176 2767 7 986 2769 256</bigrams>
	</sent>	<sent id="164">
		<raw>Felt's grandson, Nick Jones, made the claim in a statement read to reporters outside the family home in Santa Rosa, California, following an article in Vanity Fair in which Felt told the magazine he was "Deep Throat."</raw>
		<lemm>felt s grandson  nick jones  make the claim in a statement read to reporter outside the family home in santa rosa  california  follow an article in vanity fair in which felt tell the magazine he be  deep throat </lemm>
		<bigrams> 1999 2000 2770 2774 2777 2780 2783 2784 2785 378 2788 52</bigrams>
	</sent>	<sent id="165">
		<raw>The identity of the person who provided Washington Post reporters Bob Woodward and Carl Bernstein with crucial information about the Watergate cover-up has been one of journalism's most enduring mysteries.</raw>
		<lemm>the identity of the person who provide washington post reporter bob woodward and carl bernstein with crucial information about the watergate cover-up have be one of journalism s most enduring mystery</lemm>
		<bigrams> 2635 85 443 88 89 537 2794 1816 2798</bigrams>
	</sent>	<sent id="166">
		<raw>Woodward and Bernstein have said they will not reveal the identity of "Deep Throat" until his death.</raw>
		<lemm>woodward and bernstein have say they will not reveal the identity of  deep throat  until his death</lemm>
		<bigrams> 52</bigrams>
	</sent>	<sent id="167">
		<raw>"My grandfather is pleased that he is being honored for his role as Deep Throat with his friend Bob Woodward," said the statement read by his grandson Jones.</raw>
		<lemm> my grandfather be please that he be be honor for his role as deep throat with his friend bob woodward   say the statement read by his grandson jones</lemm>
		<bigrams> 52 2815 89 1625 2774 2818</bigrams>
	</sent>	<sent id="168">
		<raw>"The family believes my grandfather, Mark Felt Sr., is a great American hero who went well and above the call of duty at much risk to himself," the statement said.</raw>
		<lemm> the family believe my grandfather  mark felt sr  be a great american hero who go well and above the call of duty at much risk to himself   the statement say</lemm>
		<bigrams> 2819 2821 1 2822 2006 2007 2825 2834 1952</bigrams>
	</sent>	<sent id="169">
		<raw>"We all sincerely hope the country will see him this way, as well.</raw>
		<lemm> we all sincerely hope the country will see him this way  as well</lemm>
		<bigrams> 2840</bigrams>
	</sent>	<sent id="170">
		<raw>"Mark had expressed reservations in the past about revealing his identity and about whether his actions were appropriate for an FBI man," the statement said.</raw>
		<lemm> mark have express reservation in the past about reveal his identity and about whether his action be appropriate for an fbi man   the statement say</lemm>
		<bigrams> 2849 911 1952</bigrams>
	</sent>	<sent id="171">
		<raw>"But as he recently told my mother, I guess people used to think Deep Throat was a criminal.</raw>
		<lemm> but as he recently tell my mother  i guess people use to think deep throat be a criminal</lemm>
		<bigrams> 2091 2096 2097 2099 52</bigrams>
	</sent>	<sent id="172">
		<raw>But now they think he's a hero."</raw>
		<lemm>but now they think he be a hero </lemm>
		<bigrams></bigrams>
	</sent>	<sent id="173">
		<raw>The statement also called for reporters to respect the privacy of Felt, who is 91.</raw>
		<lemm>the statement also call for reporter to respect the privacy of felt  who be @card@</lemm>
		<bigrams> 2863 2864</bigrams>
	</sent>	<sent id="174">
		<raw>Two years of negotiations, furtive planning and a team of editors sworn to silence allowed Vanity Fair to scoop The Washington Post on a story that, by rights, had belonged to the newspaper for 30 years.</raw>
		<lemm>two year of negotiation  furtive planning and a team of editor swear to silence allowed vanity fair to scoop the washington post on a story that  by right  have belong to the newspaper for @card@ year</lemm>
		<bigrams> 2670 2876 2877 2882 2885 2886 378 85 981</bigrams>
	</sent>	<sent id="175">
		<raw>The celebrity magazine's naming this week of former FBI assistant director Mark Felt as the famed Watergate source, "Deep Throat," was sensational on two levels, the revelation itself and the fact that the Post, which had a proprietary grasp on Felt's secret for so long, was caught wholly flat-footed.</raw>
		<lemm>the celebrity magazine be name this week of former fbi assistant director mark felt as the famed watergate source   deep throat   be sensational on two level  the revelation itself and the fact that the post  which have a proprietary grasp on felt s secret for so long  be catch wholly flat-footed</lemm>
		<bigrams> 2898 337 2905 2906 989 1 1414 994 2907 52 2911 2917 2922 2923</bigrams>
	</sent>	<sent id="176">
		<raw>"I had no idea it was coming," admitted Ben Bradlee, the Post's executive editor during the Watergate era and, along with reporters Bob Woodward and Carl Bernstein, a guardian of Deep Throat's true identity for three decades.</raw>
		<lemm> i have no idea it be come   admit ben bradlee  the post s executive editor during the watergate era and  along with reporter bob woodward and carl bernstein  a guardian of deep throat s true identity for three decade</lemm>
		<bigrams> 2926 2927 254 250 2928 88 89 537 52 2936 2582</bigrams>
	</sent>	<sent id="177">
		<raw>The road to Vanity Fair's scoop began in 2003 with an unsolicited call to the monthly's editor Graydon Carter from a San Francisco lawyer, John O'Connor, who said he represented a client who was Deep Throat and who wanted to reveal his identity in the magazine.</raw>
		<lemm>the road to vanity fair s scoop begin in @card@ with an unsolicited call to the monthly s editor graydon carter from a san francisco lawyer  john o connor  who say he represent a client who be deep throat and who want to reveal his identity in the magazine</lemm>
		<bigrams> 378 2944 2949 2954 2955 2958 2959 2960 52</bigrams>
	</sent>	<sent id="178">
		<raw>According to Vanity Fair contributing editor David Friend, the magazine initially passed on the story after O'Connor insisted on payment for Felt and Felt's family.</raw>
		<lemm>accord to vanity fair contributing editor david friend  the magazine initially pass on the story after o connor insist on payment for felt and felt s family</lemm>
		<bigrams> 378 2972 2973 2974 2975 2977 2978 2982</bigrams>
	</sent>	<sent id="179">
		<raw>O'Connor then sought to interest a publisher in getting the story out in book form, but failure led him back to Vanity Fair barely a year later.</raw>
		<lemm>o connor then seek to interest a publisher in get the story out in book form  but failure lead him back to vanity fair barely a year later</lemm>
		<bigrams> 3000 3003 378 3007 3010</bigrams>
	</sent>	<sent id="180">
		<raw>Having checked the story with Felt's family and decided to run it, the magazine went into clandestine mode, assigning 15 editors and staff to the story, all of whom were made to sign confidentiality agreements.</raw>
		<lemm>have check the story with felt s family and decide to run it  the magazine go into clandestine mode  assign @card@ editor and staff to the story  all of whom be make to sign confidentiality agreement</lemm>
		<bigrams> 3019 3021 3022 3023 3024 3035 3036</bigrams>
	</sent>	<sent id="181">
		<raw>In keeping with the "Deep Throat" tradition of subterfuge, the story was codenamed WIG (a corruption of Watergate) and Felt's daughter Joan, a key source, began referring to her father as "Joe Camel."</raw>
		<lemm>in keep with the  deep throat  tradition of subterfuge  the story be codename wig ( a corruption of watergate ) and felt s daughter joan  a key source  begin refer to her father as  joe camel </lemm>
		<bigrams> 52 3039 3044 3045 3049 2122 3053 3054 3055 3060</bigrams>
	</sent>	<sent id="182">
		<raw>As the publication date neared, the magazine's editors sent the issue to the printers with a dummy coverline "The Door Slams."</raw>
		<lemm>as the publication date near  the magazine s editor send the issue to the printer with a dummy coverline  the door slams </lemm>
		<bigrams> 3062 3063 3066 3073 3076</bigrams>
	</sent>	<sent id="183">
		<raw>One particular conundrum facing the magazine was whether or not to contact Woodward or Bernstein and ask them to confirm that Felt was indeed Deep Throat.</raw>
		<lemm>one particular conundrum face the magazine be whether or not to contact woodward or bernstein and ask them to confirm that felt be indeed deep throat</lemm>
		<bigrams> 3077 3078 3079 3085 3092 52</bigrams>
	</sent>	<sent id="184">
		<raw>"If we called Woodward ... he could rush into print his own article about the source's identity," Graydon Carter said, adding that checking the story with Bernstein carried the same risk.</raw>
		<lemm> if we call woodward   he could rush into print his own article about the source s identity   graydon carter say  add that check the story with bernstein carry the same risk</lemm>
		<bigrams> 3095 3097 3103 2955 3104 3105 3109</bigrams>
	</sent>	<sent id="185">
		<raw>"So we didn't call either of them, realising that for 33 years they have consistently refused to divulge their source's name anyway," Carter said.</raw>
		<lemm> so we do n t call either of them  realise that for @card@ year they have consistently refuse to divulge their source s name anyway   carter say</lemm>
		<bigrams> 3113 981 3121 3126 3127 3104</bigrams>
	</sent>	<sent id="186">
		<raw>"And we chose, instead, to verify the facts surrounding this amazing tale of intrigue and courage as best we could, using alternative and overlapping sources," he said.</raw>
		<lemm> and we choose  instead  to verify the fact surround this amazing tale of intrigue and courage as good we could  use alternative and overlapping source   he say</lemm>
		<bigrams> 3130 3134 3137 3146 3147 3150</bigrams>
	</sent>	<sent id="187">
		<raw>The final story carried O'Connor's byline, a fact that led some observers to question whether the lawyer might have violated the attorney-client privilege with the 91-year-old Felt.</raw>
		<lemm>the final story carry o connor s byline  a fact that lead some observer to question whether the lawyer might have violate the attorney-client privilege with the 91-year-old felt</lemm>
		<bigrams> 3153 3154 3164 3167 3170 3173</bigrams>
	</sent>	<sent id="188">
		<raw>When the Vanity Fair scoop broke, Woodward and Bernstein's initial reaction was to reiterate what they had said for years: that they would only reveal Deep Throat's identity when the source died.</raw>
		<lemm>when the vanity fair scoop break  woodward and bernstein s initial reaction be to reiterate what they have say for year  that they would only reveal deep throat s identity when the source die</lemm>
		<bigrams> 378 3174 3175 3176 3178 3189 52 3191</bigrams>
	</sent>	<sent id="189">
		<raw>But The Washington Post newsroom was thrown into confusion with the newspaper's executive editor, Leonard Downie, rushing back from a company retreat to handle the situation.</raw>
		<lemm>but the washington post newsroom be throw into confusion with the newspaper s executive editor  leonard downie  rush back from a company retreat to handle the situation</lemm>
		<bigrams> 85 3193 250 3199 3200 3201 3202 3205</bigrams>
	</sent>	<sent id="190">
		<raw>"I drove back very fast," Downie said.</raw>
		<lemm> i drive back very fast   downie say</lemm>
		<bigrams> 3211 3214 3215</bigrams>
	</sent>	<sent id="191">
		<raw>After discussions with Woodward, Bernstein and Bradlee, Downie said a conclusion was reached that Felt and his family had released them from their promise of confidentiality and that the Post should confirm Felt's disclosure.</raw>
		<lemm>after discussion with woodward  bernstein and bradlee  downie say a conclusion be reach that felt and his family have release them from their promise of confidentiality and that the post should confirm felt s disclosure</lemm>
		<bigrams> 1594 3219 3215 1945</bigrams>
	</sent>	<sent id="192">
		<raw>Downie insisted he was not upset at losing the scoop because Woodward and the newspaper had behaved "honourably" and "didn't want to push Mark Felt into doing something he didn't want to do."</raw>
		<lemm>downie insist he be not upset at lose the scoop because woodward and the newspaper have behave  honourably  and  do n t want to push mark felt into do something he do n t want to do </lemm>
		<bigrams> 3235 3245 3250 1</bigrams>
	</sent>	<sent id="193">
		<raw>Bernstein, meanwhile, said it was strange to have the secret known after such a long time.</raw>
		<lemm>bernstein  meanwhile  say it be strange to have the secret know after such a long time</lemm>
		<bigrams> 3256 3257 3261 841</bigrams>
	</sent>	<sent id="194">
		<raw>"It's like having tried to protect something precious for all these years that you carry around, and for the first time it's not there to protect in your pocket anymore.</raw>
		<lemm> it be like have try to protect something precious for all these year that you carry around  and for the first time it be not there to protect in your pocket anymore</lemm>
		<bigrams> 3270 3271 3278 3281 3288</bigrams>
	</sent>	<sent id="195">
		<raw>It's a very strange feeling," he said.</raw>
		<lemm>it be a very strange feeling   he say</lemm>
		<bigrams> 3291</bigrams>
	</sent>	<sent id="196">
		<raw>Bernstein added that he felt "relieved of an obligation."</raw>
		<lemm>bernstein add that he feel  relieve of an obligation </lemm>
		<bigrams> 3293 3294</bigrams>
	</sent></doc>