<?xml version="1.0" encoding="UTF_8"?>
<doc>	<sent id="0">
		<raw>One day after the disclosure that former FBI Deputy Director W. Mark Felt was Deep Throat, Washington was awash with claims from political celebrities and minor Watergate figures that they'd known the identity of the secret source all along.</raw>
		<lemm>one day after the disclosure that former fbi deputy director w mark felt be deep throat  washington be awash with claim from political celebrity and minor watergate figure that they have know the identity of the secret source all along</lemm>
		<bigrams> 497 337 501 502 503 0 1 52 504 511 514 515 523</bigrams>
	</sent>	<sent id="1">
		<raw>Nora Ephron, the screenwriter and author who was once married to Washington Post reporter Carl Bernstein, who with colleague Bob Woodward played leading roles in exposing Watergate, put out word on a blog that "I knew that Deep Throat was Mark Felt because I figured it out."</raw>
		<lemm>nora ephron  the screenwriter and author who be once marry to washington post reporter carl bernstein  who with colleague bob woodward play lead role in expose watergate  put out word on a blog that  i know that deep throat be mark felt because i figure it out </lemm>
		<bigrams> 526 85 443 536 537 541 89 542 543 544 547 548 52 1</bigrams>
	</sent>	<sent id="2">
		<raw>Washington Post columnist Richard Cohen wrote Wednesday that, even though he once reported that a mere Secret Service technician could have been Deep Throat, "I always suspected it was" Felt.</raw>
		<lemm>washington post columnist richard cohen write wednesday that  even though he once report that a mere secret service technician could have be deep throat   i always suspect it be  felt</lemm>
		<bigrams> 85 564 565 566 567 568 571 578 579 580 581 52 585</bigrams>
	</sent>	<sent id="3">
		<raw>And longtime Washington pundit Robert Novak topped them all.</raw>
		<lemm>and longtime washington pundit robert novak top them all</lemm>
		<bigrams> 589 590 591 592 593</bigrams>
	</sent>	<sent id="4">
		<raw>Even though Deep Throat's identity had been one of Washington's most enduring and fascinating mysteries, Novak declared that just about everyone in the Capital had known all along.</raw>
		<lemm>even though deep throat s identity have be one of washington s most enduring and fascinating mystery  novak declare that just about everyone in the capital have know all along</lemm>
		<bigrams> 571 596 52 605 606 607</bigrams>
	</sent>	<sent id="5">
		<raw>The morning-after rush to claim prescience was one more indication, if one were needed, that to Washingtonians, the worst crime is being out of the loop.</raw>
		<lemm>the morning-after rush to claim prescience be one more indication  if one be need  that to washingtonians  the bad crime be be out of the loop</lemm>
		<bigrams> 617 620 633</bigrams>
	</sent>	<sent id="6">
		<raw>Ephron, whose first novel, "Heartburn," was based on her marriage to Bernstein and became a 1986 movie directed by Mike Nichols, said on her blog that she did not learn of Felt's identity from her husband.</raw>
		<lemm>ephron  whose first novel   heartburn   be base on her marriage to bernstein and become a @card@ movie direct by mike nichols  say on her blog that she do not learn of felt s identity from her husband</lemm>
		<bigrams> 639 640 641 642 654 655 658 659</bigrams>
	</sent>	<sent id="7">
		<raw>She said "he was far too intelligent to tell me a secret like that.</raw>
		<lemm>she say  he be far too intelligent to tell me a secret like that</lemm>
		<bigrams> 680</bigrams>
	</sent>	<sent id="8">
		<raw>He refused to tell his children too, who are also my children, so I told them, and they told others, and even so, years passed and no one really listened to any of us.</raw>
		<lemm>he refuse to tell his child too  who be also my child  so i tell them  and they tell other  and even so  year pass and no one really listen to any of us</lemm>
		<bigrams> 703 707 708</bigrams>
	</sent>	<sent id="9">
		<raw>"Years passed while unbelievably idiotic ideas of who Deep Throat was were floated by otherwise intelligent people," Efron preened.</raw>
		<lemm> year pass while unbelievably idiotic idea of who deep throat be be float by otherwise intelligent people   efron preen</lemm>
		<bigrams> 703 715 716 52 723 724 725 726</bigrams>
	</sent>	<sent id="10">
		<raw>Novak, who writes a column for the Chicago Sun-Times that is nationally syndicated, was recently in the news for a controversy about a secret source.</raw>
		<lemm>novak  who write a column for the chicago sun-times that be nationally syndicated  be recently in the news for a controversy about a secret source</lemm>
		<bigrams> 733 737 523</bigrams>
	</sent>	<sent id="11">
		<raw>Novak disclosed Valerie Plame's identity as a CIA operative, based on a government leak that has sparked a federal investigation.</raw>
		<lemm>novak disclose valerie plame s identity as a cia operative  base on a government leak that have spark a federal investigation</lemm>
		<bigrams> 745 746 747 750 751 753 759</bigrams>
	</sent>	<sent id="12">
		<raw>In a column posted Wednesday, Novak wrote that he was not alone in suspecting Deep Throat's identity.</raw>
		<lemm>in a column post wednesday  novak write that he be not alone in suspect deep throat s identity</lemm>
		<bigrams> 760 761 762 763 768 52</bigrams>
	</sent>	<sent id="13">
		<raw>It was virtually an open secret in Washington, he said: "Everybody knew that Felt was leaking information to Woodward and Bernstein about the Watergate investigation.</raw>
		<lemm>it be virtually an open secret in washington  he say   everybody know that felt be leak information to woodward and bernstein about the watergate investigation</lemm>
		<bigrams> 772 777 778 780 787</bigrams>
	</sent>	<sent id="14">
		<raw>"The reporters made no secret of the fact that they were getting leaks from inside the FBI, and it was presumed that Felt was one of the leakers."</raw>
		<lemm> the reporter make no secret of the fact that they be get leak from inside the fbi  and it be presume that felt be one of the leaker </lemm>
		<bigrams> 789 795</bigrams>
	</sent>	<sent id="15">
		<raw>Tom Brokaw, the former NBC anchor who covered the Nixon White House, said he deduced that Felt was the source because Woodward and Bernstein had pledged to keep Deep Throat's identity a secret until after he died, and few credible candidates were left on a short list.</raw>
		<lemm>tom brokaw  the former nbc anchor who cover the nixon white house  say he deduce that felt be the source because woodward and bernstein have pledge to keep deep throat s identity a secret until after he die  and few credible candidate be leave on a short list</lemm>
		<bigrams> 802 805 806 811 124 812 822 52 831 836</bigrams>
	</sent>	<sent id="16">
		<raw>"Well I had for a long time felt that he was kind of the last surviving possibility," Brokaw said on MSNBC's "Hardball with Chris Matthews" on Tuesday night.</raw>
		<lemm> well i have for a long time feel that he be kind of the last survive possibility   brokaw say on msnbc s  hardball with chris matthews  on tuesday night</lemm>
		<bigrams> 841 842 847 848 849 850 856 859</bigrams>
	</sent>	<sent id="17">
		<raw>"There were a lot of people on that list for awhile.</raw>
		<lemm> there be a lot of people on that list for awhile</lemm>
		<bigrams></bigrams>
	</sent>	<sent id="18">
		<raw>And they all seemed to fall away, either by absolute denials or they didn't match up (with) all the various criteria."</raw>
		<lemm>and they all seem to fall away  either by absolute denial or they do n t match up ( with ) all the various criterion </lemm>
		<bigrams> 873 874 877 890</bigrams>
	</sent>	<sent id="19">
		<raw>Some journalists did divine that Felt was Deep Throat, including James Mann, a former Los Angeles Times correspondent.</raw>
		<lemm>some journalist do divine that felt be deep throat  include james mann  a former los angeles times correspondent</lemm>
		<bigrams> 52 895 896 445 899 900 901 902</bigrams>
	</sent>	<sent id="20">
		<raw>In an Atlantic Monthly article in 1992, Mann wrote that Deep Throat clearly was an FBI man.</raw>
		<lemm>in an atlantic monthly article in @card@  mann write that deep throat clearly be an fbi man</lemm>
		<bigrams> 449 905 907 446 52 908 911</bigrams>
	</sent>	<sent id="21">
		<raw>And Ephron once rejected speculation by former White House counsel John W. Dean III that Nixon speechwriter David Gergen was Deep Throat by saying Gergen was "too tall" to have fit into the parking garage where Woodward met the source.</raw>
		<lemm>and ephron once reject speculation by former white house counsel john w dean iii that nixon speechwriter david gergen be deep throat by say gergen be  too tall  to have fit into the parking garage where woodward meet the source</lemm>
		<bigrams> 915 918 124 919 920 921 922 923 926 927 928 52 932 940 943</bigrams>
	</sent>	<sent id="22">
		<raw>"They used to say the eighth deadly sin in Washington was losing, and the new one is being out of the loop," said Gergen, a Nixon adviser who said he was relieved to have the cloud of suspicion lifted from his head.</raw>
		<lemm> they use to say the eighth deadly sin in washington be lose  and the new one be be out of the loop   say gergen  a nixon adviser who say he be relieve to have the cloud of suspicion lift from his head</lemm>
		<bigrams> 950 951 957 958 932 961 970</bigrams>
	</sent>	<sent id="23">
		<raw>"Some of us have been in the lineup for about 30 years," he said.</raw>
		<lemm> some of us have be in the lineup for about @card@ year   he say</lemm>
		<bigrams> 981</bigrams>
	</sent></doc>