<?xml version="1.0" encoding="UTF_8"?>
<doc>	<sent id="0">
		<raw>A Florida appeals court Tuesday cleared the way for a brain-damaged woman to be taken off her life support, but a lower court blocked implementation of the decision pending a further hearing.</raw>
		<lemm>a florida appeal court tuesday clear the way for a brain-damaged woman to be take off her life support  but a low court block implementation of the decision pend a further hearing</lemm>
		<bigrams> 1 2 3 4 10 17 21 22 23 27</bigrams>
	</sent>	<sent id="1">
		<raw>The decisions were the latest in a lenghty legal battle between Terri Schiavo's husband, who wants to remove the feeding tube that has been keeping the 41-year-old alive for 15 years, and her parents who want to prevent what they term "cold-blooded murder."</raw>
		<lemm>the decision be the late in a lenghty legal battle between terri schiavo s husband  who want to remove the feeding tube that have be keep the 41-year-old alive for @card@ year  and her parent who want to prevent what they term  cold-blooded murder </lemm>
		<bigrams> 37 38 41 50 57 60 69 70</bigrams>
	</sent>	<sent id="2">
		<raw>Florida's Second District Court of Appeal on Tuesday formally issued the decision that effectively allows Michael Shiavo to have the life support tubes removed.</raw>
		<lemm>florida s second district court of appeal on tuesday formally issue the decision that effectively allow michael shiavo to have the life support tube remove</lemm>
		<bigrams> 73 74 79 80 84 85 86 17 91 92</bigrams>
	</sent>	<sent id="3">
		<raw>But Pinellas County Judge George Greer immediately suspended enforcement of the decision until Wednesday, when he is due to consider a request to extend a previously imposed stay.</raw>
		<lemm>but pinellas county judge george greer immediately suspend enforcement of the decision until wednesday  when he be due to consider a request to extend a previously impose stay</lemm>
		<bigrams> 94 95 96 97 98 99 100 116 117</bigrams>
	</sent>	<sent id="4">
		<raw>Doctors have said that Schiavo has been in a persistent vegetative state for the last 15 years after suffering a heart attack and has no hope of recovering.</raw>
		<lemm>doctor have say that schiavo have be in a persistent vegetative state for the last @card@ year after suffer a heart attack and have no hope of recover</lemm>
		<bigrams> 125 126 130 60 135</bigrams>
	</sent>	<sent id="5">
		<raw>But her parents, Bob and Mary Schindler say she could recover if given the proper treatment.</raw>
		<lemm>but her parent  bob and mary schindler say she could recover if give the proper treatment</lemm>
		<bigrams> 143 146 147 150 155</bigrams>
	</sent>	<sent id="6">
		<raw>They are backed by Florida Governor Jeb Bush, a brother of the US President.</raw>
		<lemm>they be back by florida governor jeb bush  a brother of the us president</lemm>
		<bigrams> 160 161 162 167</bigrams>
	</sent></doc>