<?xml version="1.0" encoding="UTF_8"?>
<doc>	<sent id="0">
		<raw>Florida's Governor Jeb Bush on Wednesday asked the US Supreme Court to intervene to keep a comatose woman alive, over the wishes of her husband, who wants to disconnect the feeding tube that has sustained her for 14 years.</raw>
		<lemm>florida s governor jeb bush on wednesday ask the us supreme court to intervene to keep a comatose woman alive  over the wish of her husband  who want to disconnect the feeding tube that have sustain her for @card@ year</lemm>
		<bigrams> 161 162 3843 3844 497 3847 3848 50 60</bigrams>
	</sent>	<sent id="1">
		<raw>Florida's state Supreme Court has already issued a ruling that cleared the way to remove Terri Schiavo's feeding tube, striking down a law Bush had pushed through the state legislature to reinsert the tube after her husband had had it taken out.</raw>
		<lemm>florida s state supreme court have already issue a ruling that clear the way to remove terri schiavo s feeding tube  strike down a law bush have push through the state legislature to reinsert the tube after her husband have have it take out</lemm>
		<bigrams> 3854 497 3211 3858 41 50 3859 3860 1950</bigrams>
	</sent>	<sent id="2">
		<raw>In his appeal, Bush claims the Florida ruling was invalid because Schiavo did not have an independent legal guardian in the case to advocate for her interests, said the governor's lawyer, Ken Connor.</raw>
		<lemm>in his appeal  bush claim the florida ruling be invalid because schiavo do not have an independent legal guardian in the case to advocate for her interest  say the governor s lawyer  ken connor</lemm>
		<bigrams> 3870 3871 3873 3880 1902 3885 3887 3888</bigrams>
	</sent>	<sent id="3">
		<raw>Her husband, Michael Schiavo, and her parents, Robert and Mary Schindler, have conflicts of interest that prevent them from fairly deciding whether to keep her alive, Connor told AFP.</raw>
		<lemm>her husband  michael schiavo  and her parent  robert and mary schindler  have conflict of interest that prevent them from fairly decide whether to keep her alive  connor tell afp</lemm>
		<bigrams> 207 371 957 146 3896 3326 3898 3899 3900</bigrams>
	</sent>	<sent id="4">
		<raw>"Terri Schiavo's husband and guardian, had financial and personal conflicts of interest that made it impossible for him adequately to protect her interests," the filing said.</raw>
		<lemm> terri schiavo s husband and guardian  have financial and personal conflict of interest that make it impossible for him adequately to protect her interest   the filing say</lemm>
		<bigrams> 41 3905 3912</bigrams>
	</sent>	<sent id="5">
		<raw>"Terri Schiavo had never been adequately represented at any point during the substituted judgment trial," it said.</raw>
		<lemm> terri schiavo have never be adequately represent at any point during the substitute judgment trial   it say</lemm>
		<bigrams> 41 3915 3922 3923</bigrams>
	</sent>	<sent id="6">
		<raw>Doctors say that Schiavo has been in a persistent vegetative state for the last 14 years since suffering a heart attack, and has no hope of recovering.</raw>
		<lemm>doctor say that schiavo have be in a persistent vegetative state for the last @card@ year since suffer a heart attack  and have no hope of recover</lemm>
		<bigrams> 784 125 126 130 60 3926 3927 135</bigrams>
	</sent>	<sent id="7">
		<raw>Her husband has fought for legal permission to remove a feeding tube in Terri's stomach.</raw>
		<lemm>her husband have fight for legal permission to remove a feed tube in terri s stomach</lemm>
		<bigrams> 3929 189</bigrams>
	</sent>	<sent id="8">
		<raw>The woman's parents, Bob and Mary Schindler, want to keep the feeding tube inserted so as to keep up the supply of nutrients and vitamins to their comatose daughter.</raw>
		<lemm>the woman s parent  bob and mary schindler  want to keep the feeding tube insert so as to keep up the supply of nutrient and vitamin to their comatose daughter</lemm>
		<bigrams> 143 146 3935 50 3529 3947</bigrams>
	</sent>	<sent id="9">
		<raw>Removal of the tube would result in Terri Schiavo's death.</raw>
		<lemm>removal of the tube would result in terri schiavo s death</lemm>
		<bigrams> 3948 3949 41</bigrams>
	</sent>	<sent id="10">
		<raw>The Florida Legislature passed the so-called "Terri's law" in October 2003, allowing for the reinsertion of the feeding tube after lower courts ruled to remove it.</raw>
		<lemm>the florida legislature pass the so-called  terri s law  in october @card@  allow for the reinsertion of the feed tube after low court rule to remove it</lemm>
		<bigrams> 1281 1756 3953 1944 3954 189 21 1760</bigrams>
	</sent>	<sent id="11">
		<raw>Bush, the brother of President George W. Bush, opposes euthanasia and has fought to keep Schiavo alive.</raw>
		<lemm>bush  the brother of president george w bush  oppose euthanasia and have fight to keep schiavo alive</lemm>
		<bigrams> 3963 202 3964 3965 3966 3717 3413</bigrams>
	</sent></doc>