<?xml version="1.0" encoding="UTF_8"?>
<doc>	<sent id="0">
		<raw>Fifteen years to the day after Terri Schiavo suffered severe brain damage, leaving her in a persistent vegetative state, a judge on Friday ordered that the feeding tube keeping her alive be removed in three weeks.</raw>
		<lemm>fifteen year to the day after terri schiavo suffer severe brain damage  leave her in a persistent vegetative state  a judge on friday order that the feed tube keep her alive be remove in three week</lemm>
		<bigrams> 168 41 174 175 176 177 178 125 126 185 189 190 197</bigrams>
	</sent>	<sent id="1">
		<raw>According to Pinellas Circuit Judge George W. Greer's instructions, Schiavo's husband, Michael, should disconnect the tube at 1 p.m. on March 18.</raw>
		<lemm>accord to pinellas circuit judge george w greer s instruction  schiavo s husband  michael  should disconnect the tube at @card@ p m on march @card@</lemm>
		<bigrams> 200 201 96 202 203 206 207 214 218</bigrams>
	</sent>	<sent id="2">
		<raw>Schiavo contends that his wife did not want to live through artificial means.</raw>
		<lemm>schiavo contend that his wife do not want to live through artificial mean</lemm>
		<bigrams> 219 229</bigrams>
	</sent>	<sent id="3">
		<raw>But her parents, Bob and Mary Schindler, argue that their daughter could improve with therapy.</raw>
		<lemm>but her parent  bob and mary schindler  argue that their daughter could improve with therapy</lemm>
		<bigrams> 143 146 230 234 235</bigrams>
	</sent>	<sent id="4">
		<raw>Their lawyer said Friday that they would appeal Greer's order.</raw>
		<lemm>their lawyer say friday that they would appeal greer s order</lemm>
		<bigrams> 239 240 244 245</bigrams>
	</sent>	<sent id="5">
		<raw>Earlier this week, the judge issued two brief stays barring Michael Schaivo from having his 41-year-old wife's food and water halted.</raw>
		<lemm>earlier this week  the judge issue two brief stays bar michael schaivo from have his 41-year-old wife s food and water halt</lemm>
		<bigrams> 251 252 253 254 255 256 257 262 267</bigrams>
	</sent>	<sent id="6">
		<raw>But on Friday, Greer refused to further block his original order, issued in February 2000, that the tube be taken out.</raw>
		<lemm>but on friday  greer refuse to further block his original order  issue in february @card@  that the tube be take out</lemm>
		<bigrams> 269 270 276 277 280</bigrams>
	</sent>	<sent id="7">
		<raw>"The court is no longer comfortable granting stays simply upon the filing of new motions and petitions, since there will always be 'new issues' that can be pled," the judge said.</raw>
		<lemm> the court be no longer comfortable grant stays simply upon the filing of new motion and petition  since there will always be  new issue  that can be plead   the judge say</lemm>
		<bigrams> 288 289 290 291 292 297 300 306 312</bigrams>
	</sent>	<sent id="8">
		<raw>Over the next three weeks, Greer said, Schiavo's parents "will need to demonstrate before the appellate courts that their requests have merit and are worthy of a stay."</raw>
		<lemm>over the next three week  greer say  schiavo s parent  will need to demonstrate before the appellate court that their request have merit and be worthy of a stay </lemm>
		<bigrams> 315 197 316 317 318 327</bigrams>
	</sent>	<sent id="9">
		<raw>Standing in an afternoon rain outside the hospice here where his daughter is being cared for, Bob Schindler said: "There are so many legal issues to argue.</raw>
		<lemm>stand in an afternoon rain outside the hospice here where his daughter be be care for  bob schindler say   there be so many legal issue to argue</lemm>
		<bigrams> 341 342 354 147 359 360</bigrams>
	</sent>	<sent id="10">
		<raw>I'm afraid we don't have the time."</raw>
		<lemm>i be afraid we do n t have the time </lemm>
		<bigrams></bigrams>
	</sent>	<sent id="11">
		<raw>Michael Schiavo expressed satisfaction that his in-laws' request for another stay had been rejected.</raw>
		<lemm>michael schiavo express satisfaction that his in-law  request for another stay have be reject</lemm>
		<bigrams> 371 372 373 376 379</bigrams>
	</sent>	<sent id="12">
		<raw>"I am very pleased that the court has recognized there must be a finality to this process," Schiavo said in a statement released by his attorney, George J. Felos said.</raw>
		<lemm> i be very please that the court have recognize there must be a finality to this process   schiavo say in a statement release by his attorney  george j felos say</lemm>
		<bigrams> 395 396 399 403 404 405 406</bigrams>
	</sent>	<sent id="13">
		<raw>"I am hopeful and confident that the appellate court will also agree that Terri's wishes not to be kept alive artificially must now be enforced."</raw>
		<lemm> i be hopeful and confident that the appellate court will also agree that terri s wish not to be keep alive artificially must now be enforce </lemm>
		<bigrams> 327 413 420 421 422</bigrams>
	</sent>	<sent id="14">
		<raw>On Feb. 25, 1990, Terri Schiavo collapsed from what doctors later said was a potassium imbalance.</raw>
		<lemm>on feb @card@  @card@  terri schiavo collapse from what doctor later say be a potassium imbalance</lemm>
		<bigrams> 427 428 429 41 430 434 435 438</bigrams>
	</sent>	<sent id="15">
		<raw>She left no living will or written instructions on what treatment she desired if she were to become incapacitated, the reason for the protracted legal battle between her husband and parents.</raw>
		<lemm>she leave no living will or write instruction on what treatment she desire if she be to become incapacitate  the reason for the protracted legal battle between her husband and parent</lemm>
		<bigrams> 445 456 461 38</bigrams>
	</sent>	<sent id="16">
		<raw>David C. Gibbs III, the Schindlers' attorney, said he would be in Greer's office early Monday.</raw>
		<lemm>david c gibbs iii  the schindlers  attorney  say he would be in greer s office early monday</lemm>
		<bigrams> 466 467 468 471 472 478 479</bigrams>
	</sent>	<sent id="17">
		<raw>He said he would appeal the judge's denial of an extended stay; he also planned to appeal to the U. S. Supreme Court on the grounds that Terri Schiavo, a Roman Catholic, would not wish to be deprived of food and water in accordance with the latest papal teachings on how to care for the incapacitated.</raw>
		<lemm>he say he would appeal the judge s denial of an extended stay  he also plan to appeal to the u s supreme court on the ground that terri schiavo  a roman catholic  would not wish to be deprive of food and water in accordance with the late papal teaching on how to care for the incapacitate</lemm>
		<bigrams> 244 487 490 497 41 504 505 516 517</bigrams>
	</sent>	<sent id="18">
		<raw>Gibbs said he would seek to have a lawyer appointed for Terri Schiavo.</raw>
		<lemm>gibbs say he would seek to have a lawyer appoint for terri schiavo</lemm>
		<bigrams> 523 524 528 41</bigrams>
	</sent>	<sent id="19">
		<raw>All the time that her fate has been pondered by the courts, he said, she has never had the benefit of legal representation, which he termed a denial of her due process rights.</raw>
		<lemm>all the time that her fate have be ponder by the court  he say  she have never have the benefit of legal representation  which he term a denial of her due process right</lemm>
		<bigrams> 546 554 555</bigrams>
	</sent>	<sent id="20">
		<raw>"I believe if Ted Bundy got a lawyer, Terri Schiavo should get a lawyer," Gibbs said, referring to the notorious serial killer executed in Florida.</raw>
		<lemm> i believe if ted bundy get a lawyer  terri schiavo should get a lawyer   gibbs say  refer to the notorious serial killer execute in florida</lemm>
		<bigrams> 559 560 562 41 565 523 566 569 570 571</bigrams>
	</sent></doc>