<?xml version="1.0" encoding="UTF_8"?>
<doc>	<sent id="0">
		<raw>The administration of Gov.</raw>
		<lemm>the administration of gov </lemm>
		<bigrams></bigrams>
	</sent>	<sent id="1">
		<raw>Jeb Bush, already forcefully rebuked by Florida's supreme court for trying to override judicial orders and block the removal of a brain-damaged woman's feeding tubes, launched itself back into the case on Wednesday by asking for a delay to investigate abuse allegations.</raw>
		<lemm>jeb bush  already forcefully rebuke by florida s supreme court for try to override judicial order and block the removal of a brain-damaged woman s feeding tube  launch itself back into the case on wednesday by ask for a delay to investigate abuse allegation</lemm>
		<bigrams> 162 2914 2915 2916 497 2919 2920 10 50 2924 2936 2937</bigrams>
	</sent>	<sent id="2">
		<raw>The surprise request by Florida's Department of Children and Families to intervene in the case of Terri Schiavo stirred an already emotional atmosphere.</raw>
		<lemm>the surprise request by florida s department of children and families to intervene in the case of terri schiavo stir an already emotional atmosphere</lemm>
		<bigrams> 2939 41 2948 2951 2952</bigrams>
	</sent>	<sent id="3">
		<raw>A woman broke with courtroom decorum and called out "Amen" when an attorney for Schiavo's parents, who are trying to stop her husband from removing the feeding tube, announced in Pinellas County Circuit Court that the department has asked for a delay.</raw>
		<lemm>a woman break with courtroom decorum and call out  amen  when an attorney for schiavo s parent  who be try to stop her husband from remove the feeding tube  announce in pinellas county circuit court that the department have ask for a delay</lemm>
		<bigrams> 2954 2957 50 2969 94 2971 633</bigrams>
	</sent>	<sent id="4">
		<raw>"We have been complaining and complaining and complaining that Terri has been abused, and it's fallen on deaf ears," Schiavo's father, Robert Schindler, said after the court hearing.</raw>
		<lemm> we have be complain and complain and complain that terri have be abuse  and it be fall on deaf ear   schiavo s father  robert schindler  say after the court hearing</lemm>
		<bigrams> 2986 2987 1623 1624 147 1303</bigrams>
	</sent>	<sent id="5">
		<raw>The legal maneuver adds a new layer of complication to the seven-year case, which has drawn an eclectic mix of monks, antiabortion activists and conservative Christian activists to this town west of Tampa.</raw>
		<lemm>the legal maneuver add a new layer of complication to the seven-year case  which have draw an eclectic mix of monk  antiabortion activist and conservative christian activist to this town west of tampa</lemm>
		<bigrams> 2989 2990 2993 2998 3001 3004 3005 3007 3008 3011</bigrams>
	</sent>	<sent id="6">
		<raw>George Felos, the lead attorney for Schiavo's husband, Michael Schiavo, said the maneuver "reeks of political arm-twisting."</raw>
		<lemm>george felos  the lead attorney for schiavo s husband  michael schiavo  say the maneuver  reek of political arm-twisting </lemm>
		<bigrams> 1080 3014 207 371 396 3016 3019</bigrams>
	</sent>	<sent id="7">
		<raw>"The governor and the Legislature, the politicians, have tried to do an end run around the court system."</raw>
		<lemm> the governor and the legislature  the politician  have try to do an end run around the court system </lemm>
		<bigrams> 3026 3027 3028</bigrams>
	</sent>	<sent id="8">
		<raw>In the past few years, Felos said, "scores" of abuse allegations from anonymous tipsters have been proven untrue.</raw>
		<lemm>in the past few year  felos say   score  of abuse allegation from anonymous tipster have be prove untrue</lemm>
		<bigrams> 3031 406 3032 2937 3037 3040</bigrams>
	</sent>	<sent id="9">
		<raw>While the case is slogging through the courts, its political aspects have been omnipresent.</raw>
		<lemm>while the case be slog through the court  its political aspect have be omnipresent</lemm>
		<bigrams> 3046</bigrams>
	</sent>	<sent id="10">
		<raw>It has been a hot topic among legislators in Tallahassee, and after Wednesday's hearing, Operation Rescue founder Randall Terry said he and others are working with Florida lawmakers to speed passage of a law that would strip Schiavo's husband of his authority as guardian because he now lives with another woman.</raw>
		<lemm>it have be a hot topic among legislator in tallahassee  and after wednesday s hearing  operation rescue founder randall terry say he and other be work with florida lawmaker to speed passage of a law that would strip schiavo s husband of his authority as guardian because he now live with another woman</lemm>
		<bigrams> 3050 3051 3052 3058 1270 3059 3060 1264 3061 3065 3068 3071 3072 1731</bigrams>
	</sent>	<sent id="11">
		<raw>In 2003, Bush was criticized by bioethicists and constitutional scholars for pushing a law through the Florida Legislature that gave him the right to stop Michael Schiavo from removing the feeding tubes that have kept his wife alive since she collapsed 15 years ago.</raw>
		<lemm>in @card@  bush be criticize by bioethicist and constitutional scholar for push a law through the florida legislature that give him the right to stop michael schiavo from remove the feed tube that have keep his wife alive since she collapse @card@ year ago</lemm>
		<bigrams> 3080 3086 1281 3096 371 189 3099 3100 3103 60 3104</bigrams>
	</sent>	<sent id="12">
		<raw>The Florida Supreme Court said Bush "violated a cornerstone of American democracy."</raw>
		<lemm>the florida supreme court say bush  violate a cornerstone of american democracy </lemm>
		<bigrams> 1759 497 3105 3106 3107 3112</bigrams>
	</sent>	<sent id="13">
		<raw>The U. S. Supreme Court refused to hear an appeal from Bush.</raw>
		<lemm>the u s supreme court refuse to hear an appeal from bush</lemm>
		<bigrams> 497 1569</bigrams>
	</sent>	<sent id="14">
		<raw>On Wednesday, the governor told reporters that "I can assure you, I will do whatever I can within the means, within the laws, of our state to protect this woman's life."</raw>
		<lemm>on wednesday  the governor tell reporter that  i can assure you  i will do whatever i can within the means  within the law  of our state to protect this woman s life </lemm>
		<bigrams> 3118 1041 3131</bigrams>
	</sent>	<sent id="15">
		<raw>A Bush spokesman said the governor, who appoints the head of the children and families department, did not ask the agency to enter the case.</raw>
		<lemm>a bush spokesman say the governor  who appoint the head of the child and family department  do not ask the agency to enter the case</lemm>
		<bigrams> 3138 920 3147</bigrams>
	</sent>	<sent id="16">
		<raw>The agency's request was sealed, making it impossible to assess the move, said Elizabeth Foley, a Florida International University law professor who teaches bioethics.</raw>
		<lemm>the agency s request be seal  make it impossible to assess the move  say elizabeth foley  a florida international university law professor who teach bioethic</lemm>
		<bigrams> 3156 3162 3163 3164 3166 3167 3168 3169 3172</bigrams>
	</sent>	<sent id="17">
		<raw>Foley said.</raw>
		<lemm>foley say</lemm>
		<bigrams> 3173</bigrams>
	</sent>	<sent id="18">
		<raw>"The state has an unqualified interest in preserving life ... but if it's the 'same 'ol, same 'ol,' it does seem like the executive branch is trying to circumvent the judiciary."</raw>
		<lemm> the state have an unqualified interest in preserve life   but if it be the  same  ol  same  ol   it do seem like the executive branch be try to circumvent the judiciary </lemm>
		<bigrams> 3176 3179 3189 3191</bigrams>
	</sent>	<sent id="19">
		<raw>Amidst the uproar over the abuse investigation, the oft-delayed case was delayed again on Wednesday to give Pinellas County Circuit Court Judge George Greer, who had already issued a 1-day stay this week, until Friday to consider a request for an indefinite stay.</raw>
		<lemm>amidst the uproar over the abuse investigation  the oft-delayed case be delay again on wednesday to give pinellas county circuit court judge george greer  who have already issue a 1-day stay this week  until friday to consider a request for an indefinite stay</lemm>
		<bigrams> 3200 3203 3209 94 2971 633 3210 96 97 3211 3213 3220</bigrams>
	</sent>	<sent id="20">
		<raw>Before the back-to-back delays, Schiavo's husband had said he would order doctors to remove her feeding tubes on Wednesday as soon as another stay that had been in place expired.</raw>
		<lemm>before the back-to-back delay  schiavo s husband have say he would order doctor to remove her feed tube on wednesday as soon as another stay that have be in place expire</lemm>
		<bigrams> 3222 3223 3224 3225 189 379 3233</bigrams>
	</sent>	<sent id="21">
		<raw>Attorneys for the Schindlers have raised half a dozen legal issues that they say must be resolved before a decision about pulling the feeding tubes.</raw>
		<lemm>attorney for the schindlers have raise half a dozen legal issue that they say must be resolve before a decision about pull the feeding tube</lemm>
		<bigrams> 3236 3239 360 3241 50</bigrams>
	</sent>	<sent id="22">
		<raw>Among them are arguments that Michael Schiavo should be removed as guardian, that Pope John Paul II's labeling of euthanasia as "a sin" should be weighed by the courts because Terri Schiavo was a practicing Catholic and that new scientific developments suggest she might be "minimally conscious," rather than in a vegetative state.</raw>
		<lemm>among them be argument that michael schiavo should be remove as guardian  that pope john paul ii be label of euthanasia as  a sin  should be weigh by the court because terri schiavo be a practice catholic and that new scientific development suggest she might be  minimally conscious   rather than in a vegetative state</lemm>
		<bigrams> 371 3255 3256 3257 41 3270 3273 3274 3275 3280 3281 126</bigrams>
	</sent>	<sent id="23">
		<raw>Felos argued that the case has been resolved since an order allowing the feeding tube removal in 2000 and that the Schindlers' attorneys are concocting legal arguments merely to get more delays.</raw>
		<lemm>felos argue that the case have be resolve since an order allow the feed tube removal in @card@ and that the schindlers  attorney be concoct legal argument merely to get more delay</lemm>
		<bigrams> 3285 3286 3289 189 1086 471 3293 3294 3295</bigrams>
	</sent>	<sent id="24">
		<raw>Terri Schiavo's cerebral cortex, Felos said, is now "a giant black hole."</raw>
		<lemm>terri schiavo s cerebral cortex  felos say  be now  a giant black hole </lemm>
		<bigrams> 41 3301 3302 406 3306 3307</bigrams>
	</sent>	<sent id="25">
		<raw>Special correspondent Catharine Skipp in Miami contributed to this report.</raw>
		<lemm>special correspondent catharine skipp in miami contribute to this report</lemm>
		<bigrams> 3308 3309 3310 3313</bigrams>
	</sent></doc>