<?xml version="1.0" encoding="UTF_8"?>
<doc>	<sent id="0">
		<raw>With the clock running down on how much longer Terri Schiavo can remain alive, congressional leaders Saturday announced an unprecedented agreement that would allow Schiavo's parents to petition the federal courts to have a feeding tube replaced for their brain-damaged daughter.</raw>
		<lemm>with the clock run down on how much long terri schiavo can remain alive  congressional leader saturday announce an unprecedented agreement that would allow schiavo s parent to petition the federal court to have a feeding tube replace for their brain-damaged daughter</lemm>
		<bigrams> 1994 1998 1999 41 2002 2003 2004 2005 2006 2009 1965 2011 1302 50 2016 2019</bigrams>
	</sent>	<sent id="1">
		<raw>The agreement, which involves emergency weekend sessions of both the House and Senate, marks the first time Congress has intervened directly in an individual right-to-die case.</raw>
		<lemm>the agreement  which involve emergency weekend session of both the house and senate  mark the first time congress have intervene directly in an individual right-to-die case</lemm>
		<bigrams> 2023 2024 2025 2028 2031 2032 2035 2038 2039</bigrams>
	</sent>	<sent id="2">
		<raw>The announcement came in dramatic fashion, trumpeted by conservative Republican leaders who persuaded Democrats to agree to the measure as long as it pertained only to the 41-year-old Florida woman and did not open the way for moving other such emotionally charged cases into the federal courts.</raw>
		<lemm>the announcement come in dramatic fashion  trumpet by conservative republican leader who persuade democrat to agree to the measure as long as it pertain only to the 41-year-old florida woman and do not open the way for move other such emotionally charge case into the federal court</lemm>
		<bigrams> 2041 2044 2045 2048 1365 2051 2062 2063 2070 1599 1302</bigrams>
	</sent>	<sent id="3">
		<raw>The White House announced Saturday night that President Bush would fly to Washington from his Texas ranch Sunday to sign the emergency legislation.</raw>
		<lemm>the white house announce saturday night that president bush would fly to washington from his texas ranch sunday to sign the emergency legislation</lemm>
		<bigrams> 923 2071 2072 2073 917 2076 2077 2082 2083 2088</bigrams>
	</sent>	<sent id="4">
		<raw>Press secretary Scott McClellan said the president was standing with "all those" working to save Schiavo's life.</raw>
		<lemm>press secretary scott mcclellan say the president be stand with  all those  work to save schiavo s life</lemm>
		<bigrams> 2089 2090 915 2091 1992</bigrams>
	</sent>	<sent id="5">
		<raw>Outside the nursing facility in Florida where Schiavo is being cared for, her mother had pleaded earlier Saturday for lawmakers and the president to intervene.</raw>
		<lemm>outside the nursing facility in florida where schiavo be be care for  her mother have plead early saturday for lawmaker and the president to intervene</lemm>
		<bigrams> 2099 2104 2105</bigrams>
	</sent>	<sent id="6">
		<raw>"Please, please, please save my little girl," said Mary Schindler.</raw>
		<lemm> please  please  please save my little girl   say mary schindler</lemm>
		<bigrams> 2110 2110 2111 2114 2115 2116 146</bigrams>
	</sent>	<sent id="7">
		<raw>A vigil was kept at the facility in Pinellas Park; three people were arrested when they tried to enter the hospice.</raw>
		<lemm>a vigil be keep at the facility in pinellas park  three people be arrest when they try to enter the hospice</lemm>
		<bigrams> 2122 2123 2124</bigrams>
	</sent>	<sent id="8">
		<raw>Schiavo's husband, Michael, who has fought to have her feeding tube removed, said Congress was "getting into something they know nothing about."</raw>
		<lemm>schiavo s husband  michael  who have fight to have her feeding tube remove  say congress be  get into something they know nothing about </lemm>
		<bigrams> 207 50 92 2136 2137 2144</bigrams>
	</sent>	<sent id="9">
		<raw>"And it's sad," he said.</raw>
		<lemm> and it be sad   he say</lemm>
		<bigrams></bigrams>
	</sent>	<sent id="10">
		<raw>"If they can do it to me, they can do it to everyone in this country."</raw>
		<lemm> if they can do it to me  they can do it to everyone in this country </lemm>
		<bigrams></bigrams>
	</sent>	<sent id="11">
		<raw>Terri Schiavo's case has become a cause celebre for evangelical Christians, who have opposed efforts by her husband to end the medical measures that have kept her alive for the past 15 years.</raw>
		<lemm>terri schiavo s case have become a cause celebre for evangelical christian  who have oppose effort by her husband to end the medical measure that have keep her alive for the past @card@ year</lemm>
		<bigrams> 41 2162 2165 2168 2173 1894 60</bigrams>
	</sent>	<sent id="12">
		<raw>Schiavo suffered severe neurological damage as a result of a heart attack.</raw>
		<lemm>schiavo suffer severe neurological damage as a result of a heart attack</lemm>
		<bigrams> 174 175 2174 2175 135</bigrams>
	</sent>	<sent id="13">
		<raw>Schiavo's case, which raises difficult issues of assisted suicide and right to life, has been championed by conservatives and evangelical Christians, who turned to congressional Republicans for help after a Florida court ordered the feeding tube removed last Friday.</raw>
		<lemm>schiavo s case  which raise difficult issue of assist suicide and right to life  have be champion by conservative and evangelical christian  who turn to congressional republican for help after a florida court order the feeding tube remove last friday</lemm>
		<bigrams> 2181 2182 2185 2165 2197 848 2201 50 92 2203 2204</bigrams>
	</sent>	<sent id="14">
		<raw>Democrats kept a low profile on the issue, but some quietly cooperated with GOP leaders in the back-stage negotiations this weekend.</raw>
		<lemm>democrats keep a low profile on the issue  but some quietly cooperate with gop leader in the back-stage negotiation this weekend</lemm>
		<bigrams> 2205 2206 2211 2214 2217</bigrams>
	</sent>	<sent id="15">
		<raw>Essentially, the Democrats agreed to allow the Republicans to move forward with a series of elaborate and unusual parliamentary maneuvers ending in action on the narrowly drawn legislation.</raw>
		<lemm>essentially  the democrats agree to allow the republicans to move forward with a series of elaborate and unusual parliamentary maneuver end in action on the narrowly draw legislation</lemm>
		<bigrams> 2222 2228 2234 2235 2236 2241 2242</bigrams>
	</sent>	<sent id="16">
		<raw>The Senate, meeting Saturday evening, passed a special adjournment resolution that opened the way for the House and Senate to meet in emergency session Sunday and take up legislation allowing federal courts to consider accepting jurisdiction in the case.</raw>
		<lemm>the senate  meet saturday evening  pass a special adjournment resolution that open the way for the house and senate to meet in emergency session sunday and take up legislation allow federal court to consider accept jurisdiction in the case</lemm>
		<bigrams> 2243 2244 2245 2246 2248 2249 2255 2256 2260 2261 1302 2262 2263</bigrams>
	</sent>	<sent id="17">
		<raw>Until now, it has been in the hands of Florida state courts, which have supported Schiavo's husband.</raw>
		<lemm>until now  it have be in the hand of florida state court  which have support schiavo s husband</lemm>
		<bigrams> 2269 1219 2271</bigrams>
	</sent>	<sent id="18">
		<raw>If a federal judge should decide to accept the case, a court order could be issued to reinstall the feeding tube while the matter was under consideration.</raw>
		<lemm>if a federal judge should decide to accept the case  a court order could be issue to reinstall the feed tube while the matter be under consideration</lemm>
		<bigrams> 2273 2201 2279 189</bigrams>
	</sent>	<sent id="19">
		<raw>The House is poised to consider the measure Sunday under a unanimous consent rule.</raw>
		<lemm>the house be poise to consider the measure sunday under a unanimous consent rule</lemm>
		<bigrams> 2290 2294 2295</bigrams>
	</sent>	<sent id="20">
		<raw>If that fails, it will take up the measure again at 12:01 a.m. Monday by suspending the House's regular calendar and voting on the measure by voice acclamation, Republican leaders said.</raw>
		<lemm>if that fail  it will take up the measure again at @card@ a m monday by suspend the house s regular calendar and voting on the measure by voice acclamation  republican leader say</lemm>
		<bigrams> 2312 2318 2319 1365 2320</bigrams>
	</sent>	<sent id="21">
		<raw>The Senate would act soon afterward, sending the measure to President Bush for his signature.</raw>
		<lemm>the senate would act soon afterward  send the measure to president bush for his signature</lemm>
		<bigrams> 2321 2322 2323 2324 2325 917</bigrams>
	</sent>	<sent id="22">
		<raw>The White House has indicated Bush would sign it.</raw>
		<lemm>the white house have indicate bush would sign it</lemm>
		<bigrams> 923 2334 2076 2335</bigrams>
	</sent>	<sent id="23">
		<raw>Few members of Congress are likely to be on hand for these votes, since most have already begun their Easter recess.</raw>
		<lemm>few member of congress be likely to be on hand for these vote  since most have already begin their easter recess</lemm>
		<bigrams> 2345 2349 2352</bigrams>
	</sent>	<sent id="24">
		<raw>But in this case, only a majority of members present and voting is needed for approval.</raw>
		<lemm>but in this case  only a majority of member present and voting be need for approval</lemm>
		<bigrams> 2360</bigrams>
	</sent>	<sent id="25">
		<raw>The fast-moving legislative timetable may raise the curtain on an equally dramatic legal gambit.</raw>
		<lemm>the fast-moving legislative timetable may raise the curtain on an equally dramatic legal gambit</lemm>
		<bigrams> 2365 2366 2367 2368 2374 2375 2376</bigrams>
	</sent>	<sent id="26">
		<raw>Schiavo's parents, Robert and Mary Schindler, would presumably to turn to the U. S. Court for the Middle District of Florida and ask a federal judge to keep their daughter alive against her husband's wishes.</raw>
		<lemm>schiavo s parent  robert and mary schindler  would presumably to turn to the u s court for the middle district of florida and ask a federal judge to keep their daughter alive against her husband s wish</lemm>
		<bigrams> 957 146 2377 2378 2384 2273 2391</bigrams>
	</sent>	<sent id="27">
		<raw>Assuming they file the petition sometime Monday, Schiavo, who is physically incapable of feeding herself or accepting food by mouth, will already have gone three days without sustenance in the form of fluids and nutrition.</raw>
		<lemm>assume they file the petition sometime monday  schiavo  who be physically incapable of feed herself or accept food by mouth  will already have go three day without sustenance in the form of fluid and nutrition</lemm>
		<bigrams> 2397 2398 2399 2401 2407 2414 2415 2416 2417</bigrams>
	</sent>	<sent id="28">
		<raw>Medical experts say a human being generally can live only about seven days without fluids.</raw>
		<lemm>medical expert say a human being generally can live only about seven day without fluid</lemm>
		<bigrams> 2424 2425 2435 2416 2436</bigrams>
	</sent>	<sent id="29">
		<raw>Give the high emotions aroused by the case, any legal action by the parents in federal court almost certainly would be challenged by Michael Schiavo.</raw>
		<lemm>give the high emotion arouse by the case  any legal action by the parent in federal court almost certainly would be challenge by michael schiavo</lemm>
		<bigrams> 2438 2439 2443 1302 2447 2448 2449 371</bigrams>
	</sent>	<sent id="30">
		<raw>The result could be legal skirmishes and appeals eventually reaching all the way up to the U. S. Supreme Court.</raw>
		<lemm>the result could be legal skirmish and appeal eventually reach all the way up to the u s supreme court</lemm>
		<bigrams> 2454 2456 2459 2460 497</bigrams>
	</sent>	<sent id="31">
		<raw>But the congressional action alone marked a clear victory for Schiavo's parents, as well as for their supporters, religious groups and the conservative wing of the Republican majority in Congress.</raw>
		<lemm>but the congressional action alone mark a clear victory for schiavo s parent  as well as for their supporter  religious group and the conservative wing of the republican majority in congress</lemm>
		<bigrams> 1202 2465 2466 2469 2476 1244 2478 2481</bigrams>
	</sent>	<sent id="32">
		<raw>It turned what had been a largely local and personal struggle over one woman's right to live or die into a high-stakes Washington political issue with highly charged religious and moral overtones.</raw>
		<lemm>it turn what have be a largely local and personal struggle over one woman be right to live or die into a high-stakes washington political issue with highly charge religious and moral overtone</lemm>
		<bigrams> 2488 2491 2494 2501 2502 2503 2506 2507 2510</bigrams>
	</sent>	<sent id="33">
		<raw>"We are confident this compromise addresses everyone's concerns," said House Majority Leader Tom DeLay, R-Texas, who has taken the lead in championing the parents' cause.</raw>
		<lemm> we be confident this compromise address everyone s concern   say house majority leader tom delay  r-texas  who have take the lead in champion the parent  cause</lemm>
		<bigrams> 2514 2515 2518 2519 884 885 2520 881 882 2527</bigrams>
	</sent>	<sent id="34">
		<raw>"We are confident it will provide Mrs. Schiavo a clear and appropriate avenue for appeal in federal court, and most importantly, we are confident this compromise will restore nutrition and hydration to Mrs. Schiavo as long as that appeal endures."</raw>
		<lemm> we be confident it will provide mrs schiavo a clear and appropriate avenue for appeal in federal court  and most importantly  we be confident this compromise will restore nutrition and hydration to mrs schiavo as long as that appeal endure </lemm>
		<bigrams> 2530 1621 2533 1302 2542 1621 2550</bigrams>
	</sent>	<sent id="35">
		<raw>Democratic Rep. James Oberstar of Minnesota worked with his Republican counterparts in putting together the measure titled: "Relief of the Parents of Theresa Marie Schiavo."</raw>
		<lemm>democratic rep james oberstar of minnesota work with his republican counterpart in put together the measure title   relief of the parent of theresa marie schiavo </lemm>
		<bigrams> 2551 2552 2553 2556 2560 2563 2565 2566 2570 2571</bigrams>
	</sent>	<sent id="36">
		<raw>He encouraged his Democratic colleagues to approve the bill because it is "carefully crafted and narrowly targeted" for the sole use of Schiavo's father and mother.</raw>
		<lemm>he encourage his democratic colleague to approve the bill because it be  carefully craft and narrowly target  for the sole use of schiavo s father and mother</lemm>
		<bigrams> 2575 2582 2585 2588</bigrams>
	</sent>	<sent id="37">
		<raw>"The legislation does no harm," he said, "while the longer term legal matter is resolved."</raw>
		<lemm> the legislation do no harm   he say   while the long term legal matter be resolve </lemm>
		<bigrams> 2598 2599 2600</bigrams>
	</sent>	<sent id="38">
		<raw>Not all Democrats saw it that way.</raw>
		<lemm>not all democrats see it that way</lemm>
		<bigrams> 2604</bigrams>
	</sent>	<sent id="39">
		<raw>Rep. Robert Wexler, D-Fla., said it was "unconscionable that Congress has decided to continue to intercede."</raw>
		<lemm>rep robert wexler  d-fla  say it be  unconscionable that congress have decide to continue to intercede </lemm>
		<bigrams> 2608 2609 2610 2611</bigrams>
	</sent>	<sent id="40">
		<raw>He added that he will object to the unanimous consent proposal in the House on Sunday, which could delay action until just after midnight Monday.</raw>
		<lemm>he add that he will object to the unanimous consent proposal in the house on sunday  which could delay action until just after midnight monday</lemm>
		<bigrams> 2294 2625 2631 2632 2637</bigrams>
	</sent>	<sent id="41">
		<raw>Schiavo's husband has pursued the effort to end his wife's life because, he has said, while she left no written, living will, she had made it clear to him before the heart attack occurred that she would never want to be kept alive in such a dire medical condition.</raw>
		<lemm>schiavo s husband have pursue the effort to end his wife s life because  he have say  while she leave no write  live will  she have make it clear to him before the heart attack occur that she would never want to be keep alive in such a dire medical condition</lemm>
		<bigrams> 2646 135 2656 2658 1632 420 2662 2663</bigrams>
	</sent>	<sent id="42">
		<raw>Her parents have fought tirelessly to keep her on life support, even to the point of asking her husband to relinquish to them his position as her legal guardian since he has become involved with another woman and has fathered children of his own.</raw>
		<lemm>her parent have fight tirelessly to keep her on life support  even to the point of ask her husband to relinquish to them his position as her legal guardian since he have become involve with another woman and have father child of his own</lemm>
		<bigrams> 2665 17 2668 1902 2681 2683 1731 2686</bigrams>
	</sent>	<sent id="43">
		<raw>The proposed legislation says that the Middle District of Florida "shall have jurisdiction to hear, determine and render judgment" on a petition from the parents "relating to the withholding or withdrawal of food, fluids, or medical treatment necessary to sustain (Terri Schiavo's) life."</raw>
		<lemm>the propose legislation say that the middle district of florida  shall have jurisdiction to hear  determine and render judgment  on a petition from the parent  relate to the withholding or withdrawal of food  fluid  or medical treatment necessary to sustain ( terri schiavo s ) life </lemm>
		<bigrams> 2691 2692 2384 2693 2698 2701 2707 2712 2715 2716 2718 2719 41 2721</bigrams>
	</sent>	<sent id="44">
		<raw>It adds that "any parent of Theresa Marie Schiavo shall have standing to bring a suit under this act" into the federal courts.</raw>
		<lemm>it add that  any parent of theresa marie schiavo shall have standing to bring a suit under this act  into the federal court</lemm>
		<bigrams> 2570 2571 2724 1302</bigrams>
	</sent>	<sent id="45">
		<raw>It also makes clear that "nothing in this act shall constitute a precedent with respect to future legislation" and that it shall have "no effect" on other families faced with assisted suicide situations.</raw>
		<lemm>it also make clear that  nothing in this act shall constitute a precedent with respect to future legislation  and that it shall have  no effect  on other family face with assist suicide situation</lemm>
		<bigrams> 2735 2736 2740 2741 2748 2757 2185 2760</bigrams>
	</sent>	<sent id="46">
		<raw>DeLay, in announcing the compromise, stressed that the clock is Terri Schiavo's greatest enemy.</raw>
		<lemm>delay  in announce the compromise  stress that the clock be terri schiavo s great enemy</lemm>
		<bigrams> 2765 41 2770</bigrams>
	</sent>	<sent id="47">
		<raw>"The longer we wait, the worse dehydrated she will get," he said.</raw>
		<lemm> the longer we wait  the bad dehydrate she will get   he say</lemm>
		<bigrams> 2776</bigrams>
	</sent>	<sent id="48">
		<raw>"Most people need to understand she will not die of starvation.</raw>
		<lemm> most people need to understand she will not die of starvation</lemm>
		<bigrams> 2782</bigrams>
	</sent>	<sent id="49">
		<raw>She will die of dehydration, and that takes no more than seven days and the longer you go without fluids, the more possible that infections set in.</raw>
		<lemm>she will die of dehydration  and that take no more than seven day and the longer you go without fluid  the more possible that infection set in</lemm>
		<bigrams> 2435 2799 2436 2805</bigrams>
	</sent>	<sent id="50">
		<raw>"And once infections set in it will spread throughout the body like wildfire.</raw>
		<lemm> and once infection set in it will spread throughout the body like wildfire</lemm>
		<bigrams> 2805 2811 2814 2815</bigrams>
	</sent>	<sent id="51">
		<raw>I've had doctors tell me that.</raw>
		<lemm>i have have doctor tell me that</lemm>
		<bigrams> 2818</bigrams>
	</sent>	<sent id="52">
		<raw>That's why we're expediting this as fast as we can do it so we can get that feeding tube back in."</raw>
		<lemm>that be why we be expedite this as fast as we can do it so we can get that feeding tube back in </lemm>
		<bigrams> 50 2833</bigrams>
	</sent>	<sent id="53">
		<raw>DeLay, who for days has been personally chastising Michael Schiavo, did not spare him on Saturday either.</raw>
		<lemm>delay  who for day have be personally chastise michael schiavo  do not spare him on saturday either</lemm>
		<bigrams> 2840 2841 371 2847</bigrams>
	</sent>	<sent id="54">
		<raw>"I don't have a whole lot of respect for a man that has treated this woman in this way," he said.</raw>
		<lemm> i do n t have a whole lot of respect for a man that have treat this woman in this way   he say</lemm>
		<bigrams> 2849</bigrams>
	</sent>	<sent id="55">
		<raw>Michael Schiavo said he felt like the government had just trampled all over his personal life.</raw>
		<lemm>michael schiavo say he feel like the government have just trample all over his personal life</lemm>
		<bigrams> 371 396 2862 2871</bigrams>
	</sent>	<sent id="56">
		<raw>"It's just incomprehensible that a government can walk all over somebody's private judicial matter because of their own personal feelings," Schiavo said on CNN's "Larry King Live."</raw>
		<lemm> it be just incomprehensible that a government can walk all over somebody s private judicial matter because of their own personal feeling   schiavo say on cnn s  larry king live </lemm>
		<bigrams> 2882 2883 2887 2888 396 2893 2894</bigrams>
	</sent>	<sent id="57">
		<raw>Contributing to this story were Times staff writers Peter Wallsten in Crawford, Texas, and John-Thor Dahlburg in Pinellas Park, Fla.</raw>
		<lemm>contribute to this story be times staff writer peter wallsten in crawford  texas  and john-thor dahlburg in pinellas park  fla </lemm>
		<bigrams> 2899 2900 2901 2902 2905 2908 2122 2910</bigrams>
	</sent></doc>