<?xml version="1.0" encoding="UTF_8"?>
<doc>	<sent id="0">
		<raw>A Florida judge has delayed an order to remove the feeding tube from a brain-damaged Florida woman at 1 p.m. Friday after Washington lawmakers intervened by issuing subpoenas for the woman and her husband to appear at congressional hearings later this month.</raw>
		<lemm>a florida judge have delay an order to remove the feed tube from a brain-damaged florida woman at @card@ p m friday after washington lawmaker intervene by issue subpoena for the woman and her husband to appear at congressional hearing later this month</lemm>
		<bigrams> 3587 189 3594 2063 214 3597 3598 715 724 725</bigrams>
	</sent>	<sent id="1">
		<raw>The order by Judge David Demers of Pinellas-Pasco Circuit Court came in response to efforts in the U. S. House and Senate to circumvent an order to remove the tube from the woman, Terri Schiavo, who suffered severe brain damage 15 years ago.</raw>
		<lemm>the order by judge david demers of pinellas-pasco circuit court come in response to effort in the u s house and senate to circumvent an order to remove the tube from the woman  terri schiavo  who suffer severe brain damage @card@ year ago</lemm>
		<bigrams> 3604 3605 632 633 3607 3614 41 175 176 177 3616 60 3104</bigrams>
	</sent>	<sent id="2">
		<raw>Demers' order was intended to be in force for less than an hour, to give the presiding judge in the long-running case, George W. Greer of Pinellas-Pasco Circuit Court, time to get to his chambers and weigh the latest developments.</raw>
		<lemm>demers  order be intend to be in force for less than an hour  to give the preside judge in the long-running case  george w greer of pinellas-pasco circuit court  time to get to his chamber and weigh the late development</lemm>
		<bigrams> 3617 3627 3630 3631 202 203 632 633 3632 3638</bigrams>
	</sent>	<sent id="3">
		<raw>The Washington lawmakers' extraordinary maneuvers managed to block, at least temporarily, decisions by several courts over the last few years that have sided with Schiavo's husband, Michael Schiavo, who said his wife would not want to be kept alive in her present condition.</raw>
		<lemm>the washington lawmaker  extraordinary maneuver manage to block  at least temporarily  decision by several court over the last few year that have side with schiavo s husband  michael schiavo  who say his wife would not want to be keep alive in her present condition</lemm>
		<bigrams> 3597 3640 3641 3642 3646 3647 3650 207 371 1912 420 3658</bigrams>
	</sent>	<sent id="4">
		<raw>The subpoenas came from a House committee inviting Schiavo, 41, and her husband, Michael, to appear before Congress next week.</raw>
		<lemm>the subpoena come from a house committee invite schiavo  @card@  and her husband  michael  to appear before congress next week</lemm>
		<bigrams> 3660 713 3662 3663 718 207 3665 3666</bigrams>
	</sent>	<sent id="5">
		<raw>A Senate committee also issued an invitation for the Schiavos to appear on Capitol Hill.</raw>
		<lemm>a senate committee also issue an invitation for the schiavos to appear on capitol hill</lemm>
		<bigrams> 729 3667 3668 1126</bigrams>
	</sent>	<sent id="6">
		<raw>The Senate majority leader, Sen. Bill Frist, R-Tenn., issued a statement saying that Schiavos and her husband were being called in connection with a congressional inquiry into the matter later this month.</raw>
		<lemm>the senate majority leader  sen bill frist  r-tenn  issue a statement say that schiavos and her husband be be call in connection with a congressional inquiry into the matter later this month</lemm>
		<bigrams> 1977 885 3673 3674 1979 3675 3676 3677 3686 3688</bigrams>
	</sent>	<sent id="7">
		<raw>The statement pointed out that federal law protects witnesses called before Congress "from anyone who may obstruct or impede a witness' attendance or testimony."</raw>
		<lemm>the statement point out that federal law protect witness call before congress  from anyone who may obstruct or impede a witness  attendance or testimony </lemm>
		<bigrams> 3690 3694 3695 3696 3697 3702 3707</bigrams>
	</sent>	<sent id="8">
		<raw>The maneuver is the latest step by lawmakers who are determined to keep Schiavo alive to prevent doctors from beginning to withhold nutrition and fluids from her, a process that could result in her death in anywhere from a few days to a few weeks.</raw>
		<lemm>the maneuver be the late step by lawmaker who be determine to keep schiavo alive to prevent doctor from begin to withhold nutrition and fluid from her  a process that could result in her death in anywhere from a few day to a few week</lemm>
		<bigrams> 3711 3717 3413 3719 3724 1189</bigrams>
	</sent>	<sent id="9">
		<raw>Friday's 1 p.m. deadline set by Greer followed years of legal wrangling between Schiavo's husband, who wants to let her die, and her parents, who believe she responds to them and want her to live.</raw>
		<lemm>friday s @card@ p m deadline set by greer follow year of legal wrangling between schiavo s husband  who want to let her die  and her parent  who believe she respond to them and want her to live</lemm>
		<bigrams> 214 3741 3744 3745 1708</bigrams>
	</sent>	<sent id="10">
		<raw>The last-minute actions in Washington have prolonged the drama about who ultimately has the right to determine the woman's fate, as relatives and other supporters of right-to-life causes who have been attracted to Schiavo's case gathered outside the Clearwater, Fla., hospice where she lies in a hospital bed.</raw>
		<lemm>the last-minute action in washington have prolong the drama about who ultimately have the right to determine the woman s fate  as relative and other supporter of right-to-life cause who have be attract to schiavo s case gather outside the clearwater  fla  hospice where she lie in a hospital bed</lemm>
		<bigrams> 3754 3773 3778 3779 3781 3782 3786</bigrams>
	</sent>	<sent id="11">
		<raw>Schiavo collapsed in 1990 and suffered extensive brain damage when her heart briefly stopped, possibly due to a potassium deficiency.</raw>
		<lemm>schiavo collapse in @card@ and suffer extensive brain damage when her heart briefly stop  possibly due to a potassium deficiency</lemm>
		<bigrams> 430 3789 3790 177 813 814 3792 834 832</bigrams>
	</sent>	<sent id="12">
		<raw>Eight years later, her husband wanted to remove her feeding tube, setting off years of legal feuding with her parents that has taken both sides from the state and federal courts to the State Legislature to the U. S. Supreme Court, and now to Congress.</raw>
		<lemm>eight year later  her husband want to remove her feeding tube  set off year of legal feuding with her parent that have take both side from the state and federal court to the state legislature to the u s supreme court  and now to congress</lemm>
		<bigrams> 3793 3794 3796 50 3797 3800 1302 1950 497</bigrams>
	</sent>	<sent id="13">
		<raw>"The Senate and House remain dedicated to saving Terry Schiavo's life," Frist said, adding that March 28 was the date set for the Schiavos to appear in Congress.</raw>
		<lemm> the senate and house remain dedicate to save terry schiavo s life   frist say  add that march @card@ be the date set for the schiavos to appear in congress</lemm>
		<bigrams> 3811 3812 3814 3815 3816 3817 3540 218 3821</bigrams>
	</sent>	<sent id="14">
		<raw>"The purpose of the hearing is to review health care policies and practices relevant to the care of nonambulatory persons such as Mrs.</raw>
		<lemm> the purpose of the hearing be to review health care policy and practice relevant to the care of nonambulatory person such as mrs </lemm>
		<bigrams> 3829 3830 3831 3834 3837</bigrams>
	</sent>	<sent id="15">
		<raw>Schiavo."</raw>
		<lemm>schiavo </lemm>
		<bigrams></bigrams>
	</sent></doc>