<?xml version="1.0" encoding="UTF_8"?>
<doc>	<sent id="0">
		<raw>Former Major League Baseball all-star Ken Caminiti, who admitted taking steroids to boost his playing career, died of a heart attack on Sunday.</raw>
		<lemm>former major league baseball all-star ken caminiti  who admit take steroid to boost his play career  die of a heart attack on sunday</lemm>
		<bigrams> 880 4 5 1686 1687 1688 1135 1691 1696 1697 1700</bigrams>
	</sent>	<sent id="1">
		<raw>He was 41.</raw>
		<lemm>he be @card@</lemm>
		<bigrams></bigrams>
	</sent>	<sent id="2">
		<raw>The ex-MVP of the National League in 1996 and gold glove winner was selected to the all-star team three times.</raw>
		<lemm>the ex-mvp of the national league in @card@ and gold glove winner be select to the all-star team three time</lemm>
		<bigrams> 1430 1709 1710 1715 1716 1717</bigrams>
	</sent>	<sent id="3">
		<raw>But he struggled to find his place in society once his Major League Baseball playing days ended three years ago.</raw>
		<lemm>but he struggle to find his place in society once his major league baseball playing day end three year ago</lemm>
		<bigrams> 4 5 1728 1729 1730 1731 1732 573</bigrams>
	</sent>	<sent id="4">
		<raw>He blasted 239 homers and 983 RBI and was a .272 career hitter.</raw>
		<lemm>he blast @card@ homer and @card@ rbi and be a @card@ career hitter</lemm>
		<bigrams> 1734 1600 1736 1739 1740</bigrams>
	</sent>	<sent id="5">
		<raw>His best season came in 1996, when he hit 40 home runs and 130 RBI for the San Diego Padres.</raw>
		<lemm>his good season come in @card@  when he hit @card@ home run and @card@ rbi for the san diego padres</lemm>
		<bigrams> 1742 1743 1748 1594 937 1736 1751 1752</bigrams>
	</sent>	<sent id="6">
		<raw>The much travelled Caminiti played for Atlanta, Houston, San Diego and Texas.</raw>
		<lemm>the much travel caminiti play for atlanta  houston  san diego and texas</lemm>
		<bigrams> 1754 1755 1756 1758 1759 1751</bigrams>
	</sent>	<sent id="7">
		<raw>Caminiti become the first American baseball player to publicly admit using steroids in 2002.</raw>
		<lemm>caminiti become the first american baseball player to publicly admit use steroid in @card@</lemm>
		<bigrams> 1762 1764 1765 1766 1769 1026 1027</bigrams>
	</sent>	<sent id="8">
		<raw>"It's no secret what's going on in baseball," said Caminiti, who retired in 2001 after 15 years in the major leagues.</raw>
		<lemm> it be no secret what be go on in baseball   say caminiti  who retire in @card@ after @card@ year in the major league</lemm>
		<bigrams> 1775 1776 1781 4</bigrams>
	</sent>	<sent id="9">
		<raw>"At least half the guys are using (steroids).</raw>
		<lemm> at least half the guy be use ( steroid )</lemm>
		<bigrams> 1784 1787 1788 1789</bigrams>
	</sent>	<sent id="10">
		<raw>They talk about it.</raw>
		<lemm>they talk about it</lemm>
		<bigrams></bigrams>
	</sent>	<sent id="11">
		<raw>They joke about it with each other."</raw>
		<lemm>they joke about it with each other </lemm>
		<bigrams></bigrams>
	</sent>	<sent id="12">
		<raw>Caminiti said he used steroids for about eight years after injuring his shoulder as a member of the San Diego Padres.</raw>
		<lemm>caminiti say he use steroid for about eight year after injure his shoulder as a member of the san diego padres</lemm>
		<bigrams> 1796 1027 1800 1751 1752</bigrams>
	</sent>	<sent id="13">
		<raw>"I got really strong, really quick.</raw>
		<lemm> i get really strong  really quick</lemm>
		<bigrams> 1809 1810 1811 1812</bigrams>
	</sent>	<sent id="14">
		<raw>I pulled a lot of muscles.</raw>
		<lemm>i pull a lot of muscle</lemm>
		<bigrams></bigrams>
	</sent>	<sent id="15">
		<raw>I broke down a lot," he said.</raw>
		<lemm>i break down a lot   he say</lemm>
		<bigrams></bigrams>
	</sent>	<sent id="16">
		<raw>Caminiti's best season was 1996 when, at age 33, he hit 40 homers had 130 runs batted in and a .326 batting average.</raw>
		<lemm>caminiti s good season be @card@ when  at age @card@  he hit @card@ homer have @card@ run bat in and a @card@ batting average</lemm>
		<bigrams> 1742 1827 1748 1600 1831 1832 1836 1837</bigrams>
	</sent>	<sent id="17">
		<raw>He said the steroid use was catching up to him.</raw>
		<lemm>he say the steroid use be catch up to him</lemm>
		<bigrams> 182</bigrams>
	</sent>	<sent id="18">
		<raw>"My tendons and ligaments got all torn up.</raw>
		<lemm> my tendon and ligament get all tear up</lemm>
		<bigrams> 1845</bigrams>
	</sent>	<sent id="19">
		<raw>My muscles got too strong for my tendons and ligaments.</raw>
		<lemm>my muscle get too strong for my tendon and ligament</lemm>
		<bigrams> 1850</bigrams>
	</sent>	<sent id="20">
		<raw>"And now my body's not producing testosterone.</raw>
		<lemm> and now my body be not produce testosterone</lemm>
		<bigrams> 1859</bigrams>
	</sent>	<sent id="21">
		<raw>You get lethargic.</raw>
		<lemm>you get lethargic</lemm>
		<bigrams> 1861</bigrams>
	</sent>	<sent id="22">
		<raw>You get depressed.</raw>
		<lemm>you get depressed</lemm>
		<bigrams> 1862</bigrams>
	</sent>	<sent id="23">
		<raw>It's terrible."</raw>
		<lemm>it be terrible </lemm>
		<bigrams></bigrams>
	</sent>	<sent id="24">
		<raw>Caminiti is the latest athlete to die at a young age after admitting to using performance enhancing drugs.</raw>
		<lemm>caminiti be the late athlete to die at a young age after admit to use performance enhance drug</lemm>
		<bigrams> 1866 1871 1876 1877 1878</bigrams>
	</sent>	<sent id="25">
		<raw>Baseball implemented recent changes to its drug testing policies which critics have called too lax.</raw>
		<lemm>baseball implement recent change to its drug testing policy which critic have call too lax</lemm>
		<bigrams> 1879 1880 1881 9 1885</bigrams>
	</sent>	<sent id="26">
		<raw>Caminiti is just the latest professional athlete to die after admitting steroid use.</raw>
		<lemm>caminiti be just the late professional athlete to die after admit steroid use</lemm>
		<bigrams> 1894 1895 1897 182</bigrams>
	</sent>	<sent id="27">
		<raw>Former National Football League star Lyle Alzado attributed excessive steroid use to the brain cancer that killed him.</raw>
		<lemm>former national football league star lyle alzado attribute excessive steroid use to the brain cancer that kill him</lemm>
		<bigrams> 1898 1899 1900 1901 1902 1903 1904 1905 1906 182 1909</bigrams>
	</sent>	<sent id="28">
		<raw>Alzado, who played from 1971-85, died at 43 on May 14, 1992.</raw>
		<lemm>alzado  who play from @card@  die at @card@ on may @card@  @card@</lemm>
		<bigrams> 1916 1920 1921</bigrams>
	</sent>	<sent id="29">
		<raw>He, who played for Los Angeles, Denver and Cleveland, insisted that almost 20 years of steroid use was the major contributing factor.</raw>
		<lemm>he  who play for los angeles  denver and cleveland  insist that almost @card@ year of steroid use be the major contributing factor</lemm>
		<bigrams> 1924 1925 1928 1931 1781 182 1933 1934</bigrams>
	</sent></doc>