<?xml version="1.0" encoding="UTF_8"?>
<doc>	<sent id="0">
		<raw>US lawmakers passed legislation allowing tighter government regulation of steroid precursors here Monday, one day after the death of former baseball star Ken Caminiti, an admitted steroid user.</raw>
		<lemm>us lawmaker pass legislation allow tight government regulation of steroid precursor here monday  one day after the death of former baseball star ken caminiti  an admit steroid user</lemm>
		<bigrams> 0 2795 2796 2797 2798 2799 2800 845 2803 2804 2575 1533 2810 1688 1897 2813</bigrams>
	</sent>	<sent id="1">
		<raw>The Anabolic Steroid Control Act would add androstenedione, norandrosterone and similar testosterone-production enhancing substances to a list of anabolic steroids regarded as controlled substances.</raw>
		<lemm>the anabolic steroid control act would add androstenedione  norandrosterone and similar testosterone-production enhance substance to a list of anabolic steroid regard as controlled substance</lemm>
		<bigrams> 447 2815 2816 2817 2818 2819 2820 2823 2824 2825 447 2830 2833</bigrams>
	</sent>	<sent id="2">
		<raw>The legislation allows the US Drug Enforcement Agency to regulate these products as anabolic steroids under the Controlled Substances Act.</raw>
		<lemm>the legislation allow the us drug enforcement agency to regulate these product as anabolic steroid under the controlled substances act</lemm>
		<bigrams> 2797 2836 2837 2838 447 2847 2848</bigrams>
	</sent>	<sent id="3">
		<raw>Mark McGwire admitted taking andro during a record-breaking 70 home run season in 1998, back when the substance was not banned by the US baseball league, which only began steroid testing of players this season.</raw>
		<lemm>mark mcgwire admit take andro during a record-breaking @card@ home run season in @card@  back when the substance be not ban by the us baseball league  which only begin steroid testing of player this season</lemm>
		<bigrams> 681 2849 1135 2850 2854 1594 937 2855 2857 2861 2862 165 622</bigrams>
	</sent>	<sent id="4">
		<raw>"This important legislation will help us reach our goal of zero tolerance in the battle against steroids," major league commissioner Bud Selig said.</raw>
		<lemm> this important legislation will help us reach our goal of zero tolerance in the battle against steroid   major league commissioner bud selig say</lemm>
		<bigrams> 2868 2871 2872 2725 2728 4 2879 89 90 178</bigrams>
	</sent>	<sent id="5">
		<raw>"This will allow us to test for steroid precursors, just as we are currently testing for steroids, as part of our regular testing."</raw>
		<lemm> this will allow us to test for steroid precursor  just as we be currently test for steroid  as part of our regular testing </lemm>
		<bigrams> 2882 845 2891 2895</bigrams>
	</sent>	<sent id="6">
		<raw>A bill to amend the Controlled Substances Act, toughening penalties for anabolic steroid offenses near sports facilities, was put forth on March 1 and passed by the US House of Representatives in June.</raw>
		<lemm>a bill to amend the controlled substances act  toughen penalty for anabolic steroid offense near sport facility  be put forth on march @card@ and pass by the us house of representatives in june</lemm>
		<bigrams> 2847 2848 2900 2901 447 39 2903 2904 2905 2908 540 67</bigrams>
	</sent>	<sent id="7">
		<raw>Caminiti, who played in the major leagues for 15 years, died of an apparent heart attack Sunday at age 41.</raw>
		<lemm>caminiti  who play in the major league for @card@ year  die of an apparent heart attack sunday at age @card@</lemm>
		<bigrams> 4 1781 2916 2919 1700 2920 1827</bigrams>
	</sent>	<sent id="8">
		<raw>He had admitted to using steroids during his Most Valuable Player season in 1996, when he hit .326 with 40 homers and 130 runs batted in for the San Diego Padres.</raw>
		<lemm>he have admit to use steroid during his most valuable player season in @card@  when he hit @card@ with @card@ homer and @card@ run bat in for the san diego padres</lemm>
		<bigrams> 1027 1953 2925 1748 1600 1831 1832 1751 1752</bigrams>
	</sent>	<sent id="9">
		<raw>As with athletics, baseball has been criticized since the BALCO Labs steroid scandal broke a year ago.</raw>
		<lemm>as with athletics  baseball have be criticize since the balco labs steroid scandal break a year ago</lemm>
		<bigrams> 2930 2931 2933 2934 977 2935 573</bigrams>
	</sent>	<sent id="10">
		<raw>BALCO founder Victor Conte and vice president James Valente, athletics coach Remi Korchemny and Greg Anderson, the personal trainer for baseball star Barry Bonds, have all pleaded not guilty to steroid distribution charges in the case.</raw>
		<lemm>balco founder victor conte and vice president james valente  athletics coach remi korchemny and greg anderson  the personal trainer for baseball star barry bond  have all plead not guilty to steroid distribution charge in the case</lemm>
		<bigrams> 1640 1641 1642 1297 2939 1646 2940 1649 2941 2942 1638 1636 1533 2949 2950 1657 2954</bigrams>
	</sent>	<sent id="11">
		<raw>Grand jury testimony saw many top sports figures testify, including San Francisco star Bonds and Gary Sheffield and Jason Giambi of the New York Yankees.</raw>
		<lemm>grand jury testimony see many top sport figure testify  include san francisco star bond and gary sheffield and jason giambi of the new york yankees</lemm>
		<bigrams> 1539 2955 2956 2957 2958 2959 2960 2961 2962 2963 1561 2964 2965 2968 946 942 943</bigrams>
	</sent>	<sent id="12">
		<raw>Drug testing was a key part of the labor deal baseball club owners signed with players in 2002.</raw>
		<lemm>drug testing be a key part of the labor deal baseball club owner sign with player in @card@</lemm>
		<bigrams> 9 2973 2975 2976 2977 2978 2979</bigrams>
	</sent>	<sent id="13">
		<raw>After between five and seven percent of players tested positive in anonymous testing last year, a tougher testing programme was installed, although global sports officials have called relatively light penalties by Olympic standards laughable.</raw>
		<lemm>after between five and seven percent of player test positive in anonymous testing last year  a tough testing programme be install  although global sport official have call relatively light penalty by olympic standard laughable</lemm>
		<bigrams> 2986 2987 593 2990 2991 595 2994 2995 2998 2999 3000 3001 3003 3004 3005 3008 3009</bigrams>
	</sent></doc>