<?xml version="1.0" encoding="UTF_8"?>
<doc>	<sent id="0">
		<raw>Democratic lawmaker Henry Waxman of California asked Thursday that former baseball star Jose Canseco appear at congressional hearings to talk about the steroid scandal.</raw>
		<lemm>democratic lawmaker henry waxman of california ask thursday that former baseball star jose canseco appear at congressional hearing to talk about the steroid scandal</lemm>
		<bigrams> 2567 2568 81 2571 2572 2575 1533 2576 678 2577 22 977</bigrams>
	</sent>	<sent id="1">
		<raw>Waxman would also like to call Canseco's former teammate Mark McGwire and force them to testify under oath about the culture of performance-enhancing drugs in Major League Baseball (MLB).</raw>
		<lemm>waxman would also like to call canseco s former teammate mark mcgwire and force them to testify under oath about the culture of performance-enhancing drug in major league baseball ( mlb )</lemm>
		<bigrams> 2581 2582 2583 2586 2588 2589 681 2342 4 5 2601 2602 2603</bigrams>
	</sent>	<sent id="2">
		<raw>"Jose Canseco's allegations about steroid use by Mark McGwire and other baseball players have received enormous media attention.</raw>
		<lemm> jose canseco s allegation about steroid use by mark mcgwire and other baseball player have receive enormous medium attention</lemm>
		<bigrams> 678 182 681 1766 2610 2611 2612</bigrams>
	</sent>	<sent id="3">
		<raw>Many of the individuals have denied the accusations.</raw>
		<lemm>many of the individual have deny the accusation</lemm>
		<bigrams></bigrams>
	</sent>	<sent id="4">
		<raw>Mr Canseco insists his information is accurate," Waxman said.</raw>
		<lemm>mr canseco insist his information be accurate   waxman say</lemm>
		<bigrams> 2617 2618 2623 2624</bigrams>
	</sent>	<sent id="5">
		<raw>"There is a simple way to find the truth in this matter.</raw>
		<lemm> there be a simple way to find the truth in this matter</lemm>
		<bigrams> 2626</bigrams>
	</sent>	<sent id="6">
		<raw>Our committee should hold a hearing with Mr Canseco, Mr McGwire and others and have them testify under oath.</raw>
		<lemm>our committee should hold a hearing with mr canseco  mr mcgwire and other and have them testify under oath</lemm>
		<bigrams> 2617 2640 2641</bigrams>
	</sent>	<sent id="7">
		<raw>"This would be an opportunity to find out what really happened and to get to the bottom of this growing scandal."</raw>
		<lemm> this would be an opportunity to find out what really happen and to get to the bottom of this grow scandal </lemm>
		<bigrams> 2652 2659</bigrams>
	</sent>	<sent id="8">
		<raw>In his controversial new book, "Juiced: Wild Times, Rampant 'Roids, Smash Hits and How Baseball Got Big," Canseco said he injected steroids into some of the baseball's biggest stars, including home run legend McGwire and New York Yankees superstar Jason Giambi.</raw>
		<lemm>in his controversial new book   juiced  wild times  rampant  roids  smash hits and how baseball got big   canseco say he inject steroid into some of the baseball s big star  include home run legend mcgwire and new york yankees superstar jason giambi</lemm>
		<bigrams> 2662 866 884 885 886 887 888 889 890 894 895 2663 2664 900 2667 2668 2669 937 2670 2671 942 943 2672 2673 946</bigrams>
	</sent>	<sent id="9">
		<raw>The players have vehemently denied ever using performance-enhancing steroids.</raw>
		<lemm>the player have vehemently deny ever use performance-enhancing steroid</lemm>
		<bigrams> 2675 2676 2677 2678 2679</bigrams>
	</sent>	<sent id="10">
		<raw>In a letter to Tom Davis, chairman of the House Government Reform Committee, Waxman said he also wants MLB officials to explain what measures they are taking to deal with the steroids.</raw>
		<lemm>in a letter to tom davis  chairman of the house government reform committee  waxman say he also want mlb official to explain what measure they be take to deal with the steroid</lemm>
		<bigrams> 75 2681 2684 71 72 2685 2624 2687 2688 2689</bigrams>
	</sent>	<sent id="11">
		<raw>"We should also hear from representatives from Major League Baseball and the players' union to examine what they plan to do to stop the use of dangerous drugs by pro baseball players.</raw>
		<lemm> we should also hear from representative from major league baseball and the player  union to examine what they plan to do to stop the use of dangerous drug by pro baseball player</lemm>
		<bigrams> 2700 4 5 296 2715 2718 1766</bigrams>
	</sent>	<sent id="12">
		<raw>"Despite the baseball commissioner's statement that his goal is to have zero tolerance regarding steroids, Major League Baseball has announced it will not investigate Mr. Canseco's allegations."</raw>
		<lemm> despite the baseball commissioner s statement that his goal be to have zero tolerance regard steroid  major league baseball have announce it will not investigate mr canseco s allegation </lemm>
		<bigrams> 88 2725 2726 2727 2728 4 5 2731 2617</bigrams>
	</sent>	<sent id="13">
		<raw>Baseball has been trying in the last few months to toughen its penalties for steroid use but critics say the new laws lag behind other sports.</raw>
		<lemm>baseball have be try in the last few month to toughen its penalty for steroid use but critic say the new law lag behind other sport</lemm>
		<bigrams> 182 2742 2743 2744 2745</bigrams>
	</sent>	<sent id="14">
		<raw>A first positive test would now result in a suspension of up to 10 days, a second positive test a 30-day ban, a third positive a 60-day penalty.</raw>
		<lemm>a first positive test would now result in a suspension of up to @card@ day  a second positive test a 30-day ban  a third positive a 60-day penalty</lemm>
		<bigrams> 2748 579 2749 793 2758 579 216 2762 2765</bigrams>
	</sent>	<sent id="15">
		<raw>Under the previous agreement, a first positive test resulted only in treatment.</raw>
		<lemm>under the previous agreement  a first positive test result only in treatment</lemm>
		<bigrams> 2767 2748 579 2769</bigrams>
	</sent>	<sent id="16">
		<raw>In the Olympics the first penalty is a two-year ban.</raw>
		<lemm>in the olympics the first penalty be a two-year ban</lemm>
		<bigrams> 2774 1058</bigrams>
	</sent>	<sent id="17">
		<raw>Waxman said the steroid issue not only threatens the health of professional players but also youths who feel the only way to be successful in the sport is to take steroids.</raw>
		<lemm>waxman say the steroid issue not only threaten the health of professional player but also youth who feel the only way to be successful in the sport be to take steroid</lemm>
		<bigrams> 2624 2776 2784 2787 1691</bigrams>
	</sent></doc>