<?xml version="1.0" encoding="UTF_8"?>
<doc>	<sent id="0">
		<raw>Commissioner Bud Selig and Major League Baseball have taken a lot of heat over the last several months for their supposed failure to grapple forthrightly with the sport's steroid problem.</raw>
		<lemm>commissioner bud selig and major league baseball have take a lot of heat over the last several month for their suppose failure to grapple forthrightly with the sport s steroid problem</lemm>
		<bigrams> 89 90 4 5 2118 2119 2123 2126 809</bigrams>
	</sent>	<sent id="1">
		<raw>Some have even suggested that people in the commissioner's office have been winking at one another while they make public pronouncements against steroid use.</raw>
		<lemm>some have even suggest that people in the commissioner s office have be wink at one another while they make public pronouncement against steroid use</lemm>
		<bigrams> 2132 2141 2145 2146 182</bigrams>
	</sent>	<sent id="2">
		<raw>From my perspective, these critics are jumping to unfair conclusions.</raw>
		<lemm>from my perspective  these critic be jump to unfair conclusion</lemm>
		<bigrams> 2157</bigrams>
	</sent>	<sent id="3">
		<raw>They would benefit from taking a step back and looking more carefully at the evolution of the steroid problem in baseball.</raw>
		<lemm>they would benefit from take a step back and look more carefully at the evolution of the steroid problem in baseball</lemm>
		<bigrams> 2159 2163 809</bigrams>
	</sent>	<sent id="4">
		<raw>Before the mid-1990s, the substances of choice in the clubhouse were amphetamines and recreational drugs.</raw>
		<lemm>before the mid-1990  the substance of choice in the clubhouse be amphetamine and recreational drug</lemm>
		<bigrams> 2181</bigrams>
	</sent>	<sent id="5">
		<raw>The prevailing view was that top offensive performances in baseball demanded quick reflexes, good eye-hand coordination, quick feet, flexibility and strong wrists, not bulky muscles.</raw>
		<lemm>the prevailing view be that top offensive performance in baseball demand quick reflex  good eye-hand coordination  quick foot  flexibility and strong wrist  not bulky muscle</lemm>
		<bigrams> 2183 2186 2187 2189 2190 2191 2192 2193 2194 2195 2196 2197 2200 2203</bigrams>
	</sent>	<sent id="6">
		<raw>An FBI special agent, Greg Stejskal, told the news media last month that he had notified Major League Baseball about 10 years ago that steroid use was a developing problem.</raw>
		<lemm>an fbi special agent  greg stejskal  tell the news medium last month that he have notify major league baseball about @card@ year ago that steroid use be a develop problem</lemm>
		<bigrams> 2205 2206 2207 2208 2209 2212 2213 2214 2217 4 5 1781 573 182 2222</bigrams>
	</sent>	<sent id="7">
		<raw>Indeed, it was probably around 10 years ago that some people in baseball became aware that anabolic steroids were being used by some players.</raw>
		<lemm>indeed  it be probably around @card@ year ago that some people in baseball become aware that anabolic steroid be be use by some player</lemm>
		<bigrams> 2225 2226 1781 573 2229 2230 447</bigrams>
	</sent>	<sent id="8">
		<raw>At the time, many anabolic steroids were illegal if purchased without a prescription.</raw>
		<lemm>at the time  many anabolic steroid be illegal if purchase without a prescription</lemm>
		<bigrams> 2238 2239 447 2243</bigrams>
	</sent>	<sent id="9">
		<raw>But as baseball became more aware of this as a growing issue, the commissioner's office did, in fact, act.</raw>
		<lemm>but as baseball become more aware of this as a grow issue  the commissioner s office do  in fact  act</lemm>
		<bigrams> 2229 2254 2259</bigrams>
	</sent>	<sent id="10">
		<raw>In 1998, Selig convened a group at his Milwaukee office, including team physicians, trainers and outside medical experts, and they decided to begin an investigation and to gather as much information about steroid use and its effects as possible.</raw>
		<lemm>in @card@  selig convene a group at his milwaukee office  include team physician  trainer and outside medical expert  and they decide to begin an investigation and to gather as much information about steroid use and its effect as possible</lemm>
		<bigrams> 626 2260 2266 2267 2268 2269 2270 2273 2274 2285 182</bigrams>
	</sent>	<sent id="11">
		<raw>The next year, together with the players union, baseball helped finance a study on androstenedione.</raw>
		<lemm>the next year  together with the player union  baseball help finance a study on androstenedione</lemm>
		<bigrams> 2292 2293 296 2295 2296 2297</bigrams>
	</sent>	<sent id="12">
		<raw>It turned out to be the seminal study on the substance and was later published in a leading medical journal.</raw>
		<lemm>it turn out to be the seminal study on the substance and be later publish in a lead medical journal</lemm>
		<bigrams> 2306 2308 2311 2312</bigrams>
	</sent>	<sent id="13">
		<raw>In June 2001, Major League Baseball published a pamphlet in English and in Spanish and distributed it to major league and minor league players.</raw>
		<lemm>in june @card@  major league baseball publish a pamphlet in english and in spanish and distribute it to major league and minor league player</lemm>
		<bigrams> 2314 713 4 5 2315 4 620 2328</bigrams>
	</sent>	<sent id="14">
		<raw>It laid out in considerable detail the known effects of various classes of performance-enhancing drugs.</raw>
		<lemm>it lay out in considerable detail the know effect of various class of performance-enhancing drug</lemm>
		<bigrams> 2333 2336 2339 2342</bigrams>
	</sent>	<sent id="15">
		<raw>It also hired a new medical staff to advise it on drug policy.</raw>
		<lemm>it also hire a new medical staff to advise it on drug policy</lemm>
		<bigrams> 2344 2346 2347 411</bigrams>
	</sent>	<sent id="16">
		<raw>Baseball reasoned that if it could get players to the majors clean, then it had won half the battle.</raw>
		<lemm>baseball reason that if it could get player to the major clean  then it have win half the battle</lemm>
		<bigrams> 2353 2358 2359 2360 2365</bigrams>
	</sent>	<sent id="17">
		<raw>In the same year, it decided to put in a stringent testing and penalty program for the minor leagues.</raw>
		<lemm>in the same year  it decide to put in a stringent testing and penalty program for the minor league</lemm>
		<bigrams> 2373 2375 620</bigrams>
	</sent>	<sent id="18">
		<raw>Incidentally, it wasn't until May 2002 that Ken Caminiti, in an interview with Sports Illustrated, estimated that half of major leaguers were using steroids.</raw>
		<lemm>incidentally  it be n t until may @card@ that ken caminiti  in an interview with sports illustrated  estimate that half of major leaguer be use steroid</lemm>
		<bigrams> 1920 1688 2387 2388 2392 1027</bigrams>
	</sent>	<sent id="19">
		<raw>In 2002, baseball and the union agreed to their first steroid testing and penalty program.</raw>
		<lemm>in @card@  baseball and the union agree to their first steroid testing and penalty program</lemm>
		<bigrams> 2394 2396 2400 622 2375</bigrams>
	</sent>	<sent id="20">
		<raw>Earlier this year it was agreed, in the middle of a collective bargaining agreement, to extend that program significantly.</raw>
		<lemm>earlier this year it be agree  in the middle of a collective bargaining agreement  to extend that program significantly</lemm>
		<bigrams> 856 857 2410</bigrams>
	</sent>	<sent id="21">
		<raw>It would be easy to go back and identify instances when baseball might have gotten the message sooner.</raw>
		<lemm>it would be easy to go back and identify instance when baseball might have get the message sooner</lemm>
		<bigrams> 2413 2415 2418 2423</bigrams>
	</sent>	<sent id="22">
		<raw>It would be equally easy to argue that baseball might have acted sooner or more punitively.</raw>
		<lemm>it would be equally easy to argue that baseball might have act sooner or more punitively</lemm>
		<bigrams> 2425 2418 2429</bigrams>
	</sent>	<sent id="23">
		<raw>It is a safe bet that today Selig and others wish they had done more earlier.</raw>
		<lemm>it be a safe bet that today selig and other wish they have do more earlier</lemm>
		<bigrams> 2434 2437</bigrams>
	</sent>	<sent id="24">
		<raw>Indeed, the new testing and penalty protocol is far from perfect.</raw>
		<lemm>indeed  the new testing and penalty protocol be far from perfect</lemm>
		<bigrams> 2445 2446</bigrams>
	</sent>	<sent id="25">
		<raw>But it is also proper to remember that baseball was hampered by the confidentiality of doctor-patient relationships, the sanctity of the clubhouse culture and union concerns about privacy rights.</raw>
		<lemm>but it be also proper to remember that baseball be hamper by the confidentiality of doctor-patient relationship  the sanctity of the clubhouse culture and union concern about privacy right</lemm>
		<bigrams> 2452 2461 2465 2467 2470</bigrams>
	</sent>	<sent id="26">
		<raw>The dimensions and the implications of the drug issue in professional sports are just beginning to be understood.</raw>
		<lemm>the dimension and the implication of the drug issue in professional sport be just begin to be understand</lemm>
		<bigrams> 2476 2479</bigrams>
	</sent>	<sent id="27">
		<raw>One must understand the scope of the problem before one can devise effective policy.</raw>
		<lemm>one must understand the scope of the problem before one can devise effective policy</lemm>
		<bigrams> 2484 2485 2493 2494</bigrams>
	</sent>	<sent id="28">
		<raw>Eradicating drug abuse is no simple matter.</raw>
		<lemm>eradicate drug abuse be no simple matter</lemm>
		<bigrams> 2495 2496 2499</bigrams>
	</sent>	<sent id="29">
		<raw>New chemical compounds and new delivery methods (making detection much more difficult) are being developed every day.</raw>
		<lemm>new chemical compound and new delivery method ( make detection much more difficult ) be be develop every day</lemm>
		<bigrams> 2500 2501 2504 2505 2506 2507 2508 2509 2512 2515 1012</bigrams>
	</sent>	<sent id="30">
		<raw>Underscoring the intractability of the problem is the fact that most athletes under investigation in the BALCO scandal are Olympians, and that the International Olympic Committee is reputed to have the gold standard in anti-doping policies.</raw>
		<lemm>underscore the intractability of the problem be the fact that most athlete under investigation in the balco scandal be olympian  and that the international olympic committee be repute to have the gold standard in anti-doping policy</lemm>
		<bigrams> 2526 2531 2532 2539 2542</bigrams>
	</sent>	<sent id="31">
		<raw>Down the road, gene-modification therapy will further complicate the landscape.</raw>
		<lemm>down the road  gene-modification therapy will further complicate the landscape</lemm>
		<bigrams> 2545 2546</bigrams>
	</sent>	<sent id="32">
		<raw>Major League Baseball must be patient and tenacious if it is to have success in the long-run fight against performance-enhancing drugs.</raw>
		<lemm>major league baseball must be patient and tenacious if it be to have success in the long-run fight against performance-enhancing drug</lemm>
		<bigrams> 4 5 2552 2561 2342</bigrams>
	</sent>	<sent id="33">
		<raw>Fans, too, need patience.</raw>
		<lemm>fan  too  need patience</lemm>
		<bigrams> 2566</bigrams>
	</sent></doc>