<?xml version="1.0" encoding="UTF_8"?>
<doc>	<sent id="0">
		<raw>Responding to criticism that Major League Baseball has not done enough to deter steroid use among players, Commissioner Bud Selig said in a telephone interview Friday that the testing program put in place two years ago showed a significant drop in positive tests in 2004.</raw>
		<lemm>respond to criticism that major league baseball have not do enough to deter steroid use among player  commissioner bud selig say in a telephone interview friday that the testing program put in place two year ago show a significant drop in positive test in @card@</lemm>
		<bigrams> 4 5 558 182 559 560 561 89 90 178 564 565 424 568 571 572 573 574 576 579</bigrams>
	</sent>	<sent id="1">
		<raw>Selig said 1 to 2 percent of players in the major league program tested positive last year, down from 5 to 7 percent in 2003.</raw>
		<lemm>selig say @card@ to @card@ percent of player in the major league program test positive last year  down from @card@ to @card@ percent in @card@</lemm>
		<bigrams> 178 582 585 4 591 592 593 594 595 585</bigrams>
	</sent>	<sent id="2">
		<raw>If about 1,200 players were tested in 2004, then 12 to 24 tested positive.</raw>
		<lemm>if about @card@ player be test in @card@  then @card@ to @card@ test positive</lemm>
		<bigrams> 602 607 593</bigrams>
	</sent>	<sent id="3">
		<raw>"This year I believe we will clean that up," he said.</raw>
		<lemm> this year i believe we will clean that up   he say</lemm>
		<bigrams></bigrams>
	</sent>	<sent id="4">
		<raw>And in the minor league steroid testing program, which began in 2001, Selig said positive results had gone from 11 percent in 2001 to 4.8 percent in 2002 to 4.0 percent in 2003 to 1.7 percent last year.</raw>
		<lemm>and in the minor league steroid testing program  which begin in @card@  selig say positive result have go from @card@ percent in @card@ to @card@ percent in @card@ to @card@ percent in @card@ to @card@ percent last year</lemm>
		<bigrams> 620 621 622 424 626 178 627 628 585 585 585 585 632 595</bigrams>
	</sent>	<sent id="5">
		<raw>Selig said the results refuted "the thought that this is running wild."</raw>
		<lemm>selig say the result refute  the thought that this be run wild </lemm>
		<bigrams> 178 635 642</bigrams>
	</sent>	<sent id="6">
		<raw>Selig was reacting to concerns that baseball's steroid testing program was not tough enough.</raw>
		<lemm>selig be react to concern that baseball s steroid testing program be not tough enough</lemm>
		<bigrams> 622 424 651</bigrams>
	</sent>	<sent id="7">
		<raw>A House committee has announced it will investigate steroid use in baseball, and Selig has been invited to testify along with a number of present and former players, among them Jose Canseco and Mark McGwire.</raw>
		<lemm>a house committee have announce it will investigate steroid use in baseball  and selig have be invite to testify along with a number of present and former player  among them jose canseco and mark mcgwire</lemm>
		<bigrams> 653 659 182 668 674 675 678 681</bigrams>
	</sent>	<sent id="8">
		<raw>At a news conference in Mesa, Ariz., on Saturday, Selig would not say whether he would appear before the committee.</raw>
		<lemm>at a news conference in mesa  ariz  on saturday  selig would not say whether he would appear before the committee</lemm>
		<bigrams> 684 687 690 691 693 471</bigrams>
	</sent>	<sent id="9">
		<raw>Rob Manfred, baseball's chief labor relations executive, said he was also encouraged by the 2004 major league results.</raw>
		<lemm>rob manfred  baseball s chief labor relation executive  say he be also encourage by the @card@ major league result</lemm>
		<bigrams> 699 700 702 703 704 705 709 713 4 714</bigrams>
	</sent>	<sent id="10">
		<raw>"One person from our perspective is too much," he said in a telephone interview.</raw>
		<lemm> one person from our perspective be too much   he say in a telephone interview</lemm>
		<bigrams> 715 564</bigrams>
	</sent>	<sent id="11">
		<raw>"However, I think the 1 to 2 percent shows that the steps we have taken have allowed the game to make progress."</raw>
		<lemm> however  i think the @card@ to @card@ percent show that the step we have take have allow the game to make progress </lemm>
		<bigrams> 585 726 736</bigrams>
	</sent>	<sent id="12">
		<raw>The tests were conducted under an agreement between the players and management in 2002.</raw>
		<lemm>the test be conduct under an agreement between the player and management in @card@</lemm>
		<bigrams></bigrams>
	</sent>	<sent id="13">
		<raw>That program was criticized as too lenient.</raw>
		<lemm>that program be criticize as too lenient</lemm>
		<bigrams></bigrams>
	</sent>	<sent id="14">
		<raw>Even the penalties under baseball's latest plan are light compared with those of other sports.</raw>
		<lemm>even the penalty under baseball s late plan be light compare with those of other sport</lemm>
		<bigrams> 756 758</bigrams>
	</sent>	<sent id="15">
		<raw>A first-time offender draws a 10-day suspension.</raw>
		<lemm>a first-time offender draw a 10-day suspension</lemm>
		<bigrams> 764 765 204</bigrams>
	</sent>	<sent id="16">
		<raw>In international track and field, a first-time offender is out for two years.</raw>
		<lemm>in international track and field  a first-time offender be out for two year</lemm>
		<bigrams> 768 764 572</bigrams>
	</sent>	<sent id="17">
		<raw>"I often hear it's a weak program," Selig said.</raw>
		<lemm> i often hear it be a weak program   selig say</lemm>
		<bigrams> 777 780 781 178</bigrams>
	</sent>	<sent id="18">
		<raw>"The average player would lose $140,000 if he is suspended for 10 days.</raw>
		<lemm> the average player would lose $140 000 if he be suspend for @card@ day</lemm>
		<bigrams> 783 784 785 786 787 793</bigrams>
	</sent>	<sent id="19">
		<raw>Another huge deterrent is naming people."</raw>
		<lemm>another huge deterrent be name people </lemm>
		<bigrams> 794 795 798</bigrams>
	</sent>	<sent id="20">
		<raw>Selig defended baseball's record in trying to clear up the steroid problem, saying he had devoted the last seven years dealing with it since learning in 1998 that McGwire used the supplement androstenedione.</raw>
		<lemm>selig defend baseball s record in try to clear up the steroid problem  say he have devote the last seven year deal with it since learn in @card@ that mcgwire use the supplement androstenedione</lemm>
		<bigrams> 799 800 809 810 815 816 817 821 824 827</bigrams>
	</sent>	<sent id="21">
		<raw>Selig said baseball had researched and studied androstenedione, initiated a minor league testing program, urged Congress to ban over-the-counter sales of steroid precursors and made steroids a priority in negotiations for a new collective bargaining agreement.</raw>
		<lemm>selig say baseball have research and study androstenedione  initiate a minor league testing program  urge congress to ban over-the-counter sale of steroid precursor and make steroid a priority in negotiation for a new collective bargaining agreement</lemm>
		<bigrams> 178 828 832 833 620 836 424 837 838 841 842 845 848 855 856 857</bigrams>
	</sent></doc>