<?xml version="1.0" encoding="UTF_8"?>
<doc>	<sent id="0">
		<raw>British police are on the verge of identifying one person they believe was involved in the bomb attacks which killed at least 52 people in London, a report said Tuesday.</raw>
		<lemm>british police be on the verge of identify one person they believe be involve in the bomb attack which kill at least @card@ people in london  a report say tuesday</lemm>
		<bigrams> 1183 1189 1190 1194 124 293 1201 1202</bigrams>
	</sent>	<sent id="1">
		<raw>The Financial Times, which cited an unnamed European official involved in international efforts to find the bombers, said progress had been made towards naming who was responsible for a blast on a bus on Thursday morning.</raw>
		<lemm>the financial times  which cite an unnamed european official involve in international effort to find the bomber  say progress have be make towards name who be responsible for a blast on a bus on thursday morning</lemm>
		<bigrams> 1204 1209 1210 1211 1213 1215 1216 1218 1219 1228</bigrams>
	</sent>	<sent id="2">
		<raw>The bus explosion was one of four co-ordinated bombings, the others on London Underground subway trains, which caused carnage in the morning rush hour.</raw>
		<lemm>the bus explosion be one of four co-ordinate bombing  the other on london underground subway train  which cause carnage in the morning rush hour</lemm>
		<bigrams> 1229 1232 1233 1237 1238 97 1241 1244 793</bigrams>
	</sent>	<sent id="3">
		<raw>"I think we are going to see photographs of one or more suspects being posted within days," the official told the paper.</raw>
		<lemm> i think we be go to see photograph of one or more suspect be post within day   the official tell the paper</lemm>
		<bigrams> 1251 1259 1260 1263</bigrams>
	</sent>	<sent id="4">
		<raw>Separately, The Times newspaper reported that forensic pathologists are paying particularly close attention to two bodies found inside the wrecked bus to see whether one of them might have been the bomber.</raw>
		<lemm>separately  the times newspaper report that forensic pathologist be pay particularly close attention to two body find inside the wreck bus to see whether one of them might have be the bomber</lemm>
		<bigrams> 1268 1269 1272 1275 1276 1277 1280 1281 1282 1285 1287 1288</bigrams>
	</sent>	<sent id="5">
		<raw>"There are two bodies which have to be examined in great detail because they appear to have been holding the bomb or sitting on top of it," a "senior police source" told the paper.</raw>
		<lemm> there be two body which have to be examine in great detail because they appear to have be hold the bomb or sit on top of it   a  senior police source  tell the paper</lemm>
		<bigrams> 1280 1297 1312 1313 1314</bigrams>
	</sent>	<sent id="6">
		<raw>"One of those might turn out to be the bomber."</raw>
		<lemm> one of those might turn out to be the bomber </lemm>
		<bigrams> 1317</bigrams>
	</sent>	<sent id="7">
		<raw>Some experts have speculated that the bus bomb might have gone off accidentally as the terrorist carried it, possibly to another Underground station.</raw>
		<lemm>some expert have speculate that the bus bomb might have go off accidentally as the terrorist carry it  possibly to another underground station</lemm>
		<bigrams> 1324 1325 1331 1336 1337</bigrams>
	</sent>	<sent id="8">
		<raw>According to The Times, a single bomb maker using military-grade explosives was most likely responsible for manufacturing all the bombs used in the attacks.</raw>
		<lemm>accord to the times  a single bomb maker use military-grade explosive be most likely responsible for manufacture all the bomb use in the attack</lemm>
		<bigrams> 1339 1340 1341 1342 1343 1347 1350</bigrams>
	</sent>	<sent id="9">
		<raw>Similar components have been found by police at all four bomb sites, the newspaper said without citing a source.</raw>
		<lemm>similar component have be find by police at all four bomb site  the newspaper say without cite a source</lemm>
		<bigrams> 1351 944 1359 1362 1363 1364</bigrams>
	</sent>	<sent id="10">
		<raw>Investigators believe that the materials used to make the rucksack-based bombs were manufactured using smuggled, military-grade explosives, possibly brought in from the Balkans, the paper said.</raw>
		<lemm>investigator believe that the material use to make the rucksack-based bomb be manufacture use smuggle  military-grade explosive  possibly bring in from the balkans  the paper say</lemm>
		<bigrams> 1367 1370 1374 1377 1378 1379 1343 1380 1381 1386</bigrams>
	</sent>	<sent id="11">
		<raw>"The nature of the explosives appears to be military, which is very worrying," Superintendent Christophe Chaboud, head of France's anti-terrorism police, who is helping the London inquiry, was quoted as saying.</raw>
		<lemm> the nature of the explosive appear to be military  which be very worry   superintendent christophe chaboud  head of france s anti-terrorism police  who be help the london inquiry  be quote as say</lemm>
		<bigrams> 1389 1394 1395 1396 1397 1402 1407</bigrams>
	</sent>	<sent id="12">
		<raw>On Saturday London's Metropolitan Police confirmed that the explosives used in the blasts were most likely "not home-made", but said it remained to be seen whether they were commercial or military in origin.</raw>
		<lemm>on saturday london s metropolitan police confirm that the explosive use in the blast be most likely  not home-made   but say it remain to be see whether they be commercial or military in origin</lemm>
		<bigrams> 1413 304 1415 1417 1287</bigrams>
	</sent></doc>