<?xml version="1.0" encoding="UTF_8"?>
<doc>	<sent id="0">
		<raw>London Mayor Ken Livingstone, urging people to "carry on" as normal, rode the Underground to work on Monday, four days after bomb attacks on the British capital's transit system killed at least 52 people.</raw>
		<lemm>london mayor ken livingstone  urge people to  carry on  as normal  ride the underground to work on monday  four day after bomb attack on the british capital s transit system kill at least @card@ people</lemm>
		<bigrams> 2022 773 774 2023 2024 2030 2035 2036 1194 2021 2041 2042 124 293</bigrams>
	</sent>	<sent id="1">
		<raw>"We are going to work.</raw>
		<lemm> we be go to work</lemm>
		<bigrams></bigrams>
	</sent>	<sent id="2">
		<raw>We carry on our lives.</raw>
		<lemm>we carry on our life</lemm>
		<bigrams></bigrams>
	</sent>	<sent id="3">
		<raw>We don't let a small group of terrorists change the way we live," the mayor said as he boarded the Jubilee Line at Willesden Green station, northwest London, bound for City Hall.</raw>
		<lemm>we do n t let a small group of terrorist change the way we live   the mayor say as he board the jubilee line at willesden green station  northwest london  bind for city hall</lemm>
		<bigrams> 2049 2050 2057 2063 2066 2067 2068 2069 2070 2073</bigrams>
	</sent>	<sent id="4">
		<raw>Asked whether people should try to forget about Thursday's bomb attack, Livingstone, who often uses public transport, replied: "We carry on our lives.</raw>
		<lemm>ask whether people should try to forget about thursday s bomb attack  livingstone  who often use public transport  reply   we carry on our life</lemm>
		<bigrams> 2074 2075 1194 2082 2085 2086 796 2087</bigrams>
	</sent>	<sent id="5">
		<raw>I don't think we ever stop thinking about last week."</raw>
		<lemm>i do n t think we ever stop think about last week </lemm>
		<bigrams> 2092 2093 948</bigrams>
	</sent>	<sent id="6">
		<raw>Later, Livingstone opened the London Memorial Garden, established in the city centre as a memorial to the victims of the terror blasts.</raw>
		<lemm>later  livingstone open the london memorial garden  establish in the city centre as a memorial to the victim of the terror blast</lemm>
		<bigrams> 2096 2097 2098 2099 2100 2102 2108</bigrams>
	</sent>	<sent id="7">
		<raw>Before laying white lilies in a solemn ceremony with dignitaries and religious leaders, Livingstone wrote in the book of condolences: "The city will endure.</raw>
		<lemm>before lay white lily in a solemn ceremony with dignitary and religious leader  livingstone write in the book of condolence   the city will endure</lemm>
		<bigrams> 2110 2111 2114 2119 2120 2121</bigrams>
	</sent>	<sent id="8">
		<raw>It is the future of our world, tolerance and change."</raw>
		<lemm>it be the future of our world  tolerance and change </lemm>
		<bigrams> 2133</bigrams>
	</sent>	<sent id="9">
		<raw>A member of Prime Minister Tony Blair's Labour Party, Livingstone is mayor of western Europe's biggest city, with a population of more than seven million.</raw>
		<lemm>a member of prime minister tony blair s labour party  livingstone be mayor of western europe s big city  with a population of more than seven million</lemm>
		<bigrams> 704 705 706 2141 2142 2147 2150 2157</bigrams>
	</sent>	<sent id="10">
		<raw>"A force much greater than I can express will defeat them (the bombers)," Livingstone wrote in London's Evening Standard newspaper on Monday.</raw>
		<lemm> a force much great than i can express will defeat them ( the bomber )   livingstone write in london s evening standard newspaper on monday</lemm>
		<bigrams> 2159 2160 2170 2171 2121 2173 2174</bigrams>
	</sent>	<sent id="11">
		<raw>"It is not even the force of seven million Londoners acting last Thursday in a way that inspires such pride.</raw>
		<lemm> it be not even the force of seven million londoner act last thursday in a way that inspire such pride</lemm>
		<bigrams> 2157 2180 2181 2182 2183</bigrams>
	</sent>	<sent id="12">
		<raw>"It is because on this matter seven million Londoners speak for more than five billion members of humanity.</raw>
		<lemm> it be because on this matter seven million londoner speak for more than five billion member of humanity</lemm>
		<bigrams> 2193 2157 2180 2194 2198 2199</bigrams>
	</sent>	<sent id="13">
		<raw>"It is for that reason that those who came to kill and maim us at random have no chance of winning.</raw>
		<lemm> it be for that reason that those who come to kill and maim us at random have no chance of win</lemm>
		<bigrams> 2210</bigrams>
	</sent>	<sent id="14">
		<raw>None."</raw>
		<lemm>none </lemm>
		<bigrams></bigrams>
	</sent>	<sent id="15">
		<raw>One of the biggest manhunts in British police annals is under way to find the perpetrators of Thursday's bomb attacks on three Underground trains and a double-decker bus.</raw>
		<lemm>one of the big manhunt in british police annals be under way to find the perpetrator of thursday s bomb attack on three underground train and a double-decker bus</lemm>
		<bigrams> 2218 1183 2219 1194 2228 2229 180</bigrams>
	</sent>	<sent id="16">
		<raw>Public transit was running as close to normal as possible Monday, with services restricted only on the lines stricken by the bombings.</raw>
		<lemm>public transit be run as close to normal as possible monday  with service restrict only on the line strike by the bombing</lemm>
		<bigrams> 2230 2239 2242 2246</bigrams>
	</sent></doc>