<?xml version="1.0" encoding="UTF_8"?>
<doc>	<sent id="0">
		<raw>The terror attacks on London killed more than 50 people but an unknown number of bodies still lie in the underground railway, London's police chief said Friday.</raw>
		<lemm>the terror attack on london kill more than @card@ people but an unknown number of body still lie in the underground railway  london s police chief say friday</lemm>
		<bigrams> 1441 1796 293 130 133 134 1801 1802 1804 1805 1806</bigrams>
	</sent>	<sent id="1">
		<raw>"We now know that there are more than 50 fatalities," Metropolitan Police Commissioner Ian Blair told a news conference.</raw>
		<lemm> we now know that there be more than @card@ fatality   metropolitan police commissioner ian blair tell a news conference</lemm>
		<bigrams> 1810 1811 304 1812 1813 300 1586 61</bigrams>
	</sent>	<sent id="2">
		<raw>"There is great difficulty in deciding or determining how many fatalities because two of the scenes are very difficult in terms of recovery," he said.</raw>
		<lemm> there be great difficulty in decide or determine how many fatality because two of the scene be very difficult in term of recovery   he say</lemm>
		<bigrams> 1815 1821</bigrams>
	</sent>	<sent id="3">
		<raw>"One is the bus because of the nature of the explosion and more acutely the tube train at Russell Square (subway station in central London) continues to hold a number of bodies.</raw>
		<lemm> one be the bus because of the nature of the explosion and more acutely the tube train at russell square ( subway station in central london ) continue to hold a number of body</lemm>
		<bigrams> 1839 21 1842 1843 23 18 1846 1847</bigrams>
	</sent>	<sent id="4">
		<raw>"We don't know how many are there."</raw>
		<lemm> we do n t know how many be there </lemm>
		<bigrams></bigrams>
	</sent>	<sent id="5">
		<raw>A total of 350 people were treated for light injuries at the scene.</raw>
		<lemm>a total of @card@ people be treat for light injury at the scene</lemm>
		<bigrams> 293 1864</bigrams>
	</sent>	<sent id="6">
		<raw>Another 350 had been taken to hospital, of whom 100 were kept in overnight.</raw>
		<lemm>another @card@ have be take to hospital  of whom @card@ be keep in overnight</lemm>
		<bigrams> 1866</bigrams>
	</sent>	<sent id="7">
		<raw>Twenty-two people were still in serious and critical conditions, he said.</raw>
		<lemm>twenty-two people be still in serious and critical condition  he say</lemm>
		<bigrams> 1876 298</bigrams>
	</sent>	<sent id="8">
		<raw>One person had died in hospital during the night.</raw>
		<lemm>one person have die in hospital during the night</lemm>
		<bigrams> 1190</bigrams>
	</sent>	<sent id="9">
		<raw>Blair said the fact that an unknown number of bodies had not yet been retrieved should not be taken as a suggestion that the death toll could climb above 100.</raw>
		<lemm>blair say the fact that an unknown number of body have not yet be retrieve should not be take as a suggestion that the death toll could climb above @card@</lemm>
		<bigrams> 391 130 114 1898 1899</bigrams>
	</sent>	<sent id="10">
		<raw>"It's yet to be the case for us to get near the carriage.</raw>
		<lemm> it be yet to be the case for us to get near the carriage</lemm>
		<bigrams> 1909</bigrams>
	</sent>	<sent id="11">
		<raw>There is a risk of the tunnel being unsafe.</raw>
		<lemm>there be a risk of the tunnel be unsafe</lemm>
		<bigrams></bigrams>
	</sent>	<sent id="12">
		<raw>I ask everyone's patience as we progress this matter," Assistant Commissioner Andy Hayman told the same news conference.</raw>
		<lemm>i ask everyone s patience as we progress this matter   assistant commissioner andy hayman tell the same news conference</lemm>
		<bigrams> 1915 1922 1923 1924 601 1925 61</bigrams>
	</sent>	<sent id="13">
		<raw>"It would be wholly unwise and could inhibit a successful prosecution if we rushed this stage," he said.</raw>
		<lemm> it would be wholly unwise and could inhibit a successful prosecution if we rush this stage   he say</lemm>
		<bigrams> 1929 1932 1935</bigrams>
	</sent>	<sent id="14">
		<raw>Hayman said each bomb likely contained less than 10 pounds (4.5 kilograms) of explosives.</raw>
		<lemm>hayman say each bomb likely contain less than @card@ pound ( @card@ kilogram ) of explosive</lemm>
		<bigrams> 602 1944 1945 364 367 1946 1947 1948 1949</bigrams>
	</sent>	<sent id="15">
		<raw>In their attack on the subway system, the attackers likely placed the bombs on floor of the train carriages, he said.</raw>
		<lemm>in their attack on the subway system  the attacker likely place the bomb on floor of the train carriage  he say</lemm>
		<bigrams> 1954 1956 1957 1961</bigrams>
	</sent></doc>