<?xml version="1.0" encoding="UTF_8"?>
<doc>	<sent id="0">
		<raw>If the terrorists' main aim in London last week was simply to kill people with bombs on public transport, their attacks were a grim success.</raw>
		<lemm>if the terrorist  main aim in london last week be simply to kill people with bomb on public transport  their attack be a grim success</lemm>
		<bigrams> 2360 2361 947 948 2366 796 2372</bigrams>
	</sent>	<sent id="1">
		<raw>If the plan was to sow fear and panic, they failed utterly.</raw>
		<lemm>if the plan be to sow fear and panic  they fail utterly</lemm>
		<bigrams> 2377 2382</bigrams>
	</sent>	<sent id="2">
		<raw>Since Thursday's four bomb blasts on three subway trains and a bus, which killed at least 52 people in total, many have remarked about how quickly, and with how little fuss, people in the British capital resumed everyday life.</raw>
		<lemm>since thursday s four bomb blast on three subway train and a bus  which kill at least @card@ people in total  many have remark about how quickly  and with how little fuss  people in the british capital resume everyday life</lemm>
		<bigrams> 2383 944 162 176 97 124 293 2386 2395 2396 2021 2397 2398 2399</bigrams>
	</sent>	<sent id="3">
		<raw>According to one claim of responsibility posted on the Internet, the attacks left "Britain burning in fear, terror, and fright".</raw>
		<lemm>accord to one claim of responsibility post on the internet  the attack leave  britain burn in fear  terror  and fright </lemm>
		<bigrams> 2401 2404 2408 2409 2410 2413</bigrams>
	</sent>	<sent id="4">
		<raw>This was far from the truth: though harrowing, the well-rehearsed plan to evacuate casualties from London Underground system and the wrecked bus worked quickly and without chaos.</raw>
		<lemm>this be far from the truth  though harrow  the well-rehearse plan to evacuate casualty from london underground system and the wreck bus work quickly and without chaos</lemm>
		<bigrams> 2418 2419 2422 2425 1237 2428 1285 2430 2431 2433</bigrams>
	</sent>	<sent id="5">
		<raw>For most of Thursday, central London had virtually no public transport, but workers accepted the inconvenience with a shrug, many making the long trek home on foot.</raw>
		<lemm>for most of thursday  central london have virtually no public transport  but worker accept the inconvenience with a shrug  many make the long trek home on foot</lemm>
		<bigrams> 2436 18 796 2443 2448 2449 2451 2452</bigrams>
	</sent>	<sent id="6">
		<raw>By Friday, much of the Underground system was operating again while bus routes were back to normal.</raw>
		<lemm>by friday  much of the underground system be operate again while bus route be back to normal</lemm>
		<bigrams> 2456 2428 2463</bigrams>
	</sent>	<sent id="7">
		<raw>By the weekend, theatres had re-opened and on Sunday tens of thousands of people gathered without apparent fear outside Buckingham Palace to mark the 60th anniversary of World War II.</raw>
		<lemm>by the weekend  theatre have re-opened and on sunday ten of thousand of people gather without apparent fear outside buckingham palace to mark the 100th anniversary of world war ii</lemm>
		<bigrams> 2467 2473 2476 2477 2478 2479 2480 2481 2482 2487 521 522</bigrams>
	</sent>	<sent id="8">
		<raw>The swift return to normality was in contrast with the experiences of New York and Madrid after their own, admittedly more devastating, terror attacks on September 11, 2001 and March 11 last year respectively.</raw>
		<lemm>the swift return to normality be in contrast with the experience of new york and madrid after their own  admittedly more devastating  terror attack on september @card@  @card@ and march @card@ last year respectively</lemm>
		<bigrams> 2490 2498 2507 1441 2509 217 224 2511 2512 2513</bigrams>
	</sent>	<sent id="9">
		<raw>Many commentators have pointed to the fact that London is no stranger to bombs, even terrorist ones.</raw>
		<lemm>many commentator have point to the fact that london be no stranger to bomb  even terrorist one</lemm>
		<bigrams> 2514 2523 2524 2525</bigrams>
	</sent>	<sent id="10">
		<raw>From the 1970s onwards, the British capital was a regular target for the Irish Republican Army (IRA), the paramilitary group seeking an end to London's rule of Northern Ireland.</raw>
		<lemm>from the 1970s onwards  the british capital be a regular target for the irish republican army ( ira )  the paramilitary group seek an end to london s rule of northern ireland</lemm>
		<bigrams> 2527 2021 2531 2534 2535 2536 2537 2538 2541 2542 2548</bigrams>
	</sent>	<sent id="11">
		<raw>The attacks, although nowhere near as deadly as that of last week, continued until Northern Ireland's 1998 Good Friday peace deal.</raw>
		<lemm>the attack  although nowhere near as deadly as that of last week  continue until northern ireland s @card@ good friday peace deal</lemm>
		<bigrams> 2270 2549 2550 948 2557 2548 2562 2563 2564 2565</bigrams>
	</sent>	<sent id="12">
		<raw>London also prides itself on the so-called "Blitz spirit", an attitude of phlegmatic self-reliance formed in the dark days of 1940 and 1941 when German bombers pounded the city night after night, killing many thousands.</raw>
		<lemm>london also pride itself on the so-called  blitz spirit   an attitude of phlegmatic self-reliance form in the dark day of @card@ and @card@ when german bomber pound the city night after night  kill many thousand</lemm>
		<bigrams> 2566 2567 2571 2572 2577 2578 2581 2585 2586 2588 2591 2592 2593</bigrams>
	</sent>	<sent id="13">
		<raw>"London is very used to terrorism.</raw>
		<lemm> london be very use to terrorism</lemm>
		<bigrams></bigrams>
	</sent>	<sent id="14">
		<raw>London had to deal with the IRA bombings for a number of years," said Stephen Clarke from the Institute of Psychiatry at King's College, part of London University.</raw>
		<lemm>london have to deal with the ira bombing for a number of year   say stephen clarke from the institute of psychiatry at king s college  part of london university</lemm>
		<bigrams> 2599 2602 2603 2604 2611 2612</bigrams>
	</sent>	<sent id="15">
		<raw>"People are still very much hold onto the World War II spirit.</raw>
		<lemm> people be still very much hold onto the world war ii spirit</lemm>
		<bigrams> 2615 2616 521 522 2619</bigrams>
	</sent>	<sent id="16">
		<raw>People want to honour the memory of those who lived during the war, and the Blitz in particular.</raw>
		<lemm>people want to honour the memory of those who live during the war  and the blitz in particular</lemm>
		<bigrams> 2620</bigrams>
	</sent>	<sent id="17">
		<raw>"That's the British spirit: we will not be put down by anyone or anything.</raw>
		<lemm> that be the british spirit  we will not be put down by anyone or anything</lemm>
		<bigrams> 2632</bigrams>
	</sent>	<sent id="18">
		<raw>It's a very interesting psyche."</raw>
		<lemm>it be a very interesting psyche </lemm>
		<bigrams> 2642</bigrams>
	</sent>	<sent id="19">
		<raw>Additionally, Clarke added, Londoners had been "expecting a lot worse, something like a dirty bomb, or bio-terrorism, or a bigger bomb, or more bombs."</raw>
		<lemm>additionally  clarke add  londoner have be  expect a lot worse  something like a dirty bomb  or bio-terrorism  or a big bomb  or more bomb </lemm>
		<bigrams> 2643 2644 2645 2650 2651 2652 2654 2659</bigrams>
	</sent>	<sent id="20">
		<raw>Another key factor in shaping the city's response was that so much of the carnage was hidden from view in the subway system, added Professor Stephen Graham, an expert on urban living at the University of Durham.</raw>
		<lemm>another key factor in shape the city s response be that so much of the carnage be hide from view in the subway system  add professor stephen graham  an expert on urban living at the university of durham</lemm>
		<bigrams> 2661 2662 1954 2677 2678 2679 2680 2685</bigrams>
	</sent>	<sent id="21">
		<raw>"Even now, there very little to see.</raw>
		<lemm> even now  there very little to see</lemm>
		<bigrams></bigrams>
	</sent>	<sent id="22">
		<raw>No images.</raw>
		<lemm>no image</lemm>
		<bigrams></bigrams>
	</sent>	<sent id="23">
		<raw>The very fact that the attacks were underground means that they almost have to be imagined.</raw>
		<lemm>the very fact that the attack be underground mean that they almost have to be imagine</lemm>
		<bigrams> 2699</bigrams>
	</sent>	<sent id="24">
		<raw>In 9/11, the visual aspect was overpowering," he said.</raw>
		<lemm>in @card@  the visual aspect be overpowering   he say</lemm>
		<bigrams> 2707</bigrams>
	</sent>	<sent id="25">
		<raw>But London also had its own defiant ethos, Graham added, shown in Londoners' business-as-usual reaction.</raw>
		<lemm>but london also have its own defiant ethos  graham add  show in londoner  business-as-usual reaction</lemm>
		<bigrams> 2566 2716 2717 2718 2719 2722 2723</bigrams>
	</sent>	<sent id="26">
		<raw>"It reflects a very strong determination not to have fear change the city," he said.</raw>
		<lemm> it reflect a very strong determination not to have fear change the city   he say</lemm>
		<bigrams> 2727 2731</bigrams>
	</sent>	<sent id="27">
		<raw>"We don't want to allow fear, which is the object of the attacks, to undermine what for many people is so special about London, a global city where 200 languages are spoken."</raw>
		<lemm> we do n t want to allow fear  which be the object of the attack  to undermine what for many people be so special about london  a global city where @card@ language be speak </lemm>
		<bigrams> 2735 2744 2749 2752</bigrams>
	</sent></doc>