<?xml version="1.0" encoding="UTF_8"?>
<doc>	<sent id="0">
		<raw>Bomb explosions tore through three subway trains and a red double-decker bus in a coordinated terror attack during London's morning rush hour on Thursday, killing at least 37 people, injuring about 700 and leaving the city stunned, bloodied but oddly stoic.</raw>
		<lemm>bomb explosion tear through three subway train and a red double-decker bus in a coordinate terror attack during london s morning rush hour on thursday  kill at least @card@ people  injure about @card@ and leave the city stun  bloody but oddly stoic</lemm>
		<bigrams> 1432 1433 176 97 1437 180 1440 1441 1244 793 1445 124 293 294 1449 1450 1453</bigrams>
	</sent>	<sent id="1">
		<raw>On Wednesday, London bubbled over with joy at winning the 2012 Olympics.</raw>
		<lemm>on wednesday  london bubble over with joy at win the @card@ olympics</lemm>
		<bigrams> 1455 1456 1463</bigrams>
	</sent>	<sent id="2">
		<raw>On Thursday, commuters on the city's subways were plunged into the nightmare of a subterranean bloodbath, when an explosion tore through a subway train 100 yards into the tunnel at Liverpool Street Station at 8:51 a.m., according to a police chronology.</raw>
		<lemm>on thursday  commuter on the city s subway be plunge into the nightmare of a subterranean bloodbath  when an explosion tear through a subway train @card@ yard into the tunnel at liverpool street station at @card@ a m  accord to a police chronology</lemm>
		<bigrams> 1464 1472 1433 97 1477 1478 1482 1483 1490</bigrams>
	</sent>	<sent id="3">
		<raw>Seven people died.</raw>
		<lemm>seven people die</lemm>
		<bigrams> 1491 630</bigrams>
	</sent>	<sent id="4">
		<raw>The next explosion occurred at 8:56 a.m. near King's Cross Station, where the death toll was 21, the police said.</raw>
		<lemm>the next explosion occur at @card@ a m near king s cross station  where the death toll be @card@  the police say</lemm>
		<bigrams> 1493 1494 1497 1063 114 25</bigrams>
	</sent>	<sent id="5">
		<raw>Twenty-one minutes later, at 9:17 a.m., a third blast ripped through a train coming in Edgware Road underground station, killing seven.</raw>
		<lemm>twenty-one minute later  at @card@ a m  a third blast rip through a train come in edgware road underground station  kill seven</lemm>
		<bigrams> 1501 1502 1505 1506 1509 1512 1513 1337 1514 1515</bigrams>
	</sent>	<sent id="6">
		<raw>Above ground, at 9:47 a.m., an explosion tore open the roof of a No.</raw>
		<lemm>above ground  at @card@ a m  an explosion tear open the roof of a no </lemm>
		<bigrams> 1433 1519</bigrams>
	</sent>	<sent id="7">
		<raw>30 double-decker bus with such force that it threw debris three yards into the air.</raw>
		<lemm>@card@ double-decker bus with such force that it throw debris three yard into the air</lemm>
		<bigrams> 1524 180 1530 1531 1532</bigrams>
	</sent>	<sent id="8">
		<raw>The blast, at the junction of Upper Woburn Place and Tavistock Place, was so powerful that it took hours to determine that two people had died.</raw>
		<lemm>the blast  at the junction of upper woburn place and tavistock place  be so powerful that it take hour to determine that two people have die</lemm>
		<bigrams> 1537 1538 1541 1545 1548</bigrams>
	</sent>	<sent id="9">
		<raw>The entire subway network was closed as rescue workers went deep below ground to look for the dead and wounded.</raw>
		<lemm>the entire subway network be close as rescue worker go deep below ground to look for the dead and wounded</lemm>
		<bigrams> 1550 1551 1556 1557 1558</bigrams>
	</sent>	<sent id="10">
		<raw>Police in yellow slickers sealed off streets and bus services were halted.</raw>
		<lemm>police in yellow slicker seal off street and bus service be halt</lemm>
		<bigrams> 1566 1567 1571</bigrams>
	</sent>	<sent id="11">
		<raw>"It is reasonably clear that there have been a series of terrorist attacks in London," a shaken-looking Prime Minister Tony Blair told reporters before he left the Group of Eight summit meeting he was hosting at Gleneagles, Scotland.</raw>
		<lemm> it be reasonably clear that there have be a series of terrorist attack in london   a shaken-looking prime minister tony blair tell reporter before he leave the group of eight summit meeting he be host at gleneagles  scotland</lemm>
		<bigrams> 1575 1582 1585 704 705 706 1586 1587 715 1591 718</bigrams>
	</sent>	<sent id="12">
		<raw>The attack, he said, was timed to coincide with the summit meeting.</raw>
		<lemm>the attack  he say  be time to coincide with the summit meeting</lemm>
		<bigrams> 1591</bigrams>
	</sent>	<sent id="13">
		<raw>He flew back to London lead emergency ministerial meetings here, leaving the other seven leaders, including President Bush, for several hours.</raw>
		<lemm>he fly back to london lead emergency ministerial meeting here  leave the other seven leader  include president bush  for several hour</lemm>
		<bigrams> 1604 1607 1608 1609 1610 1614 1615 1616 1617 1620</bigrams>
	</sent>	<sent id="14">
		<raw>A group called Secret al-Qaida Jihad Organization in Europe claimed responsibility, saying the attacks were undertaken to avenge British involvement in the wars in Afghanistan and Iraq.</raw>
		<lemm>a group call secret al-qaida jihad organization in europe claim responsibility  say the attack be undertake to avenge british involvement in the war in afghanistan and iraq</lemm>
		<bigrams> 1622 1623 1624 1625 1626 1629 1630 1631 1636 1637</bigrams>
	</sent>	<sent id="15">
		<raw>The attacks were the worst in British memory since World War II.</raw>
		<lemm>the attack be the bad in british memory since world war ii</lemm>
		<bigrams> 1647 1648 1649 521 522</bigrams>
	</sent>	<sent id="16">
		<raw>Some of the wounded were ferried to hospitals swathed in silvery space blankets, their faces blackened with soot.</raw>
		<lemm>some of the wounded be ferry to hospital swathe in silvery space blanket  their face blacken with soot</lemm>
		<bigrams> 1655 1658 1659 1662</bigrams>
	</sent>	<sent id="17">
		<raw>The police said seriously injured people had lost limbs and were badly burned.</raw>
		<lemm>the police say seriously injure people have lose limb and be badly burn</lemm>
		<bigrams> 25 1665 1666 1667 1669 1672</bigrams>
	</sent>	<sent id="18">
		<raw>Yusuf Pandor, 40, of North West London was looking to return to his car on the other side of the barriers.</raw>
		<lemm>yusuf pandor  @card@  of north west london be look to return to his car on the other side of the barrier</lemm>
		<bigrams> 1673 1674 1676 1677</bigrams>
	</sent>	<sent id="19">
		<raw>Just more than an hour earlier, he was one of many Samaritans helping pull bombing victims into the nearby Hilton Metropol.</raw>
		<lemm>just more than an hour earlier  he be one of many samaritan help pull bombing victim into the nearby hilton metropol</lemm>
		<bigrams> 1689 1692 1693 1694 1695 1696 1699 1700</bigrams>
	</sent>	<sent id="20">
		<raw>"They were shaken, bleeding," Pador said.</raw>
		<lemm> they be shake  bleed   pador say</lemm>
		<bigrams> 1702 1703 1704</bigrams>
	</sent>	<sent id="21">
		<raw>"One woman was badly injured, burned on her face.</raw>
		<lemm> one woman be badly injure  burn on her face</lemm>
		<bigrams> 1705 1707 1708</bigrams>
	</sent>	<sent id="22">
		<raw>She had it covered.</raw>
		<lemm>she have it cover</lemm>
		<bigrams></bigrams>
	</sent>	<sent id="23">
		<raw>People were just shocked."</raw>
		<lemm>people be just shock </lemm>
		<bigrams></bigrams>
	</sent>	<sent id="24">
		<raw>Loyita Worley, who works for a London law firm, told the BBC that she was in the subway when an explosion took place in the next carriage, while it was in a tunnel.</raw>
		<lemm>loyita worley  who work for a london law firm  tell the bbc that she be in the subway when an explosion take place in the next carriage  while it be in a tunnel</lemm>
		<bigrams> 1718 1723 1724 1725 1731 1732 1734</bigrams>
	</sent>	<sent id="25">
		<raw>Worley, 49, said: "All the lights went out and the train came to an immediate halt.</raw>
		<lemm>worley  @card@  say   all the light go out and the train come to an immediate halt</lemm>
		<bigrams> 1738 1739 1742 1509 1747</bigrams>
	</sent>	<sent id="26">
		<raw>There was smoke everywhere and everyone was coughing and choking, but remained calm.</raw>
		<lemm>there be smoke everywhere and everyone be cough and choke  but remain calm</lemm>
		<bigrams> 1749 1757</bigrams>
	</sent>	<sent id="27">
		<raw>We couldn't open the doors."</raw>
		<lemm>we could n t open the door </lemm>
		<bigrams> 1759</bigrams>
	</sent>	<sent id="28">
		<raw>By evening some parts of the city were eerily calm, the usually thronged streets around some railroad stations cordoned off and empty while thousands of people packed the sidewalks, stranded by the lack of public transportation, seeking ways home.</raw>
		<lemm>by evening some part of the city be eerily calm  the usually throng street around some railroad station cordon off and empty while thousand of people pack the sidewalk  strand by the lack of public transportation  seek way home</lemm>
		<bigrams> 1769 1772 1773 357 1776 1777 1783 1786 1791 1792 1793 1794</bigrams>
	</sent></doc>