<?xml version="1.0" encoding="UTF_8"?>
<doc>	<sent id="0">
		<raw>The subway tunnel between King's Cross and Russell Square is one of several "deep tubes" bored through London's bedrock and clay more than a century ago: 70 feet down, 12 feet in diameter and reinforced with iron rings, the single-track tunnel affords just inches of clearance for trains.</raw>
		<lemm>the subway tunnel between king s cross and russell square be one of several  deep tube  bore through london s bedrock and clay more than a century ago  @card@ foot down  @card@ foot in diameter and reinforce with iron ring  the single-track tunnel afford just inch of clearance for train</lemm>
		<bigrams> 877 21 884 885 886 894 895 896 896 905 908 909</bigrams>
	</sent>	<sent id="1">
		<raw>On Thursday, the tunnel intensified the impact of a bomb containing about 10 pounds of high explosives, sending its force punching through the cars like a blast down the barrel of a shotgun.</raw>
		<lemm>on thursday  the tunnel intensify the impact of a bomb contain about @card@ pound of high explosive  send its force punching through the car like a blast down the barrel of a shotgun</lemm>
		<bigrams> 918 923 367 370 926 929 933</bigrams>
	</sent>	<sent id="2">
		<raw>It was the deadliest of the four bomb blasts in London last week; at least 21 people died on the train.</raw>
		<lemm>it be the deadly of the four bomb blast in london last week  at least @card@ people die on the train</lemm>
		<bigrams> 944 162 947 948 124 293 630</bigrams>
	</sent>	<sent id="3">
		<raw>In the days since, dozens of recovery workers in heavy white protective suits have gone in time and again, entering a nightmarish scene of mangled remains, twisted metal and hellish temperatures, and even an infestation of rats.</raw>
		<lemm>in the day since  dozen of recovery worker in heavy white protective suit have go in time and again  enter a nightmarish scene of mangle remains  twisted metal and hellish temperature  and even an infestation of rat</lemm>
		<bigrams> 951 952 620 957 958 959 969 972 973 974 977</bigrams>
	</sent>	<sent id="4">
		<raw>Crammed tight against the walls and wreckage, the searchers have crawled carefully, inches at a time, to avoid disturbing evidence while they try to recover body parts.</raw>
		<lemm>cram tight against the wall and wreckage  the searcher have crawl carefully  inch at a time  to avoid disturbing evidence while they try to recover body part</lemm>
		<bigrams> 983 993 994 999 1000 11 1005</bigrams>
	</sent>	<sent id="5">
		<raw>By late Sunday, they pulled out the last of the visible remains of the 49 people known to have died in the bombings.</raw>
		<lemm>by late sunday  they pull out the last of the visible remains of the @card@ people know to have die in the bombing</lemm>
		<bigrams> 1007 1015 293 1017</bigrams>
	</sent>	<sent id="6">
		<raw>But even then their job may not have been finished: The police say more remains might be obscured, because some people may have been blown out the front of the train and then run over as it skidded to a halt.</raw>
		<lemm>but even then their job may not have be finish  the police say more remains might be obscure  because some people may have be blow out the front of the train and then run over as it skid to a halt</lemm>
		<bigrams> 1027 25 1035 1040</bigrams>
	</sent>	<sent id="7">
		<raw>The bomb exploded in the lead car moments after the train pulled out of the King's Cross station, blowing apart the car and making it impossible to reach the dead and injured from the rear.</raw>
		<lemm>the bomb explode in the lead car moment after the train pull out of the king s cross station  blow apart the car and make it impossible to reach the dead and injure from the rear</lemm>
		<bigrams> 1054 1057 1058 1061 1063 1064 174</bigrams>
	</sent>	<sent id="8">
		<raw>Recovery teams have had to work from the Russell Square station, ferrying people and equipment in and human remains out more than a third of a mile on a battery-operated trolley recently built for use in the tunnels in case of a chemical attack.</raw>
		<lemm>recovery team have have to work from the russell square station  ferry people and equipment in and human remains out more than a third of a mile on a battery-operated trolley recently build for use in the tunnel in case of a chemical attack</lemm>
		<bigrams> 77 21 638 1078 1079 1085 1094 1095 1096 1104</bigrams>
	</sent>	<sent id="9">
		<raw>Deputy Chief Constable Andy Trotter of the British Transport Police said the recovery was hampered by the heat and stillness of the air.</raw>
		<lemm>deputy chief constable andy trotter of the british transport police say the recovery be hamper by the heat and stillness of the air</lemm>
		<bigrams> 54 55 56 57 51 52 25</bigrams>
	</sent>	<sent id="10">
		<raw>Temperatures are about 120 degrees, kept hot by intense lights, heavy equipment and lingering heat from the blast.</raw>
		<lemm>temperature be about @card@ degree  keep hot by intense light  heavy equipment and linger heat from the blast</lemm>
		<bigrams> 1119 1120 1121 1124 1125 1126 1129</bigrams>
	</sent>	<sent id="11">
		<raw>The tunnel has been sealed at either end of the accident site to stop the stench from the bodies from leaking into the other subway lines that meet at King's Cross station.</raw>
		<lemm>the tunnel have be seal at either end of the accident site to stop the stench from the body from leak into the other subway line that meet at king s cross station</lemm>
		<bigrams> 1135 1138 1150 1063</bigrams>
	</sent>	<sent id="12">
		<raw>Trotter said the crews working in the tunnel were wearing heavy boots, gloves and helmets, as well as face masks because of the risk of asbestos particles in the air from the train's brakes.</raw>
		<lemm>trotter say the crew work in the tunnel be wear heavy boot  glove and helmet  as well as face mask because of the risk of asbestos particle in the air from the train s brake</lemm>
		<bigrams> 1155 1157 1159 1160 1161 1168 1173</bigrams>
	</sent>	<sent id="13">
		<raw>"It's very hot and very dusty and extremely grim," Trotter said.</raw>
		<lemm> it be very hot and very dusty and extremely grim   trotter say</lemm>
		<bigrams> 1181 1182 1155</bigrams>
	</sent></doc>