<?xml version="1.0" encoding="UTF_8"?>
<doc>	<sent id="0">
		<raw>British Prime Minister Tony Blair Thursday left the Group of Eight summit by helicopter to be briefed on the attacks in London, but the G8 summit will continue.</raw>
		<lemm>british prime minister tony blair thursday leave the group of eight summit by helicopter to be brief on the attack in london  but the g8 summit will continue</lemm>
		<bigrams> 1963 704 705 706 1964 1965 715 1974</bigrams>
	</sent>	<sent id="1">
		<raw>Britain's Home Secretary Charles Clarke confirmed that there were four explosions in central London on Thursday.</raw>
		<lemm>britain s home secretary charles clarke confirm that there be four explosion in central london on thursday</lemm>
		<bigrams> 1979 1980 1981 1982 1984 18</bigrams>
	</sent>	<sent id="2">
		<raw>Speaking at the House of Commons, Clarke said three were on subway trains and the fourth was on a bus.</raw>
		<lemm>speak at the house of commons  clarke say three be on subway train and the fourth be on a bus</lemm>
		<bigrams> 1991 1992 1993 97</bigrams>
	</sent>	<sent id="3">
		<raw>"We do not know who or what organizations are responsible for these terrible criminal acts," the home secretary said.</raw>
		<lemm> we do not know who or what organization be responsible for these terrible criminal act   the home secretary say</lemm>
		<bigrams> 2003 2004 1979 2007</bigrams>
	</sent>	<sent id="4">
		<raw>Latest reports said at least 10 people have been killed in the explosions and 185 injured in a wave of apparently coordinated bomb attacks across the British capital.</raw>
		<lemm>late report say at least @card@ people have be kill in the explosion and @card@ injure in a wave of apparently coordinate bomb attack across the british capital</lemm>
		<bigrams> 2008 1201 124 293 2012 2017 2018 1194 2019 2021</bigrams>
	</sent></doc>