<?xml version="1.0" encoding="UTF_8"?>
<doc>	<sent id="0">
		<raw>London's police chief said on Friday there was still no evidence that Thursday's terror attacks on the capital had been carried out by suicide bombers.</raw>
		<lemm>london s police chief say on friday there be still no evidence that thursday s terror attack on the capital have be carry out by suicide bomber</lemm>
		<bigrams> 1804 1805 1441 580</bigrams>
	</sent>	<sent id="1">
		<raw>"We have absolutely nothing to suggest this was a suicide bombing attack although nothing at this stage to rule that out," Head of London metropolitan police Ian Blair told a press conference.</raw>
		<lemm> we have absolutely nothing to suggest this be a suicide bombing attack although nothing at this stage to rule that out   head of london metropolitan police ian blair tell a press conference</lemm>
		<bigrams> 2263 2269 119 2270 2271 2280 304 2281 300 1586 2283</bigrams>
	</sent>	<sent id="2">
		<raw>London's underground stations were hit by four bomb attacks at the rush hour on Thursday morning, which killed at least 50 people and injured 700.</raw>
		<lemm>london s underground station be hit by four bomb attack at the rush hour on thursday morning  which kill at least @card@ people and injured @card@</lemm>
		<bigrams> 1337 944 1194 793 1228 124 293 2293</bigrams>
	</sent>	<sent id="3">
		<raw>The attacks, the deadliest ever carried out on London in peacetime, coincided with a summit of the Group of Eight in Gleneagles, Scotland.</raw>
		<lemm>the attack  the deadly ever carry out on london in peacetime  coincide with a summit of the group of eight in gleneagles  scotland</lemm>
		<bigrams> 2295 2296 2299 718</bigrams>
	</sent>	<sent id="4">
		<raw>Blair said efforts were still being made to establish the precise number of deaths from the blasts on three subway trains and one double-decker bus.</raw>
		<lemm>blair say effort be still be make to establish the precise number of death from the blast on three subway train and one double-decker bus</lemm>
		<bigrams> 391 2303 2310 176 97 2314 180</bigrams>
	</sent>	<sent id="5">
		<raw>Police said on Thursday that 35 people died on subway trains.</raw>
		<lemm>police say on thursday that @card@ people die on subway train</lemm>
		<bigrams> 25 293 630 97</bigrams>
	</sent>	<sent id="6">
		<raw>Assistant Commissioner Andy Hayman said forensic investigations suggested each one of the devices used in the attacks had probably contained less than 10 pounds (4.5 kilograms) of high explosives.</raw>
		<lemm>assistant commissioner andy hayman say forensic investigation suggest each one of the device use in the attack have probably contain less than @card@ pound ( @card@ kilogram ) of high explosive</lemm>
		<bigrams> 1923 1924 601 602 603 2317 2318 2322 2324 364 367 1946 1947 1948 1949 370</bigrams>
	</sent>	<sent id="7">
		<raw>Hayman said that the explosive devices, due to their small sizes, could have been carried to the explosion sites with backpacks.</raw>
		<lemm>hayman say that the explosive device  due to their small size  could have be carry to the explosion site with backpack</lemm>
		<bigrams> 602 610 2325 2329 2330 2332</bigrams>
	</sent>	<sent id="8">
		<raw>"We do believe that each device put on the Tube trains was put on the floor of the carriages," Hayman said.</raw>
		<lemm> we do believe that each device put on the tube train be put on the floor of the carriage   hayman say</lemm>
		<bigrams> 2338 1839 2342 602</bigrams>
	</sent>	<sent id="9">
		<raw>The police commissioner also said it was possible that an active terror cell was still intact and capable of another attack.</raw>
		<lemm>the police commissioner also say it be possible that an active terror cell be still intact and capable of another attack</lemm>
		<bigrams> 1812 2343 126 2347 2348 2350 2354</bigrams>
	</sent>	<sent id="10">
		<raw>"We must remain vigilant," he said.</raw>
		<lemm> we must remain vigilant   he say</lemm>
		<bigrams> 2356 2357</bigrams>
	</sent></doc>