<?xml version="1.0" encoding="UTF_8"?>
<doc>	<sent id="0">
		<raw>Sudanese government envoys and the leaders of a rebellion in the western province of Darfur opened formal peace negotiations Monday at an African Union-sponsored conference in Abuja.</raw>
		<lemm>sudanese government envoy and the leader of a rebellion in the western province of darfur open formal peace negotiation monday at an african union-sponsored conference in abuja</lemm>
		<bigrams> 230 1680 1685 1687 1688 1689 1690 1691 1693 1694</bigrams>
	</sent>	<sent id="1">
		<raw>AU special envoy Hamid Algabid welcomed the delegates to the conference venue in the Nigerian capital before the start of closed-door talks on the security and humanitarian crisis in the war-ravaged region.</raw>
		<lemm>au special envoy hamid algabid welcome the delegate to the conference venue in the nigerian capital before the start of closed-door talk on the security and humanitarian crisis in the war-ravage region</lemm>
		<bigrams> 1696 1415 1697 1698 1699 1703 24 1710 1713 1715</bigrams>
	</sent>	<sent id="2">
		<raw>The parties have been in informal discussions since Friday but are now expected to begin negotiations on two draft agreements, one guaranteeing the protection of civilians and one on de-militarising the conflict.</raw>
		<lemm>the party have be in informal discussion since friday but be now expect to begin negotiation on two draft agreement  one guarantee the protection of civilian and one on de-militarising the conflict</lemm>
		<bigrams> 1718 1719 1720 1726 1729 1730 1731 1732</bigrams>
	</sent>	<sent id="3">
		<raw>AU officials expect the talks to last at least three weeks.</raw>
		<lemm>au official expect the talk to last at least three week</lemm>
		<bigrams> 1742 1743 1749 1750</bigrams>
	</sent>	<sent id="4">
		<raw>The Khartoum governmnet and Darfur's two rebel groups have been at war for 20 months.</raw>
		<lemm>the khartoum governmnet and darfur s two rebel group have be at war for @card@ month</lemm>
		<bigrams> 1751 157 158 863</bigrams>
	</sent>	<sent id="5">
		<raw>A ceasefire deal was signed in Chad's capital Ndjamema in April, but UN and AU monitors say that it is often violated.</raw>
		<lemm>a ceasefire deal be sign in chad s capital ndjamema in april  but un and au monitor say that it be often violate</lemm>
		<bigrams> 1758 1765 1771 1772 1775</bigrams>
	</sent>	<sent id="6">
		<raw>The United Nations estimates that 1.5 million people have been driven from their homes during the fighting, and 70,000 have been killed.</raw>
		<lemm>the united nations estimate that @card@ million people have be drive from their home during the fighting  and @card@ have be kill</lemm>
		<bigrams> 739 1776 683 1778</bigrams>
	</sent></doc>