<?xml version="1.0" encoding="UTF_8"?>
<doc>	<sent id="0">
		<raw>Peace talks between Darfur's rebels and the Sudanese government, which had been scheduled to restart in Nigeria next week, have been moved to the Libyan capital Tripoli, the African Union's chairman said Friday.</raw>
		<lemm>peace talk between darfur s rebel and the sudanese government  which have be schedule to restart in nigeria next week  have be move to the libyan capital tripoli  the african union s chairman say friday</lemm>
		<bigrams> 4 230 923 924 929 930 29 934 692</bigrams>
	</sent>	<sent id="1">
		<raw>President Olusegun Obasanjo of Nigeria, who as the AU's current chairman hosted a first round of talks in Abuja in August and September, announced the switch at a briefing on the crisis for western ambassadors, his office said.</raw>
		<lemm>president olusegun obasanjo of nigeria  who as the au s current chairman host a first round of talk in abuja in august and september  announce the switch at a briefing on the crisis for western ambassador  his office say</lemm>
		<bigrams> 935 936 942 943 103 951 960 963</bigrams>
	</sent>	<sent id="2">
		<raw>"Talks on Darfur earlier slated for Abuja had to be switched to Tripoli to secure the attendance of neighbouring countries whose cooperation was crucial to lasting peace," it said in a statement, without elaborating.</raw>
		<lemm> talk on darfur earlier slate for abuja have to be switch to tripoli to secure the attendance of neighbour country whose cooperation be crucial to lasting peace   it say in a statement  without elaborate</lemm>
		<bigrams> 964 965 977 978 979 984 987 988</bigrams>
	</sent>	<sent id="3">
		<raw>Although the text did not say when the talks were due to restart, an official in the Nigerian president's office told AFP that they will resume in Tripoli on October 21.</raw>
		<lemm>although the text do not say when the talk be due to restart  an official in the nigerian president s office tell afp that they will resume in tripoli on october @card@</lemm>
		<bigrams> 999 1002 1003 1012</bigrams>
	</sent>	<sent id="4">
		<raw>The previous round in Abuja was suspended for one month on September 18.</raw>
		<lemm>the previous round in abuja be suspend for one month on september @card@</lemm>
		<bigrams> 1014 1020 1023</bigrams>
	</sent>	<sent id="5">
		<raw>Sudan's neighbours Chad and Libya are seen as having a role to play in bringing the conflict travel to Tripoli on Sunday to meet Libyan leader Moamer Khadafi, Sudanese President Omar al-Beshir and Chadian and Egyptian representatives for an AU mini-summit on the fighting.</raw>
		<lemm>sudan s neighbour chad and libya be see as have a role to play in bring the conflict travel to tripoli on sunday to meet libyan leader moamer khadafi  sudanese president omar al-beshir and chadian and egyptian representative for an au mini-summit on the fighting</lemm>
		<bigrams> 1025 1039 1042 1043 1044 1045 1046 807 808 1047 1052 1056</bigrams>
	</sent></doc>