<?xml version="1.0" encoding="UTF_8"?>
<doc>	<sent id="0">
		<raw>The third day of peace talks on the crisis in Sudan's Darfur region adjourned Wednesday morning hardly an hour into the discussions in Nigerian capital Abuja, after the African Union (AU) mediators asked for more time to prepare a document on security.</raw>
		<lemm>the third day of peace talk on the crisis in sudan s darfur region adjourn wednesday morning hardly an hour into the discussion in nigerian capital abuja  after the african union ( au ) mediator ask for more time to prepare a document on security</lemm>
		<bigrams> 1 4 12 13 14 15 16 24 25 29 30 31 32 33 34</bigrams>
	</sent>	<sent id="1">
		<raw>"The document on security when prepared, shall be tabled for discussion" later in the afternoon, Mohammed Yusuf, a staff of humanitarian affair to the ongoing talks in Abuja, told reporters.</raw>
		<lemm> the document on security when prepare  shall be table for discussion  later in the afternoon  mohammed yusuf  a staff of humanitarian affair to the ongoing talk in abuja  tell reporter</lemm>
		<bigrams> 47 52 56 57 62 66 69 70</bigrams>
	</sent>	<sent id="2">
		<raw>He said all sides required a little time to study the document but shall do so quickly to improve the situation in Darfur.</raw>
		<lemm>he say all side require a little time to study the document but shall do so quickly to improve the situation in darfur</lemm>
		<bigrams> 74 77</bigrams>
	</sent>	<sent id="3">
		<raw>The disagreement on the sensitive security issue has led to the collapse of the first round of peace talks in Abuja a month ago.</raw>
		<lemm>the disagreement on the sensitive security issue have lead to the collapse of the first round of peace talk in abuja a month ago</lemm>
		<bigrams> 94 95 103 4 107</bigrams>
	</sent>	<sent id="4">
		<raw>However, "all the parties now have better positions," said Yusuf.</raw>
		<lemm>however   all the party now have good position   say yusuf</lemm>
		<bigrams> 114 115 116</bigrams>
	</sent>	<sent id="5">
		<raw>The decision to table the issue of security at Wednesday's talks was contrary to indications Tuesday that the issue of politics, involving power and wealth sharing, shall be tackled.</raw>
		<lemm>the decision to table the issue of security at wednesday s talk be contrary to indication tuesday that the issue of politics  involve power and wealth sharing  shall be tackle</lemm>
		<bigrams> 132 136 137 140 141</bigrams>
	</sent>	<sent id="6">
		<raw>Ahmed Tugod, spokesmen for the Justice and Equality Movement ( JEM), one of the two rebel groups in Darfur, said at that time Wednesday will witness a "declaration on principles."</raw>
		<lemm>ahmed tugod  spokesman for the justice and equality movement ( jem )  one of the two rebel group in darfur  say at that time wednesday will witness a  declaration on principle </lemm>
		<bigrams> 143 144 150 151 152 153 154 157 158 160 164</bigrams>
	</sent>	<sent id="7">
		<raw>"It's better to focus on, immediately, the political issue we are looking for ... we want to make a breakthrough," Tugod said.</raw>
		<lemm> it be good to focus on  immediately  the political issue we be look for   we want to make a breakthrough   tugod say</lemm>
		<bigrams> 179 190 191</bigrams>
	</sent>	<sent id="8">
		<raw>He added the talks now focused on the political issue, because the first round, which ran between Aug. 23 and Sept. 17, concentrated on humanitarian and security issues but "took a lot of time and ended in a deadlock."</raw>
		<lemm>he add the talk now focus on the political issue  because the first round  which run between aug @card@ and sept @card@  concentrate on humanitarian and security issue but  take a lot of time and end in a deadlock </lemm>
		<bigrams> 179 103 203 206 207 95</bigrams>
	</sent>	<sent id="9">
		<raw>Prior to Wednesday's talks, Ibrahim Mohammed Ibrahim, spokesmen for the Sudanese government, reaffirmed the willingness of his government to talk the political issue with the rebels as the issue of power and wealth sharing contained in the federal system of Sudan had been developing since 1994.</raw>
		<lemm>prior to wednesday s talk  ibrahim mohammed ibrahim  spokesman for the sudanese government  reaffirm the willingness of his government to talk the political issue with the rebel as the issue of power and wealth sharing contain in the federal system of sudan have be develop since @card@</lemm>
		<bigrams> 225 226 227 228 230 231 179 140 246 249 255 256</bigrams>
	</sent>	<sent id="10">
		<raw>"Every state has its autonomy with a self government and constitution with little guidelines from the federal government," he said.</raw>
		<lemm> every state have its autonomy with a self government and constitution with little guideline from the federal government   he say</lemm>
		<bigrams> 257 264 269 272</bigrams>
	</sent>	<sent id="11">
		<raw>Delegates said both sides were ready for political talks Thursday.</raw>
		<lemm>delegate say both side be ready for political talk thursday</lemm>
		<bigrams> 274 281 282</bigrams>
	</sent>	<sent id="12">
		<raw>Clashes in Sudan's Darfur flared up in February 2003, and has so far caused thousands of deaths and sent about one million fleeing to neighboring Chad or internally displaced.</raw>
		<lemm>clash in sudan s darfur flare up in february @card@  and have so far cause thousand of death and send about one million flee to neighboring chad or internally displace</lemm>
		<bigrams> 284 288 292 293 300 301 304 307</bigrams>
	</sent>	<sent id="13">
		<raw>A senior Egyptian diplomat said Sunday that a five-way summit to be held here later in the day eyes finding humanitarian and political solutions to the Darfur crisis within the framework of the African Union (AU).</raw>
		<lemm>a senior egyptian diplomat say sunday that a five-way summit to be hold here later in the day eye find humanitarian and political solution to the darfur crisis within the framework of the african union ( au )</lemm>
		<bigrams> 309 310 311 312 316 323 324 325 327 330 331 29 30 31 32</bigrams>
	</sent>	<sent id="14">
		<raw>"The summit will try to find an appropriate way within the AU framework that can be accepted by Sudan's two conflicting sides of their accord, not against their will," the diplomat in the Egyptian delegation told Xinhua in an interview.</raw>
		<lemm> the summit will try to find an appropriate way within the au framework that can be accept by sudan s two conflicting side of their accord  not against their will   the diplomat in the egyptian delegation tell xinhua in an interview</lemm>
		<bigrams> 342 343 345 353 354 366 367 368</bigrams>
	</sent>	<sent id="15">
		<raw>"How to strengthen the AU framework is one of the major topics of the summit," he said on condition of anonymity.</raw>
		<lemm> how to strengthen the au framework be one of the major topic of the summit   he say on condition of anonymity</lemm>
		<bigrams> 345 378</bigrams>
	</sent>	<sent id="16">
		<raw>Foreign ministers from Libya, Sudan, Egypt, Nigeria and Chad are to convene on the Darfur issue in preparations for the summit slated for late Sunday, which grouped leaders from the five countries.</raw>
		<lemm>foreign minister from libya  sudan  egypt  nigeria and chad be to convene on the darfur issue in preparation for the summit slate for late sunday  which group leader from the five country</lemm>
		<bigrams> 385 388 389 390 397 401 404 407 410</bigrams>
	</sent>	<sent id="17">
		<raw>He noted that the summit is called at an important timing when conflicting views emerged at both regional and international levels toward how to solve the Darfur crisis.</raw>
		<lemm>he note that the summit be call at an important timing when conflicting view emerge at both regional and international level toward how to solve the darfur crisis</lemm>
		<bigrams> 418 421 422 428 429 330</bigrams>
	</sent>	<sent id="18">
		<raw>"Egypt has a clear attitude toward the humanitarian aspect in the Darfur issue, that is to say, we have to allow Sudan all opportunities to solve the crisis," the diplomat said.</raw>
		<lemm> egypt have a clear attitude toward the humanitarian aspect in the darfur issue  that be to say  we have to allow sudan all opportunity to solve the crisis   the diplomat say</lemm>
		<bigrams> 436 437 440 397 449 311</bigrams>
	</sent>	<sent id="19">
		<raw>As a neighboring country of Sudan, Egypt would try its best to offer help, the diplomat said, adding Egypt would like to call for a similar summit in the near future if necessary.</raw>
		<lemm>as a neighboring country of sudan  egypt would try its good to offer help  the diplomat say  add egypt would like to call for a similar summit in the near future if necessary</lemm>
		<bigrams> 456 389 458 459 463 311 465 466 458 467 473 476</bigrams>
	</sent>	<sent id="20">
		<raw>Queried about the role of Arab countries in this regard, the diplomat said Egypt welcomes any effort made by Arab countries if it would benefit Sudan.</raw>
		<lemm>query about the role of arab country in this regard  the diplomat say egypt welcome any effort make by arab country if it would benefit sudan</lemm>
		<bigrams> 484 311 489 490 493 484 499 500</bigrams>
	</sent>	<sent id="21">
		<raw>Clashes flared up in February 2003 between marauding militia, known as Janjaweed, and local black Africans over scarce resources in the barren western Sudanese region of Darfur.</raw>
		<lemm>clash flare up in february @card@ between maraud militia  know as janjaweed  and local black african over scarce resource in the barren western sudanese region of darfur</lemm>
		<bigrams> 501 288 504 505 510 511 514 517 518 519</bigrams>
	</sent>	<sent id="22">
		<raw>Two rebel groups, the Sudan Liberation Army (SLA) and the Justice and Equality Movement (JEM), took up arms to fight the Janjaweed, which was believed to be responsible for killings and lootings.</raw>
		<lemm>two rebel group  the sudan liberation army ( sla ) and the justice and equality movement ( jem )  take up arm to fight the janjaweed  which be believe to be responsible for killing and looting</lemm>
		<bigrams> 157 158 524 525 526 527 528 150 151 152 153 531</bigrams>
	</sent>	<sent id="23">
		<raw>They also accused the government of years of negligence and unfair allocation of resources.</raw>
		<lemm>they also accuse the government of year of negligence and unfair allocation of resource</lemm>
		<bigrams> 548 557</bigrams>
	</sent>	<sent id="24">
		<raw>Peace talks between the Sudanese government and the rebel groups have adjourned in the Nigerian capital of Abuja without major breakthrough and would be resumed after the holy Muslim month of Ramadan.</raw>
		<lemm>peace talk between the sudanese government and the rebel group have adjourn in the nigerian capital of abuja without major breakthrough and would be resume after the holy muslim month of ramadan</lemm>
		<bigrams> 4 230 158 24 568 569 570 577 578</bigrams>
	</sent>	<sent id="25">
		<raw>The Egyptian diplomat said the summit in Libya would focus on finding ways to revive the stalled peace talks.</raw>
		<lemm>the egyptian diplomat say the summit in libya would focus on find way to revive the stall peace talk</lemm>
		<bigrams> 310 311 583 584 586 591 4</bigrams>
	</sent>	<sent id="26">
		<raw>"During the summit, all concerned Sudanese parties are expected to pledge sincere and practical efforts to settle the disputes," he added.</raw>
		<lemm> during the summit  all concerned sudanese party be expect to pledge sincere and practical effort to settle the dispute   he add</lemm>
		<bigrams> 595 596 601 604</bigrams>
	</sent>	<sent id="27">
		<raw>The summit was called under the AU auspices in a bid to solve the Darfur crisis, which has grabbed unprecedented world attention.</raw>
		<lemm>the summit be call under the au auspice in a bid to solve the darfur crisis  which have grab unprecedented world attention</lemm>
		<bigrams> 612 330 619 620 621</bigrams>
	</sent>	<sent id="28">
		<raw>The UN Security Council adopted a resolution on Sept. 18, urging the Sudanese government to stabilize the situation in Darfur and fully cooperate with the AU.</raw>
		<lemm>the un security council adopt a resolution on sept @card@  urge the sudanese government to stabilize the situation in darfur and fully cooperate with the au</lemm>
		<bigrams> 623 624 625 206 630 230 636</bigrams>
	</sent>	<sent id="29">
		<raw>The AU has spearheaded international attempts to resolve the crisis and is in the process of deploying a 4,500-strong force from around five African countries to Sudan to oversee the peace process.</raw>
		<lemm>the au have spearhead international attempt to resolve the crisis and be in the process of deploy a 4 500-strong force from around five african country to sudan to oversee the peace process</lemm>
		<bigrams> 640 641 653 654 657 658 659 666</bigrams>
	</sent>	<sent id="30">
		<raw>The European Union is ready to finance an African peacekeeping force in the troubled Sudanese region of Darfur to the tune of 100 million euros (126 million dollars), an official said Friday.</raw>
		<lemm>the european union be ready to finance an african peacekeepe force in the troubled sudanese region of darfur to the tune of @card@ million euros ( @card@ million dollar )  an official say friday</lemm>
		<bigrams> 668 674 675 678 519 683 684 685 686 683 687 688 691 692</bigrams>
	</sent>	<sent id="31">
		<raw>"We're ready to finance this operation... and 100 million euros could be released," an EU diplomat said, underlining that "the EU's substantial contribution is in the process of being approved".</raw>
		<lemm> we be ready to finance this operation   and @card@ million euros could be release   an eu diplomat say  underline that  the eu s substantial contribution be in the process of be approve </lemm>
		<bigrams> 683 684 697 702 311 703 708</bigrams>
	</sent>	<sent id="32">
		<raw>EU foreign affairs chief Javier Solana was due in the region Friday to discuss the crisis in Darfur, the scene of a bloody offensive against rebels by militias backed by the Sudanese government.</raw>
		<lemm>eu foreign affair chief javier solana be due in the region friday to discuss the crisis in darfur  the scene of a bloody offensive against rebel by militia back by the sudanese government</lemm>
		<bigrams> 712 713 714 715 716 721 730 735 230</bigrams>
	</sent>	<sent id="33">
		<raw>The United Nations Security Council has threatened sanctions on Sudan's vital oil industry if Khartoum fails to rein in the militias.</raw>
		<lemm>the united nations security council have threaten sanction on sudan s vital oil industry if khartoum fail to rein in the militia</lemm>
		<bigrams> 739 740 624 743 747 748 751</bigrams>
	</sent>	<sent id="34">
		<raw>Solana was heading Friday to the Ethiopian capital Addis Ababa for talks with officials at the African Union, which is trying to revive stalled peace talks in Nigeria between the Darfur rebels and the Sudanese government.</raw>
		<lemm>solana be head friday to the ethiopian capital addis ababa for talk with official at the african union  which be try to revive stall peace talk in nigeria between the darfur rebel and the sudanese government</lemm>
		<bigrams> 757 759 760 761 29 770 591 4 773 230</bigrams>
	</sent>	<sent id="35">
		<raw>The AU said Thursday it was going to boost the size of its ceasefire monitoring and civilian protection force in Darfur from 465 to 3,320 personnel.</raw>
		<lemm>the au say thursday it be go to boost the size of its ceasefire monitoring and civilian protection force in darfur from @card@ to @card@ personnel</lemm>
		<bigrams> 775 776 786 789 790 795</bigrams>
	</sent>	<sent id="36">
		<raw>Solana was then to travel to Khartoum for weekend talks on Darfur with Sudanese President Omar el-Beshir.</raw>
		<lemm>solana be then to travel to khartoum for weekend talk on darfur with sudanese president omar el-beshir</lemm>
		<bigrams> 803 807 808 809</bigrams>
	</sent>	<sent id="37">
		<raw>The EU official said before leaving Brussels that the bigger monitoring mission, coupled with the peace talks, represented "a window of opportunity" for Sudan, the AU and the international community.</raw>
		<lemm>the eu official say before leave brussel that the big monitoring mission  couple with the peace talk  represent  a window of opportunity  for sudan  the au and the international community</lemm>
		<bigrams> 810 691 813 816 817 818 4 820 830</bigrams>
	</sent>	<sent id="38">
		<raw>"This opportunity must not be missed.</raw>
		<lemm> this opportunity must not be miss</lemm>
		<bigrams> 832</bigrams>
	</sent>	<sent id="39">
		<raw>The EU will continue contributing to the monitoring mission with financial, technical, expertise and personnel," Solana said in a statement.</raw>
		<lemm>the eu will continue contribute to the monitor mission with financial  technical  expertise and personnel   solana say in a statement</lemm>
		<bigrams> 838 841 844 845 848 849</bigrams>
	</sent>	<sent id="40">
		<raw>The UN estimates that around 70,000 people have been killed and 1.5 million displaced in 20 months of war in Darfur.</raw>
		<lemm>the un estimate that around @card@ people have be kill and @card@ million displace in @card@ month of war in darfur</lemm>
		<bigrams> 852 855 856 683 860 863</bigrams>
	</sent>	<sent id="41">
		<raw>The EU has already released 12 million euros to support the AU's ceasefire monitoring mission and has sent a team of military experts to support its work out of Addis Ababa.</raw>
		<lemm>the eu have already release @card@ million euros to support the au s ceasefire monitoring mission and have send a team of military expert to support its work out of addis ababa</lemm>
		<bigrams> 868 869 683 684 786 817 881 761</bigrams>
	</sent>	<sent id="42">
		<raw>In Ethiopia, Solana was also to meet John Garang, the leader of the rebel Sudan People's Liberation Army, which is in the final stages of negotiations to end a 21-year war with the Khartoum government.</raw>
		<lemm>in ethiopia  solana be also to meet john garang  the leader of the rebel sudan people s liberation army  which be in the final stage of negotiation to end a 21-year war with the khartoum government</lemm>
		<bigrams> 889 893 894 898 899 525 904 911 914</bigrams>
	</sent>	<sent id="43">
		<raw>Peace talks between Darfur's rebels and the Sudanese government, which had been scheduled to restart in Nigeria next week, have been moved to the Libyan capital Tripoli, the African Union's chairman said Friday.</raw>
		<lemm>peace talk between darfur s rebel and the sudanese government  which have be schedule to restart in nigeria next week  have be move to the libyan capital tripoli  the african union s chairman say friday</lemm>
		<bigrams> 4 230 923 924 929 930 29 934 692</bigrams>
	</sent>	<sent id="44">
		<raw>President Olusegun Obasanjo of Nigeria, who as the AU's current chairman hosted a first round of talks in Abuja in August and September, announced the switch at a briefing on the crisis for western ambassadors, his office said.</raw>
		<lemm>president olusegun obasanjo of nigeria  who as the au s current chairman host a first round of talk in abuja in august and september  announce the switch at a briefing on the crisis for western ambassador  his office say</lemm>
		<bigrams> 935 936 942 943 103 951 960 963</bigrams>
	</sent>	<sent id="45">
		<raw>"Talks on Darfur earlier slated for Abuja had to be switched to Tripoli to secure the attendance of neighbouring countries whose cooperation was crucial to lasting peace," it said in a statement, without elaborating.</raw>
		<lemm> talk on darfur earlier slate for abuja have to be switch to tripoli to secure the attendance of neighbour country whose cooperation be crucial to lasting peace   it say in a statement  without elaborate</lemm>
		<bigrams> 964 965 977 978 979 984 987 988</bigrams>
	</sent>	<sent id="46">
		<raw>Although the text did not say when the talks were due to restart, an official in the Nigerian president's office told AFP that they will resume in Tripoli on October 21.</raw>
		<lemm>although the text do not say when the talk be due to restart  an official in the nigerian president s office tell afp that they will resume in tripoli on october @card@</lemm>
		<bigrams> 999 1002 1003 1012</bigrams>
	</sent>	<sent id="47">
		<raw>The previous round in Abuja was suspended for one month on September 18.</raw>
		<lemm>the previous round in abuja be suspend for one month on september @card@</lemm>
		<bigrams> 1014 1020 1023</bigrams>
	</sent>	<sent id="48">
		<raw>Sudan's neighbours Chad and Libya are seen as having a role to play in bringing the conflict travel to Tripoli on Sunday to meet Libyan leader Moamer Khadafi, Sudanese President Omar al-Beshir and Chadian and Egyptian representatives for an AU mini-summit on the fighting.</raw>
		<lemm>sudan s neighbour chad and libya be see as have a role to play in bring the conflict travel to tripoli on sunday to meet libyan leader moamer khadafi  sudanese president omar al-beshir and chadian and egyptian representative for an au mini-summit on the fighting</lemm>
		<bigrams> 1025 1039 1042 1043 1044 1045 1046 807 808 1047 1052 1056</bigrams>
	</sent>	<sent id="49">
		<raw>Sudan's government said Tuesday that it will accept an invitation to a "mini summit" this month convened by Libyan leader Moammar Gadhafi on the crisis in Sudan's western Darfur region.</raw>
		<lemm>sudan s government say tuesday that it will accept an invitation to a  mini summit  this month convene by libyan leader moammar gadhafi on the crisis in sudan s western darfur region</lemm>
		<bigrams> 1060 1061 1070 1073 1043 1076 1077 1080 12</bigrams>
	</sent>	<sent id="50">
		<raw>Libyan Foreign Minister Abdel-Rahman Shalqam said Gadhafi wants the Oct. 21 summit in the Libyan city of Sirte to deal with both the humanitarian and political aspects of the crisis in Darfur, where fighting has killed 50,000 people and driven another 1.4 million from their homes.</raw>
		<lemm>libyan foreign minister abdel-rahman shalqam say gadhafi want the oct @card@ summit in the libyan city of sirte to deal with both the humanitarian and political aspect of the crisis in darfur  where fighting have kill @card@ people and drive another @card@ million from their home</lemm>
		<bigrams> 1081 385 1082 1083 1084 1085 1086 1089 1090 1091 1099 1105 856 1108 1109 683</bigrams>
	</sent>	<sent id="51">
		<raw>In addition to Sudanese President Omar el-Bashir, Shalqam said Gadhafi also invited leaders of Darfur's two rebel groups and the presidents of Egypt, Chad and Nigeria.</raw>
		<lemm>in addition to sudanese president omar el-bashir  shalqam say gadhafi also invite leader of darfur s two rebel group and the president of egypt  chad and nigeria</lemm>
		<bigrams> 807 808 1116 1117 1084 1085 1118 1119 1120 157 158 1125</bigrams>
	</sent>	<sent id="52">
		<raw>Majzoub Khalifa, the head of the Sudanese government delegation to the peace talks with Darfur rebels, said in a statement that Sudan would attend the meeting, but did not say whether el-Bashir himself would lead the delegation.</raw>
		<lemm>majzoub khalifa  the head of the sudanese government delegation to the peace talk with darfur rebel  say in a statement that sudan would attend the meeting  but do not say whether el-bashir himself would lead the delegation</lemm>
		<bigrams> 1127 230 1131 4 773 1134 1137 1138 1143 1144 1147</bigrams>
	</sent>	<sent id="53">
		<raw>"The president has welcomed the holding of this summit, and a presidential delegation will be there," he said.</raw>
		<lemm> the president have welcome the holding of this summit  and a presidential delegation will be there   he say</lemm>
		<bigrams> 1160</bigrams>
	</sent>	<sent id="54">
		<raw>Khalifa said the government was sending the delegation "in support of the African Union and also to keep this issue within the African and Sudanese context, without any foreign intervention."</raw>
		<lemm>khalifa say the government be send the delegation  in support of the african union and also to keep this issue within the african and sudanese context  without any foreign intervention </lemm>
		<bigrams> 1165 29 1177 1180 1181 1184</bigrams>
	</sent>	<sent id="55">
		<raw>Visiting British Prime Minister Tony Blair stressed here Wednesday the importance to expand the monitoring forces the African Union (AU) has deployed in Darfur in western Sudan.</raw>
		<lemm>visit british prime minister tony blair stress here wednesday the importance to expand the monitoring force the african union ( au ) have deploy in darfur in western sudan</lemm>
		<bigrams> 1185 1186 1187 1188 1189 1190 1199 29 30 31 32 1206</bigrams>
	</sent>	<sent id="56">
		<raw>Blair made the call at a press conference held at the end of his several-hour visit to Sudan.</raw>
		<lemm>blair make the call at a press conference hold at the end of his several-hour visit to sudan</lemm>
		<bigrams> 1207 1211 1212 1217</bigrams>
	</sent>	<sent id="57">
		<raw>Blair told reporters that the African monitoring forces must be expanded by sending thousands of troops to ensure ceasefire agreement and access of true information on the situation in Darfur.</raw>
		<lemm>blair tell reporter that the african monitoring force must be expand by send thousand of troop to ensure ceasefire agreement and access of true information on the situation in darfur</lemm>
		<bigrams> 1219 70 1221 1199 1222 1227 1231 1232 1237</bigrams>
	</sent>	<sent id="58">
		<raw>He added that he would hold a meeting in Addis Abbaba, Ethiopia with Nigerian president and current AU Chairman Olusegun Obasanjo to map out an urgent plan to send more African troups to Darfur.</raw>
		<lemm>he add that he would hold a meeting in addis abbaba  ethiopia with nigerian president and current au chairman olusegun obasanjo to map out an urgent plan to send more african troups to darfur</lemm>
		<bigrams> 1242 1247 1248 999 1253 1254 1255 936 1261 1266</bigrams>
	</sent>	<sent id="59">
		<raw>The prime minister called on the Sudanese government to commit to the humanitarian protocol it reached with the Darfur rebels in Nigerian capital of Abuja in September and to help humanitarian aid reach affected people of Darfur.</raw>
		<lemm>the prime minister call on the sudanese government to commit to the humanitarian protocol it reach with the darfur rebel in nigerian capital of abuja in september and to help humanitarian aid reach affected people of darfur</lemm>
		<bigrams> 1187 1270 230 1274 773 24 1283 1284 1285 1286 1287</bigrams>
	</sent>	<sent id="60">
		<raw>Khartoum must take serious steps to implement the United Nations resolutions on Darfur and specify the areas for its army and the militias in the region, said Blair.</raw>
		<lemm>khartoum must take serious step to implement the united nations resolution on darfur and specify the area for its army and the militia in the region  say blair</lemm>
		<bigrams> 1289 1290 1291 1292 739 1296 1305 1306</bigrams>
	</sent>	<sent id="61">
		<raw>The Sudanese government has agreed to withdraw its military forces to their barracks and to send police forces to take their places, he said.</raw>
		<lemm>the sudanese government have agree to withdraw its military force to their barracks and to send police force to take their place  he say</lemm>
		<bigrams> 230 1313 1318 1319</bigrams>
	</sent>	<sent id="62">
		<raw>The prime minister denied that any of the European countries has desire to send troops to Darfur, stressing the capability of the African forces to control the situation in Darfur.</raw>
		<lemm>the prime minister deny that any of the european country have desire to send troop to darfur  stress the capability of the african force to control the situation in darfur</lemm>
		<bigrams> 1187 1324 1328 1332 1333 1337</bigrams>
	</sent>	<sent id="63">
		<raw>The international community will provide financial and logistic support for the African forces in Darfur, he said.</raw>
		<lemm>the international community will provide financial and logistic support for the african force in darfur  he say</lemm>
		<bigrams> 830 1342 1345 1337</bigrams>
	</sent>	<sent id="64">
		<raw>Blair described his talks with Sudanese officials as constructive, urging the conflicting sides in Darfur to fulfill their commitments within a week or a month.</raw>
		<lemm>blair describe his talk with sudanese official as constructive  urge the conflicting side in darfur to fulfill their commitment within a week or a month</lemm>
		<bigrams> 1348 1351 1354 354 1360</bigrams>
	</sent>	<sent id="65">
		<raw>He, meanwhile, stressed the importance of reaching a comprehensive peace in southern Sudan by the end of this year, saying the peace in the south will be a key for solving the Darfur crisis because it will provide a national government which is honest and balanced.</raw>
		<lemm>he  meanwhile  stress the importance of reach a comprehensive peace in southern sudan by the end of this year  say the peace in the south will be a key for solve the darfur crisis because it will provide a national government which be honest and balanced</lemm>
		<bigrams> 1366 1371 1374 1377 330 1388</bigrams>
	</sent>	<sent id="66">
		<raw>Libya and the African Union Tuesday invited Sudanese President Omar al-Beshir to a mini-summit in Libya on the Darfur crisis, due to be attended by Sudan's neighbors Chad and Egypt.</raw>
		<lemm>libya and the african union tuesday invite sudanese president omar al-beshir to a mini-summit in libya on the darfur crisis  due to be attend by sudan s neighbor chad and egypt</lemm>
		<bigrams> 29 1393 1394 1395 807 808 1047 330 1400 1404</bigrams>
	</sent>	<sent id="67">
		<raw>This came during a meeting between Beshir and Libyan leader Moamer Khadafi's special envoy, Said Arabi Hefiana, and Nigeria's junior foreign minister, Aboubakar Tanko, who is also assistant secretary general of the AU.</raw>
		<lemm>this come during a meeting between beshir and libyan leader moamer khadafi s special envoy  say arabi hefiana  and nigeria s junior foreign minister  aboubakar tanko  who be also assistant secretary general of the au</lemm>
		<bigrams> 1043 1044 1045 1415 1416 1417 1418 1422 385 1423 1424 1427 1428 1429</bigrams>
	</sent>	<sent id="68">
		<raw>Hefiana and Tanko delivered the invitation in letters from Khadafi and Nigerian President Olusegun Obasanjo, the current chairman of the AU, which is sponsoring peace talks between Khartoum and Darfur rebels.</raw>
		<lemm>hefiana and tanko deliver the invitation in letter from khadafi and nigerian president olusegun obasanjo  the current chairman of the au  which be sponsor peace talk between khartoum and darfur rebel</lemm>
		<bigrams> 1432 999 935 936 942 1446 4 773</bigrams>
	</sent>	<sent id="69">
		<raw>The official Al-Anbaa daily on Tuesday quoted Foreign Minister Mustafa Osman Ismail as saying the letters also dealt with the situation in Darfur and efforts by the AU to resolve the 20-month conflict there.</raw>
		<lemm>the official al-anbaa daily on tuesday quote foreign minister mustafa osman ismail as say the letter also deal with the situation in darfur and effort by the au to resolve the 20-month conflict there</lemm>
		<bigrams> 1451 1452 1455 1456 385 1457 1458 1459 1463 1464 1469</bigrams>
	</sent>	<sent id="70">
		<raw>Hefiana and Tanko flew to Khartoum from Egypt where they delivered a message to Egyptian President Hosni Mubarak, also inviting him to the summit.</raw>
		<lemm>hefiana and tanko fly to khartoum from egypt where they deliver a message to egyptian president hosni mubarak  also invite him to the summit</lemm>
		<bigrams> 1471 1482 1483 1484 1485 1119</bigrams>
	</sent>	<sent id="71">
		<raw>Following the meeting, Egyptian presidential spokesman Maged Abdel Fattah told reporters consultations were underway to determine the exact date of the summit, which was to take place "before October 21".</raw>
		<lemm>follow the meeting  egyptian presidential spokesman maged abdel fattah tell reporter consultation be underway to determine the exact date of the summit  which be to take place  before october @card@ </lemm>
		<bigrams> 1489 1490 1491 1492 1493 1494 1495 70 1496 1503 1506 1012</bigrams>
	</sent>	<sent id="72">
		<raw>The summit was part of ongoing AU efforts to "contain the situation in Darfur", where conflict has left some 50,000 people dead, displaced an estimated 1.4 million and forced nearly 200,000 to flee into neighboring Chad.</raw>
		<lemm>the summit be part of ongoing au effort to  contain the situation in darfur   where conflict have leave some @card@ people dead  displace an estimate @card@ million and force nearly @card@ to flee into neighbor chad</lemm>
		<bigrams> 1512 1513 856 1521 1522 1525 683 1528 1529 1404</bigrams>
	</sent>	<sent id="73">
		<raw>It also aimed to "fend off the consequences of United Nations Security Council resolutions and consolidate the role of the AU in dealing with the conflict," Abdel Fattah said.</raw>
		<lemm>it also aim to  fend off the consequence of united nations security council resolution and consolidate the role of the au in deal with the conflict   abdel fattah say</lemm>
		<bigrams> 1534 739 740 624 1542 1548 1494 1549</bigrams>
	</sent>	<sent id="74">
		<raw>The UN Security Council passed a resolution in September threatening sanctions against Sudan's vital oil industry for the government's failure to rein in pro-government Arab militias accused of atrocities in Darfur.</raw>
		<lemm>the un security council pass a resolution in september threaten sanction against sudan s vital oil industry for the government s failure to rein in pro-government arab militia accuse of atrocity in darfur</lemm>
		<bigrams> 623 624 1550 1553 743 747 748 1561 1562 1563</bigrams>
	</sent>	<sent id="75">
		<raw>The visits of the Libyan and AU envoys coincided with a meeting in Ndjamena, Chad, of the AU's ceasefire committee and representatives from the Sudanese government and the two main rebel groups in Darfur.</raw>
		<lemm>the visit of the libyan and au envoy coincide with a meeting in ndjamena  chad  of the au s ceasefire committee and representative from the sudanese government and the two main rebel group in darfur</lemm>
		<bigrams> 1571 1572 1575 1577 230 1581 1582 158</bigrams>
	</sent>	<sent id="76">
		<raw>Ismail told A-Anbaa participants would also discuss the situation in Darfur and ceasefire violations by Sudan and the Darfur rebels.</raw>
		<lemm>ismail tell a-anbaa participant would also discuss the situation in darfur and ceasefire violation by sudan and the darfur rebel</lemm>
		<bigrams> 1583 1584 1585 1586 1587 1588 1590 773</bigrams>
	</sent>	<sent id="77">
		<raw>He reiterated his government's acceptance of the Security Council resolution on Darfur calling for an increased number of AU troops in Darfur and broadening their mandate, saying this would help in the process of confidence-building, particularly between the police and displaced persons.</raw>
		<lemm>he reiterate his government s acceptance of the security council resolution on darfur call for an increase number of au troop in darfur and broaden their mandate  say this would help in the process of confidence-building  particularly between the police and displace person</lemm>
		<bigrams> 624 1542 1598 1600 1603 1608 1611 1614 1619</bigrams>
	</sent>	<sent id="78">
		<raw>Sudan recently agreed that the AU could deploy its troops in camps for displaced persons in Darfur to monitor the activities of the police.</raw>
		<lemm>sudan recently agree that the au could deploy its troop in camp for displace person in darfur to monitor the activity of the police</lemm>
		<bigrams> 1620 1621 1623 1624 1619</bigrams>
	</sent>	<sent id="79">
		<raw>Ismail said the move would reassure the displaced, many of who accuse the police of complicity in attacks against them by Arab militias and encourage them to move freely in and out of the camps.</raw>
		<lemm>ismail say the move would reassure the displace  many of who accuse the police of complicity in attack against them by arab militia and encourage them to move freely in and out of the camp</lemm>
		<bigrams> 1635 1637 1638 1641 1562 1657</bigrams>
	</sent>	<sent id="80">
		<raw>The news comes as British Prime Minister Tony Blair prepared to pay a brief visit to Sudan Wednesday for talks with Sudanese leaders on several issues, including the Darfur crisis.</raw>
		<lemm>the news come as british prime minister tony blair prepare to pay a brief visit to sudan wednesday for talk with sudanese leader on several issue  include the darfur crisis</lemm>
		<bigrams> 1663 1186 1187 1188 1189 1666 1671 1672 1674 1677 1678 330</bigrams>
	</sent>	<sent id="81">
		<raw>Sudanese government envoys and the leaders of a rebellion in the western province of Darfur opened formal peace negotiations Monday at an African Union-sponsored conference in Abuja.</raw>
		<lemm>sudanese government envoy and the leader of a rebellion in the western province of darfur open formal peace negotiation monday at an african union-sponsored conference in abuja</lemm>
		<bigrams> 230 1680 1685 1687 1688 1689 1690 1691 1693 1694</bigrams>
	</sent>	<sent id="82">
		<raw>AU special envoy Hamid Algabid welcomed the delegates to the conference venue in the Nigerian capital before the start of closed-door talks on the security and humanitarian crisis in the war-ravaged region.</raw>
		<lemm>au special envoy hamid algabid welcome the delegate to the conference venue in the nigerian capital before the start of closed-door talk on the security and humanitarian crisis in the war-ravage region</lemm>
		<bigrams> 1696 1415 1697 1698 1699 1703 24 1710 1713 1715</bigrams>
	</sent>	<sent id="83">
		<raw>The parties have been in informal discussions since Friday but are now expected to begin negotiations on two draft agreements, one guaranteeing the protection of civilians and one on de-militarising the conflict.</raw>
		<lemm>the party have be in informal discussion since friday but be now expect to begin negotiation on two draft agreement  one guarantee the protection of civilian and one on de-militarising the conflict</lemm>
		<bigrams> 1718 1719 1720 1726 1729 1730 1731 1732</bigrams>
	</sent>	<sent id="84">
		<raw>AU officials expect the talks to last at least three weeks.</raw>
		<lemm>au official expect the talk to last at least three week</lemm>
		<bigrams> 1742 1743 1749 1750</bigrams>
	</sent>	<sent id="85">
		<raw>The Khartoum governmnet and Darfur's two rebel groups have been at war for 20 months.</raw>
		<lemm>the khartoum governmnet and darfur s two rebel group have be at war for @card@ month</lemm>
		<bigrams> 1751 157 158 863</bigrams>
	</sent>	<sent id="86">
		<raw>A ceasefire deal was signed in Chad's capital Ndjamema in April, but UN and AU monitors say that it is often violated.</raw>
		<lemm>a ceasefire deal be sign in chad s capital ndjamema in april  but un and au monitor say that it be often violate</lemm>
		<bigrams> 1758 1765 1771 1772 1775</bigrams>
	</sent>	<sent id="87">
		<raw>The United Nations estimates that 1.5 million people have been driven from their homes during the fighting, and 70,000 have been killed.</raw>
		<lemm>the united nations estimate that @card@ million people have be drive from their home during the fighting  and @card@ have be kill</lemm>
		<bigrams> 739 1776 683 1778</bigrams>
	</sent>	<sent id="88">
		<raw>Nigeria's president meets Sunday with Libyan leader Moammar Gadhafi to prepare for upcoming talks on the conflict in Sudan's western Darfur region, said officials and diplomats.</raw>
		<lemm>nigeria s president meet sunday with libyan leader moammar gadhafi to prepare for upcoming talk on the conflict in sudan s western darfur region  say official and diplomat</lemm>
		<bigrams> 1785 1786 1043 1076 1077 1792 1080 12 1305 1794</bigrams>
	</sent>	<sent id="89">
		<raw>President Olusegun Obasanjo is to meet Gadhafi, Sudanese officials and other "brother heads of state to see how to jump-start" Darfur peace talks set to restart in the Nigerian capital Abuja on Thursday, said Obasanjo spokeswoman Remi Oyo.</raw>
		<lemm>president olusegun obasanjo be to meet gadhafi  sudanese official and other  brother head of state to see how to jump-start  darfur peace talk set to restart in the nigerian capital abuja on thursday  say obasanjo spokeswoman remi oyo</lemm>
		<bigrams> 935 936 1798 1799 1351 1802 1808 1809 4 1810 24 25 1814 1815 1816 1817 1818</bigrams>
	</sent>	<sent id="90">
		<raw>Oyo said the one-day meeting would take place in Tripoli.</raw>
		<lemm>oyo say the one-day meeting would take place in tripoli</lemm>
		<bigrams> 1819 1821 1822 1823 1506</bigrams>
	</sent>	<sent id="91">
		<raw>Sudan's ambassador to Nigeria, Abdel Rahim Kalil, said he expected the leaders of Chad, Sudan and Egypt to also be present at the summit, although Oyo would not comment on that.</raw>
		<lemm>sudan s ambassador to nigeria  abdel rahim kalil  say he expect the leader of chad  sudan and egypt to also be present at the summit  although oyo would not comment on that</lemm>
		<bigrams> 1828 1829 1830 1831 1835 1841 1842 1843</bigrams>
	</sent>	<sent id="92">
		<raw>Darfur's main rebel group, the Sudan Liberation Army, indicated it would not attend the Libya summit, although it said it had been invited.</raw>
		<lemm>darfur s main rebel group  the sudan liberation army  indicate it would not attend the libya summit  although it say it have be invite</lemm>
		<bigrams> 1582 158 524 525 1849 1853 1841</bigrams>
	</sent>	<sent id="93">
		<raw>"We don't have time to go there without knowing why we're going there," said U. K.-based SLA spokesman Abdul Latif.</raw>
		<lemm> we do n t have time to go there without know why we be go there   say u k -based sla spokesman abdul latif</lemm>
		<bigrams> 1866 1870 1871 1872 1873 1874 1875 1876</bigrams>
	</sent>	<sent id="94">
		<raw>The other rebel group in Darfur, the Justice and Equality Movement, said it had not been asked to join the talks in Libya.</raw>
		<lemm>the other rebel group in darfur  the justice and equality movement  say it have not be ask to join the talk in libya</lemm>
		<bigrams> 158 150 1879</bigrams>
	</sent>	<sent id="95">
		<raw>The two non-Arab rebel movements took up arms in February 2003 against government installations, saying they wanted a bigger share of power and Sudan's resources.</raw>
		<lemm>the two non-arab rebel movement take up arm in february @card@ against government installation  say they want a big share of power and sudan s resource</lemm>
		<bigrams> 1885 1886 1887 1888 288 1892 1893 1898</bigrams>
	</sent>	<sent id="96">
		<raw>The conflict has since grown into a counterinsurgency in which pro-government Arab militiamen have raped and killed non-Arab villagers.</raw>
		<lemm>the conflict have since grow into a counterinsurgency in which pro-government arab militiaman have rape and kill non-arab villager</lemm>
		<bigrams> 1903 1561 1910 1915 1916</bigrams>
	</sent>	<sent id="97">
		<raw>At least 70,000 refugees have died since March because of poor conditions in camps in the Darfur region, the United Nations' World Health Organization said on Friday.</raw>
		<lemm>at least @card@ refugee have die since march because of poor condition in camp in the darfur region  the united nations  world health organization say on friday</lemm>
		<bigrams> 1917 1918 1921 1922 1926 12 739 1930 1931 1932 1933</bigrams>
	</sent>	<sent id="98">
		<raw>The talks next week in Abuja are to be brokered by the African Union, which Obasanjo currently heads.</raw>
		<lemm>the talk next week in abuja be to be brokered by the african union  which obasanjo currently head</lemm>
		<bigrams> 1935 924 29 1940 1941</bigrams>
	</sent>	<sent id="99">
		<raw>A previous round of talks in Abuja broke down last month, with rebels saying Sudan's government was seeking unreasonable security concessions from them.</raw>
		<lemm>a previous round of talk in abuja break down last month  with rebel say sudan s government be seek unreasonable security concession from them</lemm>
		<bigrams> 1014 1943 1946 1134 1949 1951 1952 1953</bigrams>
	</sent>	<sent id="100">
		<raw>Sudan's government blamed the United States for encouraging rebel intransigence, after U. S. Secretary of State Colin Powell said Sudan's government and allied Arab militia had committed acts of genocide against Darfur's non-Arab villagers.</raw>
		<lemm>sudan s government blame the united states for encourage rebel intransigence  after u s secretary of state colin powell say sudan s government and allied arab militia have commit act of genocide against darfur s non-arab villager</lemm>
		<bigrams> 1956 1958 1961 1962 1968 1969 1970 1949 1972 1562 1975 1916</bigrams>
	</sent>	<sent id="101">
		<raw>On Friday, Obasanjo said his country would deploy 4,500 peacekeeping troops to Darfur by the end of November.</raw>
		<lemm>on friday  obasanjo say his country would deploy @card@ peacekeepe troop to darfur by the end of november</lemm>
		<bigrams> 1981 1982 1985 1986 1987 1988 1989</bigrams>
	</sent>	<sent id="102">
		<raw>The 53-nation African Union already has about 300 unarmed military observers in Darfur to monitor a regularly violated April cease-fire agreement.</raw>
		<lemm>the 53-nation african union already have about @card@ unarmed military observer in darfur to monitor a regularly violate april cease-fire agreement</lemm>
		<bigrams> 1993 29 1994 1998 1999 2000 2004 2005 2006 2007</bigrams>
	</sent>	<sent id="103">
		<raw>The Sudanese government is holding separate peace talks in Kenya to end another conflict, 21-years of fighting with southern rebels that has left more than 2 million dead.</raw>
		<lemm>the sudanese government be hold separate peace talk in kenya to end another conflict  21-years of fight with southern rebel that have leave more than @card@ million dead</lemm>
		<bigrams> 230 2008 2009 4 2012 2013 2014 2019 683 2025</bigrams>
	</sent>	<sent id="104">
		<raw>Those talks broke off for the month of Ramadan on Saturday.</raw>
		<lemm>those talk break off for the month of ramadan on saturday</lemm>
		<bigrams> 2027</bigrams>
	</sent>	<sent id="105">
		<raw>The Sudanese government and the Darfur rebels will resume peace talks on Thursday in the Nigerian capital of Abuja, head of the government delegation for the talks Majzoub El-Khalifa Ahmed said on Wednesday.</raw>
		<lemm>the sudanese government and the darfur rebel will resume peace talk on thursday in the nigerian capital of abuja  head of the government delegation for the talk majzoub el-khalifa ahmed say on wednesday</lemm>
		<bigrams> 230 773 2034 4 24 2036 1131 2038 2039 2040 2041</bigrams>
	</sent>	<sent id="106">
		<raw>Ahmed said security issue "is the only obstacle" on the way to the new round of talks.</raw>
		<lemm>ahmed say security issue  be the only obstacle  on the way to the new round of talk</lemm>
		<bigrams> 2041 2043 95 2051</bigrams>
	</sent>	<sent id="107">
		<raw>"Solving the security issue will help solve all remaining issues between the two sides," Ahmed said in a special statement to the Sudan Media Center (SMC).</raw>
		<lemm> solve the security issue will help solve all remain issue between the two side   ahmed say in a special statement to the sudan media center ( smc )</lemm>
		<bigrams> 95 2054 2057 2059 2060 2041 2062 2064 2065 2066 2067 2068</bigrams>
	</sent>	<sent id="108">
		<raw>"No dispute over economical and social issues in Darfur after the address made by Sudanese President Omar El-Basher recently to the Sudanese National Assembly," said he.</raw>
		<lemm> no dispute over economical and social issue in darfur after the address make by sudanese president omar el-basher recently to the sudanese national assembly   say he</lemm>
		<bigrams> 2074 2077 807 808 2079 2080 2082 2083 2084</bigrams>
	</sent>	<sent id="109">
		<raw>When addressing the National Assembly on Oct. 4, the Sudanese president announced his government has taken clear policies in Darfur to mend social structure and enhance native administration by offering it more legal and administrative authorities.</raw>
		<lemm>when address the national assembly on oct @card@  the sudanese president announce his government have take clear policy in darfur to mend social structure and enhance native administration by offer it more legal and administrative authority</lemm>
		<bigrams> 2083 1089 807 2091 2094 2095 2098 2099 2102 2103 2111</bigrams>
	</sent>	<sent id="110">
		<raw>The president added that his government pushed forward programs for water, health and education and had specified additional budgets for that.</raw>
		<lemm>the president add that his government push forward program for water  health and education and have specify additional budget for that</lemm>
		<bigrams> 2112 2114 2115 2116 2119 2124 2125</bigrams>
	</sent>	<sent id="111">
		<raw>Ahmed stressed readiness of the Sudanese government for the coming round of talks in order to tackle the pending issues between the two sides.</raw>
		<lemm>ahmed stress readiness of the sudanese government for the come round of talk in order to tackle the pend issue between the two side</lemm>
		<bigrams> 2128 2129 230 2133 2139 2059</bigrams>
	</sent>	<sent id="112">
		<raw>He referred to the positive atmosphere for the Abuja talks after the five-way African summit held last Sunday in the Libyan capital of Tripoli.</raw>
		<lemm>he refer to the positive atmosphere for the abuja talk after the five-way african summit hold last sunday in the libyan capital of tripoli</lemm>
		<bigrams> 2143 2146 2149 2150 2151 2152 2153 929</bigrams>
	</sent>	<sent id="113">
		<raw>He urged the rebel movements in Darfur to respond with responsibility to the talks in Abuja and find a final resolution to the Darfur crisis.</raw>
		<lemm>he urge the rebel movement in darfur to respond with responsibility to the talk in abuja and find a final resolution to the darfur crisis</lemm>
		<bigrams> 1887 2166 330</bigrams>
	</sent>	<sent id="114">
		<raw>The five-way African summit, which was attended by leaders of Nigeria, Libya, Sudan, Egypt and Chad, stressed refusal of any foreign intervention in the Darfur issue.</raw>
		<lemm>the five-way african summit  which be attend by leader of nigeria  libya  sudan  egypt and chad  stress refusal of any foreign intervention in the darfur issue</lemm>
		<bigrams> 2149 2150 2169 388 389 2171 2172 1184 397</bigrams>
	</sent></doc>