<?xml version="1.0" encoding="UTF_8"?>
<doc>	<sent id="0">
		<raw>The Sudanese government and the Darfur rebels will resume peace talks on Thursday in the Nigerian capital of Abuja, head of the government delegation for the talks Majzoub El-Khalifa Ahmed said on Wednesday.</raw>
		<lemm>the sudanese government and the darfur rebel will resume peace talk on thursday in the nigerian capital of abuja  head of the government delegation for the talk majzoub el-khalifa ahmed say on wednesday</lemm>
		<bigrams> 230 773 2034 4 24 2036 1131 2038 2039 2040 2041</bigrams>
	</sent>	<sent id="1">
		<raw>Ahmed said security issue "is the only obstacle" on the way to the new round of talks.</raw>
		<lemm>ahmed say security issue  be the only obstacle  on the way to the new round of talk</lemm>
		<bigrams> 2041 2043 95 2051</bigrams>
	</sent>	<sent id="2">
		<raw>"Solving the security issue will help solve all remaining issues between the two sides," Ahmed said in a special statement to the Sudan Media Center (SMC).</raw>
		<lemm> solve the security issue will help solve all remain issue between the two side   ahmed say in a special statement to the sudan media center ( smc )</lemm>
		<bigrams> 95 2054 2057 2059 2060 2041 2062 2064 2065 2066 2067 2068</bigrams>
	</sent>	<sent id="3">
		<raw>"No dispute over economical and social issues in Darfur after the address made by Sudanese President Omar El-Basher recently to the Sudanese National Assembly," said he.</raw>
		<lemm> no dispute over economical and social issue in darfur after the address make by sudanese president omar el-basher recently to the sudanese national assembly   say he</lemm>
		<bigrams> 2074 2077 807 808 2079 2080 2082 2083 2084</bigrams>
	</sent>	<sent id="4">
		<raw>When addressing the National Assembly on Oct. 4, the Sudanese president announced his government has taken clear policies in Darfur to mend social structure and enhance native administration by offering it more legal and administrative authorities.</raw>
		<lemm>when address the national assembly on oct @card@  the sudanese president announce his government have take clear policy in darfur to mend social structure and enhance native administration by offer it more legal and administrative authority</lemm>
		<bigrams> 2083 1089 807 2091 2094 2095 2098 2099 2102 2103 2111</bigrams>
	</sent>	<sent id="5">
		<raw>The president added that his government pushed forward programs for water, health and education and had specified additional budgets for that.</raw>
		<lemm>the president add that his government push forward program for water  health and education and have specify additional budget for that</lemm>
		<bigrams> 2112 2114 2115 2116 2119 2124 2125</bigrams>
	</sent>	<sent id="6">
		<raw>Ahmed stressed readiness of the Sudanese government for the coming round of talks in order to tackle the pending issues between the two sides.</raw>
		<lemm>ahmed stress readiness of the sudanese government for the come round of talk in order to tackle the pend issue between the two side</lemm>
		<bigrams> 2128 2129 230 2133 2139 2059</bigrams>
	</sent>	<sent id="7">
		<raw>He referred to the positive atmosphere for the Abuja talks after the five-way African summit held last Sunday in the Libyan capital of Tripoli.</raw>
		<lemm>he refer to the positive atmosphere for the abuja talk after the five-way african summit hold last sunday in the libyan capital of tripoli</lemm>
		<bigrams> 2143 2146 2149 2150 2151 2152 2153 929</bigrams>
	</sent>	<sent id="8">
		<raw>He urged the rebel movements in Darfur to respond with responsibility to the talks in Abuja and find a final resolution to the Darfur crisis.</raw>
		<lemm>he urge the rebel movement in darfur to respond with responsibility to the talk in abuja and find a final resolution to the darfur crisis</lemm>
		<bigrams> 1887 2166 330</bigrams>
	</sent>	<sent id="9">
		<raw>The five-way African summit, which was attended by leaders of Nigeria, Libya, Sudan, Egypt and Chad, stressed refusal of any foreign intervention in the Darfur issue.</raw>
		<lemm>the five-way african summit  which be attend by leader of nigeria  libya  sudan  egypt and chad  stress refusal of any foreign intervention in the darfur issue</lemm>
		<bigrams> 2149 2150 2169 388 389 2171 2172 1184 397</bigrams>
	</sent></doc>