<?xml version="1.0" encoding="UTF_8"?>
<doc>	<sent id="0">
		<raw>The third day of peace talks on the crisis in Sudan's Darfur region adjourned Wednesday morning hardly an hour into the discussions in Nigerian capital Abuja, after the African Union (AU) mediators asked for more time to prepare a document on security.</raw>
		<lemm>the third day of peace talk on the crisis in sudan s darfur region adjourn wednesday morning hardly an hour into the discussion in nigerian capital abuja  after the african union ( au ) mediator ask for more time to prepare a document on security</lemm>
		<bigrams> 1 4 12 13 14 15 16 24 25 29 30 31 32 33 34</bigrams>
	</sent>	<sent id="1">
		<raw>"The document on security when prepared, shall be tabled for discussion" later in the afternoon, Mohammed Yusuf, a staff of humanitarian affair to the ongoing talks in Abuja, told reporters.</raw>
		<lemm> the document on security when prepare  shall be table for discussion  later in the afternoon  mohammed yusuf  a staff of humanitarian affair to the ongoing talk in abuja  tell reporter</lemm>
		<bigrams> 47 52 56 57 62 66 69 70</bigrams>
	</sent>	<sent id="2">
		<raw>He said all sides required a little time to study the document but shall do so quickly to improve the situation in Darfur.</raw>
		<lemm>he say all side require a little time to study the document but shall do so quickly to improve the situation in darfur</lemm>
		<bigrams> 74 77</bigrams>
	</sent>	<sent id="3">
		<raw>The disagreement on the sensitive security issue has led to the collapse of the first round of peace talks in Abuja a month ago.</raw>
		<lemm>the disagreement on the sensitive security issue have lead to the collapse of the first round of peace talk in abuja a month ago</lemm>
		<bigrams> 94 95 103 4 107</bigrams>
	</sent>	<sent id="4">
		<raw>However, "all the parties now have better positions," said Yusuf.</raw>
		<lemm>however   all the party now have good position   say yusuf</lemm>
		<bigrams> 114 115 116</bigrams>
	</sent>	<sent id="5">
		<raw>The decision to table the issue of security at Wednesday's talks was contrary to indications Tuesday that the issue of politics, involving power and wealth sharing, shall be tackled.</raw>
		<lemm>the decision to table the issue of security at wednesday s talk be contrary to indication tuesday that the issue of politics  involve power and wealth sharing  shall be tackle</lemm>
		<bigrams> 132 136 137 140 141</bigrams>
	</sent>	<sent id="6">
		<raw>Ahmed Tugod, spokesmen for the Justice and Equality Movement ( JEM), one of the two rebel groups in Darfur, said at that time Wednesday will witness a "declaration on principles."</raw>
		<lemm>ahmed tugod  spokesman for the justice and equality movement ( jem )  one of the two rebel group in darfur  say at that time wednesday will witness a  declaration on principle </lemm>
		<bigrams> 143 144 150 151 152 153 154 157 158 160 164</bigrams>
	</sent>	<sent id="7">
		<raw>"It's better to focus on, immediately, the political issue we are looking for ... we want to make a breakthrough," Tugod said.</raw>
		<lemm> it be good to focus on  immediately  the political issue we be look for   we want to make a breakthrough   tugod say</lemm>
		<bigrams> 179 190 191</bigrams>
	</sent>	<sent id="8">
		<raw>He added the talks now focused on the political issue, because the first round, which ran between Aug. 23 and Sept. 17, concentrated on humanitarian and security issues but "took a lot of time and ended in a deadlock."</raw>
		<lemm>he add the talk now focus on the political issue  because the first round  which run between aug @card@ and sept @card@  concentrate on humanitarian and security issue but  take a lot of time and end in a deadlock </lemm>
		<bigrams> 179 103 203 206 207 95</bigrams>
	</sent>	<sent id="9">
		<raw>Prior to Wednesday's talks, Ibrahim Mohammed Ibrahim, spokesmen for the Sudanese government, reaffirmed the willingness of his government to talk the political issue with the rebels as the issue of power and wealth sharing contained in the federal system of Sudan had been developing since 1994.</raw>
		<lemm>prior to wednesday s talk  ibrahim mohammed ibrahim  spokesman for the sudanese government  reaffirm the willingness of his government to talk the political issue with the rebel as the issue of power and wealth sharing contain in the federal system of sudan have be develop since @card@</lemm>
		<bigrams> 225 226 227 228 230 231 179 140 246 249 255 256</bigrams>
	</sent>	<sent id="10">
		<raw>"Every state has its autonomy with a self government and constitution with little guidelines from the federal government," he said.</raw>
		<lemm> every state have its autonomy with a self government and constitution with little guideline from the federal government   he say</lemm>
		<bigrams> 257 264 269 272</bigrams>
	</sent>	<sent id="11">
		<raw>Delegates said both sides were ready for political talks Thursday.</raw>
		<lemm>delegate say both side be ready for political talk thursday</lemm>
		<bigrams> 274 281 282</bigrams>
	</sent>	<sent id="12">
		<raw>Clashes in Sudan's Darfur flared up in February 2003, and has so far caused thousands of deaths and sent about one million fleeing to neighboring Chad or internally displaced.</raw>
		<lemm>clash in sudan s darfur flare up in february @card@  and have so far cause thousand of death and send about one million flee to neighboring chad or internally displace</lemm>
		<bigrams> 284 288 292 293 300 301 304 307</bigrams>
	</sent></doc>