<?xml version="1.0" encoding="UTF_8"?>
<doc>	<sent id="0">
		<raw>A senior Egyptian diplomat said Sunday that a five-way summit to be held here later in the day eyes finding humanitarian and political solutions to the Darfur crisis within the framework of the African Union (AU).</raw>
		<lemm>a senior egyptian diplomat say sunday that a five-way summit to be hold here later in the day eye find humanitarian and political solution to the darfur crisis within the framework of the african union ( au )</lemm>
		<bigrams> 309 310 311 312 316 323 324 325 327 330 331 29 30 31 32</bigrams>
	</sent>	<sent id="1">
		<raw>"The summit will try to find an appropriate way within the AU framework that can be accepted by Sudan's two conflicting sides of their accord, not against their will," the diplomat in the Egyptian delegation told Xinhua in an interview.</raw>
		<lemm> the summit will try to find an appropriate way within the au framework that can be accept by sudan s two conflicting side of their accord  not against their will   the diplomat in the egyptian delegation tell xinhua in an interview</lemm>
		<bigrams> 342 343 345 353 354 366 367 368</bigrams>
	</sent>	<sent id="2">
		<raw>"How to strengthen the AU framework is one of the major topics of the summit," he said on condition of anonymity.</raw>
		<lemm> how to strengthen the au framework be one of the major topic of the summit   he say on condition of anonymity</lemm>
		<bigrams> 345 378</bigrams>
	</sent>	<sent id="3">
		<raw>Foreign ministers from Libya, Sudan, Egypt, Nigeria and Chad are to convene on the Darfur issue in preparations for the summit slated for late Sunday, which grouped leaders from the five countries.</raw>
		<lemm>foreign minister from libya  sudan  egypt  nigeria and chad be to convene on the darfur issue in preparation for the summit slate for late sunday  which group leader from the five country</lemm>
		<bigrams> 385 388 389 390 397 401 404 407 410</bigrams>
	</sent>	<sent id="4">
		<raw>He noted that the summit is called at an important timing when conflicting views emerged at both regional and international levels toward how to solve the Darfur crisis.</raw>
		<lemm>he note that the summit be call at an important timing when conflicting view emerge at both regional and international level toward how to solve the darfur crisis</lemm>
		<bigrams> 418 421 422 428 429 330</bigrams>
	</sent>	<sent id="5">
		<raw>"Egypt has a clear attitude toward the humanitarian aspect in the Darfur issue, that is to say, we have to allow Sudan all opportunities to solve the crisis," the diplomat said.</raw>
		<lemm> egypt have a clear attitude toward the humanitarian aspect in the darfur issue  that be to say  we have to allow sudan all opportunity to solve the crisis   the diplomat say</lemm>
		<bigrams> 436 437 440 397 449 311</bigrams>
	</sent>	<sent id="6">
		<raw>As a neighboring country of Sudan, Egypt would try its best to offer help, the diplomat said, adding Egypt would like to call for a similar summit in the near future if necessary.</raw>
		<lemm>as a neighboring country of sudan  egypt would try its good to offer help  the diplomat say  add egypt would like to call for a similar summit in the near future if necessary</lemm>
		<bigrams> 456 389 458 459 463 311 465 466 458 467 473 476</bigrams>
	</sent>	<sent id="7">
		<raw>Queried about the role of Arab countries in this regard, the diplomat said Egypt welcomes any effort made by Arab countries if it would benefit Sudan.</raw>
		<lemm>query about the role of arab country in this regard  the diplomat say egypt welcome any effort make by arab country if it would benefit sudan</lemm>
		<bigrams> 484 311 489 490 493 484 499 500</bigrams>
	</sent>	<sent id="8">
		<raw>Clashes flared up in February 2003 between marauding militia, known as Janjaweed, and local black Africans over scarce resources in the barren western Sudanese region of Darfur.</raw>
		<lemm>clash flare up in february @card@ between maraud militia  know as janjaweed  and local black african over scarce resource in the barren western sudanese region of darfur</lemm>
		<bigrams> 501 288 504 505 510 511 514 517 518 519</bigrams>
	</sent>	<sent id="9">
		<raw>Two rebel groups, the Sudan Liberation Army (SLA) and the Justice and Equality Movement (JEM), took up arms to fight the Janjaweed, which was believed to be responsible for killings and lootings.</raw>
		<lemm>two rebel group  the sudan liberation army ( sla ) and the justice and equality movement ( jem )  take up arm to fight the janjaweed  which be believe to be responsible for killing and looting</lemm>
		<bigrams> 157 158 524 525 526 527 528 150 151 152 153 531</bigrams>
	</sent>	<sent id="10">
		<raw>They also accused the government of years of negligence and unfair allocation of resources.</raw>
		<lemm>they also accuse the government of year of negligence and unfair allocation of resource</lemm>
		<bigrams> 548 557</bigrams>
	</sent>	<sent id="11">
		<raw>Peace talks between the Sudanese government and the rebel groups have adjourned in the Nigerian capital of Abuja without major breakthrough and would be resumed after the holy Muslim month of Ramadan.</raw>
		<lemm>peace talk between the sudanese government and the rebel group have adjourn in the nigerian capital of abuja without major breakthrough and would be resume after the holy muslim month of ramadan</lemm>
		<bigrams> 4 230 158 24 568 569 570 577 578</bigrams>
	</sent>	<sent id="12">
		<raw>The Egyptian diplomat said the summit in Libya would focus on finding ways to revive the stalled peace talks.</raw>
		<lemm>the egyptian diplomat say the summit in libya would focus on find way to revive the stall peace talk</lemm>
		<bigrams> 310 311 583 584 586 591 4</bigrams>
	</sent>	<sent id="13">
		<raw>"During the summit, all concerned Sudanese parties are expected to pledge sincere and practical efforts to settle the disputes," he added.</raw>
		<lemm> during the summit  all concerned sudanese party be expect to pledge sincere and practical effort to settle the dispute   he add</lemm>
		<bigrams> 595 596 601 604</bigrams>
	</sent>	<sent id="14">
		<raw>The summit was called under the AU auspices in a bid to solve the Darfur crisis, which has grabbed unprecedented world attention.</raw>
		<lemm>the summit be call under the au auspice in a bid to solve the darfur crisis  which have grab unprecedented world attention</lemm>
		<bigrams> 612 330 619 620 621</bigrams>
	</sent>	<sent id="15">
		<raw>The UN Security Council adopted a resolution on Sept. 18, urging the Sudanese government to stabilize the situation in Darfur and fully cooperate with the AU.</raw>
		<lemm>the un security council adopt a resolution on sept @card@  urge the sudanese government to stabilize the situation in darfur and fully cooperate with the au</lemm>
		<bigrams> 623 624 625 206 630 230 636</bigrams>
	</sent>	<sent id="16">
		<raw>The AU has spearheaded international attempts to resolve the crisis and is in the process of deploying a 4,500-strong force from around five African countries to Sudan to oversee the peace process.</raw>
		<lemm>the au have spearhead international attempt to resolve the crisis and be in the process of deploy a 4 500-strong force from around five african country to sudan to oversee the peace process</lemm>
		<bigrams> 640 641 653 654 657 658 659 666</bigrams>
	</sent></doc>