<?xml version="1.0" encoding="UTF_8"?>
<doc>	<sent id="0">
		<raw>Britain's Royal Navy is to join efforts to free the crew of a Russian mini-submarine trapped on the ocean floor, sending a remote control submersible to the scene, officials in London said Friday.</raw>
		<lemm>britain s royal navy be to join effort to free the crew of a russian mini-submarine trap on the ocean floor  send a remote control submersible to the scene  official in london say friday</lemm>
		<bigrams> 1396 1400 581 138 1404 1405 1408 1409 1411 1414 1415</bigrams>
	</sent>	<sent id="1">
		<raw>The underwater vehicle is equipped with cameras and an arm to help free the submarine, which is trapped after part of a fishing net became entangled in its propeller.</raw>
		<lemm>the underwater vehicle be equip with camera and an arm to help free the submarine  which be trap after part of a fishing net become entangled in its propeller</lemm>
		<bigrams> 578 1423 346 1427 1428</bigrams>
	</sent>	<sent id="2">
		<raw>"It will be able to hopefully free the men," a Ministry of Defence spokesman said.</raw>
		<lemm> it will be able to hopefully free the man   a ministry of defence spokesman say</lemm>
		<bigrams> 1436 1442 1443</bigrams>
	</sent>	<sent id="3">
		<raw>A Royal Air Force C-17 transport plane was due to fly to Glasgow to collect the remote control device, and would arrive in Russia on Saturday, the spokesman said.</raw>
		<lemm>a royal air force c-17 transport plane be due to fly to glasgow to collect the remote control device  and would arrive in russia on saturday  the spokesman say</lemm>
		<bigrams> 1445 506 1446 1447 1448 1408 1457 1460 1443</bigrams>
	</sent>	<sent id="4">
		<raw>The submersible would then be taken to the accident scene on the Kamchatka peninsula in the country's far east.</raw>
		<lemm>the submersible would then be take to the accident scene on the kamchatka peninsula in the country be far east</lemm>
		<bigrams> 1466 1471 309 240</bigrams>
	</sent>	<sent id="5">
		<raw>Earlier Friday, the US navy's Pacific Fleet said it was airlifting two remotely operated submersible vehicles to the site to help with rescue efforts, while Japan has also dispatched four military ships.</raw>
		<lemm>early friday  the us navy s pacific fleet say it be airlift two remotely operate submersible vehicle to the site to help with rescue effort  while japan have also dispatch four military ship</lemm>
		<bigrams> 1475 1476 183 1477 1479 1480 1481 1482 1483 1486 1489 6 1490 1491</bigrams>
	</sent>	<sent id="6">
		<raw>Seven Russian sailors are thought to be on the mini-submarine, designed for use in rescue, research and intelligence-gathering missions.</raw>
		<lemm>seven russian sailor be think to be on the mini-submarine  design for use in rescue  research and intelligence-gathering mission</lemm>
		<bigrams> 1492 1493 1499 1503 1506</bigrams>
	</sent>	<sent id="7">
		<raw>According to the Russian navy, the submarine only has 24 hours of oxygen left.</raw>
		<lemm>accord to the russian navy  the submarine only have @card@ hour of oxygen leave</lemm>
		<bigrams> 134 1187 1512</bigrams>
	</sent></doc>