<?xml version="1.0" encoding="UTF_8"?>
<doc>	<sent id="0">
		<raw>Rescue of a submarine stuck on the seabed off Russia's east coast is complicated because it is snagged in an underwater surveillance antenna system as well as snared in a fishing net, a senior Russian naval officer said Friday.</raw>
		<lemm>rescue of a submarine stick on the seabed off russia s east coast be complicate because it be snag in an underwater surveillance antenna system as well as snare in a fishing net  a senior russian naval officer say friday</lemm>
		<bigrams> 1778 241 1788 1789 1790 346 1798 611 1381 1799 1415</bigrams>
	</sent>	<sent id="1">
		<raw>A remote-controlled device was lowered to the stricken vessel "to cut the flexible tubes and cables of the coastal surveillance antenna in which the AS-28 vehicle is caught," Rear Admiral Vladimir Pepelayev was quoted by RIA-Novosti news agency as saying.</raw>
		<lemm>a remote-controlled device be lower to the stricken vessel  to cut the flexible tube and cable of the coastal surveillance antenna in which the as-28 vehicle be catch   rear admiral vladimir pepelayev be quote by ria-novosti news agency as say</lemm>
		<bigrams> 1801 1806 1809 1813 1789 1817 1818 1819 1820 1821 178 179</bigrams>
	</sent>	<sent id="2">
		<raw>The commander of Russia's Pacific Fleet, Admiral Viktor Fyodorov, separately told the NTV television network that rescuers "succeeded in moving one kilometer the entire system that the submarine is trapped in, including the system's anchor."</raw>
		<lemm>the commander of russia s pacific fleet  admiral viktor fyodorov  separately tell the ntv television network that rescuer  succeed in move one kilometer the entire system that the submarine be trap in  include the system s anchor </lemm>
		<bigrams> 183 1825 1666 840 1826 1827 1308 1828 1831 1834 1835 1838</bigrams>
	</sent>	<sent id="3">
		<raw>He did not provide further details on the "system" he was referring to, but said all of it, including the submarine, were being towed to shallower waters, a process he said could take a number of hours.</raw>
		<lemm>he do not provide further detail on the  system  he be refer to  but say all of it  include the submarine  be be tow to shallow water  a process he say could take a number of hour</lemm>
		<bigrams> 383 1864 1865</bigrams>
	</sent>	<sent id="4">
		<raw>Pepelayev made no mention of movement of the "system," but said either rescuers would manage to cut the submarine free from it or a tug-boat would pull the 60-ton anchor of the system out of the seabed, enabling rescuers to refloat the submarine.</raw>
		<lemm>pepelayev make no mention of movement of the  system   but say either rescuer would manage to cut the submarine free from it or a tug-boat would pull the 60-ton anchor of the system out of the seabed  enable rescuer to refloat the submarine</lemm>
		<bigrams> 1870 1876 1877 1088 1878 1879 1884 1885 1888 1890 1891</bigrams>
	</sent>	<sent id="5">
		<raw>There are seven crew members aboard the vessel, stranded on the ocean floor at a depth of around 190 meters (623 feet) in a bay off the coast of the Kamchatka peninsula in Russia's Far East region.</raw>
		<lemm>there be seven crew member aboard the vessel  strand on the ocean floor at a depth of around @card@ meter ( @card@ foot ) in a bay off the coast of the kamchatka peninsula in russia s far east region</lemm>
		<bigrams> 257 258 1519 1896 1404 648 144 145 146 147 148 309 240 1903</bigrams>
	</sent>	<sent id="6">
		<raw>There were widely varying accounts of how much oxygen was remaining for the crew, but Fyodorov and other officials said they had reserves sufficient to last at least another day.</raw>
		<lemm>there be widely vary account of how much oxygen be remain for the crew  but fyodorov and other official say they have reserve sufficient to last at least another day</lemm>
		<bigrams> 1905 1906 1909 99 1920 1924 1925</bigrams>
	</sent></doc>