<?xml version="1.0" encoding="UTF_8"?>
<doc>	<sent id="0">
		<raw>Rescue crews on Sunday lowered a British remote-controlled underwater vehicle to a Russian mini-submarine trapped deep under the Pacific Ocean, hoping to free the vessel and its seven trapped crewmen before their air supply ran out.</raw>
		<lemm>rescue crew on sunday lower a british remote-controlled underwater vehicle to a russian mini-submarine trap deep under the pacific ocean  hope to free the vessel and its seven trapped crewman before their air supply run out</lemm>
		<bigrams> 571 573 576 577 578 581 138 582 22 585 590 591 595 596</bigrams>
	</sent>	<sent id="1">
		<raw>British crews, who arrived some hours earlier at the remote Kamchatka Peninsula, were working with Russian naval authorities to maneuver the Super Scorpio unmanned robotic vehicle and untangle the AS-28, which was caught up by a military listening antenna 190 meters (625 feet) below the surface nearly three days ago.</raw>
		<lemm>british crew  who arrive some hour earlier at the remote kamchatka peninsula  be work with russian naval authority to maneuver the super scorpio unman robotic vehicle and untangle the as-28  which be catch up by a military listening antenna @card@ meter ( @card@ foot ) below the surface nearly three day ago</lemm>
		<bigrams> 598 603 606 309 611 612 617 618 619 620 630 631 632 144 145 146 147 148 634 635 636 637</bigrams>
	</sent>	<sent id="2">
		<raw>Capt.</raw>
		<lemm>capt </lemm>
		<bigrams></bigrams>
	</sent>	<sent id="3">
		<raw>Igor Dygalo told The Associated Press that workers lowered the Super Scorpio at around 11:30 a.m. local time (2230 GMT) at the site in Beryozovaya Bay about 15 kilometers (10 miles) off the east coast of the peninsula, north of Japan.</raw>
		<lemm>igor dygalo tell the associated press that worker lower the super scorpio at around @card@ a m local time ( @card@ gmt ) at the site in beryozovaya bay about @card@ kilometer ( @card@ mile ) off the east coast of the peninsula  north of japan</lemm>
		<bigrams> 166 638 641 644 617 648 290 651 146 652 653 657 660 661 146 662 663 241 668</bigrams>
	</sent>	<sent id="4">
		<raw>The Super Scorpio then began cutting cables that had tangled the sub, Russian news agencies reported.</raw>
		<lemm>the super scorpio then begin cut cable that have tangle the sub  russian news agency report</lemm>
		<bigrams> 617 673 674 679 277 179 180</bigrams>
	</sent>	<sent id="5">
		<raw>Earlier, Russian rescuers looped cables under the antenna and were hoping to bring both it and the 44-foot(13.2-meter)-long sub closer to the surface, where divers could reach the crew.</raw>
		<lemm>earlier  russian rescuer loop cable under the antenna and be hope to bring both it and the 44-foot(13 2-meter)-long sub closer to the surface  where diver could reach the crew</lemm>
		<bigrams> 680 681 682 683 692 693 694 698 699</bigrams>
	</sent>	<sent id="6">
		<raw>Russian authorities hope British and American unmanned submersibles, sent after a Russian plea for help, can cut the submarine loose.</raw>
		<lemm>russian authority hope british and american unmanned submersible  send after a russian plea for help  can cut the submarine loose</lemm>
		<bigrams> 700 701 702 705 706 707 710 716</bigrams>
	</sent>	<sent id="7">
		<raw>They are trying desperately to avoid losing a sub crew as they did with the Kursk nuclear submarine, which sank almost exactly five years ago, killing all 118 aboard.</raw>
		<lemm>they be try desperately to avoid lose a sub crew as they do with the kursk nuclear submarine  which sink almost exactly five year ago  kill all @card@ aboard</lemm>
		<bigrams> 718 721 724 729 375 732 733 734 735 736 737 740</bigrams>
	</sent>	<sent id="8">
		<raw>A U. S. crew with two other Super Scorpio vehicles, meanwhile, was also making its way to the site after landing later on the rain-soaked peninsula.</raw>
		<lemm>a u s crew with two other super scorpio vehicle  meanwhile  be also make its way to the site after land later on the rain-soaked peninsula</lemm>
		<bigrams> 617 746 747 750 756 759</bigrams>
	</sent>	<sent id="9">
		<raw>As the American submersibles and crews were being loaded onto ships near the port of Petropavlovsky-Kamchatsky, Cmdr.</raw>
		<lemm>as the american submersible and crew be be load onto ship near the port of petropavlovsky-kamchatsky  cmdr</lemm>
		<bigrams> 761 766 767 768 773</bigrams>
	</sent>	<sent id="10">
		<raw>Bill Hamblet, an assistant U. S. naval attache helping the operation, said the three countries were cooperating together with their best equipment and teams.</raw>
		<lemm>bill hamblet  an assistant u s naval attache help the operation  say the three country be cooperate together with their good equipment and team</lemm>
		<bigrams> 774 777 779 780 783 785 788 792</bigrams>
	</sent>	<sent id="11">
		<raw>"It's hard to do anything at that depth, but everyone will try and do their best to save the crew," he told AP.</raw>
		<lemm> it be hard to do anything at that depth  but everyone will try and do their good to save the crew   he tell ap</lemm>
		<bigrams> 813</bigrams>
	</sent>	<sent id="12">
		<raw>"Together the three countries will pull this off."</raw>
		<lemm> together the three country will pull this off </lemm>
		<bigrams> 785</bigrams>
	</sent>	<sent id="13">
		<raw>Navy estimates of how long the air would last ranged from the end of Saturday until Monday.</raw>
		<lemm>navy estimate of how long the air would last range from the end of saturday until monday</lemm>
		<bigrams> 819 823 163 824</bigrams>
	</sent>	<sent id="14">
		<raw>The Russian navy made contact with the crew late Saturday, and Pacific Fleet commander Adm. Viktor Fyodorov said their condition was "satisfactory" despite temperatures of 5-7 degrees Celsius (41-45 degrees Fahrenheit).</raw>
		<lemm>the russian navy make contact with the crew late saturday  and pacific fleet commander adm viktor fyodorov say their condition be  satisfactory  despite temperature of @card@ degree celsius ( @card@ degree fahrenheit )</lemm>
		<bigrams> 134 832 833 834 835 183 184 838 839 840 841 846 847 849 850 851 146 849 852 853</bigrams>
	</sent>	<sent id="15">
		<raw>"They're not giving up hope," Fyodorov said in televised comments.</raw>
		<lemm> they be not give up hope   fyodorov say in televised comment</lemm>
		<bigrams> 857 841 200</bigrams>
	</sent>	<sent id="16">
		<raw>"I assure you, work is continuing without interruption through night and day and will not stop until we actually lift our guys up to the surface," he said.</raw>
		<lemm> i assure you  work be continue without interruption through night and day and will not stop until we actually lift our guy up to the surface   he say</lemm>
		<bigrams> 864 865 877</bigrams>
	</sent>	<sent id="17">
		<raw>It wasn't clear if contact with the crew was made by radio or through some other means, but officials said it was taking place every few hours.</raw>
		<lemm>it be n t clear if contact with the crew be make by radio or through some other mean  but official say it be take place every few hour</lemm>
		<bigrams> 99 897 898</bigrams>
	</sent>	<sent id="18">
		<raw>Russia's plea for international assistance underlined the deficiencies of its once-mighty navy and strongly contrasted with the August 2000 sinking of the Kursk, when authorities held off asking for help until hope was nearly exhausted.</raw>
		<lemm>russia s plea for international assistance underline the deficiency of its once-mighty navy and strongly contrast with the august @card@ sinking of the kursk  when authority hold off ask for help until hope be nearly exhaust</lemm>
		<bigrams> 389 903 909 912 915 916 920 927</bigrams>
	</sent>	<sent id="19">
		<raw>Some of the 118 crew survived for many hours as breathable air ran out.</raw>
		<lemm>some of the @card@ crew survive for many hour as breathable air run out</lemm>
		<bigrams> 929 930 933 936 937</bigrams>
	</sent>	<sent id="20">
		<raw>Rear Adm. Vladimir Pepelyayev, deputy head of the navy's general staff, said the air would likely last to the end of the day and possibly through Sunday.</raw>
		<lemm>rear adm vladimir pepelyayev  deputy head of the navy s general staff  say the air would likely last to the end of the day and possibly through sunday</lemm>
		<bigrams> 938 939 940 941 942 946 947 823 948 949</bigrams>
	</sent>	<sent id="21">
		<raw>Fyodorov gave a similar estimate, but later was quoted by the Interfax news agency as saying there was enough to last until Monday.</raw>
		<lemm>fyodorov give a similar estimate  but late be quote by the interfax news agency as say there be enough to last until monday</lemm>
		<bigrams> 955 957 965 179</bigrams>
	</sent>	<sent id="22">
		<raw>"They have the air.</raw>
		<lemm> they have the air</lemm>
		<bigrams></bigrams>
	</sent>	<sent id="23">
		<raw>But you can imagine their state of mind after two days," Pepelyayev said.</raw>
		<lemm>but you can imagine their state of mind after two day   pepelyayev say</lemm>
		<bigrams> 982 983 984</bigrams>
	</sent>	<sent id="24">
		<raw>Officials said the Russian submarine was participating in a combat training exercise and got snarled on an underwater antenna assembly that is part of a coastal monitoring system.</raw>
		<lemm>official say the russian submarine be participate in a combat training exercise and get snarl on an underwater antenna assembly that be part of a coastal monitoring system</lemm>
		<bigrams> 99 14 988 989 992 111 995 1002 1003</bigrams>
	</sent>	<sent id="25">
		<raw>The system is anchored with a weight of about 60 metric tons (66 short tons), according to news reports.</raw>
		<lemm>the system be anchor with a weight of about @card@ metric ton ( @card@ short ton )  accord to news report</lemm>
		<bigrams> 1012 1013 1014 146 1015 1016 1017 1018 1021</bigrams>
	</sent>	<sent id="26">
		<raw>Russia's cash-strapped navy apparently lacks rescue vehicles capable of operating at the depth where the sub is stranded, and officials say it is too deep for divers or for the crew to swim out on their own.</raw>
		<lemm>russia s cash-strapped navy apparently lack rescue vehicle capable of operate at the depth where the sub be strand  and official say it be too deep for diver or for the crew to swim out on their own</lemm>
		<bigrams> 1023 1024 1025 1026 247 1027 99</bigrams>
	</sent>	<sent id="27">
		<raw>An earlier attempt to drag the vessel to shallower waters failed when cables detached after pulling it some 60 meters (65 yards).</raw>
		<lemm>an early attempt to drag the vessel to shallow water fail when cable detach after pull it some @card@ meter ( @card@ yard )</lemm>
		<bigrams> 1051 383 1056 1059 144 145 146 1065 1066</bigrams>
	</sent>	<sent id="28">
		<raw>"We won't try to drag it anymore; we will try to lift the whole system, rip it off and bring it to the surface," Fyodorov said.</raw>
		<lemm> we wo n t try to drag it anymore  we will try to lift the whole system  rip it off and bring it to the surface   fyodorov say</lemm>
		<bigrams> 1068 1078 1079 1086 841</bigrams>
	</sent>	<sent id="29">
		<raw>He said rescuers would try to raise the vessel by lifting with enough force to pull two heavy concrete anchors from the sea floor.</raw>
		<lemm>he say rescuer would try to raise the vessel by lift with enough force to pull two heavy concrete anchor from the sea floor</lemm>
		<bigrams> 1087 1088 1089 1096 1099 1100 1101 1102 116</bigrams>
	</sent>	<sent id="30">
		<raw>The new crisis indicated that promises by President Vladimir Putin to improve the navy's equipment apparently have had little effect.</raw>
		<lemm>the new crisis indicate that promise by president vladimir putin to improve the navy s equipment apparently have have little effect</lemm>
		<bigrams> 1105 1106 1111 1112 1117 1121</bigrams>
	</sent>	<sent id="31">
		<raw>He was sharply criticized for his slow response to the Kursk crisis and reluctance to accept foreign assistance.</raw>
		<lemm>he be sharply criticize for his slow response to the kursk crisis and reluctance to accept foreign assistance</lemm>
		<bigrams> 1124 1128 1130 1134 1135</bigrams>
	</sent>	<sent id="32">
		<raw>By early Sunday, Putin had made no public comment on the latest sinking, but Defense Minister Sergei Ivanov flew to Kamchatka and was traveling to the site of the rescue operation.</raw>
		<lemm>by early sunday  putin have make no public comment on the late sinking  but defense minister sergei ivanov fly to kamchatka and be travel to the site of the rescue operation</lemm>
		<bigrams> 1137 1138 1143 1146 1149 1150 1151 1152 328</bigrams>
	</sent></doc>