<?xml version="1.0" encoding="UTF_8"?>
<doc>	<sent id="0">
		<raw>At Moscow's request, Japan has dispatched four naval vessels to help rescue a Russian submarine snagged on the floor of the Pacific Ocean, but the ships aren't expected to arrive at the scene until early next week.</raw>
		<lemm>at moscow s request  japan have dispatch four naval vessel to help rescue a russian submarine snag on the floor of the pacific ocean  but the ship be n t expect to arrive at the scene until early next week</lemm>
		<bigrams> 3 6 7 8 11 14 15 22 37 38</bigrams>
	</sent>	<sent id="1">
		<raw>The ships include one submarine tender and three minesweepers, Marine Self Defense Force spokesman Hidetsubu Iwamasa said.</raw>
		<lemm>the ship include one submarine tender and three minesweeper  marine self defense force spokesman hidetsubu iwamasa say</lemm>
		<bigrams> 39 40 41 42 45 46 47 48 49 50 51 52 53</bigrams>
	</sent>	<sent id="2">
		<raw>The submarine tender, which is equipped with rescue gear, left from Yokosuka naval base near Tokyo and is expected to rendezvous with the other ships at the site off Russia's Pacific coast on Monday or Tuesday, he said.</raw>
		<lemm>the submarine tender  which be equip with rescue gear  leave from yokosuka naval base near tokyo and be expect to rendezvous with the other ship at the site off russia s pacific coast on monday or tuesday  he say</lemm>
		<bigrams> 42 60 61 64 65 66 67 82</bigrams>
	</sent>	<sent id="3">
		<raw>Russia asked for the assistance Friday, a Japanese Foreign Ministry official said separately on condition of anonymity.</raw>
		<lemm>russia ask for the assistance friday  a japanese foreign ministry official say separately on condition of anonymity</lemm>
		<bigrams> 89 93 96 97 98 99 100</bigrams>
	</sent>	<sent id="4">
		<raw>The Russian submarine had been tending an underwater antenna mounted to the sea floor when it became snagged on a wire helping to stabilize a ventilation cable attached to the antenna, the official said.</raw>
		<lemm>the russian submarine have be tend an underwater antenna mount to the sea floor when it become snag on a wire help to stabilize a ventilation cable attach to the antenna  the official say</lemm>
		<bigrams> 14 111 112 116 120 123 128 129 99</bigrams>
	</sent>	<sent id="5">
		<raw>Russian navy officials said the mini-submarine, trapped at a depth of 190 meters (625 feet), had seven sailors aboard, and it was unclear how long their oxygen supply would last.</raw>
		<lemm>russian navy official say the mini-submarine  trap at a depth of @card@ meter ( @card@ foot )  have seven sailor aboard  and it be unclear how long their oxygen supply would last</lemm>
		<bigrams> 134 135 99 138 144 145 146 147 148 151 152 161 162 163</bigrams>
	</sent>	<sent id="6">
		<raw>Navy spokesman Capt.</raw>
		<lemm>navy spokesman capt </lemm>
		<bigrams> 164 165</bigrams>
	</sent>	<sent id="7">
		<raw>Igor Dygalo said the U. S. Navy has also been asked for assistance, the RIA-Novosti news agency reported.</raw>
		<lemm>igor dygalo say the u s navy have also be ask for assistance  the ria-novosti news agency report</lemm>
		<bigrams> 166 167 178 179 180</bigrams>
	</sent>	<sent id="8">
		<raw>Interfax said Russia's Pacific Fleet commander was in talks with top U. S. Navy officers over how the United States might help.</raw>
		<lemm>interfax say russia s pacific fleet commander be in talk with top u s navy officer over how the united states might help</lemm>
		<bigrams> 181 182 183 184 190 191 196 197 198</bigrams>
	</sent>	<sent id="9">
		<raw>In televised comments, Pacific Fleet spokesman Capt.</raw>
		<lemm>in televised comment  pacific fleet spokesman capt </lemm>
		<bigrams> 200 201 183 202 165</bigrams>
	</sent>	<sent id="10">
		<raw>Alexander Kosolapov said there was contact with the sailors, who were not hurt, and that authorities were preparing to send down a similar vessel to assess the situation.</raw>
		<lemm>alexander kosolapov say there be contact with the sailor  who be not hurt  and that authority be prepare to send down a similar vessel to assess the situation</lemm>
		<bigrams> 203 204 224</bigrams>
	</sent>	<sent id="11">
		<raw>A small Russian submarine was freed on Sunday from its undersea entanglement of the Far East coast by an unmanned British rescue vehicle that cut away the nets that ensnared it.</raw>
		<lemm>a small russian submarine be free on sunday from its undersea entanglement of the far east coast by an unmanned british rescue vehicle that cut away the net that ensnare it</lemm>
		<bigrams> 229 14 237 240 241 245 246 247 250</bigrams>
	</sent>	<sent id="12">
		<raw>All seven crew members were alive and rushed aboard a Russian surface vessel, where they were being examined by a medical team, Russian news agencies and the U. S. Navy said.</raw>
		<lemm>all seven crew member be alive and rush aboard a russian surface vessel  where they be be examine by a medical team  russian news agency and the u s navy say</lemm>
		<bigrams> 257 258 263 265 266 275 276 277 179 280</bigrams>
	</sent>	<sent id="13">
		<raw>The vessel rose to the surface at 4:26 p.m. local time, ending the crew's ordeal in the cold and darkness more than 600 feet below the surface off the Kamchatka Peninsula.</raw>
		<lemm>the vessel rise to the surface at @card@ p m local time  end the crew s ordeal in the cold and darkness more than @card@ foot below the surface off the kamchatka peninsula</lemm>
		<bigrams> 282 287 290 291 147 309</bigrams>
	</sent>	<sent id="14">
		<raw>There remained uncertainties about how the submersible, a 44-foot rescue vessel, became disabled, and exactly what immobilized it.</raw>
		<lemm>there remain uncertainty about how the submersible  a 44-foot rescue vessel  become disabled  and exactly what immobilize it</lemm>
		<bigrams> 311 317 318 319 320</bigrams>
	</sent>	<sent id="15">
		<raw>Throughout the rescue operation, Russian officers spoke of cables and hoses that held the craft fast, while Western naval officials said fishing nets had trapped the craft.</raw>
		<lemm>throughout the rescue operation  russian officer speak of cable and hose that hold the craft fast  while western naval official say fishing net have trap the craft</lemm>
		<bigrams> 328 329 330 331 340 343 344 99 345 346</bigrams>
	</sent>	<sent id="16">
		<raw>The disentanglement and ascent of the small submarine, trapped since Thurssday, was an utterly different outcome from Russia's last prominent submarine crisis, in 2000, when the nuclear submarine Kursk sank after on-board explosions in shallow water in the Barents Sea.</raw>
		<lemm>the disentanglement and ascent of the small submarine  trap since thurssday  be an utterly different outcome from russia s last prominent submarine crisis  in @card@  when the nuclear submarine kursk sink after on-board explosion in shallow water in the barents sea</lemm>
		<bigrams> 355 356 357 358 362 363 367 368 369 375 376 377 380 383 386</bigrams>
	</sent>	<sent id="17">
		<raw>Russia resisted international assistance in that crisis, and made a series of false statements about its problems at sea.</raw>
		<lemm>russia resist international assistance in that crisis  and make a series of false statement about its problem at sea</lemm>
		<bigrams> 387 388 389 399</bigrams>
	</sent>	<sent id="18">
		<raw>As the British sailors worked, Russian officials said the submarine's crew of seven men were alive and had donned thermal suits, huddled together in a single compartment and were minimizing their movements to conserve their remaining air.</raw>
		<lemm>as the british sailor work  russian official say the submarine s crew of seven man be alive and have don thermal suit  huddle together in a single compartment and be minimize their movement to conserve their remain air</lemm>
		<bigrams> 407 408 409 410 99 415 420 421 422 426 435</bigrams>
	</sent>	<sent id="19">
		<raw>Power had been all but shut down inside the sunken vessel and its heater turned off to save its dwindling energy reserves, rendering the titanium-hulled craft a chilled, dark tube.</raw>
		<lemm>power have be all but shut down inside the sunken vessel and its heater turn off to save its dwindle energy reserve  render the titanium-hulled craft a chill  dark tube</lemm>
		<bigrams> 444 448 454 455 456 459 462 463</bigrams>
	</sent>	<sent id="20">
		<raw>The British reached the scene first in part because they had a shorter flight to get their Scorpio to Russia.</raw>
		<lemm>the british reach the scene first in part because they have a short flight to get their scorpio to russia</lemm>
		<bigrams> 464 466 474</bigrams>
	</sent>	<sent id="21">
		<raw>But it also took Americans four hours longer than expected Friday to load the Scorpios onto a cargo plane in San Diego, with both the Air Force and the Navy citing each other for contributing to some of the delay.</raw>
		<lemm>but it also take american four hour longer than expect friday to load the scorpio onto a cargo plane in san diego  with both the air force and the navy cite each other for contribute to some of the delay</lemm>
		<bigrams> 483 484 485 486 487 490 495 498 501 506 509</bigrams>
	</sent>	<sent id="22">
		<raw>Still, American officials said the rescue was a testament to the intense efforts that have been made to increase cooperation among navies since the Kursk sunk.</raw>
		<lemm>still  american official say the rescue be a testament to the intense effort that have be make to increase cooperation among navy since the kursk sink</lemm>
		<bigrams> 518 519 99 525 531 532 533 534 377</bigrams>
	</sent>	<sent id="23">
		<raw>"The close team work and global coordination between our navies to rescue these sailors in such a short time is testimony to the spirit and determination of our nations," said Adm. Gary Roughead, commander of the US Pacific Fleet.</raw>
		<lemm> the close team work and global coordination between our navy to rescue these sailor in such a short time be testimony to the spirit and determination of our nation   say adm gary roughead  commander of the us pacific fleet</lemm>
		<bigrams> 538 539 542 553 563 564 565 566 567 570 183</bigrams>
	</sent>	<sent id="24">
		<raw>Rescue crews on Sunday lowered a British remote-controlled underwater vehicle to a Russian mini-submarine trapped deep under the Pacific Ocean, hoping to free the vessel and its seven trapped crewmen before their air supply ran out.</raw>
		<lemm>rescue crew on sunday lower a british remote-controlled underwater vehicle to a russian mini-submarine trap deep under the pacific ocean  hope to free the vessel and its seven trapped crewman before their air supply run out</lemm>
		<bigrams> 571 573 576 577 578 581 138 582 22 585 590 591 595 596</bigrams>
	</sent>	<sent id="25">
		<raw>British crews, who arrived some hours earlier at the remote Kamchatka Peninsula, were working with Russian naval authorities to maneuver the Super Scorpio unmanned robotic vehicle and untangle the AS-28, which was caught up by a military listening antenna 190 meters (625 feet) below the surface nearly three days ago.</raw>
		<lemm>british crew  who arrive some hour earlier at the remote kamchatka peninsula  be work with russian naval authority to maneuver the super scorpio unman robotic vehicle and untangle the as-28  which be catch up by a military listening antenna @card@ meter ( @card@ foot ) below the surface nearly three day ago</lemm>
		<bigrams> 598 603 606 309 611 612 617 618 619 620 630 631 632 144 145 146 147 148 634 635 636 637</bigrams>
	</sent>	<sent id="26">
		<raw>Capt.</raw>
		<lemm>capt </lemm>
		<bigrams></bigrams>
	</sent>	<sent id="27">
		<raw>Igor Dygalo told The Associated Press that workers lowered the Super Scorpio at around 11:30 a.m. local time (2230 GMT) at the site in Beryozovaya Bay about 15 kilometers (10 miles) off the east coast of the peninsula, north of Japan.</raw>
		<lemm>igor dygalo tell the associated press that worker lower the super scorpio at around @card@ a m local time ( @card@ gmt ) at the site in beryozovaya bay about @card@ kilometer ( @card@ mile ) off the east coast of the peninsula  north of japan</lemm>
		<bigrams> 166 638 641 644 617 648 290 651 146 652 653 657 660 661 146 662 663 241 668</bigrams>
	</sent>	<sent id="28">
		<raw>The Super Scorpio then began cutting cables that had tangled the sub, Russian news agencies reported.</raw>
		<lemm>the super scorpio then begin cut cable that have tangle the sub  russian news agency report</lemm>
		<bigrams> 617 673 674 679 277 179 180</bigrams>
	</sent>	<sent id="29">
		<raw>Earlier, Russian rescuers looped cables under the antenna and were hoping to bring both it and the 44-foot(13.2-meter)-long sub closer to the surface, where divers could reach the crew.</raw>
		<lemm>earlier  russian rescuer loop cable under the antenna and be hope to bring both it and the 44-foot(13 2-meter)-long sub closer to the surface  where diver could reach the crew</lemm>
		<bigrams> 680 681 682 683 692 693 694 698 699</bigrams>
	</sent>	<sent id="30">
		<raw>Russian authorities hope British and American unmanned submersibles, sent after a Russian plea for help, can cut the submarine loose.</raw>
		<lemm>russian authority hope british and american unmanned submersible  send after a russian plea for help  can cut the submarine loose</lemm>
		<bigrams> 700 701 702 705 706 707 710 716</bigrams>
	</sent>	<sent id="31">
		<raw>They are trying desperately to avoid losing a sub crew as they did with the Kursk nuclear submarine, which sank almost exactly five years ago, killing all 118 aboard.</raw>
		<lemm>they be try desperately to avoid lose a sub crew as they do with the kursk nuclear submarine  which sink almost exactly five year ago  kill all @card@ aboard</lemm>
		<bigrams> 718 721 724 729 375 732 733 734 735 736 737 740</bigrams>
	</sent>	<sent id="32">
		<raw>A U. S. crew with two other Super Scorpio vehicles, meanwhile, was also making its way to the site after landing later on the rain-soaked peninsula.</raw>
		<lemm>a u s crew with two other super scorpio vehicle  meanwhile  be also make its way to the site after land later on the rain-soaked peninsula</lemm>
		<bigrams> 617 746 747 750 756 759</bigrams>
	</sent>	<sent id="33">
		<raw>As the American submersibles and crews were being loaded onto ships near the port of Petropavlovsky-Kamchatsky, Cmdr.</raw>
		<lemm>as the american submersible and crew be be load onto ship near the port of petropavlovsky-kamchatsky  cmdr</lemm>
		<bigrams> 761 766 767 768 773</bigrams>
	</sent>	<sent id="34">
		<raw>Bill Hamblet, an assistant U. S. naval attache helping the operation, said the three countries were cooperating together with their best equipment and teams.</raw>
		<lemm>bill hamblet  an assistant u s naval attache help the operation  say the three country be cooperate together with their good equipment and team</lemm>
		<bigrams> 774 777 779 780 783 785 788 792</bigrams>
	</sent>	<sent id="35">
		<raw>"It's hard to do anything at that depth, but everyone will try and do their best to save the crew," he told AP.</raw>
		<lemm> it be hard to do anything at that depth  but everyone will try and do their good to save the crew   he tell ap</lemm>
		<bigrams> 813</bigrams>
	</sent>	<sent id="36">
		<raw>"Together the three countries will pull this off."</raw>
		<lemm> together the three country will pull this off </lemm>
		<bigrams> 785</bigrams>
	</sent>	<sent id="37">
		<raw>Navy estimates of how long the air would last ranged from the end of Saturday until Monday.</raw>
		<lemm>navy estimate of how long the air would last range from the end of saturday until monday</lemm>
		<bigrams> 819 823 163 824</bigrams>
	</sent>	<sent id="38">
		<raw>The Russian navy made contact with the crew late Saturday, and Pacific Fleet commander Adm. Viktor Fyodorov said their condition was "satisfactory" despite temperatures of 5-7 degrees Celsius (41-45 degrees Fahrenheit).</raw>
		<lemm>the russian navy make contact with the crew late saturday  and pacific fleet commander adm viktor fyodorov say their condition be  satisfactory  despite temperature of @card@ degree celsius ( @card@ degree fahrenheit )</lemm>
		<bigrams> 134 832 833 834 835 183 184 838 839 840 841 846 847 849 850 851 146 849 852 853</bigrams>
	</sent>	<sent id="39">
		<raw>"They're not giving up hope," Fyodorov said in televised comments.</raw>
		<lemm> they be not give up hope   fyodorov say in televised comment</lemm>
		<bigrams> 857 841 200</bigrams>
	</sent>	<sent id="40">
		<raw>"I assure you, work is continuing without interruption through night and day and will not stop until we actually lift our guys up to the surface," he said.</raw>
		<lemm> i assure you  work be continue without interruption through night and day and will not stop until we actually lift our guy up to the surface   he say</lemm>
		<bigrams> 864 865 877</bigrams>
	</sent>	<sent id="41">
		<raw>It wasn't clear if contact with the crew was made by radio or through some other means, but officials said it was taking place every few hours.</raw>
		<lemm>it be n t clear if contact with the crew be make by radio or through some other mean  but official say it be take place every few hour</lemm>
		<bigrams> 99 897 898</bigrams>
	</sent>	<sent id="42">
		<raw>Russia's plea for international assistance underlined the deficiencies of its once-mighty navy and strongly contrasted with the August 2000 sinking of the Kursk, when authorities held off asking for help until hope was nearly exhausted.</raw>
		<lemm>russia s plea for international assistance underline the deficiency of its once-mighty navy and strongly contrast with the august @card@ sinking of the kursk  when authority hold off ask for help until hope be nearly exhaust</lemm>
		<bigrams> 389 903 909 912 915 916 920 927</bigrams>
	</sent>	<sent id="43">
		<raw>Some of the 118 crew survived for many hours as breathable air ran out.</raw>
		<lemm>some of the @card@ crew survive for many hour as breathable air run out</lemm>
		<bigrams> 929 930 933 936 937</bigrams>
	</sent>	<sent id="44">
		<raw>Rear Adm. Vladimir Pepelyayev, deputy head of the navy's general staff, said the air would likely last to the end of the day and possibly through Sunday.</raw>
		<lemm>rear adm vladimir pepelyayev  deputy head of the navy s general staff  say the air would likely last to the end of the day and possibly through sunday</lemm>
		<bigrams> 938 939 940 941 942 946 947 823 948 949</bigrams>
	</sent>	<sent id="45">
		<raw>Fyodorov gave a similar estimate, but later was quoted by the Interfax news agency as saying there was enough to last until Monday.</raw>
		<lemm>fyodorov give a similar estimate  but late be quote by the interfax news agency as say there be enough to last until monday</lemm>
		<bigrams> 955 957 965 179</bigrams>
	</sent>	<sent id="46">
		<raw>"They have the air.</raw>
		<lemm> they have the air</lemm>
		<bigrams></bigrams>
	</sent>	<sent id="47">
		<raw>But you can imagine their state of mind after two days," Pepelyayev said.</raw>
		<lemm>but you can imagine their state of mind after two day   pepelyayev say</lemm>
		<bigrams> 982 983 984</bigrams>
	</sent>	<sent id="48">
		<raw>Officials said the Russian submarine was participating in a combat training exercise and got snarled on an underwater antenna assembly that is part of a coastal monitoring system.</raw>
		<lemm>official say the russian submarine be participate in a combat training exercise and get snarl on an underwater antenna assembly that be part of a coastal monitoring system</lemm>
		<bigrams> 99 14 988 989 992 111 995 1002 1003</bigrams>
	</sent>	<sent id="49">
		<raw>The system is anchored with a weight of about 60 metric tons (66 short tons), according to news reports.</raw>
		<lemm>the system be anchor with a weight of about @card@ metric ton ( @card@ short ton )  accord to news report</lemm>
		<bigrams> 1012 1013 1014 146 1015 1016 1017 1018 1021</bigrams>
	</sent>	<sent id="50">
		<raw>Russia's cash-strapped navy apparently lacks rescue vehicles capable of operating at the depth where the sub is stranded, and officials say it is too deep for divers or for the crew to swim out on their own.</raw>
		<lemm>russia s cash-strapped navy apparently lack rescue vehicle capable of operate at the depth where the sub be strand  and official say it be too deep for diver or for the crew to swim out on their own</lemm>
		<bigrams> 1023 1024 1025 1026 247 1027 99</bigrams>
	</sent>	<sent id="51">
		<raw>An earlier attempt to drag the vessel to shallower waters failed when cables detached after pulling it some 60 meters (65 yards).</raw>
		<lemm>an early attempt to drag the vessel to shallow water fail when cable detach after pull it some @card@ meter ( @card@ yard )</lemm>
		<bigrams> 1051 383 1056 1059 144 145 146 1065 1066</bigrams>
	</sent>	<sent id="52">
		<raw>"We won't try to drag it anymore; we will try to lift the whole system, rip it off and bring it to the surface," Fyodorov said.</raw>
		<lemm> we wo n t try to drag it anymore  we will try to lift the whole system  rip it off and bring it to the surface   fyodorov say</lemm>
		<bigrams> 1068 1078 1079 1086 841</bigrams>
	</sent>	<sent id="53">
		<raw>He said rescuers would try to raise the vessel by lifting with enough force to pull two heavy concrete anchors from the sea floor.</raw>
		<lemm>he say rescuer would try to raise the vessel by lift with enough force to pull two heavy concrete anchor from the sea floor</lemm>
		<bigrams> 1087 1088 1089 1096 1099 1100 1101 1102 116</bigrams>
	</sent>	<sent id="54">
		<raw>The new crisis indicated that promises by President Vladimir Putin to improve the navy's equipment apparently have had little effect.</raw>
		<lemm>the new crisis indicate that promise by president vladimir putin to improve the navy s equipment apparently have have little effect</lemm>
		<bigrams> 1105 1106 1111 1112 1117 1121</bigrams>
	</sent>	<sent id="55">
		<raw>He was sharply criticized for his slow response to the Kursk crisis and reluctance to accept foreign assistance.</raw>
		<lemm>he be sharply criticize for his slow response to the kursk crisis and reluctance to accept foreign assistance</lemm>
		<bigrams> 1124 1128 1130 1134 1135</bigrams>
	</sent>	<sent id="56">
		<raw>By early Sunday, Putin had made no public comment on the latest sinking, but Defense Minister Sergei Ivanov flew to Kamchatka and was traveling to the site of the rescue operation.</raw>
		<lemm>by early sunday  putin have make no public comment on the late sinking  but defense minister sergei ivanov fly to kamchatka and be travel to the site of the rescue operation</lemm>
		<bigrams> 1137 1138 1143 1146 1149 1150 1151 1152 328</bigrams>
	</sent>	<sent id="57">
		<raw>The Russian navy worked desperately on Friday to save a small military submarine that had sunk to the seafloor off Russia's Pacific coast, and called for international help to rescue the crew.</raw>
		<lemm>the russian navy work desperately on friday to save a small military submarine that have sink to the seafloor off russia s pacific coast  and call for international help to rescue the crew</lemm>
		<bigrams> 134 1159 1160 1164 1165 82 1174</bigrams>
	</sent>	<sent id="58">
		<raw>The seven men on board were said to have as little as 24 hours of air.</raw>
		<lemm>the seven man on board be say to have as little as @card@ hour of air</lemm>
		<bigrams> 415 1187</bigrams>
	</sent>	<sent id="59">
		<raw>The submarine, a 44-foot-long vessel known as a Priz that was itself designed for undersea rescue operations, became imperiled Thursday, the Russian Navy said, after its propeller became entangled in an undersea object during an exercise.</raw>
		<lemm>the submarine  a 44-foot-long vessel know as a priz that be itself design for undersea rescue operation  become imperil thursday  the russian navy say  after its propeller become entangle in an undersea object during an exercise</lemm>
		<bigrams> 1192 1193 1202 328 1203 1204 1205 134 280 1210 1211 1215</bigrams>
	</sent>	<sent id="60">
		<raw>It sank to the bottom in more than 600 feet of water off the Kamchatka Peninsula in Beryozovaya Bay.</raw>
		<lemm>it sink to the bottom in more than @card@ foot of water off the kamchatka peninsula in beryozovaya bay</lemm>
		<bigrams> 147 309 657</bigrams>
	</sent>	<sent id="61">
		<raw>Although the initial reports indicated that the submarine was tangled in a fishing net, late Friday here the Russian navy said it might have become stuck against an undersea piece of military equipment that it was inspecting.</raw>
		<lemm>although the initial report indicate that the submarine be tangle in a fishing net  late friday here the russian navy say it might have become stuck against an undersea piece of military equipment that it be inspect</lemm>
		<bigrams> 1229 1230 346 1235 1236 134 280 1242 1245 1248</bigrams>
	</sent>	<sent id="62">
		<raw>The navy said throughout Friday that it was in contact with the trapped crew members, who were in good health, and that it was sweeping the area with the anchors of two surface vessels, trying either to snag the submarine or to sever the debris that had crippled it.</raw>
		<lemm>the navy say throughout friday that it be in contact with the trapped crew member  who be in good health  and that it be sweep the area with the anchor of two surface vessel  try either to snag the submarine or to sever the debris that have cripple it</lemm>
		<bigrams> 280 1252 1253 1257 258 1260 1269 266 1270 1271</bigrams>
	</sent>	<sent id="63">
		<raw>Late Friday, the navy said one of the vessels had snagged the submarine and was trying to tow it to shallower waters, where divers might reach it and determine what might be done next.</raw>
		<lemm>late friday  the navy say one of the vessel have snag the submarine and be try to tow it to shallow water  where diver might reach it and determine what might be do next</lemm>
		<bigrams> 1236 280 1284 383 1292 1293</bigrams>
	</sent>	<sent id="64">
		<raw>Adm. Viktor D. Fyodorov, commander of Russia's Pacific Fleet, announced on the NTV television station that the vessel had managed to drag the Priz 1 kilometer, or six-tenths of a mile, along the sea floor.</raw>
		<lemm>adm viktor d fyodorov  commander of russia s pacific fleet  announce on the ntv television station that the vessel have manage to drag the priz @card@ kilometer  or six-tenth of a mile  along the sea floor</lemm>
		<bigrams> 839 1303 183 1305 1308 1309 1314 660 1319 116</bigrams>
	</sent>	<sent id="65">
		<raw>He hoped the submarine would be in a better position for a rescue attempt within eight hours, which would be noon Saturday in Russia's Far East.</raw>
		<lemm>he hope the submarine would be in a good position for a rescue attempt within eight hour  which would be noon saturday in russia s far east</lemm>
		<bigrams> 1323 1326 1330 1331 1332 1333 1337 240</bigrams>
	</sent>	<sent id="66">
		<raw>"The crew members are alive and confirm that they are watching the work of our rescue forces," he said.</raw>
		<lemm> the crew member be alive and confirm that they be watch the work of our rescue force   he say</lemm>
		<bigrams> 258 1349</bigrams>
	</sent>	<sent id="67">
		<raw>"We continue the work of rescuing our comrades."</raw>
		<lemm> we continue the work of rescue our comrade </lemm>
		<bigrams></bigrams>
	</sent>	<sent id="68">
		<raw>The situation was grave.</raw>
		<lemm>the situation be grave</lemm>
		<bigrams></bigrams>
	</sent>	<sent id="69">
		<raw>The vessel remained at a depth out of reach of divers, and far too deep for the crew to try to escape independently.</raw>
		<lemm>the vessel remain at a depth out of reach of diver  and far too deep for the crew to try to escape independently</lemm>
		<bigrams> 1358 1370</bigrams>
	</sent>	<sent id="70">
		<raw>The navy also seemed unsure of the extent of the remaining air supply, with senior naval officers and spokesmen releasing estimates to Russian news agencies that ranged from 24 hours to several days.</raw>
		<lemm>the navy also seem unsure of the extent of the remain air supply  with senior naval officer and spokesman release estimate to russian news agency that range from @card@ hour to several day</lemm>
		<bigrams> 1371 1372 1373 435 595 1380 1381 1384 1385 277 179 1187 1393</bigrams>
	</sent>	<sent id="71">
		<raw>Britain's Royal Navy is to join efforts to free the crew of a Russian mini-submarine trapped on the ocean floor, sending a remote control submersible to the scene, officials in London said Friday.</raw>
		<lemm>britain s royal navy be to join effort to free the crew of a russian mini-submarine trap on the ocean floor  send a remote control submersible to the scene  official in london say friday</lemm>
		<bigrams> 1396 1400 581 138 1404 1405 1408 1409 1411 1414 1415</bigrams>
	</sent>	<sent id="72">
		<raw>The underwater vehicle is equipped with cameras and an arm to help free the submarine, which is trapped after part of a fishing net became entangled in its propeller.</raw>
		<lemm>the underwater vehicle be equip with camera and an arm to help free the submarine  which be trap after part of a fishing net become entangled in its propeller</lemm>
		<bigrams> 578 1423 346 1427 1428</bigrams>
	</sent>	<sent id="73">
		<raw>"It will be able to hopefully free the men," a Ministry of Defence spokesman said.</raw>
		<lemm> it will be able to hopefully free the man   a ministry of defence spokesman say</lemm>
		<bigrams> 1436 1442 1443</bigrams>
	</sent>	<sent id="74">
		<raw>A Royal Air Force C-17 transport plane was due to fly to Glasgow to collect the remote control device, and would arrive in Russia on Saturday, the spokesman said.</raw>
		<lemm>a royal air force c-17 transport plane be due to fly to glasgow to collect the remote control device  and would arrive in russia on saturday  the spokesman say</lemm>
		<bigrams> 1445 506 1446 1447 1448 1408 1457 1460 1443</bigrams>
	</sent>	<sent id="75">
		<raw>The submersible would then be taken to the accident scene on the Kamchatka peninsula in the country's far east.</raw>
		<lemm>the submersible would then be take to the accident scene on the kamchatka peninsula in the country be far east</lemm>
		<bigrams> 1466 1471 309 240</bigrams>
	</sent>	<sent id="76">
		<raw>Earlier Friday, the US navy's Pacific Fleet said it was airlifting two remotely operated submersible vehicles to the site to help with rescue efforts, while Japan has also dispatched four military ships.</raw>
		<lemm>early friday  the us navy s pacific fleet say it be airlift two remotely operate submersible vehicle to the site to help with rescue effort  while japan have also dispatch four military ship</lemm>
		<bigrams> 1475 1476 183 1477 1479 1480 1481 1482 1483 1486 1489 6 1490 1491</bigrams>
	</sent>	<sent id="77">
		<raw>Seven Russian sailors are thought to be on the mini-submarine, designed for use in rescue, research and intelligence-gathering missions.</raw>
		<lemm>seven russian sailor be think to be on the mini-submarine  design for use in rescue  research and intelligence-gathering mission</lemm>
		<bigrams> 1492 1493 1499 1503 1506</bigrams>
	</sent>	<sent id="78">
		<raw>According to the Russian navy, the submarine only has 24 hours of oxygen left.</raw>
		<lemm>accord to the russian navy  the submarine only have @card@ hour of oxygen leave</lemm>
		<bigrams> 134 1187 1512</bigrams>
	</sent>	<sent id="79">
		<raw>Japan on Friday dispatched four military ships to help Russia rescue seven crew members aboard a small submarine trapped on the seabed in the Far East, officials said.</raw>
		<lemm>japan on friday dispatch four military ship to help russia rescue seven crew member aboard a small submarine trap on the seabed in the far east  official say</lemm>
		<bigrams> 1514 6 1490 1491 1516 1517 1518 257 258 1519 355 356 240 1522 99</bigrams>
	</sent>	<sent id="80">
		<raw>But the ships, which have 370 Japanese military personnel on board, are likely to need until early Monday to reach the stranded submarine, a Defense Agency spokesman said.</raw>
		<lemm>but the ship  which have @card@ japanese military personnel on board  be likely to need until early monday to reach the strand submarine  a defense agency spokesman say</lemm>
		<bigrams> 1525 1526 1527 1533 1537 1539 1540 1443</bigrams>
	</sent>	<sent id="81">
		<raw>The Russian Pacific Fleet said the crew had 120 hours of oxygen reserves on board when the submarine submerged at midday Thursday (2300 GMT Wednesday) off the Kamchatka peninsula, the stretch of Far Eastern Russia facing the Bering Sea.</raw>
		<lemm>the russian pacific fleet say the crew have @card@ hour of oxygen reserve on board when the submarine submerge at midday thursday ( @card@ gmt wednesday ) off the kamchatka peninsula  the stretch of far eastern russia face the bering sea</lemm>
		<bigrams> 1541 183 1477 1187 1543 1546 1549 1550 146 652 1551 1552 309 1557 1558 1559 1562</bigrams>
	</sent>	<sent id="82">
		<raw>Japan dispatched a submarine-rescue vessel, the Chiyoda, and a depot ship from Yokosuka port near Tokyo and two minesweepers from the northern Japanese island of Hokkaido, the defense spokesman said.</raw>
		<lemm>japan dispatch a submarine-rescue vessel  the chiyoda  and a depot ship from yokosuka port near tokyo and two minesweeper from the northern japanese island of hokkaido  the defense spokesman say</lemm>
		<bigrams> 1563 1566 1572 1574 1575 67 1577 1580 1581 1586 1443</bigrams>
	</sent>	<sent id="83">
		<raw>"We will do our utmost efforts to rescue them.</raw>
		<lemm> we will do our utmost effort to rescue them</lemm>
		<bigrams> 1590</bigrams>
	</sent>	<sent id="84">
		<raw>We are hopeful," he said.</raw>
		<lemm>we be hopeful   he say</lemm>
		<bigrams></bigrams>
	</sent>	<sent id="85">
		<raw>The assistance comes despite rocky relations between Japan and Russia, which have yet to formally end World War II amid Japan's claims to four islands off Hokkaido that Soviet troops seized in August 1945.</raw>
		<lemm>the assistance come despite rocky relation between japan and russia  which have yet to formally end world war ii amid japan s claim to four island off hokkaido that soviet troop seize in august @card@</lemm>
		<bigrams> 1595 1596 1597 1598 1607 1608 1609 1610 1611 1612 1617 1622 1623 915</bigrams>
	</sent>	<sent id="86">
		<raw>"We received a request from Russia and the dispatch was decided accordingly," said a foreign ministry official who deals with Russian affairs.</raw>
		<lemm> we receive a request from russia and the dispatch be decide accordingly   say a foreign ministry official who deal with russian affair</lemm>
		<bigrams> 1634 1635 97 98 1641</bigrams>
	</sent>	<sent id="87">
		<raw>Russia's Interfax-AVN military news agency said the Russians hoped the stranded mini-submarine would be raised to the surface before the Japanese ships arrive.</raw>
		<lemm>russia s interfax-avn military news agency say the russians hope the strand mini-submarine would be raise to the surface before the japanese ship arrive</lemm>
		<bigrams> 1643 1644 179 1645 1647 1648 1649 1655 1656</bigrams>
	</sent>	<sent id="88">
		<raw>"We hope the assistance from our Japanese colleagues will not be necessary," Admiral Viktor Dmitriyev, commander of the Russian Pacific Fleet, was quoted by the agency as saying.</raw>
		<lemm> we hope the assistance from our japanese colleague will not be necessary   admiral viktor dmitriyev  commander of the russian pacific fleet  be quote by the agency as say</lemm>
		<bigrams> 1661 1665 1666 1667 1668 1541 183</bigrams>
	</sent>	<sent id="89">
		<raw>The mini-submarine, designed for research, rescue and intelligence operations, was resting on the seabed at a depth of about 200 meters (656 feet).</raw>
		<lemm>the mini-submarine  design for research  rescue and intelligence operation  be rest on the seabed at a depth of about @card@ meter ( @card@ foot )</lemm>
		<bigrams> 1499 1672 1675 144 145 146 147 148</bigrams>
	</sent>	<sent id="90">
		<raw>Specialists said it could have become tangled up with a metal cable or in sunken nets from a fishing trawler, according to Russian news reports.</raw>
		<lemm>specialist say it could have become tangled up with a metal cable or in sunken net from a fishing trawler  accord to russian news report</lemm>
		<bigrams> 1680 1683 1687 1691 1694 1695 277 1021</bigrams>
	</sent>	<sent id="91">
		<raw>The small submarine was in the Bay of Berezovaya about 75 kilometres (46 miles) from the coastal town of Petropavlovsk-Kamchatskiy on the Kamchatka peninsula.</raw>
		<lemm>the small submarine be in the bay of berezovaya about @card@ kilometre ( @card@ mile ) from the coastal town of petropavlovsk-kamchatskiy on the kamchatka peninsula</lemm>
		<bigrams> 355 1700 1701 146 662 663 1704 309</bigrams>
	</sent>	<sent id="92">
		<raw>The Russian military was racing against time early Friday to rescue a small submarine that had become trapped on the seabed with seven crew aboard, the Ria-Novosti news agency reported.</raw>
		<lemm>the russian military be race against time early friday to rescue a small submarine that have become trap on the seabed with seven crew aboard  the ria-novosti news agency report</lemm>
		<bigrams> 1708 1713 1475 355 1714 257 1717 178 179 180</bigrams>
	</sent>	<sent id="93">
		<raw>The bathyscaphe submersible had only 24 hours of oxygen in reserve when it became stuck late Thursday at a depth of 190 metres (623 feet) in the bay of Kamchatka in far eastern Russia, a military source told the agency.</raw>
		<lemm>the bathyscaphe submersible have only @card@ hour of oxygen in reserve when it become stuck late thursday at a depth of @card@ metre ( @card@ foot ) in the bay of kamchatka in far eastern russia  a military source tell the agency</lemm>
		<bigrams> 1720 1187 1242 1727 1728 1730 1731 146 147 148 1557 1558 1737 1738</bigrams>
	</sent>	<sent id="94">
		<raw>The source, who did not want to be identified, said the mini-submarine had become attached to an as yet unidentified object during a routine exercise in the Bay of Berezovaya, about 75 kilometres (46 miles) from the town of Petropavlovsk-Kamchatskyi.</raw>
		<lemm>the source  who do not want to be identify  say the mini-submarine have become attach to an as yet unidentified object during a routine exercise in the bay of berezovaya  about @card@ kilometre ( @card@ mile ) from the town of petropavlovsk-kamchatskyi</lemm>
		<bigrams> 1746 1748 1752 1753 1756 1700 1701 146 662 663</bigrams>
	</sent>	<sent id="95">
		<raw>Specialists said it could have become tangled up with a metal cable or a sunken trawler, the report said.</raw>
		<lemm>specialist say it could have become tangled up with a metal cable or a sunken trawler  the report say</lemm>
		<bigrams> 1680 1683 1687 1762 1765</bigrams>
	</sent>	<sent id="96">
		<raw>A spokesman for the Pacific fleet said the crew's condition was "normal".</raw>
		<lemm>a spokesman for the pacific fleet say the crew s condition be  normal </lemm>
		<bigrams> 183 1477</bigrams>
	</sent>	<sent id="97">
		<raw>The military prosecutor has opened an inquiry.</raw>
		<lemm>the military prosecutor have open an inquiry</lemm>
		<bigrams> 1771</bigrams>
	</sent>	<sent id="98">
		<raw>Rescue of a submarine stuck on the seabed off Russia's east coast is complicated because it is snagged in an underwater surveillance antenna system as well as snared in a fishing net, a senior Russian naval officer said Friday.</raw>
		<lemm>rescue of a submarine stick on the seabed off russia s east coast be complicate because it be snag in an underwater surveillance antenna system as well as snare in a fishing net  a senior russian naval officer say friday</lemm>
		<bigrams> 1778 241 1788 1789 1790 346 1798 611 1381 1799 1415</bigrams>
	</sent>	<sent id="99">
		<raw>A remote-controlled device was lowered to the stricken vessel "to cut the flexible tubes and cables of the coastal surveillance antenna in which the AS-28 vehicle is caught," Rear Admiral Vladimir Pepelayev was quoted by RIA-Novosti news agency as saying.</raw>
		<lemm>a remote-controlled device be lower to the stricken vessel  to cut the flexible tube and cable of the coastal surveillance antenna in which the as-28 vehicle be catch   rear admiral vladimir pepelayev be quote by ria-novosti news agency as say</lemm>
		<bigrams> 1801 1806 1809 1813 1789 1817 1818 1819 1820 1821 178 179</bigrams>
	</sent>	<sent id="100">
		<raw>The commander of Russia's Pacific Fleet, Admiral Viktor Fyodorov, separately told the NTV television network that rescuers "succeeded in moving one kilometer the entire system that the submarine is trapped in, including the system's anchor."</raw>
		<lemm>the commander of russia s pacific fleet  admiral viktor fyodorov  separately tell the ntv television network that rescuer  succeed in move one kilometer the entire system that the submarine be trap in  include the system s anchor </lemm>
		<bigrams> 183 1825 1666 840 1826 1827 1308 1828 1831 1834 1835 1838</bigrams>
	</sent>	<sent id="101">
		<raw>He did not provide further details on the "system" he was referring to, but said all of it, including the submarine, were being towed to shallower waters, a process he said could take a number of hours.</raw>
		<lemm>he do not provide further detail on the  system  he be refer to  but say all of it  include the submarine  be be tow to shallow water  a process he say could take a number of hour</lemm>
		<bigrams> 383 1864 1865</bigrams>
	</sent>	<sent id="102">
		<raw>Pepelayev made no mention of movement of the "system," but said either rescuers would manage to cut the submarine free from it or a tug-boat would pull the 60-ton anchor of the system out of the seabed, enabling rescuers to refloat the submarine.</raw>
		<lemm>pepelayev make no mention of movement of the  system   but say either rescuer would manage to cut the submarine free from it or a tug-boat would pull the 60-ton anchor of the system out of the seabed  enable rescuer to refloat the submarine</lemm>
		<bigrams> 1870 1876 1877 1088 1878 1879 1884 1885 1888 1890 1891</bigrams>
	</sent>	<sent id="103">
		<raw>There are seven crew members aboard the vessel, stranded on the ocean floor at a depth of around 190 meters (623 feet) in a bay off the coast of the Kamchatka peninsula in Russia's Far East region.</raw>
		<lemm>there be seven crew member aboard the vessel  strand on the ocean floor at a depth of around @card@ meter ( @card@ foot ) in a bay off the coast of the kamchatka peninsula in russia s far east region</lemm>
		<bigrams> 257 258 1519 1896 1404 648 144 145 146 147 148 309 240 1903</bigrams>
	</sent>	<sent id="104">
		<raw>There were widely varying accounts of how much oxygen was remaining for the crew, but Fyodorov and other officials said they had reserves sufficient to last at least another day.</raw>
		<lemm>there be widely vary account of how much oxygen be remain for the crew  but fyodorov and other official say they have reserve sufficient to last at least another day</lemm>
		<bigrams> 1905 1906 1909 99 1920 1924 1925</bigrams>
	</sent>	<sent id="105">
		<raw>A top Russian naval commander said Friday that a tugboat had attached tow cables to a Russian mini-submarine trapped on the seabed off Russia's Pacific coast, but he and other officials afterwards backed away from that assertion and said they were still checking.</raw>
		<lemm>a top russian naval commander say friday that a tugboat have attach tow cable to a russian mini-submarine trap on the seabed off russia s pacific coast  but he and other official afterwards back away from that assertion and say they be still check</lemm>
		<bigrams> 1927 611 1928 1929 1415 1934 1935 581 138 82 1940 1941 1942 1949</bigrams>
	</sent>	<sent id="106">
		<raw>The effort to attach the cables marked the start of an operation to raise the vessel trapped 190 metres (623 feet) below the surface with seven crewmen on board, Admiral Viktor Fyodorov, commander of Russia's Pacific fleet, told Russian media.</raw>
		<lemm>the effort to attach the cable mark the start of an operation to raise the vessel trap @card@ metre ( @card@ foot ) below the surface with seven crewman on board  admiral viktor fyodorov  commander of russia s pacific fleet  tell russian medium</lemm>
		<bigrams> 1954 1961 1962 1730 1731 146 147 148 1964 1966 1666 840 1303 183 1967 1968 1969</bigrams>
	</sent>	<sent id="107">
		<raw>He said cables had successfully been attached to the stricken vessel and efforts were under way to begin towing it to shallow water.</raw>
		<lemm>he say cable have successfully be attach to the stricken vessel and effort be under way to begin tow it to shallow water</lemm>
		<bigrams> 1970 1806 1980 383</bigrams>
	</sent>	<sent id="108">
		<raw>He was subsequently quoted by Interfax news agency as saying that attachment of the cables to the mini-submarine was not certain and that a video camera was being lowered to find out what the cables were attached to.</raw>
		<lemm>he be subsequently quote by interfax news agency as say that attachment of the cable to the mini-submarine be not certain and that a video camera be be lower to find out what the cable be attach to</lemm>
		<bigrams> 1982 965 179 1991</bigrams>
	</sent>	<sent id="109">
		<raw>"Then we can tell 100 percent that it's the submarine.</raw>
		<lemm> then we can tell @card@ percent that it be the submarine</lemm>
		<bigrams> 2001 2002</bigrams>
	</sent>	<sent id="110">
		<raw>And only then can we say that we carried out our task," Fyodorov said.</raw>
		<lemm>and only then can we say that we carry out our task   fyodorov say</lemm>
		<bigrams> 2015 841</bigrams>
	</sent>	<sent id="111">
		<raw>The plan, he said, was to attach the cables to the submarine and tow it 15 kilometres (nine miles) from the point where it became trapped, Fyodorov said.</raw>
		<lemm>the plan  he say  be to attach the cable to the submarine and tow it @card@ kilometre ( nine mile ) from the point where it become trap  fyodorov say</lemm>
		<bigrams> 1700 1701 2021 2022 663 1714 2026 841</bigrams>
	</sent>	<sent id="112">
		<raw>The submarine, used in rescue, research and intelligence-gathering missions, became stuck at the bottom of the Bay of Berezovaya off Russia's Far East coast when its propeller was caught in a fishing net on Thursday.</raw>
		<lemm>the submarine  use in rescue  research and intelligence-gathering mission  become stick at the bottom of the bay of berezovaya off russia s far east coast when its propeller be catch in a fishing net on thursday</lemm>
		<bigrams> 2027 1503 1506 2028 2029 240 241 346</bigrams>
	</sent>	<sent id="113">
		<raw>Fyodorov said earlier that the seven crewmen were in satisfactory condition and had been instructed to remain horizontal in order to preserve their strength and reduce their consumption of oxygen.</raw>
		<lemm>fyodorov say earlier that the seven crewman be in satisfactory condition and have be instruct to remain horizontal in order to preserve their strength and reduce their consumption of oxygen</lemm>
		<bigrams> 841 2039 1964 2043 2048</bigrams>
	</sent>	<sent id="114">
		<raw>Britain, Japan and the United States were all due to provide assistance in the rescue operation.</raw>
		<lemm>britain  japan and the united states be all due to provide assistance in the rescue operation</lemm>
		<bigrams> 2060 196 2064 328</bigrams>
	</sent>	<sent id="115">
		<raw>The incident is a chilling reminder of the sinking of the Kursk nuclear submarine in August 2000 that killed all 118 crew members following an emergency response effort widely criticised as sluggish.</raw>
		<lemm>the incident be a chilling reminder of the sinking of the kursk nuclear submarine in august @card@ that kill all @card@ crew member follow an emergency response effort widely criticise as sluggish</lemm>
		<bigrams> 2068 729 375 915 929 258 2074 2077 2078 2079 2080</bigrams>
	</sent>	<sent id="116">
		<raw>A Russian mini-submarine that was trapped for nearly three days under the Pacific Ocean surfaced Sunday with all seven people aboard alive after a British remote-controlled vehicle cut away the undersea cables that had snarled it.</raw>
		<lemm>a russian mini-submarine that be trap for nearly three day under the pacific ocean surface sunday with all seven people aboard alive after a british remote-controlled vehicle cut away the undersea cable that have snarl it</lemm>
		<bigrams> 581 635 636 22 2087 2088 2091 2092 2093 576 2095 2096 250 2098</bigrams>
	</sent>	<sent id="117">
		<raw>All seven aboard the AS-28 mini-submarine appeared to be in satisfactory condition, naval spokesman Capt.</raw>
		<lemm>all seven aboard the as-28 mini-submarine appear to be in satisfactory condition  naval spokesman capt </lemm>
		<bigrams> 2101 2102 2103 2043 2105 2106 165</bigrams>
	</sent>	<sent id="118">
		<raw>Igor Dygalo said.</raw>
		<lemm>igor dygalo say</lemm>
		<bigrams> 166 167</bigrams>
	</sent>	<sent id="119">
		<raw>They were examined in the clinic of a naval ship, then transferred to a larger vessel to return to the mainland.</raw>
		<lemm>they be examine in the clinic of a naval ship  then transfer to a large vessel to return to the mainland</lemm>
		<bigrams> 2111 2116</bigrams>
	</sent>	<sent id="120">
		<raw>"The crew opened the hatch themselves, exited the vessel and climbed aboard a speedboat," Rear Adm. Vladimir Pepelyayev, deputy head of the naval general staff, told reporters.</raw>
		<lemm> the crew open the hatch themselves  exit the vessel and climb aboard a speedboat   rear adm vladimir pepelyayev  deputy head of the naval general staff  tell reporter</lemm>
		<bigrams> 2120 2127 2129 938 939 940 941 942 2131 946 2132 2133</bigrams>
	</sent>	<sent id="121">
		<raw>"Preliminary indications are that their condition is satisfactory."</raw>
		<lemm> preliminary indication be that their condition be satisfactory </lemm>
		<bigrams> 2134</bigrams>
	</sent>	<sent id="122">
		<raw>"I can only thank our English colleagues for their joint wok and the help they gave in order to complete this operation within the time we had available, that is, before the oxygen reserves ran out," he said.</raw>
		<lemm> i can only thank our english colleague for their joint wok and the help they give in order to complete this operation within the time we have available  that be  before the oxygen reserve run out   he say</lemm>
		<bigrams> 2143 2147 2156 1543 2165</bigrams>
	</sent>	<sent id="123">
		<raw>The sub surfaced at around 4:26 p.m. local time (0126 GMT), some three days after becoming stranded in 190 meters (600 feet) of water off the Pacific Coast on Thursday.</raw>
		<lemm>the sub surface at around @card@ p m local time ( @card@ gmt )  some three day after become strand in @card@ meter ( @card@ foot ) of water off the pacific coast on thursday</lemm>
		<bigrams> 2167 648 287 290 651 146 652 653 636 2172 144 145 146 147 148 82</bigrams>
	</sent>	<sent id="124">
		<raw>It was carrying six sailors and a representative of the company that manufactured it.</raw>
		<lemm>it be carry six sailor and a representative of the company that manufacture it</lemm>
		<bigrams> 2176 2177</bigrams>
	</sent>	<sent id="125">
		<raw>Earlier, a British remote-controlled Super Scorpio cut away the cables that had snarled the 44-foot (13.2-meter) mini-submarine in Beryozovaya Bay, about 15 kilometers (10 miles) off the east coast of the Kamchatka peninsula.</raw>
		<lemm>earlier  a british remote-controlled super scorpio cut away the cable that have snarl the 44-foot ( 13 2-meter ) mini-submarine in beryozovaya bay  about @card@ kilometer ( @card@ mile ) off the east coast of the kamchatka peninsula</lemm>
		<bigrams> 576 2186 617 2187 250 2190 2191 2192 2193 2194 657 660 661 146 662 663 241 309</bigrams>
	</sent>	<sent id="126">
		<raw>The British vehicle was sent after the navy appealed for international help, a sharp contrast to the sinking of the nuclear submarine Kursk in August 2000, when authorities held off asking for outside assistance for days.</raw>
		<lemm>the british vehicle be send after the navy appeal for international help  a sharp contrast to the sinking of the nuclear submarine kursk in august @card@  when authority hold off ask for outside assistance for day</lemm>
		<bigrams> 2196 2199 1174 2203 375 376 915 920 2207</bigrams>
	</sent>	<sent id="127">
		<raw>All 118 aboard the Kursk died.</raw>
		<lemm>all @card@ aboard the kursk die</lemm>
		<bigrams> 740 2210</bigrams>
	</sent>	<sent id="128">
		<raw>The United States also dispatched a crew and three underwater vehicles to Kamchatka at Russia's request, but they were not deployed at the accident site.</raw>
		<lemm>the united states also dispatch a crew and three underwater vehicle to kamchatka at russia s request  but they be not deploy at the accident site</lemm>
		<bigrams> 196 2211 1489 2214 578 2221</bigrams>
	</sent>	<sent id="129">
		<raw>In an echo of the Kursk sinking, President Vladimir Putin had made no public comment by Sunday on the mini-sub drama.</raw>
		<lemm>in an echo of the kursk sinking  president vladimir putin have make no public comment by sunday on the mini-sub drama</lemm>
		<bigrams> 2224 2225 1111 1112 1143 2230</bigrams>
	</sent>	<sent id="130">
		<raw>Putin in remaining on vacation as the Kursk disaster unfolded, raising criticism that he appeared either callous or ineffectual.</raw>
		<lemm>putin in remain on vacation as the kursk disaster unfold  raise criticism that he appear either callous or ineffectual</lemm>
		<bigrams> 2236 2237 2238 2239 2243 2244</bigrams>
	</sent>	<sent id="131">
		<raw>Defense Minister Sergei Ivanov traveled to Kamchatka on Saturday.</raw>
		<lemm>defense minister sergei ivanov travel to kamchatka on saturday</lemm>
		<bigrams> 1149 1150 1151 2247</bigrams>
	</sent>	<sent id="132">
		<raw>Officials said the mini-submarine was participating in a combat training exercise and got snarled on an underwater antenna assembly that is part of a coastal monitoring system.</raw>
		<lemm>official say the mini-submarine be participate in a combat training exercise and get snarl on an underwater antenna assembly that be part of a coastal monitoring system</lemm>
		<bigrams> 99 988 989 992 111 995 1002 1003</bigrams>
	</sent>	<sent id="133">
		<raw>The system was anchored with a weight of about 60 metric tons (66 short tons), according to news reports.</raw>
		<lemm>the system be anchor with a weight of about @card@ metric ton ( @card@ short ton )  accord to news report</lemm>
		<bigrams> 1012 1013 1014 146 1015 1016 1017 1018 1021</bigrams>
	</sent>	<sent id="134">
		<raw>Russia's cash-strapped navy apparently lacks rescue vehicles capable of operating at the depth where the sub was stranded, and officials say it was too deep for divers to reach or the crew to swim out on their own.</raw>
		<lemm>russia s cash-strapped navy apparently lack rescue vehicle capable of operate at the depth where the sub be strand  and official say it be too deep for diver to reach or the crew to swim out on their own</lemm>
		<bigrams> 1023 1024 1025 1026 247 1027 99</bigrams>
	</sent>	<sent id="135">
		<raw>An earlier attempt to drag the vessel to shallower waters failed when cables detached after pulling it some 60 meters (65 yards).</raw>
		<lemm>an early attempt to drag the vessel to shallow water fail when cable detach after pull it some @card@ meter ( @card@ yard )</lemm>
		<bigrams> 1051 383 1056 1059 144 145 146 1065 1066</bigrams>
	</sent>	<sent id="136">
		<raw>The new crisis indicated that promises by Putin to improve the navy's equipment apparently have had little effect.</raw>
		<lemm>the new crisis indicate that promise by putin to improve the navy s equipment apparently have have little effect</lemm>
		<bigrams> 1105 1106 1117 1121</bigrams>
	</sent>	<sent id="137">
		<raw>He was sharply criticized for his slow response to the Kursk crisis and reluctance to accept foreign assistance.</raw>
		<lemm>he be sharply criticize for his slow response to the kursk crisis and reluctance to accept foreign assistance</lemm>
		<bigrams> 1124 1128 1130 1134 1135</bigrams>
	</sent></doc>