<?xml version="1.0" encoding="UTF_8"?>
<doc>	<sent id="0">
		<raw>The Russian navy worked desperately on Friday to save a small military submarine that had sunk to the seafloor off Russia's Pacific coast, and called for international help to rescue the crew.</raw>
		<lemm>the russian navy work desperately on friday to save a small military submarine that have sink to the seafloor off russia s pacific coast  and call for international help to rescue the crew</lemm>
		<bigrams> 134 1159 1160 1164 1165 82 1174</bigrams>
	</sent>	<sent id="1">
		<raw>The seven men on board were said to have as little as 24 hours of air.</raw>
		<lemm>the seven man on board be say to have as little as @card@ hour of air</lemm>
		<bigrams> 415 1187</bigrams>
	</sent>	<sent id="2">
		<raw>The submarine, a 44-foot-long vessel known as a Priz that was itself designed for undersea rescue operations, became imperiled Thursday, the Russian Navy said, after its propeller became entangled in an undersea object during an exercise.</raw>
		<lemm>the submarine  a 44-foot-long vessel know as a priz that be itself design for undersea rescue operation  become imperil thursday  the russian navy say  after its propeller become entangle in an undersea object during an exercise</lemm>
		<bigrams> 1192 1193 1202 328 1203 1204 1205 134 280 1210 1211 1215</bigrams>
	</sent>	<sent id="3">
		<raw>It sank to the bottom in more than 600 feet of water off the Kamchatka Peninsula in Beryozovaya Bay.</raw>
		<lemm>it sink to the bottom in more than @card@ foot of water off the kamchatka peninsula in beryozovaya bay</lemm>
		<bigrams> 147 309 657</bigrams>
	</sent>	<sent id="4">
		<raw>Although the initial reports indicated that the submarine was tangled in a fishing net, late Friday here the Russian navy said it might have become stuck against an undersea piece of military equipment that it was inspecting.</raw>
		<lemm>although the initial report indicate that the submarine be tangle in a fishing net  late friday here the russian navy say it might have become stuck against an undersea piece of military equipment that it be inspect</lemm>
		<bigrams> 1229 1230 346 1235 1236 134 280 1242 1245 1248</bigrams>
	</sent>	<sent id="5">
		<raw>The navy said throughout Friday that it was in contact with the trapped crew members, who were in good health, and that it was sweeping the area with the anchors of two surface vessels, trying either to snag the submarine or to sever the debris that had crippled it.</raw>
		<lemm>the navy say throughout friday that it be in contact with the trapped crew member  who be in good health  and that it be sweep the area with the anchor of two surface vessel  try either to snag the submarine or to sever the debris that have cripple it</lemm>
		<bigrams> 280 1252 1253 1257 258 1260 1269 266 1270 1271</bigrams>
	</sent>	<sent id="6">
		<raw>Late Friday, the navy said one of the vessels had snagged the submarine and was trying to tow it to shallower waters, where divers might reach it and determine what might be done next.</raw>
		<lemm>late friday  the navy say one of the vessel have snag the submarine and be try to tow it to shallow water  where diver might reach it and determine what might be do next</lemm>
		<bigrams> 1236 280 1284 383 1292 1293</bigrams>
	</sent>	<sent id="7">
		<raw>Adm. Viktor D. Fyodorov, commander of Russia's Pacific Fleet, announced on the NTV television station that the vessel had managed to drag the Priz 1 kilometer, or six-tenths of a mile, along the sea floor.</raw>
		<lemm>adm viktor d fyodorov  commander of russia s pacific fleet  announce on the ntv television station that the vessel have manage to drag the priz @card@ kilometer  or six-tenth of a mile  along the sea floor</lemm>
		<bigrams> 839 1303 183 1305 1308 1309 1314 660 1319 116</bigrams>
	</sent>	<sent id="8">
		<raw>He hoped the submarine would be in a better position for a rescue attempt within eight hours, which would be noon Saturday in Russia's Far East.</raw>
		<lemm>he hope the submarine would be in a good position for a rescue attempt within eight hour  which would be noon saturday in russia s far east</lemm>
		<bigrams> 1323 1326 1330 1331 1332 1333 1337 240</bigrams>
	</sent>	<sent id="9">
		<raw>"The crew members are alive and confirm that they are watching the work of our rescue forces," he said.</raw>
		<lemm> the crew member be alive and confirm that they be watch the work of our rescue force   he say</lemm>
		<bigrams> 258 1349</bigrams>
	</sent>	<sent id="10">
		<raw>"We continue the work of rescuing our comrades."</raw>
		<lemm> we continue the work of rescue our comrade </lemm>
		<bigrams></bigrams>
	</sent>	<sent id="11">
		<raw>The situation was grave.</raw>
		<lemm>the situation be grave</lemm>
		<bigrams></bigrams>
	</sent>	<sent id="12">
		<raw>The vessel remained at a depth out of reach of divers, and far too deep for the crew to try to escape independently.</raw>
		<lemm>the vessel remain at a depth out of reach of diver  and far too deep for the crew to try to escape independently</lemm>
		<bigrams> 1358 1370</bigrams>
	</sent>	<sent id="13">
		<raw>The navy also seemed unsure of the extent of the remaining air supply, with senior naval officers and spokesmen releasing estimates to Russian news agencies that ranged from 24 hours to several days.</raw>
		<lemm>the navy also seem unsure of the extent of the remain air supply  with senior naval officer and spokesman release estimate to russian news agency that range from @card@ hour to several day</lemm>
		<bigrams> 1371 1372 1373 435 595 1380 1381 1384 1385 277 179 1187 1393</bigrams>
	</sent></doc>