<?xml version="1.0" encoding="UTF_8"?>
<doc>	<sent id="0">
		<raw>A small Russian submarine was freed on Sunday from its undersea entanglement of the Far East coast by an unmanned British rescue vehicle that cut away the nets that ensnared it.</raw>
		<lemm>a small russian submarine be free on sunday from its undersea entanglement of the far east coast by an unmanned british rescue vehicle that cut away the net that ensnare it</lemm>
		<bigrams> 229 14 237 240 241 245 246 247 250</bigrams>
	</sent>	<sent id="1">
		<raw>All seven crew members were alive and rushed aboard a Russian surface vessel, where they were being examined by a medical team, Russian news agencies and the U. S. Navy said.</raw>
		<lemm>all seven crew member be alive and rush aboard a russian surface vessel  where they be be examine by a medical team  russian news agency and the u s navy say</lemm>
		<bigrams> 257 258 263 265 266 275 276 277 179 280</bigrams>
	</sent>	<sent id="2">
		<raw>The vessel rose to the surface at 4:26 p.m. local time, ending the crew's ordeal in the cold and darkness more than 600 feet below the surface off the Kamchatka Peninsula.</raw>
		<lemm>the vessel rise to the surface at @card@ p m local time  end the crew s ordeal in the cold and darkness more than @card@ foot below the surface off the kamchatka peninsula</lemm>
		<bigrams> 282 287 290 291 147 309</bigrams>
	</sent>	<sent id="3">
		<raw>There remained uncertainties about how the submersible, a 44-foot rescue vessel, became disabled, and exactly what immobilized it.</raw>
		<lemm>there remain uncertainty about how the submersible  a 44-foot rescue vessel  become disabled  and exactly what immobilize it</lemm>
		<bigrams> 311 317 318 319 320</bigrams>
	</sent>	<sent id="4">
		<raw>Throughout the rescue operation, Russian officers spoke of cables and hoses that held the craft fast, while Western naval officials said fishing nets had trapped the craft.</raw>
		<lemm>throughout the rescue operation  russian officer speak of cable and hose that hold the craft fast  while western naval official say fishing net have trap the craft</lemm>
		<bigrams> 328 329 330 331 340 343 344 99 345 346</bigrams>
	</sent>	<sent id="5">
		<raw>The disentanglement and ascent of the small submarine, trapped since Thurssday, was an utterly different outcome from Russia's last prominent submarine crisis, in 2000, when the nuclear submarine Kursk sank after on-board explosions in shallow water in the Barents Sea.</raw>
		<lemm>the disentanglement and ascent of the small submarine  trap since thurssday  be an utterly different outcome from russia s last prominent submarine crisis  in @card@  when the nuclear submarine kursk sink after on-board explosion in shallow water in the barents sea</lemm>
		<bigrams> 355 356 357 358 362 363 367 368 369 375 376 377 380 383 386</bigrams>
	</sent>	<sent id="6">
		<raw>Russia resisted international assistance in that crisis, and made a series of false statements about its problems at sea.</raw>
		<lemm>russia resist international assistance in that crisis  and make a series of false statement about its problem at sea</lemm>
		<bigrams> 387 388 389 399</bigrams>
	</sent>	<sent id="7">
		<raw>As the British sailors worked, Russian officials said the submarine's crew of seven men were alive and had donned thermal suits, huddled together in a single compartment and were minimizing their movements to conserve their remaining air.</raw>
		<lemm>as the british sailor work  russian official say the submarine s crew of seven man be alive and have don thermal suit  huddle together in a single compartment and be minimize their movement to conserve their remain air</lemm>
		<bigrams> 407 408 409 410 99 415 420 421 422 426 435</bigrams>
	</sent>	<sent id="8">
		<raw>Power had been all but shut down inside the sunken vessel and its heater turned off to save its dwindling energy reserves, rendering the titanium-hulled craft a chilled, dark tube.</raw>
		<lemm>power have be all but shut down inside the sunken vessel and its heater turn off to save its dwindle energy reserve  render the titanium-hulled craft a chill  dark tube</lemm>
		<bigrams> 444 448 454 455 456 459 462 463</bigrams>
	</sent>	<sent id="9">
		<raw>The British reached the scene first in part because they had a shorter flight to get their Scorpio to Russia.</raw>
		<lemm>the british reach the scene first in part because they have a short flight to get their scorpio to russia</lemm>
		<bigrams> 464 466 474</bigrams>
	</sent>	<sent id="10">
		<raw>But it also took Americans four hours longer than expected Friday to load the Scorpios onto a cargo plane in San Diego, with both the Air Force and the Navy citing each other for contributing to some of the delay.</raw>
		<lemm>but it also take american four hour longer than expect friday to load the scorpio onto a cargo plane in san diego  with both the air force and the navy cite each other for contribute to some of the delay</lemm>
		<bigrams> 483 484 485 486 487 490 495 498 501 506 509</bigrams>
	</sent>	<sent id="11">
		<raw>Still, American officials said the rescue was a testament to the intense efforts that have been made to increase cooperation among navies since the Kursk sunk.</raw>
		<lemm>still  american official say the rescue be a testament to the intense effort that have be make to increase cooperation among navy since the kursk sink</lemm>
		<bigrams> 518 519 99 525 531 532 533 534 377</bigrams>
	</sent>	<sent id="12">
		<raw>"The close team work and global coordination between our navies to rescue these sailors in such a short time is testimony to the spirit and determination of our nations," said Adm. Gary Roughead, commander of the US Pacific Fleet.</raw>
		<lemm> the close team work and global coordination between our navy to rescue these sailor in such a short time be testimony to the spirit and determination of our nation   say adm gary roughead  commander of the us pacific fleet</lemm>
		<bigrams> 538 539 542 553 563 564 565 566 567 570 183</bigrams>
	</sent></doc>