<?xml version="1.0" encoding="UTF_8"?>
<doc>	<sent id="0">
		<raw>Top White House aide I. Lewis "Scooter" Libby was indicted Friday on five counts of obstruction of justice, making false statements and perjury.</raw>
		<lemm>top white house aide i lewis  scooter  libby be indict friday on five count of obstruction of justice  make false statement and perjury</lemm>
		<bigrams> 250 251 252 257 258 801 804 809 810 811</bigrams>
	</sent>	<sent id="1">
		<raw>If convicted, Libby, who resigned immediately from his job as chief of staff to Vice President Dick Chency, faces up to 30 years in prison and a 1.24 million dollar fine.</raw>
		<lemm>if convict  libby  who resign immediately from his job as chief of staff to vice president dick chency  face up to @card@ year in prison and a @card@ million dollar fine</lemm>
		<bigrams> 815 818 1 2 826 827 831 836 837 838</bigrams>
	</sent>	<sent id="2">
		<raw>One count of obstruction of justice.</raw>
		<lemm>one count of obstruction of justice</lemm>
		<bigrams> 839</bigrams>
	</sent>	<sent id="3">
		<raw>The indictment alleges Libby, in his role as a senior government official, had access to classified information and came to learn the identity of a covert CIA agent whose husband was a critic of the Iraq war.</raw>
		<lemm>the indictment allege libby  in his role as a senior government official  have access to classified information and come to learn the identity of a covert cia agent whose husband be a critic of the iraq war</lemm>
		<bigrams> 841 842 849 483 854 158 18 860 861 388</bigrams>
	</sent>	<sent id="4">
		<raw>The indictment alleges Libby then proceeded to "mislead and deceive the grand jury as to when, and the manner and means by which (he) acquired and subsequently disclosed to the media information concerning the employment of Valerie Plame by the CIA.</raw>
		<lemm>the indictment allege libby then proceed to  mislead and deceive the grand jury as to when  and the manner and mean by which ( he ) acquire and subsequently disclose to the medium information concern the employment of valerie plame by the cia</lemm>
		<bigrams> 841 842 84 885 888 890 891 100</bigrams>
	</sent>	<sent id="5">
		<raw>Plame is the wife of Joseph Wilson, a former ambassador who attacked the intelligence used by the administration to justify the Iraq invasion in March 2003.</raw>
		<lemm>plame be the wife of joseph wilson  a former ambassador who attack the intelligence use by the administration to justify the iraq invasion in march @card@</lemm>
		<bigrams> 133 131 906 911 914</bigrams>
	</sent>	<sent id="6">
		<raw>If convicted on that count Libby faces up to 10 years in prison and a 250,000-dollar fine.</raw>
		<lemm>if convict on that count libby face up to @card@ year in prison and a 250 000-dollar fine</lemm>
		<bigrams> 918 919 831 921 922</bigrams>
	</sent>	<sent id="7">
		<raw>Two counts of making false statements.</raw>
		<lemm>two count of make false statement</lemm>
		<bigrams> 923 810 811</bigrams>
	</sent>	<sent id="8">
		<raw>The indictment alleges that Libby lied to FBI agents who interviewed him on October 14 and November 26, 2003 about conversations he had with a reporter from NBC News and another from Time magazine concerning Plame's employment at the CIA.</raw>
		<lemm>the indictment allege that libby lie to fbi agent who interview him on october @card@ and november @card@  @card@ about conversation he have with a reporter from nbc news and another from time magazine concern plame s employment at the cia</lemm>
		<bigrams> 841 926 929 935 938 178 943 729 947 948</bigrams>
	</sent>	<sent id="9">
		<raw>Each count carries a maximum five years in prison and a 250,000-dollar fine.</raw>
		<lemm>each count carry a maximum five year in prison and a 250 000-dollar fine</lemm>
		<bigrams> 952 955 956 921 922</bigrams>
	</sent>	<sent id="10">
		<raw>Two counts of perjury.</raw>
		<lemm>two count of perjury</lemm>
		<bigrams> 923</bigrams>
	</sent>	<sent id="11">
		<raw>The indictment alleges that Libby committed perjury while testifying under oath before the grand jury on March 5 and March 24, 2004.</raw>
		<lemm>the indictment allege that libby commit perjury while testify under oath before the grand jury on march @card@ and march @card@  @card@</lemm>
		<bigrams> 841 958 959 84 914 914 178</bigrams>
	</sent>	<sent id="12">
		<raw>It alleges that Libby told jurors that he had learned from the media that Plame worked for the CIA when in fact he had learned about it from Vice President Cheney and officials at the State Department.</raw>
		<lemm>it allege that libby tell juror that he have learn from the medium that plame work for the cia when in fact he have learn about it from vice president cheney and official at the state department</lemm>
		<bigrams> 969 970 567 1 980 985</bigrams>
	</sent>	<sent id="13">
		<raw>Each count carries a maximum five years in prison and a 250,000-dollar fine.</raw>
		<lemm>each count carry a maximum five year in prison and a 250 000-dollar fine</lemm>
		<bigrams> 952 955 956 921 922</bigrams>
	</sent></doc>