<?xml version="1.0" encoding="UTF_8"?>
<doc>	<sent id="0">
		<raw>US Vice President Dick Cheney was linked to a case involving a leak to journalists of an undercover CIA agent's identity, according to a report Monday in the New York Times.</raw>
		<lemm>us vice president dick cheney be link to a case involve a leak to journalist of an undercover cia agent s identity  accord to a report monday in the new york times</lemm>
		<bigrams> 0 1 2 3 9 17 18 21 24 28 29</bigrams>
	</sent>	<sent id="1">
		<raw>The report on the newspaper's website, citing lawyers involved in the case, said that notes taken by I. Lewis Libby, Cheney's chief of staff who has been questioned in the investigation of the leak, show that Libby learned of the identity of the agent from the vice president.</raw>
		<lemm>the report on the newspaper s website  cite lawyer involve in the case  say that note take by i lewis libby  cheney s chief of staff who have be question in the investigation of the leak  show that libby learn of the identity of the agent from the vice president</lemm>
		<bigrams> 36 37 38 41 44 48 49 63 66 1</bigrams>
	</sent>	<sent id="2">
		<raw>The notes appear to contradict Libby's testimony to a federal grand jury that he initially learned about Valerie Wilson, also known by her maiden name as Valerie Plame, from journalists, the Times said.</raw>
		<lemm>the note appear to contradict libby s testimony to a federal grand jury that he initially learn about valerie wilson  also know by her maiden name as valerie plame  from journalist  the times say</lemm>
		<bigrams> 75 78 83 84 88 91 92 93 97 100 105</bigrams>
	</sent>	<sent id="3">
		<raw>A special prosecutor and a grand jury are investigating the disclosure of her identity, allegedly in retaliation for critical comments made to the media by her husband, former ambassador Joseph Wilson, which contradicted one of US President George W. Bush's justifications for waging war against Iraq.</raw>
		<lemm>a special prosecutor and a grand jury be investigate the disclosure of her identity  allegedly in retaliation for critical comment make to the medium by her husband  former ambassador joseph wilson  which contradict one of us president george w bush s justification for wage war against iraq</lemm>
		<bigrams> 107 84 118 123 124 130 131 132 133 136 139 140 141 142 147</bigrams>
	</sent>	<sent id="4">
		<raw>In some cases revealing the name of a covert CIA agent can be a federal crime.</raw>
		<lemm>in some case reveal the name of a covert cia agent can be a federal crime</lemm>
		<bigrams> 152 158 18 162</bigrams>
	</sent>	<sent id="5">
		<raw>The Times reported lawyers as saying that Libby's notes show that Cheney mentioned Plame's identity to Libby on June 12, 2003, about one month before her identity was revealed by a newspaper columnist, Robert Novak, citing senior administration sources.</raw>
		<lemm>the times report lawyer as say that libby s note show that cheney mention plame s identity to libby on june @card@  @card@  about one month before her identity be reveal by a newspaper columnist  robert novak  cite senior administration source</lemm>
		<bigrams> 163 164 168 170 171 177 178 181 189 190 191 192 193 194 195</bigrams>
	</sent>	<sent id="6">
		<raw>"Mr. Libby's notes indicate that Mr. Cheney had gotten his information about Ms. Wilson from George J. Tenet, the director of central intelligence, in response to questions from the vice president about Mr. Wilson," the Times said.</raw>
		<lemm> mr libby s note indicate that mr cheney have get his information about ms wilson from george j tenet  the director of central intelligence  in response to question from the vice president about mr wilson   the times say</lemm>
		<bigrams> 196 197 200 207 210 211 216 1 224 105</bigrams>
	</sent>	<sent id="7">
		<raw>"But they contain no suggestion that either Mr. Cheney or Mr. Libby knew at the time of Ms. Wilson's undercover status or that her identity was classified," it said.</raw>
		<lemm> but they contain no suggestion that either mr cheney or mr libby know at the time of ms wilson s undercover status or that her identity be classify   it say</lemm>
		<bigrams> 232 200 196 235 207 243</bigrams>
	</sent></doc>