<?xml version="1.0" encoding="UTF_8"?>
<doc>	<sent id="0">
		<raw>Karl Rove, the White House deputy chief of staff, told President George W. Bush and others that he never engaged in an effort to disclose a CIA operative's identity to discredit her husband's criticism of the administration's Iraq policy, according to people with knowledge of Rove's account in the investigation.</raw>
		<lemm>karl rove  the white house deputy chief of staff  tell president george w bush and other that he never engage in an effort to disclose a cia operative s identity to discredit her husband s criticism of the administration s iraq policy  accord to people with knowledge of rove s account in the investigation</lemm>
		<bigrams> 254 251 3872 1184 3873 3874 140 141 142 3877 1198 3884 3885</bigrams>
	</sent>	<sent id="1">
		<raw>They said Rove's denial to Bush occurred during a brief conversation in the fall of 2003, shortly after media reports revealed that Valerie Plame, former Ambassador Joseph Wilson's wife, worked as a covert CIA operative.</raw>
		<lemm>they say rove s denial to bush occur during a brief conversation in the fall of @card@  shortly after medium report reveal that valerie plame  former ambassador joseph wilson s wife  work as a covert cia operative</lemm>
		<bigrams> 3795 3895 3897 3898 3901 3902 100 3903 131 132 133 300 158 1198</bigrams>
	</sent>	<sent id="2">
		<raw>Those with direct knowledge of evidence gathered in the criminal investigation spoke to The Associated Press on condition of anonymity because of grand jury secrecy.</raw>
		<lemm>those with direct knowledge of evidence gather in the criminal investigation speak to the associated press on condition of anonymity because of grand jury secrecy</lemm>
		<bigrams> 3907 3909 326 3911 426 84 3870</bigrams>
	</sent>	<sent id="3">
		<raw>Special Prosecutor Patrick Fitzgerald is wrapping up an investigation into whether Rove; Vice President Dick Cheney's chief of staff, I. Lewis "Scooter" Libby; or other presidential aides divulged Plame's identity in violation of federal law.</raw>
		<lemm>special prosecutor patrick fitzgerald be wrap up an investigation into whether rove  vice president dick cheney s chief of staff  i lewis  scooter  libby  or other presidential aide divulge plame s identity in violation of federal law</lemm>
		<bigrams> 107 362 363 3919 3920 1 2 3 257 258 3924 3925 377 480</bigrams>
	</sent>	<sent id="4">
		<raw>Besides the disclosure of Plame's identity, the investigation is examining whether presidential aides mishandled classified information, made false statements or obstructed justice.</raw>
		<lemm>besides the disclosure of plame s identity  the investigation be examine whether presidential aide mishandle classified information  make false statement or obstruct justice</lemm>
		<bigrams> 405 3929 3924 3930 3931 854 3932 810 811 2263</bigrams>
	</sent>	<sent id="5">
		<raw>Rove is to testify before the grand jury soon for a fourth time, although prosecutors have told him they no longer can assure he will avoid indictment.</raw>
		<lemm>rove be to testify before the grand jury soon for a fourth time  although prosecutor have tell him they no longer can assure he will avoid indictment</lemm>
		<bigrams> 84 3935 1191 3937 3938 3946</bigrams>
	</sent>	<sent id="6">
		<raw>Rove offered in July to return to the grand jury for additional testimony, and Fitzgerald accepted that offer after taking grand jury testimony from the formerly jailed New York Times reporter Judith Miller.</raw>
		<lemm>rove offer in july to return to the grand jury for additional testimony  and fitzgerald accept that offer after take grand jury testimony from the formerly jail new york times reporter judith miller</lemm>
		<bigrams> 3947 84 3954 3956 3961 84 1092 3963 3964 28 29 2084 694 695</bigrams>
	</sent>	<sent id="7">
		<raw>The discussion with Bush, along with others, was general and did not get into specifics concerning Rove's contacts with two reporters, Time magazine's Matthew Cooper and syndicated columnist Robert Novak, who wrote stories identifying Plame, the people familiar with Rove's account said.</raw>
		<lemm>the discussion with bush  along with other  be general and do not get into specific concern rove s contact with two reporter  time magazine s matthew cooper and syndicated columnist robert novak  who write story identify plame  the people familiar with rove s account say</lemm>
		<bigrams> 3967 3976 3977 3980 3981 729 2767 1518 190 191 3987 3988 2707 3990 3992</bigrams>
	</sent>	<sent id="8">
		<raw>They said Bush asked Rove to assure him he was not involved in an effort to divulge Plame's identity and punish Wilson, and the longtime confidant assured him that was so.</raw>
		<lemm>they say bush ask rove to assure him he be not involve in an effort to divulge plame s identity and punish wilson  and the longtime confidant assure him that be so</lemm>
		<bigrams> 3993 3994 3995 377 4003 4005 4006</bigrams>
	</sent>	<sent id="9">
		<raw>He answered similarly when White House press secretary Scott McClellan asked a similar question.</raw>
		<lemm>he answer similarly when white house press secretary scott mcclellan ask a similar question</lemm>
		<bigrams> 4008 251 3746 3747 4011 4012 4013 4016</bigrams>
	</sent>	<sent id="10">
		<raw>Robert Luskin, Rove's attorney, refused to comment Friday on specifics of the discussions with Bush but confirmed his client maintains, then and now, he did not engage in an effort to disclose Plame's identity.</raw>
		<lemm>robert luskin  rove s attorney  refuse to comment friday on specific of the discussion with bush but confirm his client maintain  then and now  he do not engage in an effort to disclose plame s identity</lemm>
		<bigrams> 3799 4017 4018 4019 4025 478</bigrams>
	</sent>	<sent id="11">
		<raw>Rove has told a grand jury he first learned of Plame's work for the CIA from news reporters and then discussed it with Novak and Cooper.</raw>
		<lemm>rove have tell a grand jury he first learn of plame s work for the cia from news reporter and then discuss it with novak and cooper</lemm>
		<bigrams> 84 287 4033</bigrams>
	</sent>	<sent id="12">
		<raw>The answer is, 'No,'" Luskin said.</raw>
		<lemm>the answer be   no    luskin say</lemm>
		<bigrams> 3800</bigrams>
	</sent>	<sent id="13">
		<raw>"That was his answer in July 2003 and in October 2003 (when he first testified).</raw>
		<lemm> that be his answer in july @card@ and in october @card@ ( when he first testify )</lemm>
		<bigrams> 520 935 4043 4045 4046</bigrams>
	</sent>	<sent id="14">
		<raw>And it remains his answer today."</raw>
		<lemm>and it remain his answer today </lemm>
		<bigrams> 4050</bigrams>
	</sent>	<sent id="15">
		<raw>"He always truthfully denied that he was ever part of any campaign to punish Joe Wilson by disclosing the identity of his wife," Luskin said.</raw>
		<lemm> he always truthfully deny that he be ever part of any campaign to punish joe wilson by disclose the identity of his wife   luskin say</lemm>
		<bigrams> 4052 4053 4055 4060 298 4062 3800</bigrams>
	</sent>	<sent id="16">
		<raw>Besides Rove's discussions with reporters, investigators also are looking into a delay in learning about Rove's contact with Cooper and an e-mail between Rove and now-National Security Adviser Steve Hadley that referenced the conversation.</raw>
		<lemm>besides rove s discussion with reporter  investigator also be look into a delay in learn about rove s contact with cooper and an e-mail between rove and now-national security adviser steve hadley that reference the conversation</lemm>
		<bigrams> 4063 4065 4066 4076 4077 4078 4079</bigrams>
	</sent>	<sent id="17">
		<raw>Cooper's contact with Rove did not come up in Rove's first interview or grand jury appearance, but he volunteered the information and provided the e-mail during a second grand jury appearance.</raw>
		<lemm>cooper s contact with rove do not come up in rove s first interview or grand jury appearance  but he volunteer the information and provide the e-mail during a second grand jury appearance</lemm>
		<bigrams> 4089 84 498 4096 84 498</bigrams>
	</sent>	<sent id="18">
		<raw>Wilson, Plame's husband, went public on July 6, 2003, with criticism of Bush administration officials, suggesting they manipulated intelligence to justify the Iraq war.</raw>
		<lemm>wilson  plame s husband  go public on july @card@  @card@  with criticism of bush administration official  suggest they manipulate intelligence to justify the iraq war</lemm>
		<bigrams> 4097 3614 1291 520 178 295 1181 4101 4104 388</bigrams>
	</sent>	<sent id="19">
		<raw>Eight days later, Novak revealed the identity of Wilson's wife, giving her maiden name, Valerie Plame, the name she used as a covert CIA officer.</raw>
		<lemm>eight day later  novak reveal the identity of wilson s wife  give her maiden name  valerie plame  the name she use as a covert cia officer</lemm>
		<bigrams> 2695 3601 4106 4107 4108 97 4110 100 158 273</bigrams>
	</sent>	<sent id="20">
		<raw>Novak said his information about Wilson's wife had come from two senior administration officials.</raw>
		<lemm>novak say his information about wilson s wife have come from two senior administration official</lemm>
		<bigrams> 4114 1525 194 1181</bigrams>
	</sent>	<sent id="21">
		<raw>Rove acknowledged talking to Novak about the story.</raw>
		<lemm>rove acknowledge talk to novak about the story</lemm>
		<bigrams> 4117 4118</bigrams>
	</sent>	<sent id="22">
		<raw>Cooper wrote a similar story a few days after also talking with Rove.</raw>
		<lemm>cooper write a similar story a few day after also talk with rove</lemm>
		<bigrams> 4121 4122 4127</bigrams>
	</sent></doc>