<?xml version="1.0" encoding="UTF_8"?>
<doc>	<sent id="0">
		<raw>I. Lewis Libby Jr., Vice President Dick Cheney's former chief of staff, pleaded not guilty Thursday to charges that he lied about disclosing classified information.</raw>
		<lemm>i lewis libby jr  vice president dick cheney s former chief of staff  plead not guilty thursday to charge that he lie about disclose classified information</lemm>
		<bigrams> 48 3030 3031 1 2 3 3033 3034 3037 3042 854</bigrams>
	</sent>	<sent id="1">
		<raw>Libby, 55, resigned as Cheney's top aide last week after he was indicted by a federal grand jury on charges that he lied about his role in the leaking of the name of an undercover CIA agent to journalists.</raw>
		<lemm>libby  @card@  resign as cheney s top aide last week after he be indict by a federal grand jury on charge that he lie about his role in the leak of the name of an undercover cia agent to journalist</lemm>
		<bigrams> 2510 3043 2845 3045 3046 83 84 17 18</bigrams>
	</sent>	<sent id="2">
		<raw>Libby entered the plea in the courtroom of U. S. District Judge Reggie B. Walton, an appointee of President Bush.</raw>
		<lemm>libby enter the plea in the courtroom of u s district judge reggie b walton  an appointee of president bush</lemm>
		<bigrams> 3051 3059 3060 3061 3062 1296</bigrams>
	</sent>	<sent id="3">
		<raw>The grand jury indicted Libby, after a nearly two-year investigation, on charges of perjury, obstruction of justice and making false statements.</raw>
		<lemm>the grand jury indict libby  after a nearly two-year investigation  on charge of perjury  obstruction of justice and make false statement</lemm>
		<bigrams> 84 3066 3067 3071 2643 3073 810 811</bigrams>
	</sent>	<sent id="4">
		<raw>The five-count indictment charges that Libby lied to FBI agents and to the grand jury about how, and when, he came to learn classified information about a CIA operative, Valerie Plame.</raw>
		<lemm>the five-count indictment charge that libby lie to fbi agent and to the grand jury about how  and when  he come to learn classified information about a cia operative  valerie plame</lemm>
		<bigrams> 2252 3076 926 929 84 3082 854 1198 3084 100</bigrams>
	</sent>	<sent id="5">
		<raw>If convicted on each count, Libby faces up to 30 years in prison and a $1.25 million fine.</raw>
		<lemm>if convict on each count  libby face up to @card@ year in prison and a $1 25 million fine</lemm>
		<bigrams> 918 919 831 2295 2296 2297</bigrams>
	</sent>	<sent id="6">
		<raw>Libby has acknowledged speaking to reporters about Plame, but has denied that he revealed that she was an undercover operative, which could be a violation of federal law.</raw>
		<lemm>libby have acknowledge speak to reporter about plame  but have deny that he reveal that she be an undercover operative  which could be a violation of federal law</lemm>
		<bigrams> 3087 3096 480</bigrams>
	</sent>	<sent id="7">
		<raw>The grand jury did not indict Karl Rove, President Bush's top political strategist, who had also become entangled in the investigation.</raw>
		<lemm>the grand jury do not indict karl rove  president bush s top political strategist  who have also become entangled in the investigation</lemm>
		<bigrams> 84 3103 254 2232 1296 3104 3105 3108 3109</bigrams>
	</sent>	<sent id="8">
		<raw>However, Patrick J. Fitzgerald, the special counsel in the case, said in announcing the indictment of Libby last week that the probe is "not over."</raw>
		<lemm>however  patrick j fitzgerald  the special counsel in the case  say in announce the indictment of libby last week that the probe be  not over </lemm>
		<bigrams> 3111 1050 1051 2310 41 3118 3046</bigrams>
	</sent>	<sent id="9">
		<raw>After his indictment last week, Libby issued a statement saying he expected to be "totally exonerated."</raw>
		<lemm>after his indictment last week  libby issue a statement say he expect to be  totally exonerate </lemm>
		<bigrams> 3122 3046 3123 3124 2388 2429</bigrams>
	</sent>	<sent id="10">
		<raw>The five charges relate to Libby's testimony to the grand jury, and statements he made to authorities regarding discussions he had with Tim Russert of NBC News, Judith Miller of The New York Times, and Matthew Cooper of Time magazine.</raw>
		<lemm>the five charge relate to libby s testimony to the grand jury  and statement he make to authority regard discussion he have with tim russert of nbc news  judith miller of the new york times  and matthew cooper of time magazine</lemm>
		<bigrams> 3130 3131 84 3137 3138 646 943 3143 695 28 29 2767 729</bigrams>
	</sent>	<sent id="11">
		<raw>Fitzgerald said during a news conference last week that Libby had at least seven conversations with various government officials about Plame before he claimed to have learned her identity from Russert.</raw>
		<lemm>fitzgerald say during a news conference last week that libby have at least seven conversation with various government official about plame before he claim to have learn her identity from russert</lemm>
		<bigrams> 2312 2363 3146 3046 3148 3149 3151 483</bigrams>
	</sent>	<sent id="12">
		<raw>The special counsel said Libby and Russert had, in fact, never discussed Plame.</raw>
		<lemm>the special counsel say libby and russert have  in fact  never discuss plame</lemm>
		<bigrams> 2310 3157 1378 3162 3163 1435</bigrams>
	</sent>	<sent id="13">
		<raw>"At the end of the day, what appears is that Libby's story that he was at the tail end of a chain of phone calls, passing on from one reporter what he heard from another, was not true," Fitzgerald said during the news conference.</raw>
		<lemm> at the end of the day  what appear be that libby s story that he be at the tail end of a chain of phone call  pass on from one reporter what he hear from another  be not true   fitzgerald say during the news conference</lemm>
		<bigrams> 2855 457 2859 2862 2802 2312 2363</bigrams>
	</sent>	<sent id="14">
		<raw>"It was false.</raw>
		<lemm> it be false</lemm>
		<bigrams></bigrams>
	</sent>	<sent id="15">
		<raw>He was at the beginning of the chain of phone calls, the first official to disclose this information outside the government to a reporter.</raw>
		<lemm>he be at the beginning of the chain of phone call  the first official to disclose this information outside the government to a reporter</lemm>
		<bigrams> 457 2870 2873</bigrams>
	</sent>	<sent id="16">
		<raw>And then he lied about it afterwards, under oath, and repeatedly."</raw>
		<lemm>and then he lie about it afterwards  under oath  and repeatedly </lemm>
		<bigrams></bigrams>
	</sent>	<sent id="17">
		<raw>While the federal investigation had originally centered on who had leaked the name of Plame, no one has been charged with violating a 1982 federal law that prohibits revealing the identity of covert operatives.</raw>
		<lemm>while the federal investigation have originally center on who have leak the name of plame  no one have be charge with violate a @card@ federal law that prohibit reveal the identity of covert operative</lemm>
		<bigrams> 3167 3169 3179 480 3182 3184</bigrams>
	</sent>	<sent id="18">
		<raw>Plame is married to Joseph C. Wilson IV, a former ambassador, who criticized the Bush administration's stated reasons for going to war in Iraq.</raw>
		<lemm>plame be marry to joseph c wilson iv  a former ambassador  who criticize the bush administration s stated reason for go to war in iraq</lemm>
		<bigrams> 3188 3189 1218 131 295 3194</bigrams>
	</sent>	<sent id="19">
		<raw>In 2002, Wilson traveled to Niger at the behest of the CIA to investigate whether the African nation had been discussing supplying uranium to Saddam Hussein so that Iraq could develop nuclear weapons.</raw>
		<lemm>in @card@  wilson travel to niger at the behest of the cia to investigate whether the african nation have be discuss supply uranium to saddam hussein so that iraq could develop nuclear weapon</lemm>
		<bigrams> 3197 3198 1179 1327 3204 3205 2047 3209 3210 3211 2676</bigrams>
	</sent>	<sent id="20">
		<raw>Wilson, who said he found no evidence of such an effort, later challenged a statement made by President Bush about Iraqi attempts to obtain uranium yellowcake from Niger.</raw>
		<lemm>wilson  who say he find no evidence of such an effort  later challenge a statement make by president bush about iraqi attempt to obtain uranium yellowcake from niger</lemm>
		<bigrams> 3218 3219 3221 1296 3226 3229 3230</bigrams>
	</sent>	<sent id="21">
		<raw>Wilson has said that Bush administration officials revealed the identity of his wife to the reporters as a way of retaliating against him.</raw>
		<lemm>wilson have say that bush administration official reveal the identity of his wife to the reporter as a way of retaliate against him</lemm>
		<bigrams> 295 1181 3233</bigrams>
	</sent></doc>