<?xml version="1.0" encoding="UTF_8"?>
<doc>	<sent id="0">
		<raw>India's Supreme Court lifted Wednesday a ban on felling timber in the Andaman and Nicobar Islands to allow houses to be built for thousands of tsunami survivors.</raw>
		<lemm>india s supreme court lift wednesday a ban on fell timber in the andaman and nicobar islands to allow house to be build for thousand of tsunami survivor</lemm>
		<bigrams> 1227 1228 1229 1234 1239 1242 1250</bigrams>
	</sent>	<sent id="1">
		<raw>The court had imposed the ban two years ago to protect the tropical forests on the Andamans, but the devastation wreaked by the tsunami destroyed entire settlements.</raw>
		<lemm>the court have impose the ban two year ago to protect the tropical forest on the andamans  but the devastation wreak by the tsunami destroy entire settlement</lemm>
		<bigrams> 1256 621 1257 1260 1265 1268 1269 1270</bigrams>
	</sent>	<sent id="2">
		<raw>Cracks and fissures have developed in many concrete buildings still standing on the islands which have been jolted by about 100 aftershocks since the December 26 earthquake off Indonesia sent tsunamis across the Indian Ocean.</raw>
		<lemm>crack and fissure have develop in many concrete building still stand on the island which have be jolt by about @card@ aftershock since the december @card@ earthquake off indonesia send tsunami across the indian ocean</lemm>
		<bigrams> 1276 1277 1278 1279 1287 1288 1291 1292 1295 1296 1297 1300</bigrams>
	</sent>	<sent id="3">
		<raw>Indian experts have been dispatched to the islands to build makeshift houses from bamboo and other woods, which can better withstand quakes and are less likely to injure inhabitants.</raw>
		<lemm>indian expert have be dispatch to the island to build makeshift house from bamboo and other wood  which can well withstand quake and be less likely to injure inhabitant</lemm>
		<bigrams> 1301 1306 1307 1313 1314 1317 1320</bigrams>
	</sent>	<sent id="4">
		<raw>The Indian government says at least 900 people have died and more than 6,000 are missing on the Andamans.</raw>
		<lemm>the indian government say at least @card@ people have die and more than @card@ be miss on the andamans</lemm>
		<bigrams> 1321 1322 1325 1326</bigrams>
	</sent>	<sent id="5">
		<raw>Some 40,000 people have been housed in 110 relief camps on the islands, according to home ministry figures.</raw>
		<lemm>some @card@ people have be house in @card@ relief camp on the island  accord to home ministry figure</lemm>
		<bigrams> 1326 1336 1337 1339 1341 1342</bigrams>
	</sent>	<sent id="6">
		<raw>However, the overall picture remains uncertain with locals, police and aid workers fearing 10,000 people died across the 500-plus island chain which stretches more than 800 kilometres (500 miles).</raw>
		<lemm>however  the overall picture remain uncertain with local  police and aid worker fear @card@ people die across the 500-plus island chain which stretch more than @card@ kilometre ( @card@ mile )</lemm>
		<bigrams> 1344 1345 1346 1349 1352 1353 1354 1326 1355 1356 1358 1359 1363 1364 1109 1365 1366</bigrams>
	</sent></doc>