<?xml version="1.0" encoding="UTF_8"?>
<doc>	<sent id="0">
		<raw>Flowering arrow bamboo is threatening a colony of endangered giant pandas in China but experts have come up with a plan to save them, state media said Monday.</raw>
		<lemm>flowering arrow bamboo be threaten a colony of endangered giant panda in china but expert have come up with a plan to save them  state medium say monday</lemm>
		<bigrams> 2912 179 2917 164 2926 2927 2928</bigrams>
	</sent>	<sent id="1">
		<raw>Twenty-two giant pandas living in parts of Baishuijiang State Nature Reserve in the northwestern province of Gansu will be moved to other locations with better food, the China Daily said, quoting Zhang Kerong, director of the reserve.</raw>
		<lemm>twenty-two giant panda live in part of baishuijiang state nature reserve in the northwestern province of gansu will be move to other location with good food  the china daily say  quote zhang kerong  director of the reserve</lemm>
		<bigrams> 2929 164 1121 202 203 204 351 2937 2940 2941 2942 2943 1017 2944</bigrams>
	</sent>	<sent id="2">
		<raw>Arrow bamboo in two areas of the reserve which they inhabit is flowering, which means the plant will seed and die at the end of its life span.</raw>
		<lemm>arrow bamboo in two area of the reserve which they inhabit be flower  which mean the plant will seed and die at the end of its life span</lemm>
		<bigrams> 179 2946 2958</bigrams>
	</sent>	<sent id="3">
		<raw>Giant pandas will not eat the bamboo after it blooms and it takes 10 years for a new supply to grow.</raw>
		<lemm>giant panda will not eat the bamboo after it bloom and it take @card@ year for a new supply to grow</lemm>
		<bigrams> 164 301 302 2965</bigrams>
	</sent>	<sent id="4">
		<raw>Bamboo blooming in the early 1980s caused the deaths of about 250 giant pandas, the report said.</raw>
		<lemm>bamboo bloom in the early 1980s cause the death of about @card@ giant panda  the report say</lemm>
		<bigrams> 2967 2969 1082 163 164 2972</bigrams>
	</sent>	<sent id="5">
		<raw>Zhang said the reserve will send frequent patrols and rescue giant pandas in danger of starvation, but did not say where they would go or how they would be moved.</raw>
		<lemm>zhang say the reserve will send frequent patrol and rescue giant panda in danger of starvation  but do not say where they would go or how they would be move</lemm>
		<bigrams> 1131 2975 2976 2978 164 2986</bigrams>
	</sent>	<sent id="6">
		<raw>Locals, meanwhile, have been told not to harm the animals if they enter villages looking for food.</raw>
		<lemm>local  meanwhile  have be tell not to harm the animal if they enter village look for food</lemm>
		<bigrams> 2990 2995 2996</bigrams>
	</sent>	<sent id="7">
		<raw>As of late last year, the flowering bamboo covered more than 7,000 hectares (17,290 acres) of the 220,000-hectare nature reserve and the blooming area has continued to expand.</raw>
		<lemm>as of late last year  the flowering bamboo cover more than @card@ hectare ( @card@ acre ) of the 220 000-hectare nature reserve and the bloom area have continue to expand</lemm>
		<bigrams> 2999 1765 1104 3001 198 1108 1109 495 1110 1113 3002 204 3005</bigrams>
	</sent>	<sent id="8">
		<raw>More than 100 giant pandas live there.</raw>
		<lemm>more than @card@ giant panda live there</lemm>
		<bigrams> 163 164 1121</bigrams>
	</sent>	<sent id="9">
		<raw>To help them survive, the Baishuijiang reserve is planting more bamboo in hopes of helping the animals to increase their population.</raw>
		<lemm>to help them survive  the baishuijiang reserve be plant more bamboo in hope of help the animal to increase their population</lemm>
		<bigrams> 3013</bigrams>
	</sent>	<sent id="10">
		<raw>However, a survey found that 12 percent of planted bamboo showed signs of blooming, rendering it inedible, China Daily said.</raw>
		<lemm>however  a survey find that @card@ percent of plant bamboo show sign of bloom  render it inedible  china daily say</lemm>
		<bigrams> 3026 93 3030 3031 3032 3034 3037 2940 2941</bigrams>
	</sent>	<sent id="11">
		<raw>If the situation worsens all the pandas in the reserve will have to be transferred elsewhere.</raw>
		<lemm>if the situation worsen all the panda in the reserve will have to be transfer elsewhere</lemm>
		<bigrams> 3039 3043</bigrams>
	</sent>	<sent id="12">
		<raw>Since the 1970s, many pandas in the reserve have died because of food shortages.</raw>
		<lemm>since the 1970s  many panda in the reserve have die because of food shortage</lemm>
		<bigrams> 3045 3046 275</bigrams>
	</sent>	<sent id="13">
		<raw>Currently more than 1,500 giant pandas live wild in China, according to a survey by the State Forestry Administration.</raw>
		<lemm>currently more than @card@ giant panda live wild in china  accord to a survey by the state forestry administration</lemm>
		<bigrams> 163 164 1121 3052 213 3056 3057</bigrams>
	</sent>	<sent id="14">
		<raw>The government has set up more than 50 reserves, most in the southwest province of Sichuan.</raw>
		<lemm>the government have set up more than @card@ reserve  most in the southwest province of sichuan</lemm>
		<bigrams> 3060 3064</bigrams>
	</sent>	<sent id="15">
		<raw>But in Sichuan and in Shaanxi province, which also has panda reserves, arrow bamboo has also been found blooming.</raw>
		<lemm>but in sichuan and in shaanxi province  which also have panda reserve  arrow bamboo have also be find bloom</lemm>
		<bigrams> 1096 3071 3072 179 3074</bigrams>
	</sent>	<sent id="16">
		<raw>Giant pandas also continue to face threats from humans such as poaching, mining and logging, the report said.</raw>
		<lemm>giant panda also continue to face threat from human such as poach  mining and logging  the report say</lemm>
		<bigrams> 164 3075 3076 3078 3083 2972</bigrams>
	</sent></doc>