<?xml version="1.0" encoding="UTF_8"?>
<doc>	<sent id="0">
		<raw>China's relentless appetite for the colonel's chicken has KFC on a building boom in the world's most populous country, with 1,200 locations, soaring profits and a menu that mixes in bamboo shoots and lotus roots.</raw>
		<lemm>china s relentless appetite for the colonel s chicken have kfc on a building boom in the world s most populous country  with @card@ location  soar profit and a menu that mix in bamboo shoot and lotus root</lemm>
		<bigrams> 1576 1586 1589 1592 1593 1594 1374 1602</bigrams>
	</sent>	<sent id="1">
		<raw>At a time when its sales in the United States are struggling, KFC is dominating even rival McDonald's in China and turning the goateed visage of Kentucky Fried Chicken founder Colonel Harland Sanders into a ubiquitous symbol of America.</raw>
		<lemm>at a time when its sale in the united states be struggle  kfc be dominate even rival mcdonald s in china and turn the goateed visage of kentucky fried chicken founder colonel harland sanders into a ubiquitous symbol of america</lemm>
		<bigrams> 858 1609 1612 1613 1614 1621 1624 1625 1626 1627 1628 1629 1633</bigrams>
	</sent>	<sent id="2">
		<raw>"We are really positioned as a part of the fabric of life in China," said David Novak, chairman and chief executive of Louisville-based Yum Brands Inc., parent company of KFC.</raw>
		<lemm> we be really position as a part of the fabric of life in china   say david novak  chairman and chief executive of louisville-based yum brands inc  parent company of kfc</lemm>
		<bigrams> 1638 1645 1646 1647 1648 1651 1654 1655 1656 1657 1658</bigrams>
	</sent>	<sent id="3">
		<raw>In China, KFC customers can dig into buckets of original recipe chicken, but some dishes are tailored for the Chinese palate.</raw>
		<lemm>in china  kfc customer can dig into bucket of original recipe chicken  but some dish be tailor for the chinese palate</lemm>
		<bigrams> 1661 1662 1669 1670 1677</bigrams>
	</sent>	<sent id="4">
		<raw>There's a twister sandwich styled after the way Peking duck is served, but with fried chicken inside along with cucumber shreds.</raw>
		<lemm>there be a twister sandwich style after the way peking duck be serve  but with fried chicken inside along with cucumber shred</lemm>
		<bigrams> 1679 1680 1683 1684 1625 1690 1691 1694</bigrams>
	</sent>	<sent id="5">
		<raw>Instead of cole slaw, which never caught on in China, customers can order seasonal vegetables.</raw>
		<lemm>instead of cole slaw  which never catch on in china  customer can order seasonal vegetable</lemm>
		<bigrams> 1697 1700 1703 1705 1706</bigrams>
	</sent>	<sent id="6">
		<raw>In spring, it's bamboo shoots; in summer, lotus roots are on the menu.</raw>
		<lemm>in spring  it s bamboo shoot  in summer  lotus root be on the menu</lemm>
		<bigrams> 1374 1712 1602</bigrams>
	</sent>	<sent id="7">
		<raw>And in colder months, there's rice porridge and winter soup.</raw>
		<lemm>and in cold month  there be rice porridge and winter soup</lemm>
		<bigrams> 1718 1721 1724</bigrams>
	</sent>	<sent id="8">
		<raw>KFC also offers a breakfast menu in China, a concept that the company doesn't envision introducing at its U. S. restaurants.</raw>
		<lemm>kfc also offer a breakfast menu in china  a concept that the company do n t envision introduce at its u s restaurant</lemm>
		<bigrams> 1725 1726 1729 1736</bigrams>
	</sent>	<sent id="9">
		<raw>Yum's operating profits in China exceeded $200 million (euro153 million) in 2004, more than half the company's burgeoning international profits.</raw>
		<lemm>yum s operate profit in china exceed $200 million ( euro153 million ) in @card@  more than half the company s burgeon international profit</lemm>
		<bigrams> 1744 1746 1747 1748 1749 1750 1751 1752 1758 1759</bigrams>
	</sent>	<sent id="10">
		<raw>And the pace of 275 locations opened in the country last year is expected to be matched in 2005.</raw>
		<lemm>and the pace of @card@ location open in the country last year be expect to be match in @card@</lemm>
		<bigrams> 1592 1762 1764 1765</bigrams>
	</sent>	<sent id="11">
		<raw>Sam Su, president of Yum's China division, called China "the ultimate marketplace."</raw>
		<lemm>sam su  president of yum s china division  call china  the ultimate marketplace </lemm>
		<bigrams> 1771 1772 1775 1776 1777 1780</bigrams>
	</sent>	<sent id="12">
		<raw>He predicted that as the Chinese economy grows, it will someday surpass the number of KFC restaurants in the United States, where there are 5,453 stand-alone locations and 1,277 multibrand outlets featuring other Yum brands.</raw>
		<lemm>he predict that as the chinese economy grow  it will someday surpass the number of kfc restaurant in the united states  where there be @card@ stand-alone location and @card@ multibrand outlet feature other yum brand</lemm>
		<bigrams> 1784 1785 1788 1790 858 1795 1796 1798 1799 1800 1803</bigrams>
	</sent>	<sent id="13">
		<raw>"In many parts of China, the local municipal governments actually view the arrival of a KFC as a sign of the city coming of age," Su said in a phone interview from China.</raw>
		<lemm> in many part of china  the local municipal government actually view the arrival of a kfc as a sign of the city come of age   su say in a phone interview from china</lemm>
		<bigrams> 1804 1805 1806 1807 1808 1817 1819 1820 1822</bigrams>
	</sent>	<sent id="14">
		<raw>A restaurant industry analyst said KFC's recipe for success in China includes a solid business plan guided by a management team intact for years.</raw>
		<lemm>a restaurant industry analyst say kfc s recipe for success in china include a solid business plan guide by a management team intact for year</lemm>
		<bigrams> 1826 1827 1828 1829 1835 1838 1839 1840 1843 1844</bigrams>
	</sent>	<sent id="15">
		<raw>"For many companies, China is a hope and a dream, maybe a very realistic hope and a dream, but for Yum it's reality today," said Joe Buckley with Bear Stearns&Co.</raw>
		<lemm> for many company  china be a hope and a dream  maybe a very realistic hope and a dream  but for yum it be reality today   say joe buckley with bear stearns&co</lemm>
		<bigrams> 1848 1849 1854 1858 1864 1865 1866 1867 1870</bigrams>
	</sent>	<sent id="16">
		<raw>"It's an important piece of the company that still has plenty of growth potential ahead of it."</raw>
		<lemm> it be an important piece of the company that still have plenty of growth potential ahead of it </lemm>
		<bigrams> 1872 1878 1879</bigrams>
	</sent>	<sent id="17">
		<raw>Yum's China operations represented about 15 percent of the company's operating profits in 2004, a figure expected to reach about 18 percent this year, Buckley said.</raw>
		<lemm>yum s china operation represent about @card@ percent of the company s operate profit in @card@  a figure expect to reach about @card@ percent this year  buckley say</lemm>
		<bigrams> 1882 1883 93 1744 1887 93 1892 1893</bigrams>
	</sent>	<sent id="18">
		<raw>Chinese fast-food consumers have shown a preference for chicken, giving KFC a leg up.</raw>
		<lemm>chinese fast-food consumer have show a preference for chicken  give kfc a leg up</lemm>
		<bigrams> 1894 1895 1902 1903</bigrams>
	</sent>	<sent id="19">
		<raw>"It's an advantage to be the chicken brand, given that scenario," Buckley said.</raw>
		<lemm> it be an advantage to be the chicken brand  give that scenario   buckley say</lemm>
		<bigrams> 1910 1911 1914 1893</bigrams>
	</sent>	<sent id="20">
		<raw>Other Yum brands also are vying for Chinese customers.</raw>
		<lemm>other yum brand also be vie for chinese customer</lemm>
		<bigrams> 1803 1915 1919</bigrams>
	</sent>	<sent id="21">
		<raw>Yum opened at least 39 Pizza Hut restaurants in China last year, for a total of 146 outlets, and Su predicts a bright future for the chain.</raw>
		<lemm>yum open at least @card@ pizza hut restaurant in china last year  for a total of @card@ outlet  and su predict a bright future for the chain</lemm>
		<bigrams> 1920 1325 1922 1923 1924 1925 1765 1927 1930 1933</bigrams>
	</sent>	<sent id="22">
		<raw>"With the rising income and economic growth, there's no reason to doubt that Pizza Hut will be a huge brand," he said.</raw>
		<lemm> with the rise income and economic growth  there be no reason to doubt that pizza hut will be a huge brand   he say</lemm>
		<bigrams> 1937 1940 1923 1950</bigrams>
	</sent>	<sent id="23">
		<raw>Taco Bell is testing a casual dining format in China, and Yum is even dabbling in Chinese fast-food with one test restaurant in Shanghai.</raw>
		<lemm>taco bell be test a casual dining format in china  and yum be even dabble in chinese fast-food with one test restaurant in shanghai</lemm>
		<bigrams> 1952 1957 1958 1963 1894 1968 1969</bigrams>
	</sent>	<sent id="24">
		<raw>But KFC is clearly at the forefront of Yum's expansion.</raw>
		<lemm>but kfc be clearly at the forefront of yum s expansion</lemm>
		<bigrams></bigrams>
	</sent>	<sent id="25">
		<raw>More than 100 KFC restaurants have sprung up in both Beijing and Shanghai.</raw>
		<lemm>more than @card@ kfc restaurant have spring up in both beijing and shanghai</lemm>
		<bigrams> 1977 1790</bigrams>
	</sent>	<sent id="26">
		<raw>The chain has spread to every Chinese province and region except Tibet.</raw>
		<lemm>the chain have spread to every chinese province and region except tibet</lemm>
		<bigrams> 1989 1990 1993 1994</bigrams>
	</sent>	<sent id="27">
		<raw>KFC restaurants have reached 280 Chinese cities, compared to just 20 cities in 2000.</raw>
		<lemm>kfc restaurant have reach @card@ chinese city  compare to just @card@ city in @card@</lemm>
		<bigrams> 1790 1996 1997 1998 1999 2003</bigrams>
	</sent>	<sent id="28">
		<raw>Yum's revenues in China topped $1 billion last year, up from $261 million in 1998.</raw>
		<lemm>yum s revenue in china top $1 billion last year  up from $261 million in @card@</lemm>
		<bigrams> 2007 2008 2009 2010 1765 2014</bigrams>
	</sent>	<sent id="29">
		<raw>Elsewhere around the globe, KFC opened about 50 new restaurants last year in the United Kingdom, another high-growth market for Yum, raising its total chicken outlets to 660.</raw>
		<lemm>elsewhere around the globe  kfc open about @card@ new restaurant last year in the united kingdom  another high-growth market for yum  raise its total chicken outlet to @card@</lemm>
		<bigrams> 2016 2019 2020 2022 2023 2024 1765 2026 2027 2028 2029 2031 2034 2035</bigrams>
	</sent>	<sent id="30">
		<raw>In the United States, KFC has struggled in a crowded fast-food sector, including burger chains that have added chicken to their menus.</raw>
		<lemm>in the united states  kfc have struggle in a crowded fast-food sector  include burger chain that have add chicken to their menu</lemm>
		<bigrams> 858 2037 2042 2043 2044 2045 2046 2050</bigrams>
	</sent>	<sent id="31">
		<raw>In China, KFC has outpaced rival McDonald's, which has its own expansion plans.</raw>
		<lemm>in china  kfc have outpace rival mcdonald s  which have its own expansion plan</lemm>
		<bigrams> 1661 2055 1614 2060</bigrams>
	</sent>	<sent id="32">
		<raw>McDonald's has more than 600 restaurants in China and plans to open about 100 more this year, comparable to last year.</raw>
		<lemm>mcdonald s have more than @card@ restaurant in china and plan to open about @card@ more this year  comparable to last year</lemm>
		<bigrams> 2063 2067 1765</bigrams>
	</sent>	<sent id="33">
		<raw>Its long-range plans call for 1,000 restaurants in China by 2008.</raw>
		<lemm>its long-range plan call for @card@ restaurant in china by @card@</lemm>
		<bigrams> 2071 2072 2063</bigrams>
	</sent>	<sent id="34">
		<raw>"We're very bullish on China," said spokesman Walt Riker.</raw>
		<lemm> we be very bullish on china   say spokesman walt riker</lemm>
		<bigrams> 1645 2081 2082 2083</bigrams>
	</sent>	<sent id="35">
		<raw>"We're aggressively expanding the business."</raw>
		<lemm> we be aggressively expand the business </lemm>
		<bigrams> 2085</bigrams>
	</sent>	<sent id="36">
		<raw>Novak said Yum has a big head start over its competitors in China and intends to build on that advantage.</raw>
		<lemm>novak say yum have a big head start over its competitor in china and intend to build on that advantage</lemm>
		<bigrams> 2088 2089 2091 2092</bigrams>
	</sent>	<sent id="37">
		<raw>"We are truly walking the talk in terms of taking this market," he said.</raw>
		<lemm> we be truly walk the talk in term of take this market   he say</lemm>
		<bigrams> 2103</bigrams>
	</sent></doc>