<?xml version="1.0" encoding="UTF_8"?>
<doc>	<sent id="0">
		<raw>A proposed mill that could turn a bamboo-like plant to pulp might be an economic boon for this part of western Alabama, but it also could wreak ecological havoc.</raw>
		<lemm>a propose mill that could turn a bamboo-like plant to pulp might be an economic boon for this part of western alabama  but it also could wreak ecological havoc</lemm>
		<bigrams> 427 430 433 435 439 445 449 450 451 452</bigrams>
	</sent>	<sent id="1">
		<raw>Global Cellulose Systems, a British company, wants to build a $530 million production facility in Linden's industrial park that could employ as many as 500 workers.</raw>
		<lemm>global cellulose systems  a british company  want to build a $530 million production facility in linden s industrial park that could employ as many as @card@ worker</lemm>
		<bigrams> 453 454 457 458 463 464 465 470 472 477</bigrams>
	</sent>	<sent id="2">
		<raw>The company also is seeking a commitment from area farmers to grow the bamboo-like Arundo donax plant on as many as 30,000 acres.</raw>
		<lemm>the company also be seek a commitment from area farmer to grow the bamboo-like arundo donax plant on as many as @card@ acre</lemm>
		<bigrams> 479 486 490 491 492 495</bigrams>
	</sent>	<sent id="3">
		<raw>The crop could prove very profitable for producers, but the plant has been identified as a scourge in many areas.</raw>
		<lemm>the crop could prove very profitable for producer  but the plant have be identify as a scourge in many area</lemm>
		<bigrams> 497 498 512</bigrams>
	</sent>	<sent id="4">
		<raw>"It's the worst invasive plant in much of the world," said Jim Miller, a research ecologist for the USDA Forest Service in Auburn.</raw>
		<lemm> it be the bad invasive plant in much of the world   say jim miller  a research ecologist for the usda forest service in auburn</lemm>
		<bigrams> 516 517 521 522 523 526 529 530</bigrams>
	</sent>	<sent id="5">
		<raw>John Woods, president of Athens, Tenn.-based West Wing Technologies Inc., said the plant has been a problem in areas like Mexico and California, where it commonly grows in the wild, but not when grown in a controlled environment.</raw>
		<lemm>john woods  president of athens  tenn -based west wing technologies inc  say the plant have be a problem in area like mexico and california  where it commonly grow in the wild  but not when grow in a controlled environment</lemm>
		<bigrams> 533 534 537 538 539 540 541 542 543 548 549 555 564</bigrams>
	</sent>	<sent id="6">
		<raw>"It's never been a problem in plantations," he said, adding that the plant hasn't been grown on large tracts in the South before.</raw>
		<lemm> it be never be a problem in plantation   he say  add that the plant have n t be grow on large tract in the south before</lemm>
		<bigrams> 569 176</bigrams>
	</sent>	<sent id="7">
		<raw>Woods' company specializes in growing and cloning bamboo and similar plants, and would assist regional farmers who choose to grow the crop.</raw>
		<lemm>woods  company specialize in grow and clon bamboo and similar plant  and would assist regional farmer who choose to grow the crop</lemm>
		<bigrams> 581 582 587 590 593 594 595</bigrams>
	</sent>	<sent id="8">
		<raw>Representatives from West Wing Technologies and Global Cellulose Systems plan to meet with area farmers this week to discuss plans for the mill and the plant.</raw>
		<lemm>representative from west wing technologies and global cellulose systems plan to meet with area farmer this week to discuss plan for the mill and the plant</lemm>
		<bigrams> 540 541 453 454 603 486 612</bigrams>
	</sent>	<sent id="9">
		<raw>Woods said it would take two years for the first crop to mature.</raw>
		<lemm>woods say it would take two year for the first crop to mature</lemm>
		<bigrams> 616 619 620 621 623</bigrams>
	</sent>	<sent id="10">
		<raw>But the reed could be harvested every six months thereafter, with a likely production of 17 to 26 tons per acre.</raw>
		<lemm>but the reed could be harvest every six month thereafter  with a likely production of @card@ to @card@ ton per acre</lemm>
		<bigrams> 627 630 631 632 633 637 640 641 642</bigrams>
	</sent>	<sent id="11">
		<raw>That could mean several hundred dollars per acre for the farmers, he said.</raw>
		<lemm>that could mean several hundred dollar per acre for the farmer  he say</lemm>
		<bigrams> 643 644 645 646 647 642</bigrams>
	</sent>	<sent id="12">
		<raw>Kevin Dixon, chairman of the Linden Area Industrial Development Board, said he doesn't think getting a commitment from farmers will be an issue.</raw>
		<lemm>kevin dixon  chairman of the linden area industrial development board  say he do n t think get a commitment from farmer will be an issue</lemm>
		<bigrams> 651 652 655 656 657 658 659 664</bigrams>
	</sent>	<sent id="13">
		<raw>"If you show them the money, I think they'll show you the land," he said.</raw>
		<lemm> if you show them the money  i think they will show you the land   he say</lemm>
		<bigrams></bigrams>
	</sent>	<sent id="14">
		<raw>Dixon said the industrial board heard of the company's desire to build a mill in the American South and contacted its officials.</raw>
		<lemm>dixon say the industrial board hear of the company s desire to build a mill in the american south and contact its official</lemm>
		<bigrams> 684 686 687 694</bigrams>
	</sent>	<sent id="15">
		<raw>The months-long conversation has Global Cellulose Systems ready to come to Marengo County.</raw>
		<lemm>the months-long conversation have global cellulose system ready to come to marengo county</lemm>
		<bigrams> 700 453 703 704 709</bigrams>
	</sent>	<sent id="16">
		<raw>The pulp that would be manufactured from the crop is used for a variety of products, from shirts to flooring, and is sold mostly in Europe, Dixon said.</raw>
		<lemm>the pulp that would be manufacture from the crop be use for a variety of product  from shirt to flooring  and be sell mostly in europe  dixon say</lemm>
		<bigrams> 730 733 684</bigrams>
	</sent>	<sent id="17">
		<raw>He said the location of the mill in Linden would have a big impact on the area.</raw>
		<lemm>he say the location of the mill in linden would have a big impact on the area</lemm>
		<bigrams> 736 740</bigrams>
	</sent>	<sent id="18">
		<raw>"If this happens, offering 300-500 jobs in Linden, Alabama, I think it would change the economic outlook of the town forever," he said.</raw>
		<lemm> if this happen  offer @card@ job in linden  alabama  i think it would change the economic outlook of the town forever   he say</lemm>
		<bigrams> 745 746 747 749 752 755 758</bigrams>
	</sent>	<sent id="19">
		<raw>"It's going to help our whole county."</raw>
		<lemm> it be go to help our whole county </lemm>
		<bigrams> 764</bigrams>
	</sent>	<sent id="20">
		<raw>Officials from the Nature Conservancy say that Arundo donax can rapidly invade stream banks and roadside habitats.</raw>
		<lemm>official from the nature conservancy say that arundo donax can rapidly invade stream bank and roadside habitat</lemm>
		<bigrams> 766 767 491 772 773 774 777</bigrams>
	</sent>	<sent id="21">
		<raw>After it's established, the plant tends to suppress native vegetation and has invaded irrigation ditches, reducing their capacity.</raw>
		<lemm>after it be establish  the plant tend to suppress native vegetation and have invade irrigation ditch  reduce their capacity</lemm>
		<bigrams> 781 784 785 789 790 791</bigrams>
	</sent>	<sent id="22">
		<raw>Miller said it would be nearly impossible to keep the plants from getting into drainage systems and spreading to surrounding areas, despite what Woods said.</raw>
		<lemm>miller say it would be nearly impossible to keep the plant from get into drainage system and spread to surrounding area  despite what woods say</lemm>
		<bigrams> 794 796 804 809 810 616</bigrams>
	</sent>	<sent id="23">
		<raw>"If it's released in the landscape it will get in our streams," Miller said.</raw>
		<lemm> if it be release in the landscape it will get in our stream   miller say</lemm>
		<bigrams> 823 794</bigrams>
	</sent>	<sent id="24">
		<raw>"It will grow along them and change our habitat."</raw>
		<lemm> it will grow along them and change our habitat </lemm>
		<bigrams> 825</bigrams>
	</sent>	<sent id="25">
		<raw>The plant already exists in Alabama, but only in limited quantities.</raw>
		<lemm>the plant already exist in alabama  but only in limited quantity</lemm>
		<bigrams> 831 832 838</bigrams>
	</sent>	<sent id="26">
		<raw>It is native to the Mediterranean region, where it has been widely planted in Italy and other countries.</raw>
		<lemm>it be native to the mediterranean region  where it have be widely plant in italy and other country</lemm>
		<bigrams> 842 846</bigrams>
	</sent>	<sent id="27">
		<raw>Like kudzu, Arundo donax was imported into the United States, originally for aesthetic reasons or for windbreaks on California ranches.</raw>
		<lemm>like kudzu  arundo donax be import into the united states  originally for aesthetic reason or for windbreak on california ranch</lemm>
		<bigrams> 851 852 491 858 859 862 868</bigrams>
	</sent>	<sent id="28">
		<raw>Miller, who recently led a conference on invasive plants including Arundo donax, said bringing it in large quantities to Alabama could be like the second coming of kudzu.</raw>
		<lemm>miller  who recently lead a conference on invasive plant include arundo donax  say bring it in large quantity to alabama could be like the second come of kudzu</lemm>
		<bigrams> 871 517 876 877 491 878 879 883 886 890</bigrams>
	</sent>	<sent id="29">
		<raw>Warning that it would dry up streams and destroy wildlife habitat, he said policies are needed to prevent importing such invasive plants.</raw>
		<lemm>warn that it would dry up stream and destroy wildlife habitat  he say policy be need to prevent import such invasive plant</lemm>
		<bigrams> 895 900 901 903 908 517</bigrams>
	</sent>	<sent id="30">
		<raw>"The way is to develop industry and bar everything else," he said.</raw>
		<lemm> the way be to develop industry and bar everything else   he say</lemm>
		<bigrams> 915 918 919</bigrams>
	</sent>	<sent id="31">
		<raw>"That's the way of capitalism."</raw>
		<lemm> that be the way of capitalism </lemm>
		<bigrams></bigrams>
	</sent>	<sent id="32">
		<raw>The region needs to do something, he said, "but it doesn't need this."</raw>
		<lemm>the region need to do something  he say   but it do n t need this </lemm>
		<bigrams> 924</bigrams>
	</sent>	<sent id="33">
		<raw>(The Tuscaloosa News in Tuscaloosa, Ala., is a member of the New York Times Regional Newspapers.)</raw>
		<lemm>( the tuscaloosa news in tuscaloosa  ala  be a member of the new york times regional newspapers )</lemm>
		<bigrams> 934 937 941 942 943 944 945</bigrams>
	</sent></doc>