<?xml version="1.0" encoding="UTF_8"?>
<doc>	<sent id="0">
		<raw>Tell someone you're planning to decorate with bamboo and they may wonder if you are taking your design cues from Ricardo Montalban and "Fantasy Island," with its Tiki bars and oversized chairs.</raw>
		<lemm>tell someone you be plan to decorate with bamboo and they may wonder if you be take your design cue from ricardo montalban and  fantasy island   with its tiki bar and oversized chair</lemm>
		<bigrams> 2113 2122 2127 2130 2133 2137 2140</bigrams>
	</sent>	<sent id="1">
		<raw>That image is so old that even bamboo's newer image as a sturdy alternative for hardwood flooring is showing some age, too.</raw>
		<lemm>that image be so old that even bamboo s new image as a sturdy alternative for hardwood flooring be show some age  too</lemm>
		<bigrams> 2147 2150 2153 2156</bigrams>
	</sent>	<sent id="2">
		<raw>Flooring is still the most likely use for bamboo in the home, but designers today are using this strong, versatile grass all over the house, for everything from kitchen cabinets to countertops, cutting boards to serving bowls, shower curtains to dining room chairs.</raw>
		<lemm>flooring be still the most likely use for bamboo in the home  but designer today be use this strong  versatile grass all over the house  for everything from kitchen cabinet to countertop  cut board to serve bowl  shower curtain to dine room chair</lemm>
		<bigrams> 2166 2171 2175 2176 2184 2187 2188 2191 2192 2193 2196 2197</bigrams>
	</sent>	<sent id="3">
		<raw>The appeal of bamboo is often its clean, airy look and perhaps its association with warmer climes, but there's more to it than that.</raw>
		<lemm>the appeal of bamboo be often its clean  airy look and perhaps its association with warm clime  but there be more to it than that</lemm>
		<bigrams> 2204 2205 2212</bigrams>
	</sent>	<sent id="4">
		<raw>It has greater tensile strength than steel; it's a sustainable, environmentally friendly material (it grows fast enough to be harvested within three to five years without depleting natural resources, and it regenerates quickly); and it can cost less and last longer than red oak, the wood most commonly used for flooring.</raw>
		<lemm>it have great tensile strength than steel  it be a sustainable  environmentally friendly material ( it grow fast enough to be harvest within three to five year without deplete natural resource  and it regenerate quickly )  and it can cost less and last longer than red oak  the wood most commonly use for flooring</lemm>
		<bigrams> 2221 2222 2227 2228 2229 2230 2233 2234 2236 2237 2240 2241 2242 2243 2244 2248 2249 2253 2256 2259 2264</bigrams>
	</sent>	<sent id="5">
		<raw>One company bringing fresh interpretations to bamboo is called, suitably enough, bambu.</raw>
		<lemm>one company bring fresh interpretation to bamboo be call  suitably enough  bambu</lemm>
		<bigrams> 2266 2267 2268 2269 2273 2274 2275</bigrams>
	</sent>	<sent id="6">
		<raw>The two-year-old New York firm makes bamboo bowls, cutleryand flatware, and biodegradable plates.</raw>
		<lemm>the two-year-old new york firm make bamboo bowl  cutleryand flatware  and biodegradable plate</lemm>
		<bigrams> 2277 941 2278 2279 2280 2281 2282 2283 2286</bigrams>
	</sent>	<sent id="7">
		<raw>Fortune magazine named bambu's Veneerware plates among the 25 best products of 2004.</raw>
		<lemm>fortune magazine name bambu s veneerware plate among the @card@ good product of @card@</lemm>
		<bigrams> 2287 2288 2289 2292 2293 2295 2296</bigrams>
	</sent>	<sent id="8">
		<raw>This year the company is introducing several new products, including a new cutting board called "the plank," a super-sized stirring spoon called "the big stir," and appetizer pieces called sporks.</raw>
		<lemm>this year the company be introduce several new product  include a new cutting board call  the plank   a super-sized stirring spoon call  the big stir   and appetizer piece call sporks</lemm>
		<bigrams> 2300 2301 2302 2303 2304 2305 2306 2311 2312 2313 2315 2318 2319 2320</bigrams>
	</sent>	<sent id="9">
		<raw>Founder and designer Rachel Speth and partner Jeff Delkin answered questions about bambu via e-mail from Shanghai, where they live.</raw>
		<lemm>founder and designer rachel speth and partner jeff delkin answer question about bambu via e-mail from shanghai  where they live</lemm>
		<bigrams> 2323 2324 2327 2328 2329 2330 2333 2334</bigrams>
	</sent>	<sent id="10">
		<raw>"When we created bambu, we set out to inform and excite people about renewable materials.</raw>
		<lemm> when we create bambu  we set out to inform and excite people about renewable material</lemm>
		<bigrams> 2342 2350 2353</bigrams>
	</sent>	<sent id="11">
		<raw>That was our goal.</raw>
		<lemm>that be our goal</lemm>
		<bigrams></bigrams>
	</sent>	<sent id="12">
		<raw>But we also realized that to do that effectively, we had to create products that offered good design and aesthetic appeal at a good value," writes Speth.</raw>
		<lemm>but we also realize that to do that effectively  we have to create product that offer good design and aesthetic appeal at a good value   write speth</lemm>
		<bigrams> 2358 2367 2370 2371 2374 2377 2378 2379</bigrams>
	</sent>	<sent id="13">
		<raw>"Customers have to like what it looks like, enjoy what it feels like.</raw>
		<lemm> customer have to like what it look like  enjoy what it feel like</lemm>
		<bigrams> 2385 2386 2389</bigrams>
	</sent>	<sent id="14">
		<raw>Then, when they learn of all the wonderful environmental benefits of bamboo, it enhances the buying experience."</raw>
		<lemm>then  when they learn of all the wonderful environmental benefit of bamboo  it enhance the buying experience </lemm>
		<bigrams> 2397 2398 2404</bigrams>
	</sent>	<sent id="15">
		<raw>Bamboo kitchenware has come a long way from chopsticks and steamers.</raw>
		<lemm>bamboo kitchenware have come a long way from chopstick and steamer</lemm>
		<bigrams> 2405 2410</bigrams>
	</sent>	<sent id="16">
		<raw>Totally Bamboo, a North Hollywood company owned by Tom Sullivan and Joanne Chen, makes a wide range of laminated bamboo cutting boards, serving bowls, and utensils.</raw>
		<lemm>totally bamboo  a north hollywood company own by tom sullivan and joanne chen  make a wide range of laminate bamboo cut board  serve bowl  and utensil</lemm>
		<bigrams> 2415 2418 2419 2423 2426 2427 2430 2433 2434 2188 2435 2191</bigrams>
	</sent>	<sent id="17">
		<raw>Sullivan says he's also done prototypes for bamboo dashboards and gearshift knobs in cars as well as shower curtains.</raw>
		<lemm>sullivan say he be also do prototype for bamboo dashboard and gearshift knob in car as well as shower curtain</lemm>
		<bigrams> 2438 2444 2447 2193</bigrams>
	</sent>	<sent id="18">
		<raw>Recently, he made a bamboo guitar for a client.</raw>
		<lemm>recently  he make a bamboo guitar for a client</lemm>
		<bigrams> 2455</bigrams>
	</sent>	<sent id="19">
		<raw>Later this year the company intends to launch a line of bamboo countertops and is looking into making bamboo building materials.</raw>
		<lemm>later this year the company intend to launch a line of bamboo countertop and be look into make bamboo building material</lemm>
		<bigrams> 2459 2463 2280 2468 2469</bigrams>
	</sent>	<sent id="20">
		<raw>"We're trying to break new ground with everything we do," Sullivan says.</raw>
		<lemm> we be try to break new ground with everything we do   sullivan say</lemm>
		<bigrams> 2473 2474 2438</bigrams>
	</sent>	<sent id="21">
		<raw>Bamboo furniture designers are also breaking new ground with sleek and modern pieces that are a far cry from the kitschy look of the '60s.</raw>
		<lemm>bamboo furniture designer be also break new ground with sleek and modern piece that be a far cry from the kitschy look of the  60s</lemm>
		<bigrams> 2480 2481 2483 2473 2474 2487 2490 2493</bigrams>
	</sent>	<sent id="22">
		<raw>Gerard Minakawa is the founder of Ukao, which means "way of life" in Swahili.</raw>
		<lemm>gerard minakawa be the founder of ukao  which mean  way of life  in swahili</lemm>
		<bigrams> 2496 2503</bigrams>
	</sent>	<sent id="23">
		<raw>The line includes tables, seating, and custom-designed pieces that are available at RISD Works in Providence.</raw>
		<lemm>the line include table  seating  and custom-design piece that be available at risd works in providence</lemm>
		<bigrams> 2506 2507 2508 2511 2515</bigrams>
	</sent>	<sent id="24">
		<raw>Minakawa, a Rhode Island School of Design alumnus, spoke by phone from Bolivia, where he was working with Andean textile weavers and helping a nongovernmental organization devoted to bamboo products get on its feet.</raw>
		<lemm>minakawa  a rhode island school of design alumnus  speak by phone from bolivia  where he be work with andean textile weaver and help a nongovernmental organization devote to bamboo product get on its foot</lemm>
		<bigrams> 2520 2521 2524 2525 2535 2536 2541 2542 2544 2545</bigrams>
	</sent>	<sent id="25">
		<raw>"In 2000, I visited my sister in Japan for three weeks, and discovered how people could live with bamboo.</raw>
		<lemm> in @card@  i visit my sister in japan for three week  and discover how people could live with bamboo</lemm>
		<bigrams> 2557 2562 2563</bigrams>
	</sent>	<sent id="26">
		<raw>"Important this is, because rather than simply being a chic or trendy object, it has been a cultural icon in Japan since time immemorial," Minakawa says.</raw>
		<lemm> important this be  because rather than simply be a chic or trendy object  it have be a cultural icon in japan since time immemorial   minakawa say</lemm>
		<bigrams> 2575 2578 2580 2581 2582 2583 2584</bigrams>
	</sent>	<sent id="27">
		<raw>"After thousands of years, [the Japanese] and other cultures continue to technologically refine and offer exciting artistic interpretations to the material."</raw>
		<lemm> after thousand of year  [ the japanese ] and other culture continue to technologically refine and offer exciting artistic interpretation to the material </lemm>
		<bigrams> 2587 2590 2593 2596 2599 2600 2601</bigrams>
	</sent>	<sent id="28">
		<raw>Despite the increasingly wide range of uses for bamboo, flooring remains one of the most popular.</raw>
		<lemm>despite the increasingly wide range of use for bamboo  flooring remain one of the most popular</lemm>
		<bigrams> 2605 2430 2607 2608 2609</bigrams>
	</sent>	<sent id="29">
		<raw>Trevor Gilmore, a partner in Bamboo Mountain, based in Novato, Calif., says his company uses formaldehyde-free glue and Moso bamboo from China that's harvested every five to six years and can grow as tall as 100 feet.</raw>
		<lemm>trevor gilmore  a partner in bamboo mountain  base in novato  calif  say his company use formaldehyde-free glue and moso bamboo from china that have harvest every five to six year and can grow as tall as @card@ foot</lemm>
		<bigrams> 2611 2615 2616 2619 2620 2623 2624 2625 2628 630 2632 2635 2641</bigrams>
	</sent>	<sent id="30">
		<raw>Bamboo Mountain produces flooring in a light-colored natural shade and a darker brown carbonized variety, both of which can be stained and finished.</raw>
		<lemm>bamboo mountain produce flooring in a light-colored natural shade and a dark brown carbonize variety  both of which can be stain and finish</lemm>
		<bigrams> 2615 2642 2643 2646 2647 2650 2651 2652</bigrams>
	</sent>	<sent id="31">
		<raw>The one caution Gilmore offers consumers is to do some homework to be sure you're getting a quality product with a long-term warranty.</raw>
		<lemm>the one caution gilmore offer consumer be to do some homework to be sure you be get a quality product with a long-term warranty</lemm>
		<bigrams> 2661 2662 2663 2664 2673 2676</bigrams>
	</sent>	<sent id="32">
		<raw>"We suggest everyone get one sample and take a look at the side view.</raw>
		<lemm> we suggest everyone get one sample and take a look at the side view</lemm>
		<bigrams> 2678 2679 2680 2681 2688</bigrams>
	</sent>	<sent id="33">
		<raw>There shouldn't be any gaps," he says.</raw>
		<lemm>there should n t be any gap   he say</lemm>
		<bigrams></bigrams>
	</sent>	<sent id="34">
		<raw>"If there are, that means the manufacturing and the glue are not up to par and there could be problems down the road with warping and buckling."</raw>
		<lemm> if there be  that mean the manufacturing and the glue be not up to par and there could be problem down the road with warp and buckle </lemm>
		<bigrams></bigrams>
	</sent>	<sent id="35">
		<raw>While several companies have taken a recent interest in bamboo, San Francisco's Smith and Fong has been selling bamboo home products for almost 20 years.</raw>
		<lemm>while several company have take a recent interest in bamboo  san francisco s smith and fong have be sell bamboo home product for almost @card@ year</lemm>
		<bigrams> 2716 2719 2721 2722 2728 2729 2730 2733 302</bigrams>
	</sent>	<sent id="36">
		<raw>Like Bamboo Mountain, Smith and Fong's East Coast clientele is steadily growing, especially among those drawn to bamboo's environmental benefits, says company cofounder Daniel Smith.</raw>
		<lemm>like bamboo mountain  smith and fong s east coast clientele be steadily grow  especially among those draw to bamboo s environmental benefit  say company cofounder daniel smith</lemm>
		<bigrams> 2734 2615 2735 2738 2739 2742 2743 2744 2398 2749 2750 2751 2752 2753</bigrams>
	</sent>	<sent id="37">
		<raw>"I went searching specifically for formaldehyde-free materials," says Howard Goldkrand, a Smith and Fong customer and multimedia artist who divides his time between New York and Boston.</raw>
		<lemm> i go search specifically for formaldehyde-free material   say howard goldkrand  a smith and fong customer and multimedia artist who divide his time between new york and boston</lemm>
		<bigrams> 2755 2756 2759 2760 2761 2762 2765 2768 941</bigrams>
	</sent>	<sent id="38">
		<raw>"The flooring has been in place less than two months.</raw>
		<lemm> the flooring have be in place less than two month</lemm>
		<bigrams> 2781 2784</bigrams>
	</sent>	<sent id="39">
		<raw>It's great looking, it does all the things they say it does.</raw>
		<lemm>it be great look  it do all the thing they say it do</lemm>
		<bigrams> 2786</bigrams>
	</sent>	<sent id="40">
		<raw>But more important, I'm happy with the environmental choices I'm making."</raw>
		<lemm>but more important  i be happy with the environmental choice i be make </lemm>
		<bigrams> 2799</bigrams>
	</sent>	<sent id="41">
		<raw>Smith started out selling bamboo tea boxes from the back of his 1972 orange Volkswagen.</raw>
		<lemm>smith start out sell bamboo tea box from the back of his @card@ orange volkswagen</lemm>
		<bigrams> 2802 2728 2805 2806 2812 2813</bigrams>
	</sent>	<sent id="42">
		<raw>Today, Smith and Fong makes bamboo flooring as well as cabinets and paneling.</raw>
		<lemm>today  smith and fong make bamboo flooring as well as cabinet and paneling</lemm>
		<bigrams> 2814 2815 2280 2607</bigrams>
	</sent>	<sent id="43">
		<raw>The flooring is made out of laminated bamboo that the company calls Plyboo.</raw>
		<lemm>the flooring be make out of laminate bamboo that the company call plyboo</lemm>
		<bigrams> 2433 2823 2824</bigrams>
	</sent>	<sent id="44">
		<raw>It's created by boiling bamboo strips in a solution of lime and boric acid, drying them in a kiln, and sanding the strips before laminating them into multi-ply panels.</raw>
		<lemm>it be create by boil bamboo strip in a solution of lime and boric acid  dry them in a kiln  and sand the strip before laminate them into multi-ply panel</lemm>
		<bigrams> 2828 2829 2836 2837 2850</bigrams>
	</sent>	<sent id="45">
		<raw>The flooring comes in two colors, natural (or untreated) bamboo and amber, which is steamed to a light-brown shade.</raw>
		<lemm>the flooring come in two color  natural ( or untreated ) bamboo and amber  which be steam to a light-brown shade</lemm>
		<bigrams> 2851 2854 2855 2856 2859 2860 2867</bigrams>
	</sent>	<sent id="46">
		<raw>Its wall paneling also comes in green and black tambour, made of naturally black bamboo.</raw>
		<lemm>its wall paneling also come in green and black tambour  make of naturally black bamboo</lemm>
		<bigrams> 2869 2870 2871 2875 2876 2879 2880</bigrams>
	</sent>	<sent id="47">
		<raw>"I think bamboo probably appeals to a whole variety of people," says Smith.</raw>
		<lemm> i think bamboo probably appeal to a whole variety of people   say smith</lemm>
		<bigrams> 2881 2882 2883 2886 2888 2889</bigrams>
	</sent>	<sent id="48">
		<raw>"People just looking for something new and different, people looking for something green and alternative who want to think they're contributing to a better world, people who relate to Asian design."</raw>
		<lemm> people just look for something new and different  people look for something green and alternative who want to think they be contribute to a good world  people who relate to asian design </lemm>
		<bigrams> 2893 2896 2897 2898 2905 2906 2911</bigrams>
	</sent></doc>