<?xml version="1.0" encoding="UTF_8"?>
<doc>	<sent id="0">
		<raw>Incorrect preparation of raw cassava and fresh bamboo shoots can lead to exposure to naturally occurring hydrogen cyanide, Australia's food watchdog warned on Tuesday.</raw>
		<lemm>incorrect preparation of raw cassava and fresh bamboo shoot can lead to exposure to naturally occur hydrogen cyanide  australia s food watchdog warn on tuesday</lemm>
		<bigrams> 1367 1370 1373 1374 1380 1381 1382 1383 1386 1387</bigrams>
	</sent>	<sent id="1">
		<raw>According to a new advice for the preparation of raw cassava and fresh bamboo shoots prior to consumption issued by Food Standards Australia New Zealand, there is the potential for cassava and bamboo shoots to cause harm if the food is not prepared properly.</raw>
		<lemm>accord to a new advice for the preparation of raw cassava and fresh bamboo shoot prior to consumption issue by food standards australia new zealand  there be the potential for cassava and bamboo shoot to cause harm if the food be not prepare properly</lemm>
		<bigrams> 1390 1370 1373 1374 1393 1396 1399 1400 1401 1402 1374 1411 1418</bigrams>
	</sent>	<sent id="2">
		<raw>"Our concern is that if someone purchases either raw cassava or bamboo shoots and does not know the correct preparation instructions there is a health risk," Acting General Manager for Food Standards (Australia) Paul Brent said in a statement.</raw>
		<lemm> our concern be that if someone purchase either raw cassava or bamboo shoot and do not know the correct preparation instruction there be a health risk   acting general manager for food standards ( australia ) paul brent say in a statement</lemm>
		<bigrams> 1424 1425 1426 1370 1374 1435 1436 1439 1440 1441 1442 1399 1444 1445 1446 1447 1448 1449</bigrams>
	</sent>	<sent id="3">
		<raw>"Cassava is safe to eat providing that the raw cassava is properly prepared by first peeling and slicing the cassava and then cooking it by baking, boiling or roasting," said the statement.</raw>
		<lemm> cassava be safe to eat provide that the raw cassava be properly prepare by first peeling and slice the cassava and then cook it by bake  boil or roast   say the statement</lemm>
		<bigrams> 1454 1370 1458 1461 1471 1474</bigrams>
	</sent>	<sent id="4">
		<raw>"The correct preparation of fresh bamboo shoots involves cutting the shoots in half lengthways, removing any outer leaves and fibrous tissue at the base, then thinly slicing the shoots into strips and boiling them for eight to 10 minutes in lightly salted water," it said.</raw>
		<lemm> the correct preparation of fresh bamboo shoot involve cut the shoot in half lengthways  remove any outer leaf and fibrous tissue at the base  then thinly slice the shoot into strip and boil them for eight to @card@ minute in lightly salted water   it say</lemm>
		<bigrams> 1435 1373 1374 1477 1478 1483 1484 1487 1490 1495 1504 1507 1508</bigrams>
	</sent>	<sent id="5">
		<raw>Processed cassava, such as tapioca, cassava chips or cassava flour present little or no health risk as the processing removes the toxins.</raw>
		<lemm>processed cassava  such as tapioca  cassava chip or cassava flour present little or no health risk as the processing remove the toxin</lemm>
		<bigrams> 1510 1514 1515 1518 1519 1520 1439 1527</bigrams>
	</sent>	<sent id="6">
		<raw>Cassava is a tropical root crop similar to taro and yam.</raw>
		<lemm>cassava be a tropical root crop similar to taro and yam</lemm>
		<bigrams> 1531 1532 1533</bigrams>
	</sent>	<sent id="7">
		<raw>Bamboo shoots are a traditional component of Asian cuisine.</raw>
		<lemm>bamboo shoot be a traditional component of asian cuisine</lemm>
		<bigrams> 1374 1540 1543</bigrams>
	</sent>	<sent id="8">
		<raw>Food Standards Australia New Zealand is a bi-national independent statutory authority that develops food standards for composition, labeling and contaminants, including microbiological limits, that apply to all foods produced or imported for sale in Australia and New Zealand.</raw>
		<lemm>food standards australia new zealand be a bi-national independent statutory authority that develop food standard for composition  label and contaminant  include microbiological limit  that apply to all food produce or import for sale in australia and new zealand</lemm>
		<bigrams> 1399 1400 1401 1402 1546 1547 1548 1551 1552 1555 1558 1559 1560 1566 1402</bigrams>
	</sent></doc>