<?xml version="1.0" encoding="UTF_8"?>
<doc>	<sent id="0">
		<raw>Ukraine opposition leader Viktor Yushchenko Wednesday proposed holding a new round of presidential elections to resolve a standoff over a disputed weekend vote, Interfax reported.</raw>
		<lemm>ukraine opposition leader viktor yushchenko wednesday propose hold a new round of presidential election to resolve a standoff over a disputed weekend vote  interfax report</lemm>
		<bigrams> 0 1 2 3 4 5 6 9 12 20 21 22 23</bigrams>
	</sent></doc>