<?xml version="1.0" encoding="UTF_8"?>
<doc>	<sent id="0">
		<raw>Ukrainian opposition leader Viktor Yushchenko on Wednesday refused to recognize the election of pro-Moscow Prime Minister Viktor Yanukovich, calling the decision proclaiming his victory illegal.</raw>
		<lemm>ukrainian opposition leader viktor yushchenko on wednesday refuse to recognize the election of pro-moscow prime minister viktor yanukovich  call the decision proclaim his victory illegal</lemm>
		<bigrams> 854 1 2 3 857 477 398 399 179 863 866 868</bigrams>
	</sent>	<sent id="1">
		<raw>"The illegal decision of the electoral commission has placed Ukraine on the verge of civil conflict," Yushchenko told tens of thousands of opposition supporters massed on Ukraine's central Independence Square.</raw>
		<lemm> the illegal decision of the electoral commission have place ukraine on the verge of civil conflict   yushchenko tell ten of thousand of opposition supporter mass on ukraine s central independence square</lemm>
		<bigrams> 870 873 876 881 882 883 884 889 890 894 895</bigrams>
	</sent></doc>