<?xml version="1.0" encoding="UTF_8"?>
<doc>	<sent id="0">
		<raw>Ukraine's opposition leader Viktor Yushchenko arrived at parliament Tuesday, demanding that deputies annul the results of a weekend election that handed victory to his pro-Russian rival.</raw>
		<lemm>ukraine s opposition leader viktor yushchenko arrive at parliament tuesday  demand that deputy annul the result of a weekend election that hand victory to his pro-russian rival</lemm>
		<bigrams> 1 2 3 2215 2218 2219 2222 2225 2228 2231</bigrams>
	</sent></doc>