<?xml version="1.0" encoding="UTF_8"?>
<doc>	<sent id="0">
		<raw>Ukraine's opposition deputies on Tuesday proclaimed Viktor Yushchenko the winner of the weekend's disputed presidential runoff in an emergency parliament meeting that failed to reach quorum.</raw>
		<lemm>ukraine s opposition deputy on tuesday proclaim viktor yushchenko the winner of the weekend s disputed presidential runoff in an emergency parliament meeting that fail to reach quorum</lemm>
		<bigrams> 422 425 426 3 407 433 437 438 443</bigrams>
	</sent>	<sent id="1">
		<raw>"Today we are proclaimed Viktor Yushchenko the president of Ukraine, and he will assume his functions starting today," opposition deputy Yulia Timoshenko said.</raw>
		<lemm> today we be proclaim viktor yushchenko the president of ukraine  and he will assume his function start today   opposition deputy yulia timoshenko say</lemm>
		<bigrams> 426 3 452 453 454 422 455 456 457</bigrams>
	</sent>	<sent id="2">
		<raw>The meeting was attended by 191 of the Rada's 450 deputies.</raw>
		<lemm>the meeting be attend by @card@ of the rada s @card@ deputy</lemm>
		<bigrams> 467</bigrams>
	</sent>	<sent id="3">
		<raw>The session was boycotted by the pro-government majority that supports pro-Moscow Prime Minister Viktor Yanukovich, who is leading the official count from Sunday's vote.</raw>
		<lemm>the session be boycott by the pro-government majority that support pro-moscow prime minister viktor yanukovich  who be lead the official count from sunday s vote</lemm>
		<bigrams> 473 476 477 398 399 179 483</bigrams>
	</sent></doc>