<?xml version="1.0" encoding="UTF_8"?>
<doc>	<sent id="0">
		<raw>Ukraine's pro-Russian Prime Minister Viktor Yanukovich and his pro-Western rival Viktor Yushchenko, who will face off in the second round of presidential elections this week, on Monday traded accusations of corruption and incompetence in their first and only televised debate.</raw>
		<lemm>ukraine s pro-russian prime minister viktor yanukovich and his pro-western rival viktor yushchenko  who will face off in the second round of presidential election this week  on monday trade accusation of corruption and incompetence in their first and only televised debate</lemm>
		<bigrams> 488 398 399 179 491 492 3 498 12 503 504 515</bigrams>
	</sent>	<sent id="1">
		<raw>During the live debate, Yanukovich slammed Yushchenko, reformist prime minister of the former Soviet republic in 1999-2001, for having closed down the Chernobyl power station, scene of the worst nuclear accident in history.</raw>
		<lemm>during the live debate  yanukovich slam yushchenko  reformist prime minister of the former soviet republic in @card@  for have close down the chernobyl power station  scene of the bad nuclear accident in history</lemm>
		<bigrams> 518 519 520 521 522 523 398 525 526 535 536 537 540 541</bigrams>
	</sent>	<sent id="2">
		<raw>"You are not a patriot.</raw>
		<lemm> you be not a patriot</lemm>
		<bigrams></bigrams>
	</sent>	<sent id="3">
		<raw>You made your country dependent when you signed Chernobyl's closure," said Yanukovich, who is widely popular in Ukraine's Russian-speaking east and who has Moscow's backing.</raw>
		<lemm>you make your country dependent when you sign chernobyl s closure   say yanukovich  who be widely popular in ukraine s russian-speaking east and who have moscow s backing</lemm>
		<bigrams> 550 554 557 558 560 563</bigrams>
	</sent>	<sent id="4">
		<raw>"You and your team are bankrupt functionaries who got together to return to power.</raw>
		<lemm> you and your team be bankrupt functionary who get together to return to power</lemm>
		<bigrams> 575 578</bigrams>
	</sent>	<sent id="5">
		<raw>For you, all power is criminal unless it is yours," he scoffed.</raw>
		<lemm>for you  all power be criminal unless it be yours   he scoff</lemm>
		<bigrams> 588</bigrams>
	</sent>	<sent id="6">
		<raw>"The new leadership is already here, it will not leave and there is no way to expel it," he warned, also blaming Yushchenko for the widespread corruption in Ukrainian society.</raw>
		<lemm> the new leadership be already here  it will not leave and there be no way to expel it   he warn  also blame yushchenko for the widespread corruption in ukrainian society</lemm>
		<bigrams> 594 609 610 611 615 618</bigrams>
	</sent>	<sent id="7">
		<raw>Yushchenko in his turn condemned the "destructive economic policies" of the current authorities, which he claimed controlled "the shadow economy" and were to blame for widespread poverty and wage arrears.</raw>
		<lemm>yushchenko in his turn condemn the  destructive economic policy  of the current authority  which he claim control  the shadow economy  and be to blame for widespread poverty and wage arrears</lemm>
		<bigrams> 622 625 626 629 632 635 642 645</bigrams>
	</sent>	<sent id="8">
		<raw>He still bore marks from the mysterious poison-related illness, which paralyzed and scarred part of his face and threatened to sideline him from the campaign.</raw>
		<lemm>he still bear mark from the mysterious poison-related illness  which paralyze and scar part of his face and threaten to sideline him from the campaign</lemm>
		<bigrams> 647 648 652 653 658</bigrams>
	</sent>	<sent id="9">
		<raw>On foreign policy, Yushchenko argued that Ukraine needed to keep up good ties with both its powerful neighbors, the European Union as well as Russia.</raw>
		<lemm>on foreign policy  yushchenko argue that ukraine need to keep up good tie with both its powerful neighbor  the european union as well as russia</lemm>
		<bigrams> 670 671 672 675 680 685 688</bigrams>
	</sent>	<sent id="10">
		<raw>"We have strategic partners both in the east and the west, and it would do us no good to lose the Russian market, but it would be wrong to turn away from the path into the European Union, which is also one of the most important markets," Yushchenko argued.</raw>
		<lemm> we have strategic partner both in the east and the west  and it would do us no good to lose the russian market  but it would be wrong to turn away from the path into the european union  which be also one of the most important market   yushchenko argue</lemm>
		<bigrams> 695 711 718 688 725 729 730 672</bigrams>
	</sent>	<sent id="11">
		<raw>Yanukovich, by contrast, accuses the EU of "a double-standard policy toward Ukraine" and champions an economic union with Russia, Belarus and Kazakhstan.</raw>
		<lemm>yanukovich  by contrast  accuse the eu of  a double-standard policy toward ukraine  and champion an economic union with russia  belarus and kazakhstan</lemm>
		<bigrams> 733 738 739 740 744 747</bigrams>
	</sent>	<sent id="12">
		<raw>Yushchenko, whose supporters are chiefly found in Ukraine's nationalist west, also accused the authorities of corruption and "acting on the principle of 'divide and rule'... on issues such as our language and religion."</raw>
		<lemm>yushchenko  whose supporter be chiefly find in ukraine s nationalist west  also accuse the authority of corruption and  act on the principle of  divide and rule    on issue such as our language and religion </lemm>
		<bigrams> 95 750 753 756 757 758</bigrams>
	</sent>	<sent id="13">
		<raw>The run-off vote on November 21 will decide whether or not Ukraine, with a population of 48 million people and a massive Soviet-era military force, will move closer to Europe after decades of domination by Russia.</raw>
		<lemm>the run-off vote on november @card@ will decide whether or not ukraine  with a population of @card@ million people and a massive soviet-era military force  will move closer to europe after decade of domination by russia</lemm>
		<bigrams> 778 781 784 793 794 798 799 800 803</bigrams>
	</sent>	<sent id="14">
		<raw>Yushchenko won 39.87 percent of the first round vote, held on October 31, against Yanukovich's 39.32 percent.</raw>
		<lemm>yushchenko win @card@ percent of the first round vote  hold on october @card@  against yanukovich s @card@ percent</lemm>
		<bigrams> 812 813 814 817 818 819 822 814</bigrams>
	</sent>	<sent id="15">
		<raw>European and US officials strongly protested after Ukraines' state-run television virtually denied all coverage to Yushchenko's campaign, focusing on heavily on Yanukovich decision to boost pensions weeks before the elections.</raw>
		<lemm>european and us official strongly protest after ukraines  state-run television virtually deny all coverage to yushchenko s campaign  focus on heavily on yanukovich decision to boost pension week before the election</lemm>
		<bigrams> 828 829 830 833 834 835 836 841 846 849 850</bigrams>
	</sent></doc>