<?xml version="1.0" encoding="UTF_8"?>
<doc>	<sent id="0">
		<raw>One leading candidate has been debilitated by what he said was an attempt to poison him.</raw>
		<lemm>one lead candidate have be debilitate by what he say be an attempt to poison him</lemm>
		<bigrams> 1260 1261</bigrams>
	</sent>	<sent id="1">
		<raw>A thrown egg did more than smear the coat of another.</raw>
		<lemm>a throw egg do more than smear the coat of another</lemm>
		<bigrams> 1269</bigrams>
	</sent>	<sent id="2">
		<raw>A mysteriously rescheduled military parade has fueled rumors of plans for a state of emergency.</raw>
		<lemm>a mysteriously reschedule military parade have fuel rumor of plan for a state of emergency</lemm>
		<bigrams> 1279 1280 1281 1284</bigrams>
	</sent>	<sent id="3">
		<raw>Attack ads have explored the depths of what is known here as "black propaganda."</raw>
		<lemm>attack ad have explore the depth of what be know here as  black propaganda </lemm>
		<bigrams> 1291 1303</bigrams>
	</sent>	<sent id="4">
		<raw>"It's like 'The Matrix,"' said Andrei Gurin, who was not the only voter here to describe Ukraine's presidential campaign as something close to cinematic.</raw>
		<lemm> it be like  the matrix    say andrei gurin  who be not the only voter here to describe ukraine s presidential campaign as something close to cinematic</lemm>
		<bigrams> 1307 1308 1309 1316 1317 1320</bigrams>
	</sent>	<sent id="5">
		<raw>"Nothing to trust, nothing to believe."</raw>
		<lemm> nothing to trust  nothing to believe </lemm>
		<bigrams> 1325</bigrams>
	</sent>	<sent id="6">
		<raw>President Leonid D. Kuchma's decision not to seek a third five-year term, after maneuvering to change the constitution to allow it, has opened a fierce and increasingly nasty presidential campaign.</raw>
		<lemm>president leonid d kuchma s decision not to seek a third five-year term  after maneuver to change the constitution to allow it  have open a fierce and increasingly nasty presidential campaign</lemm>
		<bigrams> 921 1336 1337 1353 1354 1317</bigrams>
	</sent>	<sent id="7">
		<raw>The leading candidates are offering starkly different visions, especially in foreign relations.</raw>
		<lemm>the lead candidate be offer starkly different vision  especially in foreign relation</lemm>
		<bigrams> 1261 1358 1359 1360 1361 1364</bigrams>
	</sent>	<sent id="8">
		<raw>With election day less than a month away, on Oct. 31, polls suggest a tight race between the most prominent of two dozen candidates: Viktor A. Yushchenko, a former prime minister and central banker and now the leader of the anti-Kuchma opposition; and Viktor F. Yanukovich, the current prime minister, who promises to carry out much of Kuchma's legacy.</raw>
		<lemm>with election day less than a month away  on oct @card@  poll suggest a tight race between the most prominent of two dozen candidate  viktor a yushchenko  a former prime minister and central banker and now the leader of the anti-kuchma opposition  and viktor f yanukovich  the current prime minister  who promise to carry out much of kuchma s legacy</lemm>
		<bigrams> 1366 1367 1370 1373 1374 1375 1378 1384 1385 1386 1391 398 1393 1400 1403 1404 1406 398</bigrams>
	</sent>	<sent id="9">
		<raw>Neither front-runner is expected to win an outright majority.</raw>
		<lemm>neither front-runner be expect to win an outright majority</lemm>
		<bigrams> 1415 1422</bigrams>
	</sent>	<sent id="10">
		<raw>A runoff is scheduled for Nov. 21.</raw>
		<lemm>a runoff be schedule for nov @card@</lemm>
		<bigrams> 1428</bigrams>
	</sent>	<sent id="11">
		<raw>The race is one of the most competitive in a former Soviet state, and its outcome could significantly alter the course of this country with 47 million people at an important crossroads of Europe.</raw>
		<lemm>the race be one of the most competitive in a former soviet state  and its outcome could significantly alter the course of this country with @card@ million people at an important crossroad of europe</lemm>
		<bigrams> 525 1434 1437 1438 1439 793 794 1449</bigrams>
	</sent>	<sent id="12">
		<raw>Yushchenko, who appears to hold a slight lead in the polls, has long been pro-Western and encouraging free-market reforms.</raw>
		<lemm>yushchenko  who appear to hold a slight lead in the poll  have long be pro-western and encouraging free-market reform</lemm>
		<bigrams> 1456 1465 1466</bigrams>
	</sent>	<sent id="13">
		<raw>He has promised to steer Ukraine toward a more open and democratic society, ending what he calls the cronyism and corruption of Kuchma's 10 years in power.</raw>
		<lemm>he have promise to steer ukraine toward a more open and democratic society  end what he call the cronyism and corruption of kuchma s @card@ year in power</lemm>
		<bigrams> 1469 1470 1476 1477 1484</bigrams>
	</sent>	<sent id="14">
		<raw>Yushchenko has vowed to improve economic and political relations with the European Union and NATO, while withdrawing Ukraine's 1,600 troops from Iraq.</raw>
		<lemm>yushchenko have vow to improve economic and political relation with the european union and nato  while withdraw ukraine s @card@ troop from iraq</lemm>
		<bigrams> 1490 1493 688 1499 1500</bigrams>
	</sent>	<sent id="15">
		<raw>Like many here, he argues that Kuchma dispatched the force largely to improve tattered ties with the Bush administration.</raw>
		<lemm>like many here  he argue that kuchma dispatch the force largely to improve tatter tie with the bush administration</lemm>
		<bigrams> 1503 1508 1511 1513 1514 1516</bigrams>
	</sent>	<sent id="16">
		<raw>Yanukovich's economic and social pledges echo his opponent's, but in his view Ukraine's future depends on closer relations with Russia, the country's largest trading partner.</raw>
		<lemm>yanukovich s economic and social pledge echo his opponent be  but in his view ukraine s future depend on close relation with russia  the country s large trading partner</lemm>
		<bigrams> 1519 1520 1526 1528 1531 1535 1536</bigrams>
	</sent>	<sent id="17">
		<raw>He remains more reserved about Europe and the United States, but has said he would not withdraw Ukrainian troops from Iraq until democratic elections are held there.</raw>
		<lemm>he remain more reserve about europe and the united states  but have say he would not withdraw ukrainian troop from iraq until democratic election be hold there</lemm>
		<bigrams> 264 1548 1549 1552</bigrams>
	</sent>	<sent id="18">
		<raw>"Whoever is the victor, the direction will be clear," said Yuliya V. Tymoshenko, a supporter of Yushchenko's who has criticized Kuchma's alternating efforts to improve relations with the West and then with Russia.</raw>
		<lemm> whoever be the victor  the direction will be clear   say yuliya v tymoshenko  a supporter of yushchenko s who have criticize kuchma s alternate effort to improve relation with the west and then with russia</lemm>
		<bigrams> 1561 1562 1563 1564 1569 1571 1573</bigrams>
	</sent>	<sent id="19">
		<raw>"At least a choice will be made.</raw>
		<lemm> at least a choice will be make</lemm>
		<bigrams></bigrams>
	</sent>	<sent id="20">
		<raw>We are tired of the president and his team pulling the compass of foreign policy everywhere."</raw>
		<lemm>we be tire of the president and his team pull the compass of foreign policy everywhere </lemm>
		<bigrams> 1585 670 1590</bigrams>
	</sent>	<sent id="21">
		<raw>Each candidate's campaign has used foreign policy to attack the other.</raw>
		<lemm>each candidate s campaign have use foreign policy to attack the other</lemm>
		<bigrams> 1594 670</bigrams>
	</sent>	<sent id="22">
		<raw>Posters found in a warehouse and confiscated by Yushchenko's supporters last week depicted the candidate as a tool of the United States.</raw>
		<lemm>poster find in a warehouse and confiscate by yushchenko s supporter last week depict the candidate as a tool of the united states</lemm>
		<bigrams> 1599 1606 1607 1608 264</bigrams>
	</sent>	<sent id="23">
		<raw>One showed President Bush riding Ukraine like a horse under Yushchenko's campaign logo.</raw>
		<lemm>one show president bush ride ukraine like a horse under yushchenko s campaign logo</lemm>
		<bigrams> 1614 1615 1616 1617 1618 1619 1624</bigrams>
	</sent>	<sent id="24">
		<raw>Yushchenko's supporters in turn deride Yanukovich, accusing him of seeking to appease Russia.</raw>
		<lemm>yushchenko s supporter in turn deride yanukovich  accuse him of seek to appease russia</lemm>
		<bigrams> 1627 1628 1629 1635</bigrams>
	</sent>	<sent id="25">
		<raw>Yanukovich gave his opponents ammunition with a trip to Moscow that included a meeting on Saturday with President Vladimir V. Putin, who all but endorsed his candidacy.</raw>
		<lemm>yanukovich give his opponent ammunition with a trip to moscow that include a meeting on saturday with president vladimir v putin  who all but endorse his candidacy</lemm>
		<bigrams> 1636 1638 1650 1651 1652</bigrams>
	</sent>	<sent id="26">
		<raw>Whether the candidates' competing visions decide the vote remains very much an open question, largely because they have been overshadowed by the strange twists of the campaign.</raw>
		<lemm>whether the candidate  compete vision decide the vote remain very much an open question  largely because they have be overshadow by the strange twist of the campaign</lemm>
		<bigrams> 1660 1661 1662 1664 1669 1670 1676</bigrams>
	</sent>	<sent id="27">
		<raw>Yushchenko has spent much of the last month in a hospital in Austria, after falling ill on Sept. 6 from what he and his supporters called an attempt to poison him.</raw>
		<lemm>yushchenko have spend much of the last month in a hospital in austria  after fall ill on sept @card@ from what he and his supporter call an attempt to poison him</lemm>
		<bigrams> 1678 1680 230 1688 1693</bigrams>
	</sent>	<sent id="28">
		<raw>After returning to Kiev to resume campaigning on Sept. 18, he accused Kuchma's government of an assassination attempt.</raw>
		<lemm>after return to kiev to resume campaigning on sept @card@  he accuse kuchma s government of an assassination attempt</lemm>
		<bigrams> 1698 1688 1702 1707</bigrams>
	</sent>	<sent id="29">
		<raw>"You will not poison us," Yushchenko said to the government at a large rally of supporters in Kiev that day.</raw>
		<lemm> you will not poison us   yushchenko say to the government at a large rally of supporter in kiev that day</lemm>
		<bigrams> 1710 1711 1712 1717</bigrams>
	</sent>	<sent id="30">
		<raw>"You do not have enough bullets and trucks to break us."</raw>
		<lemm> you do not have enough bullet and truck to break us </lemm>
		<bigrams> 1726 1731</bigrams>
	</sent>	<sent id="31">
		<raw>On Sept. 30, however, Yushchenko returned to Austria for treatment of his ailments, including paralysis in the left side of his face.</raw>
		<lemm>on sept @card@  however  yushchenko return to austria for treatment of his ailment  include paralysis in the leave side of his face</lemm>
		<bigrams> 1688 1732 1733 1734 1740 1741 1744</bigrams>
	</sent>	<sent id="32">
		<raw>"The illness is much worse than we thought," said Oleksandr O. Zinchenko, a member of the national legislature and chairman of Yushchenko's campaign, speaking in an interview.</raw>
		<lemm> the illness be much bad than we think   say oleksandr o zinchenko  a member of the national legislature and chairman of yushchenko s campaign  speak in an interview</lemm>
		<bigrams> 1747 1751 1752 1759 1763</bigrams>
	</sent>	<sent id="33">
		<raw>Yushchenko only returned to Ukraine on Sunday night, appearing wan and visibly weakened, in Lviv, the western city where his support is deepest, according to televised reports.</raw>
		<lemm>yushchenko only return to ukraine on sunday night  appear wan and visibly weaken  in lviv  the western city where his support be deep  accord to televised report</lemm>
		<bigrams> 1770 1771 1772 1775 1780 1785 1788</bigrams>
	</sent>	<sent id="34">
		<raw>On Monday, he returned to the campaign trail in Kiev.</raw>
		<lemm>on monday  he return to the campaign trail in kiev</lemm>
		<bigrams> 1791</bigrams>
	</sent>	<sent id="35">
		<raw>"I am alive, I am OK, and I am back," Yushchenko told a large crowd of supporters.</raw>
		<lemm> i be alive  i be ok  and i be back   yushchenko tell a large crowd of supporter</lemm>
		<bigrams> 1799 883 1801</bigrams>
	</sent>	<sent id="36">
		<raw>In his absence, surrogates have stumped on Yushchenko's behalf, even as the legislature, controlled by a coalition opposed to Kuchma, authorized an investigation into his accusations.</raw>
		<lemm>in his absence  surrogate have stump on yushchenko s behalf  even as the legislature  control by a coalition oppose to kuchma  authorize an investigation into his accusation</lemm>
		<bigrams> 1804 1810 1814 1818 1821</bigrams>
	</sent>	<sent id="37">
		<raw>The hospital in Vienna, Rudolfinerhaus, first issued a statement discounting the possibility of poisoning, only to retract it, saying it was impossible to rule it out.</raw>
		<lemm>the hospital in vienna  rudolfinerhaus  first issue a statement discount the possibility of poisoning  only to retract it  say it be impossible to rule it out</lemm>
		<bigrams> 1828 1829 1830 1833</bigrams>
	</sent>	<sent id="38">
		<raw>Then the chairman of the legislature's investigation committee, Volodimir Sivkovich, stunned Yushchenko's supporters by declaring before the legislature that there was no evidence to suggest an assassination attempt, although he did not rule out that Yushchenko might have been poisoned.</raw>
		<lemm>then the chairman of the legislature s investigation committee  volodimir sivkovich  stun yushchenko s supporter by declare before the legislature that there be no evidence to suggest an assassination attempt  although he do not rule out that yushchenko might have be poison</lemm>
		<bigrams> 1851 1852 1853 1854 1855 1707 1863 1869</bigrams>
	</sent>	<sent id="39">
		<raw>He said in an interview that "neither Yushchenko nor his headquarters had any legal right to say that someone made an attempt on his life."</raw>
		<lemm>he say in an interview that  neither yushchenko nor his headquarters have any legal right to say that someone make an attempt on his life </lemm>
		<bigrams> 1875 1882 1887</bigrams>
	</sent>	<sent id="40">
		<raw>"In our country there are a lot of lies, more than any other country in the world," Sivkovich said.</raw>
		<lemm> in our country there be a lot of lie  more than any other country in the world   sivkovich say</lemm>
		<bigrams> 1903 1904</bigrams>
	</sent>	<sent id="41">
		<raw>Yanukovich's supporters have leveled their own accusations of an attempted assassination.</raw>
		<lemm>yanukovich s supporter have level their own accusation of an attempted assassination</lemm>
		<bigrams> 1911</bigrams>
	</sent>	<sent id="42">
		<raw>On Sept. 24, Yanukovich collapsed while campaigning in Ivano-Frankivsk.</raw>
		<lemm>on sept @card@  yanukovich collapse while campaigning in ivano-frankivsk</lemm>
		<bigrams> 1688 1912 1913</bigrams>
	</sent>	<sent id="43">
		<raw>His aides said at the time that he was struck in the head by a blunt object and blamed supporters of Yushchenko.</raw>
		<lemm>his aide say at the time that he be strike in the head by a blunt object and blame supporter of yushchenko</lemm>
		<bigrams> 1919 1930 1933</bigrams>
	</sent>	<sent id="44">
		<raw>A video, however, clearly shows that an egg struck him in the chest as he stepped off his campaign bus.</raw>
		<lemm>a video  however  clearly show that an egg strike him in the chest as he step off his campaign bus</lemm>
		<bigrams> 1935 1936 1937 1941 1949</bigrams>
	</sent>	<sent id="45">
		<raw>After two or three seconds, he clutched his chest and collapsed into the arms of his aides, who whisked him to a hospital, although he appeared to have been unhurt.</raw>
		<lemm>after two or three second  he clutch his chest and collapse into the arm of his aide  who whisk him to a hospital  although he appear to have be unhurt</lemm>
		<bigrams> 1953 1968</bigrams>
	</sent>	<sent id="46">
		<raw>The attack, like all of Yanukovich's campaign events, received prominent attention on the country's television networks, all but one of which is owned or controlled by the government.</raw>
		<lemm>the attack  like all of yanukovich s campaign event  receive prominent attention on the country s television network  all but one of which be own or control by the government</lemm>
		<bigrams> 1973 1976 1977 1978 1979 1982</bigrams>
	</sent>	<sent id="47">
		<raw>That has prompted accusations that the government is using all its resources to favor Yanukovich.</raw>
		<lemm>that have prompt accusation that the government be use all its resource to favor yanukovich</lemm>
		<bigrams> 1989 1998</bigrams>
	</sent>	<sent id="48">
		<raw>A parade to celebrate the 60th anniversary of Kiev's liberation from Nazi Germany on Nov. 6, 1944, has been moved forward to Oct. 28, three days before the election.</raw>
		<lemm>a parade to celebrate the 100th anniversary of kiev s liberation from nazi germany on nov @card@  @card@  have be move forward to oct @card@  three day before the election</lemm>
		<bigrams> 2004 2011 1428 2014 2017 1373 2020 2021</bigrams>
	</sent>	<sent id="49">
		<raw>Opponents see that as an election ploy or, worse, evidence for a military crackdown.</raw>
		<lemm>opponent see that as an election ploy or  worse  evidence for a military crackdown</lemm>
		<bigrams> 2023 2028 2031 2034</bigrams>
	</sent>	<sent id="50">
		<raw>Sergei L. Vasiliyev, chief spokesman for Kuchma's administration, insisted that the election would be free and fair.</raw>
		<lemm>sergei l vasiliyev  chief spokesman for kuchma s administration  insist that the election would be free and fair</lemm>
		<bigrams> 2035 2036 2037 2038 2042 2044</bigrams>
	</sent>	<sent id="51">
		<raw>"We do not have an experience with any other kind," he said, referring to the country's post-Soviet presidential elections.</raw>
		<lemm> we do not have an experience with any other kind   he say  refer to the country s post-soviet presidential election</lemm>
		<bigrams> 2055 2058 12</bigrams>
	</sent>	<sent id="52">
		<raw>He said Yanukovich's dominance in news reports reflected his official duties as prime minister.</raw>
		<lemm>he say yanukovich s dominance in news report reflect his official duty as prime minister</lemm>
		<bigrams> 558 2062 2063 2066 398</bigrams>
	</sent>	<sent id="53">
		<raw>The egg attack appears to have engendered little sympathy, prompting ridicule and at least one pointed joke.</raw>
		<lemm>the egg attack appear to have engender little sympathy  prompt ridicule and at least one pointed joke</lemm>
		<bigrams> 2070 2071 2073 2074 2075 2076 2079 2080 2081</bigrams>
	</sent>	<sent id="54">
		<raw>A grandmother goes to the market, the joke goes, and when finished with her shopping sees an official portrait of Yanukovich.</raw>
		<lemm>a grandmother go to the market  the joke go  and when finish with her shopping see an official portrait of yanukovich</lemm>
		<bigrams> 2083 2088 2095 2098</bigrams>
	</sent>	<sent id="55">
		<raw>"Oy," she says, "I forgot to buy eggs."</raw>
		<lemm> oy   she say   i forget to buy egg </lemm>
		<bigrams> 2105</bigrams>
	</sent>	<sent id="56">
		<raw>Yanukovich's opponents have made accusations of serious violations of election laws, though, as have Ukrainian and international election observers.</raw>
		<lemm>yanukovich s opponent have make accusation of serious violation of election law  though  as have ukrainian and international election observer</lemm>
		<bigrams> 2109 2111 2114 2115 2121 2122</bigrams>
	</sent>	<sent id="57">
		<raw>The Organization for Security and Cooperation in Europe reported recently that campaign events have been disrupted, while students and public employees have been pressured to support Yanukovich's candidacy.</raw>
		<lemm>the organization for security and cooperation in europe report recently that campaign event have be disrupt  while student and public employee have be pressure to support yanukovich s candidacy</lemm>
		<bigrams> 2130 2131 1976 2140 2145</bigrams>
	</sent>	<sent id="58">
		<raw>Oleksandr O. Moroz, a member of the legislature and the perennial Socialist Party candidate for president, accused the government of "seriously preparing for falsifying the results" on Yanukovich's behalf.</raw>
		<lemm>oleksandr o moroz  a member of the legislature and the perennial socialist party candidate for president  accuse the government of  seriously prepare for falsify the result  on yanukovich s behalf</lemm>
		<bigrams> 2150 2151 2152 2155 2157</bigrams>
	</sent>	<sent id="59">
		<raw>He said Kuchma might even cancel the election outright, if Yanukovich risked losing.</raw>
		<lemm>he say kuchma might even cancel the election outright  if yanukovich risk lose</lemm>
		<bigrams> 2162 2163 2164 2165 2167 2169 2170</bigrams>
	</sent>	<sent id="60">
		<raw>Vasiliyev, the presidential spokesman, called that "complete nonsense."</raw>
		<lemm>vasiliyev  the presidential spokesman  call that  complete nonsense </lemm>
		<bigrams> 2173 2174 2177</bigrams>
	</sent>	<sent id="61">
		<raw>Moroz, who trails distantly in the polls, said the circumstances surrounding the campaign has obscured the country's serious problems.</raw>
		<lemm>moroz  who trail distantly in the poll  say the circumstance surround the campaign have obscure the country s serious problem</lemm>
		<bigrams> 2180 2182 2184 2189</bigrams>
	</sent>	<sent id="62">
		<raw>They include, he said in an interview in his office, social inequities, an economy controlled by a handful of tycoons close to the government, corruption and what he called "state criminality" under Kuchma.</raw>
		<lemm>they include  he say in an interview in his office  social inequity  an economy control by a handful of tycoon close to the government  corruption and what he call  state criminality  under kuchma</lemm>
		<bigrams> 2194 2195 2198 2202 2203 2205 2206</bigrams>
	</sent>	<sent id="63">
		<raw>He called the election an important choice for Ukraine.</raw>
		<lemm>he call the election an important choice for ukraine</lemm>
		<bigrams> 2210</bigrams>
	</sent>	<sent id="64">
		<raw>"People," he said, "are tired of scandals."</raw>
		<lemm> people   he say   be tire of scandal </lemm>
		<bigrams></bigrams>
	</sent></doc>