<?xml version="1.0" encoding="UTF_8"?>
<doc>	<sent id="0">
		<raw>American style guru Martha Stewart reported to a prison known as "Camp Cupcake" on Friday to start a five-month sentence for lying about a dodgy stock sale.</raw>
		<lemm>american style guru martha stewart report to a prison know as  camp cupcake  on friday to start a five-month sentence for lie about a dodgy stock sale</lemm>
		<bigrams> 0 1 2 3 4 8 11 18 24 25</bigrams>
	</sent>	<sent id="1">
		<raw>The multimillionaire founder of the Martha Stewart Living Omnimedia lifestyle empire entered the minimum-security federal prison camp in Alderson, West Virginia at 6:15 am (1015 GMT), the Justice Department said in a statement.</raw>
		<lemm>the multimillionaire founder of the martha stewart live omnimedia lifestyle empire enter the minimum-security federal prison camp in alderson  west virginia at @card@ be ( @card@ gmt )  the justice department say in a statement</lemm>
		<bigrams> 27 3 31 32 33 34 35 38 39 40 43 44 49 50 51 54 55</bigrams>
	</sent>	<sent id="2">
		<raw>Stewart, 63, was convicted in March of obstructing justice and making false statements to federal agents investigating her sale of nearly 4,000 shares in the biotechnology company ImClone Systems.</raw>
		<lemm>stewart  @card@  be convict in march of obstruct justice and make false statement to federal agent investigate her sale of nearly @card@ share in the biotechnology company imclone systems</lemm>
		<bigrams> 59 65 68 69 72 73 78 79 83 84 85</bigrams>
	</sent>	<sent id="3">
		<raw>"While I am away, my updates here will be less frequent, if not altogether impossible," Stewart said in a message to supporters posted on her website.</raw>
		<lemm> while i be away  my update here will be less frequent  if not altogether impossible   stewart say in a message to supporter post on her website</lemm>
		<bigrams> 95 99 100 101 105</bigrams>
	</sent>	<sent id="4">
		<raw>"But please know this change is only an unfortunate reflection of my current circumstances, and in no way diminishes my commitment to my life's work or to the friends, colleagues, customers and supporters who make it possible," she said.</raw>
		<lemm> but please know this change be only an unfortunate reflection of my current circumstance  and in no way diminish my commitment to my life s work or to the friend  colleague  customer and supporter who make it possible   she say</lemm>
		<bigrams> 110 117 121 126 138 139</bigrams>
	</sent>	<sent id="5">
		<raw>When Stewart was sentenced in July, the judge allowed her to remain free pending an appeal.</raw>
		<lemm>when stewart be sentence in july  the judge allow her to remain free pend an appeal</lemm>
		<bigrams> 155 159 160</bigrams>
	</sent>	<sent id="6">
		<raw>Last month, however, Stewart asked to begin serving her time as soon as possible in order to put the "nightmare" of her criminal case behind her and "reclaim my good life."</raw>
		<lemm>last month  however  stewart ask to begin serve her time as soon as possible in order to put the  nightmare  of her criminal case behind her and  reclaim my good life </lemm>
		<bigrams> 163 164 165 166 169 185 186 192</bigrams>
	</sent>	<sent id="7">
		<raw>"My lawyers remain very confident in the strength of my appeal and will continue to pursue it on my behalf," she said in her website message.</raw>
		<lemm> my lawyer remain very confident in the strength of my appeal and will continue to pursue it on my behalf   she say in her website message</lemm>
		<bigrams> 194 212</bigrams>
	</sent>	<sent id="8">
		<raw>"With your good wishes in my heart, I am looking forward to being back at work in March, and to many brighter days ahead," she added.</raw>
		<lemm> with your good wish in my heart  i be look forward to be back at work in march  and to many bright day ahead   she add</lemm>
		<bigrams> 215 221 231 232 233</bigrams>
	</sent>	<sent id="9">
		<raw>The Alderson prison, which has around 1,050 inmates, sits in the Allegheny Mountains, some 270 miles (430 kilometers) southwest of Washington.</raw>
		<lemm>the alderson prison  which have around @card@ inmate  sit in the allegheny mountains  some @card@ mile ( @card@ kilometer ) southwest of washington</lemm>
		<bigrams> 237 241 242 243 246 249 250 49 251 252 253</bigrams>
	</sent>	<sent id="10">
		<raw>The facility, which has no fences, has been dubbed "Camp Cupcake" by inmates, although detainees are expected to adhere to a strict regimen.</raw>
		<lemm>the facility  which have no fence  have be dub  camp cupcake  by inmate  although detainee be expect to adhere to a strict regimen</lemm>
		<bigrams> 263 11 266 267 274</bigrams>
	</sent>	<sent id="11">
		<raw>Stewart, whose net worth was estimated at nearly one billion dollars before her stock-selling scandal, will be designated work paying a maximum 40 cents an hour.</raw>
		<lemm>stewart  whose net worth be estimate at nearly one billion dollar before her stock-selling scandal  will be designate work pay a maximum @card@ cent an hour</lemm>
		<bigrams> 275 276 277 282 283 284 288 291 292 295 296</bigrams>
	</sent>	<sent id="12">
		<raw>The style diva will be permitted to wear a watch valued at 100 dollars or less and a pair of earrings of similar value.</raw>
		<lemm>the style diva will be permit to wear a watch value at @card@ dollar or less and a pair of earring of similar value</lemm>
		<bigrams> 300 307 309 319</bigrams>
	</sent>	<sent id="13">
		<raw>The prison is no stranger to celebrity inmates, having housed the likes of jazz singer Billie Holiday, the would-be assassin of president Gerald Ford, Lynette "Squeaky" Fromme, and Kathryn Kelly, the wife of gangster "Machine Gun" Kelly.</raw>
		<lemm>the prison be no stranger to celebrity inmate  have house the like of jazz singer billie holiday  the would-be assassin of president gerald ford  lynette  squeaky  fromme  and kathryn kelly  the wife of gangster  machine gun  kelly</lemm>
		<bigrams> 326 333 334 335 338 341 342 343 344 345 348 353 354 355</bigrams>
	</sent>	<sent id="14">
		<raw>Some local residents have been taking advantage of the media circus surrounding Stewart's internment, selling T-shirts with tongue-in-cheek slogans like: "West Virginia.</raw>
		<lemm>some local resident have be take advantage of the medium circus surround stewart s internment  sell t-shirt with tongue-in-cheek slogan like   west virginia</lemm>
		<bigrams> 357 360 363 364 365 368 369 372 373 374 44</bigrams>
	</sent>	<sent id="15">
		<raw>A Great Place to Spend Time."</raw>
		<lemm>a great place to spend time </lemm>
		<bigrams> 376 379</bigrams>
	</sent>	<sent id="16">
		<raw>At her trial, prosecutors charged that Stewart was tipped off by her broker Peter Bacanovic to sell her ImClone stock in late 2001, just before a government announcement about an ImClone drug sent the share price plummeting.</raw>
		<lemm>at her trial  prosecutor charge that stewart be tip off by her broker peter bacanovic to sell her imclone stock in late @card@  just before a government announcement about an imclone drug send the share price plummet</lemm>
		<bigrams> 382 383 391 392 397 400 405 409 410 413 414</bigrams>
	</sent>	<sent id="17">
		<raw>Stewart and Bacanovic had argued that they had a pre-existing agreement to sell the stock if the price dropped below 60 dollars a share.</raw>
		<lemm>stewart and bacanovic have argue that they have a pre-exist agreement to sell the stock if the price drop below @card@ dollar a share</lemm>
		<bigrams> 424 431 309</bigrams>
	</sent>	<sent id="18">
		<raw>After she is released from prison, Stewart will also have to undergo five months of home confinement.</raw>
		<lemm>after she be release from prison  stewart will also have to undergo five month of home confinement</lemm>
		<bigrams> 441 447 448 451</bigrams>
	</sent></doc>