<?xml version="1.0" encoding="UTF_8"?>
<doc>	<sent id="0">
		<raw>It's check-in day for Martha Stewart.</raw>
		<lemm>it be check-in day for martha stewart</lemm>
		<bigrams> 1897 3</bigrams>
	</sent>	<sent id="1">
		<raw>Stewart, 63, who rose from working-class roots in Nutley, N. J., to be named one of the United States' 50 Most Powerful Women by Fortune magazine in 1998, is expected to show up at the 105-acre, 1,040-inmate Alderson Federal Prison Camp in West Virginia by 2 p.m. EDT Friday.</raw>
		<lemm>stewart  @card@  who rise from working-class root in nutley  n j  to be name one of the united states  @card@ most powerful woman by fortune magazine in @card@  be expect to show up at the 105-acre  1 040-inmate alderson federal prison camp in west virginia by @card@ p m edt friday</lemm>
		<bigrams> 59 1903 1906 1907 1910 1912 1913 1916 1919 1926 1927 1928 992 39 40 44 831 1932</bigrams>
	</sent>	<sent id="2">
		<raw>She will begin serving a 5-month sentence for lying to federal investigators about her suspiciously timed stock sale.</raw>
		<lemm>she will begin serve a 5-month sentence for lie to federal investigator about her suspiciously time stock sale</lemm>
		<bigrams> 169 1935 662 1937 1938 25</bigrams>
	</sent>	<sent id="3">
		<raw>Stewart, founder of a multimillion-dollar publishing and home-decorating empire, spent Thursday with her mother, Martha Kostyra, 90; daughter, Alexis, and sisters.</raw>
		<lemm>stewart  founder of a multimillion-dollar publishing and home-decorate empire  spend thursday with her mother  martha kostyra  @card@  daughter  alexis  and sister</lemm>
		<bigrams> 1939 1941 1944 1945 1946 1948 1949 1950 1951 1291</bigrams>
	</sent>	<sent id="4">
		<raw>"She's in very good spirits," said a source who spoke on the condition of anonymity.</raw>
		<lemm> she be in very good spirit   say a source who speak on the condition of anonymity</lemm>
		<bigrams> 1252 1956</bigrams>
	</sent>	<sent id="5">
		<raw>Stewart was an apparent no-show Thursday night for the wedding reception for Susan Magrino, her long time friend and publicist, at the Four Seasons restaurant in Manhattan.</raw>
		<lemm>stewart be an apparent no-show thursday night for the wedding reception for susan magrino  her long time friend and publicist  at the four seasons restaurant in manhattan</lemm>
		<bigrams> 1967 1968 1969 1972 1975 1978 1979 1984 1985</bigrams>
	</sent>	<sent id="6">
		<raw>Guests said she didn't attend.</raw>
		<lemm>guest say she do n t attend</lemm>
		<bigrams> 1987</bigrams>
	</sent>	<sent id="7">
		<raw>"Send her my love," writer Dominick Dunne said.</raw>
		<lemm> send her my love   writer dominick dunne say</lemm>
		<bigrams> 1991 1992 1993 1994</bigrams>
	</sent>	<sent id="8">
		<raw>"I think the punishment exceeded the crime here, and I will be praying for her."</raw>
		<lemm> i think the punishment exceed the crime here  and i will be pray for her </lemm>
		<bigrams> 1997</bigrams>
	</sent>	<sent id="9">
		<raw>The source said Stewart has no fears about her safety at the Alderson camp, the first federal prison for women in the country and nicknamed Camp Cupcake because of its bakery.</raw>
		<lemm>the source say stewart have no fear about her safety at the alderson camp  the first federal prison for woman in the country and nickname camp cupcake because of its bakery</lemm>
		<bigrams> 2008 1267 2013 2015 39 2022 11</bigrams>
	</sent>	<sent id="10">
		<raw>"Alderson has a history of treating prisoners well," the source said.</raw>
		<lemm> alderson have a history of treat prisoner well   the source say</lemm>
		<bigrams> 2030 2031 2008</bigrams>
	</sent>	<sent id="11">
		<raw>"I think she is mentally prepared.</raw>
		<lemm> i think she be mentally prepare</lemm>
		<bigrams> 2034</bigrams>
	</sent>	<sent id="12">
		<raw>She's anxious to really begin the closure.</raw>
		<lemm>she be anxious to really begin the closure</lemm>
		<bigrams> 2038</bigrams>
	</sent>	<sent id="13">
		<raw>It was her decision to begin serving her term and hers alone."</raw>
		<lemm>it be her decision to begin serve her term and hers alone </lemm>
		<bigrams> 169</bigrams>
	</sent>	<sent id="14">
		<raw>Despite the prison's remote location, nestled in the valley of the Keeney, Muddy and Wolf creeks and the Flattop Appalachian Mountains, hordes of reporters and photographers have camped outside its stone and iron gates in hopes of recording Stewart's grand entry.</raw>
		<lemm>despite the prison s remote location  nestle in the valley of the keeney  muddy and wolf creek and the flattop appalachian mountains  horde of reporter and photographer have camp outside its stone and iron gate in hope of record stewart s grand entry</lemm>
		<bigrams> 2050 2051 2056 2059 2062 2063 2064 2071 2076 2081 2083</bigrams>
	</sent>	<sent id="15">
		<raw>Her anticipated arrival has also attracted some tourists.</raw>
		<lemm>her anticipated arrival have also attract some tourist</lemm>
		<bigrams> 2085 2087</bigrams>
	</sent>	<sent id="16">
		<raw>Karen and Bill Bright of Buckhannon, W. Va., with cameras in hand, said they detoured 11 miles to take in the show.</raw>
		<lemm>karen and bill bright of buckhannon  w va  with camera in hand  say they detour @card@ mile to take in the show</lemm>
		<bigrams> 2092 2095 2096 2101 2104 249</bigrams>
	</sent>	<sent id="17">
		<raw>"We just wanted to see all the hoopla," said Bill Bright, 64.</raw>
		<lemm> we just want to see all the hoopla   say bill bright  @card@</lemm>
		<bigrams> 2114 2115 2092 2116</bigrams>
	</sent>	<sent id="18">
		<raw>Stewart will be issued four khaki work shirts, four khaki pants, two T-shirts, seven pairs of underwear, one pair of work shoes, one nightshirt, six pairs of socks and a coat.</raw>
		<lemm>stewart will be issue four khaki work shirt  four khaki pant  two t-shirt  seven pair of underwear  one pair of work shoe  one nightshirt  six pair of sock and a coat</lemm>
		<bigrams> 2118 2119 2120 2121 2122 2119 2123 2124 2125 2126 2127 2129 2130 2132 2133 2134 2135 2136</bigrams>
	</sent>	<sent id="19">
		<raw>Concerned about Stewart's confinement, the Save Martha Web site has asked readers to send letters to Alderson's warden asking that Stewart be allowed to "share her talents with other inmates so that something good can come out of this unfortunate situation."</raw>
		<lemm>concern about stewart s confinement  the save martha web site have ask reader to send letter to alderson s warden ask that stewart be allow to  share her talent with other inmate so that something good can come out of this unfortunate situation </lemm>
		<bigrams> 2144 2145 979 2147 2150 2154 2164 2170</bigrams>
	</sent>	<sent id="20">
		<raw>It also suggested that readers send care packages of craft items, snacks and board games "that could help her pass the time."</raw>
		<lemm>it also suggest that reader send care package of craft item  snack and board game  that could help her pass the time </lemm>
		<bigrams> 2172 2175 2176 2177 2180 2181 2183 2186</bigrams>
	</sent>	<sent id="21">
		<raw>In the meantime, Stewart's appeal attorneys accused government prosecutors Thursday of withholding evidence that could have led to an acquittal.</raw>
		<lemm>in the meantime  stewart s appeal attorney accuse government prosecutor thursday of withhold evidence that could have lead to an acquittal</lemm>
		<bigrams> 2191 2193 2194 2195 1403 2196 2199</bigrams>
	</sent>	<sent id="22">
		<raw>In a letter to federal prosecutors, the lawyers alleged that documents and testimony of ink expert, Larry Stewart, showed the government lab had "sabotaged" testing of a key piece of evidence.</raw>
		<lemm>in a letter to federal prosecutor  the lawyer allege that document and testimony of ink expert  larry stewart  show the government lab have  sabotage  testing of a key piece of evidence</lemm>
		<bigrams> 2206 2208 744 745 746 2215 2217 2220 2223</bigrams>
	</sent>	<sent id="23">
		<raw>Robert Kahn contributed to this story.</raw>
		<lemm>robert kahn contribute to this story</lemm>
		<bigrams> 2226 2227</bigrams>
	</sent></doc>