<?xml version="1.0" encoding="UTF_8"?>
<doc>	<sent id="0">
		<raw>US complaints about European government subsidies to Airbus Industrie have not stopped US airports preparing for the arrival of the giant A380 jet that is set to spark a new transatlantic trade dogfight.</raw>
		<lemm>us complaint about european government subsidy to airbus industrie have not stop us airport prepare for the arrival of the giant a380 jet that be set to spark a new transatlantic trade dogfight</lemm>
		<bigrams> 1934 1937 1938 1242 1943 1944 1945 1949 1950 1956 1957 1958</bigrams>
	</sent>	<sent id="1">
		<raw>A Monday deadline for an agreement is almost certain to pass without a result and the United States has said it will then take its complaint to the World Trade Organization.</raw>
		<lemm>a monday deadline for an agreement be almost certain to pass without a result and the united states have say it will then take its complaint to the world trade organization</lemm>
		<bigrams> 1960 1964 1965 1970 1978 1979</bigrams>
	</sent>	<sent id="2">
		<raw>Airbus is hoping the 550-seat A380, the world's biggest jet, will revolutionize air travel.</raw>
		<lemm>airbus be hope the 550-seat a380  the world s big jet  will revolutionize air travel</lemm>
		<bigrams> 1983 1984 1987 1988</bigrams>
	</sent>	<sent id="3">
		<raw>And even though no US airline has ordered the European jet, aviation authorities are getting Los Angeles, New York's John F. Kennedy airport, San Francisco and Miami airports ready for the A-380 passenger flights in 2006, according to Dave Bennett of the Federal Aviation Administration's Office of Airport Safety and Standards.</raw>
		<lemm>and even though no us airline have order the european jet  aviation authority be get los angeles  new york s john f kennedy airport  san francisco and miami airport ready for the a-380 passenger flight in @card@  accord to dave bennett of the federal aviation administration s office of airport safety and standards</lemm>
		<bigrams> 1990 1993 1995 1996 1997 2000 2001 2002 2003 2006 2007 2008 2009 2010 2013 2014 2017 2018 2020 2022 2025 2026 2031</bigrams>
	</sent>	<sent id="4">
		<raw>"I don't see major safety or technical problems," said Bennett.</raw>
		<lemm> i do n t see major safety or technical problem   say bennett</lemm>
		<bigrams> 2037 2038 65 2041 2042</bigrams>
	</sent>	<sent id="5">
		<raw>"We do expect the A380, soon after certificated to begin service at the US probably at 4 passengers airports initially and two more airports for freighters in 2008."</raw>
		<lemm> we do expect the a380  soon after certificate to begin service at the us probably at @card@ passenger airport initially and two more airport for freighter in @card@ </lemm>
		<bigrams> 2045 2050 2052 143 2055 2056</bigrams>
	</sent>	<sent id="6">
		<raw>O'Hare airport in Chicago and Dulles in Washington will be ready later.</raw>
		<lemm>o hare airport in chicago and dulles in washington will be ready later</lemm>
		<bigrams> 2065 2072</bigrams>
	</sent>	<sent id="7">
		<raw>Memphis in Tennessee and Anchorage in Alaska should be ready for the cargo version of the A380 in 2008.</raw>
		<lemm>memphis in tennessee and anchorage in alaska should be ready for the cargo version of the a380 in @card@</lemm>
		<bigrams> 865</bigrams>
	</sent>	<sent id="8">
		<raw>Federal Express has ordered 10 of the planes.</raw>
		<lemm>federal express have order @card@ of the plane</lemm>
		<bigrams> 859 2082</bigrams>
	</sent>	<sent id="9">
		<raw>"The FAA has worked with each of these airports and the plans for operations of the A380 have been approved"</raw>
		<lemm> the faa have work with each of these airport and the plan for operation of the a380 have be approve </lemm>
		<bigrams></bigrams>
	</sent>	<sent id="10">
		<raw>None of the airports is yet ready to handle the weight or width of the A380, according to Bennett.</raw>
		<lemm>none of the airport be yet ready to handle the weight or width of the a380  accord to bennett</lemm>
		<bigrams> 2100 2107</bigrams>
	</sent>	<sent id="11">
		<raw>But he added that this should not be a major problem as the tonnage per wheel is no different from other aircraft.</raw>
		<lemm>but he add that this should not be a major problem as the tonnage per wheel be no different from other aircraft</lemm>
		<bigrams> 2115 2118 2119</bigrams>
	</sent>	<sent id="12">
		<raw>The A380 will take over from the Boeing 747 as the biggest jet in the skies.</raw>
		<lemm>the a380 will take over from the boeing 747 as the big jet in the sky</lemm>
		<bigrams> 155 1984</bigrams>
	</sent>	<sent id="13">
		<raw>Its 540 tonne weight is 30 percent more than the 747 and its wingspan of 78 metres (257 feet) is 15 metres (50 feet) wider than Boeing's Jumbo jet.</raw>
		<lemm>its @card@ tonne weight be @card@ percent more than the 747 and its wingspan of @card@ metre ( @card@ foot ) be @card@ metre ( @card@ foot ) wide than boeing s jumbo jet</lemm>
		<bigrams> 2132 2133 165 974 2139 223 1372 2140 974 2139 223 1372 2140 2142 2145</bigrams>
	</sent>	<sent id="14">
		<raw>But access routes from terminals to runways will have to be widened and bridges underneath runways will have to be strengthened.</raw>
		<lemm>but access route from terminal to runway will have to be widen and bridge underneath runway will have to be strengthen</lemm>
		<bigrams> 2147 2157 2158</bigrams>
	</sent>	<sent id="15">
		<raw>The cost will be relatively modest, according to Dick Marchi, an expert on infrastructure for the Airport Council International North America.</raw>
		<lemm>the cost will be relatively modest  accord to dick marchi  an expert on infrastructure for the airport council international north america</lemm>
		<bigrams> 2163 2164 2166 2172 2173 2174 2175</bigrams>
	</sent>	<sent id="16">
		<raw>He said a study was carried out which indicated each airport would have to spend about 80 million dollars to rebuild or widen taxiways and runway bridges for the A380.</raw>
		<lemm>he say a study be carry out which indicate each airport would have to spend about @card@ million dollar to rebuild or widen taxiway and runway bridge for the a380</lemm>
		<bigrams> 2185 1463 1464 2193 2196</bigrams>
	</sent>	<sent id="17">
		<raw>Marchi said the figure should be even lower as none of the facilities will have to build a new runway.</raw>
		<lemm>marchi say the figure should be even low as none of the facility will have to build a new runway</lemm>
		<bigrams> 2198 2201 2208</bigrams>
	</sent>	<sent id="18">
		<raw>The Airbus jet takes off from a shorter distance than its Boeing rival.</raw>
		<lemm>the airbus jet take off from a short distance than its boeing rival</lemm>
		<bigrams> 2209 2210 2213 2216</bigrams>
	</sent>	<sent id="19">
		<raw>"There are things that need to be done, but for most of them it's not a disruptive change."</raw>
		<lemm> there be thing that need to be do  but for most of them it be not a disruptive change </lemm>
		<bigrams> 2227</bigrams>
	</sent>	<sent id="20">
		<raw>Many airports will not even need new terminals, just to change existing buildings so passengers can board and disembark on two levels, said Marchi.</raw>
		<lemm>many airport will not even need new terminal  just to change exist building so passenger can board and disembark on two level  say marchi</lemm>
		<bigrams> 2228 2232 2233 2234 2238 2239 2248 2249 2250</bigrams>
	</sent>	<sent id="21">
		<raw>Dan Cohen-Nir, a Washington-based technical official for Airbus North America, said one of the key strengths of the A380 was that it had been conceived to be used in airports that already take the Boeing 747, with the minimum of extra works.</raw>
		<lemm>dan cohen-nir  a washington-based technical official for airbus north america  say one of the key strength of the a380 be that it have be conceive to be use in airport that already take the boeing 747  with the minimum of extra work</lemm>
		<bigrams> 2251 2254 2255 2257 2175 2258 2259 2261 2273 155 2279</bigrams>
	</sent>	<sent id="22">
		<raw>Atlanta, one of the busiest airports in the world, has refused to make changes to accommodate the A380 saying that no airline using the Georgia hub had indicated it wanted to bring the new jet there.</raw>
		<lemm>atlanta  one of the busy airport in the world  have refuse to make change to accommodate the a380 say that no airline use the georgia hub have indicate it want to bring the new jet there</lemm>
		<bigrams> 2280 2282 2286 2290 2293 2296 2301</bigrams>
	</sent>	<sent id="23">
		<raw>But Cohen-Nir said this was not important as most of its traffic is domestic.</raw>
		<lemm>but cohen-nir say this be not important as most of its traffic be domestic</lemm>
		<bigrams> 2304</bigrams>
	</sent>	<sent id="24">
		<raw>The Airbus official said he had not seen any sign that the US authorities were throwing up barriers to the A380, even though its development is becoming a major transatlantic dispute.</raw>
		<lemm>the airbus official say he have not see any sign that the us authority be throw up barrier to the a380  even though its development be become a major transatlantic dispute</lemm>
		<bigrams> 291 292 2317 2322 1990 2327 2328</bigrams>
	</sent></doc>