<?xml version="1.0" encoding="UTF_8"?>
<doc>	<sent id="0">
		<raw>European airplane maker Airbus "is likely to discuss before the end of the year" a possible increase in production capacity of its new super-jumbo A380 aircraft, Airbus' production chief Gustav Humbert said in a magazine interview released Tuesday.</raw>
		<lemm>european airplane maker airbus  be likely to discuss before the end of the year  a possible increase in production capacity of its new super-jumbo a380 aircraft  airbus  production chief gustav humbert say in a magazine interview release tuesday</lemm>
		<bigrams> 1032 1033 1034 1045 1048 1051 1052 1053 1054 1055 1056 1057 1058 1059 1062 1063 1064</bigrams>
	</sent>	<sent id="1">
		<raw>"We're already sold out until 2010," Humbert told the weekly Focus Money in comments released ahead of publication on Thursday.</raw>
		<lemm> we be already sell out until @card@   humbert tell the weekly focus money in comment release ahead of publication on thursday</lemm>
		<bigrams> 1067 1071 1072 1075 1076 1079 1080</bigrams>
	</sent>	<sent id="2">
		<raw>"There is room" for an increase in capacity, he added.</raw>
		<lemm> there be room  for an increase in capacity  he add</lemm>
		<bigrams></bigrams>
	</sent>	<sent id="3">
		<raw>Airbus has so far received orders for 149 of the new giant aircraft with the first delivery scheduled for 2006.</raw>
		<lemm>airbus have so far receive order for @card@ of the new giant aircraft with the first delivery schedule for @card@</lemm>
		<bigrams> 1093 1094 1096 1097 1100 1101</bigrams>
	</sent>	<sent id="4">
		<raw>Production is expected to be running at full pelt from 2008.</raw>
		<lemm>production be expect to be run at full pelt from @card@</lemm>
		<bigrams> 1107</bigrams>
	</sent></doc>