<?xml version="1.0" encoding="UTF_8"?>
<doc>	<sent id="0">
		<raw>After its glitzy debut, the new Airbus super-jumbo jet A380 now must prove soon it can fly, and eventually turn a profit.</raw>
		<lemm>after its glitzy debut  the new airbus super-jumbo jet a380 now must prove soon it can fly  and eventually turn a profit</lemm>
		<bigrams> 1612 765 1614 1615 1616 1619 1620 1626</bigrams>
	</sent>	<sent id="1">
		<raw>Airbus unveiled the world's biggest passenger jet Tuesday at a spectacular sound-and-light ceremony in Toulouse, southern France, where the leaders of France, Britain, Germany and Spain cheered Airbus's latest victory over Boeing for aviation dominance.</raw>
		<lemm>airbus unveil the world s big passenger jet tuesday at a spectacular sound-and-light ceremony in toulouse  southern france  where the leader of france  britain  germany and spain cheer airbus s late victory over boeing for aviation dominance</lemm>
		<bigrams> 1629 1632 25 1633 1635 1636 1637 43 1642 435 1644 1645 1647 1651</bigrams>
	</sent>	<sent id="2">
		<raw>The spotlight moment came as Airbus celebrates its second straight year of besting Boeing in global aircraft sales, and an estimated 57 percent share of the passenger aircraft market.</raw>
		<lemm>the spotlight moment come as airbus celebrate its second straight year of best boeing in global aircraft sale  and an estimate @card@ percent share of the passenger aircraft market</lemm>
		<bigrams> 1653 1654 1657 1659 1660 1663 1666 1667 1671 165 1672 1675 1676</bigrams>
	</sent>	<sent id="3">
		<raw>At the ceremony in Toulouse, where Airbus is based, the company's chief executive Noel Forgeard indicated the maiden test flight for the A380 would be held in late March or early April.</raw>
		<lemm>at the ceremony in toulouse  where airbus be base  the company s chief executive noel forgeard indicate the maiden test flight for the a380 would be hold in late march or early april</lemm>
		<bigrams> 1685 1686 192 1687 1690 1011 1692 1696 1699</bigrams>
	</sent>	<sent id="4">
		<raw>But the exact date will be kept under wraps to "not put pressure on the test pilots," he said.</raw>
		<lemm>but the exact date will be keep under wrap to  not put pressure on the test pilot   he say</lemm>
		<bigrams> 1701 1709 1712</bigrams>
	</sent>	<sent id="5">
		<raw>Indeed, time is short for the grandest project envisioned by the European aircraft maker to take a reality test.</raw>
		<lemm>indeed  time be short for the grand project envision by the european aircraft maker to take a reality test</lemm>
		<bigrams> 1714 1719 1720 1240 1241 1725</bigrams>
	</sent>	<sent id="6">
		<raw>The Airbus flagship is due to enter service next year.</raw>
		<lemm>the airbus flagship be due to enter service next year</lemm>
		<bigrams> 1726 635 1729 1730</bigrams>
	</sent>	<sent id="7">
		<raw>The stakes could hardly be higher.</raw>
		<lemm>the stake could hardly be high</lemm>
		<bigrams> 1732 1733</bigrams>
	</sent>	<sent id="8">
		<raw>The development cost of the project amounts to 10.7 billion euros (13.9 billion dollars), borne by Airbus which is 80 percent owned by the European Aeronautic Defence and Space Company and 20 percent by BAE Systems of Britain.</raw>
		<lemm>the development cost of the project amount to @card@ billion euros ( @card@ billion dollar )  bear by airbus which be @card@ percent own by the european aeronautic defence and space company and @card@ percent by bae systems of britain</lemm>
		<bigrams> 1737 1740 1742 1743 1744 223 1742 1745 1746 1747 165 513 514 1754 165 1758</bigrams>
	</sent>	<sent id="9">
		<raw>Airbus expects the project will break even in 2008 with the sales are a must for test pilots.</raw>
		<lemm>airbus expect the project will break even in @card@ with the sale be a must for test pilot</lemm>
		<bigrams> 592 525 1712</bigrams>
	</sent>	<sent id="10">
		<raw>"Yes, it's true that we have a parachute on our backs and an evacuation hatch," he said in the radio interview.</raw>
		<lemm> yes  it be true that we have a parachute on our back and an evacuation hatch   he say in the radio interview</lemm>
		<bigrams> 1780 1783</bigrams>
	</sent>	<sent id="11">
		<raw>"Perhaps not for the first flight, but for the later ones in which we'll test the plane's vibration norms and we try very, very high speeds to test its limits compared with normal flight, there is a little more risk."</raw>
		<lemm> perhaps not for the first flight  but for the late one in which we will test the plane s vibration norm and we try very  very high speed to test its limit compare with normal flight  there be a little more risk </lemm>
		<bigrams> 1210 1789 1797 1803 1808 1811</bigrams>
	</sent>	<sent id="12">
		<raw>Asked about the date for the test flights, Lelaie replied: "We will fly when the plane is ready.</raw>
		<lemm>ask about the date for the test flight  lelaie reply   we will fly when the plane be ready</lemm>
		<bigrams> 1011 1819 1820</bigrams>
	</sent>	<sent id="13">
		<raw>As for us, we are ready."</raw>
		<lemm>as for us  we be ready </lemm>
		<bigrams></bigrams>
	</sent>	<sent id="14">
		<raw>The public will get its first look at the A380 super-jumbo jet at the Paris Air Show in June.</raw>
		<lemm>the public will get its first look at the a380 super-jumbo jet at the paris air show in june</lemm>
		<bigrams> 1832 1834 1615 1837 1838</bigrams>
	</sent>	<sent id="15">
		<raw>And the first commercial deliveries, to Singapore Airlines, are due in the first quarter of 2006.</raw>
		<lemm>and the first commercial delivery  to singapore airlines  be due in the first quarter of @card@</lemm>
		<bigrams> 1842 1843 574 1848</bigrams>
	</sent>	<sent id="16">
		<raw>The A380, which will break the monopoly held by Boeing's 747 on the super-jumbo market, represents a huge economic gamble for Airbus and symbolizes the emergence of Airbus as king of the skies.</raw>
		<lemm>the a380  which will break the monopoly hold by boeing s 747 on the super-jumbo market  represent a huge economic gamble for airbus and symbolize the emergence of airbus as king of the sky</lemm>
		<bigrams> 1853 1858 1859 1862 1863</bigrams>
	</sent>	<sent id="17">
		<raw>The program, launched in December 2000, banks on a strategy of transporting huge numbers of passengers.</raw>
		<lemm>the program  launch in december @card@  bank on a strategy of transport huge number of passenger</lemm>
		<bigrams> 1875 846 1877 1882 1883</bigrams>
	</sent>	<sent id="18">
		<raw>Boeing, for its part, is skeptical about the A380's commercial prospects and instead sees the need for long-distance, fuel-efficient flight, embodied in its future 7E7 plane.</raw>
		<lemm>boeing  for its part  be skeptical about the a380 s commercial prospect and instead see the need for long-distance  fuel-efficient flight  embody in its future 7e7 plane</lemm>
		<bigrams> 1891 1894 1899 1900 1901 1905 1906</bigrams>
	</sent>	<sent id="19">
		<raw>Beyond the two rivals' differences on strategy, they do agree on at least one thing for their future planes: Both companies have chosen blue, grey and white color schemes.</raw>
		<lemm>beyond the two rival  difference on strategy  they do agree on at least one thing for their future plane  both company have choose blue  grey and white color scheme</lemm>
		<bigrams> 1908 1909 1918 1919 1923 1928 1929 1932 1933</bigrams>
	</sent></doc>