<?xml version="1.0" encoding="UTF_8"?>
<doc>	<sent id="0">
		<raw>Rep. Randall "Duke" Cunningham, R-Calif., promised Thursday to produce financial records to prove that he has done nothing inappropriate by living aboard a yacht owned by the executive of a defense company that he has supported in its bid to win government contracts.</raw>
		<lemm>rep randall  duke  cunningham  r-calif  promise thursday to produce financial record to prove that he have do nothing inappropriate by live aboard a yacht own by the executive of a defense company that he have support in its bid to win government contract</lemm>
		<bigrams> 204 205 206 207 2141 2142 2145 2146 2150 1775 2154 2159 485</bigrams>
	</sent>	<sent id="1">
		<raw>While declining to be interviewed, Cunningham issued a statement from his Washington office: "I am putting information and records together so that you will know how much I pay to stay there and you will see that everything we've done is appropriate."</raw>
		<lemm>while decline to be interview  cunningham issue a statement from his washington office   i be put information and record together so that you will know how much i pay to stay there and you will see that everything we have do be appropriate </lemm>
		<bigrams> 2161 2162 2165 2169 2172</bigrams>
	</sent>	<sent id="2">
		<raw>The statement was issued in response to a story in The North County Times, a newspaper in Cunningham's district, reporting that Cunningham lives aboard a yacht owned by Mitchell J.</raw>
		<lemm>the statement be issue in response to a story in the north county times  a newspaper in cunningham s district  report that cunningham life aboard a yacht own by mitchell j </lemm>
		<bigrams> 623 624 2202 2203 2204 441</bigrams>
	</sent>	<sent id="3">
		<raw>Wade, president and chief executive of MZM Inc., while in Washington.</raw>
		<lemm>wade  president and chief executive of mzm inc  while in washington</lemm>
		<bigrams> 1122 254 105</bigrams>
	</sent>	<sent id="4">
		<raw>The 42-foot yacht is docked at a yacht club on the Potomac River at a boat slip rented by Cunningham.</raw>
		<lemm>the 42-foot yacht be dock at a yacht club on the potomac river at a boat slip rent by cunningham</lemm>
		<bigrams> 639 647 1177 2213 2214</bigrams>
	</sent>	<sent id="5">
		<raw>Cunningham's own boat is being repaired.</raw>
		<lemm>cunningham s own boat be be repair</lemm>
		<bigrams></bigrams>
	</sent>	<sent id="6">
		<raw>Cunningham's real estate dealings with Wade have become a matter of partisan bickering.</raw>
		<lemm>cunningham s real estate dealings with wade have become a matter of partisan bickering</lemm>
		<bigrams> 502 2221 2225</bigrams>
	</sent>	<sent id="7">
		<raw>Wade bought Cunningham's home in the upscale Del Mar Heights section of San Diego in November 2003 for $1,675,000.</raw>
		<lemm>wade buy cunningham s home in the upscale del mar heights section of san diego in november @card@ for $1 675 000</lemm>
		<bigrams> 199 449 2227 1142 1513 2228 495 942 1150 1522</bigrams>
	</sent>	<sent id="8">
		<raw>Wade put the home on the market a month later and in July 2004 sold it for $975,000, a $700,000 loss.</raw>
		<lemm>wade put the home on the market a month later and in july @card@ sell it for $975 000  a $700 000 loss</lemm>
		<bigrams> 1525 1160 322 2236 1537 216 217</bigrams>
	</sent>	<sent id="9">
		<raw>Democrats have suggested that Wade may have paid an inflated price to reward a congressman who has supported his company's bid to get involved in the lucrative and highly-competitive world of defense contracting.</raw>
		<lemm>democrats have suggest that wade may have pay an inflated price to reward a congressman who have support his company s bid to get involve in the lucrative and highly-competitive world of defense contracting</lemm>
		<bigrams> 2240 523 2248 2252 2254</bigrams>
	</sent>	<sent id="10">
		<raw>Wade's company, which does classified intelligence work, received $40 million in contracts in 2003.</raw>
		<lemm>wade s company  which do classified intelligence work  receive $40 million in contract in @card@</lemm>
		<bigrams> 2258 2259 2260 2261 2262</bigrams>
	</sent>	<sent id="11">
		<raw>Cunningham, 63, an eight-term member of Congress, sits on the Intelligence Committee and Defense Appropriations Subcommittee.</raw>
		<lemm>cunningham  @card@  an eight-term member of congress  sit on the intelligence committee and defense appropriations subcommittee</lemm>
		<bigrams> 2265 2268 2269 2272 2274 1129</bigrams>
	</sent>	<sent id="12">
		<raw>Free, unreported rent would be a violation of ethics laws for members of Congress.</raw>
		<lemm>free  unreported rent would be a violation of ethic law for member of congress</lemm>
		<bigrams> 2275 2276 2277 1782</bigrams>
	</sent>	<sent id="13">
		<raw>The district, centered in the coastal communities of northern San Diego County, is considered "safe" for Republicans, with the GOP enjoying a 44.52 percent to 29.75 percent registration edge over Democrats.</raw>
		<lemm>the district  center in the coastal community of northern san diego county  be consider  safe  for republican  with the gop enjoy a @card@ percent to @card@ percent registration edge over democrats</lemm>
		<bigrams> 2284 2286 1696 495 1697 2291 2296 2299 2299 2302 2303</bigrams>
	</sent>	<sent id="14">
		<raw>Last November, Cunningham defeated Democratic candidate Francine P. Busby 58.5 percent to 36.5 percent, with the rest of votes split between American Independent, Green, and Libertarian candidates.</raw>
		<lemm>last november  cunningham defeat democratic candidate francine p busby @card@ percent to @card@ percent  with the rest of vote split between american independent  green  and libertarian candidate</lemm>
		<bigrams> 1960 2306 2307 2308 2309 2310 2311 2312 2313 2299 2299 2318 2321 2322 2325</bigrams>
	</sent>	<sent id="15">
		<raw>Busby has announced her intention to seek the Democratic nomination for next year's election.</raw>
		<lemm>busby have announce her intention to seek the democratic nomination for next year s election</lemm>
		<bigrams> 2333 2336</bigrams>
	</sent>	<sent id="16">
		<raw>On Thursday, the Democratic Congressional Campaign Committee announced it plans to "target" the district, a move that usually means enhanced funding and campaign assistance for the party candidate.</raw>
		<lemm>on thursday  the democratic congressional campaign committee announce it plan to  target  the district  a move that usually mean enhanced funding and campaign assistance for the party candidate</lemm>
		<bigrams> 2340 2341 2342 2343 2353 2354 2355 2358 2361</bigrams>
	</sent></doc>