<?xml version="1.0" encoding="UTF_8"?>
<doc>	<sent id="0">
		<raw>Rep. Randy "Duke" Cunningham, R-Calif., is asking his contributors, including the Washington defense contractor at the center of a federal grand jury probe, for permission to use their campaign donations to pay for his legal defense.</raw>
		<lemm>rep randy  duke  cunningham  r-calif  be ask his contributor  include the washington defense contractor at the center of a federal grand jury probe  for permission to use their campaign donation to pay for his legal defense</lemm>
		<bigrams> 386 387 206 207 2646 2648 1066 2467 2371 2372 2656 2660</bigrams>
	</sent>	<sent id="1">
		<raw>Cunningham announced last month that he is not running for re-election because of the investigation, which focuses on his relationship with Mitchell Wade, founder of MZM Inc.</raw>
		<lemm>cunningham announce last month that he be not run for re-election because of the investigation  which focus on his relationship with mitchell wade  founder of mzm inc </lemm>
		<bigrams> 241 242 243 147 2669 105</bigrams>
	</sent>	<sent id="2">
		<raw>The company has worked on several Pentagon intelligence programs that Cunningham supported as a member of the House intelligence and appropriations committees.</raw>
		<lemm>the company have work on several pentagon intelligence program that cunningham support as a member of the house intelligence and appropriation committee</lemm>
		<bigrams> 2673 2674 1403 2676 2678 2681</bigrams>
	</sent>	<sent id="3">
		<raw>In letters that went to Wade and other donors earlier this month, the congressman said the government investigation could last well into next year and that his legal expenses "could exceed a million or more dollars."</raw>
		<lemm>in letter that go to wade and other donor earlier this month  the congressman say the government investigation could last well into next year and that his legal expense  could exceed a million or more dollar </lemm>
		<bigrams> 2688 507 2691 2692 2693 2694 2336 2698 2699 2700</bigrams>
	</sent>	<sent id="4">
		<raw>Cunningham's campaign fund had $672,115 in cash at the end of June.</raw>
		<lemm>cunningham s campaign fund have $672 115 in cash at the end of june</lemm>
		<bigrams> 2706 2709</bigrams>
	</sent>	<sent id="5">
		<raw>The Federal Election Commission has approved similar requests to use campaign donations to pay legal bills.</raw>
		<lemm>the federal election commission have approve similar request to use campaign donation to pay legal bill</lemm>
		<bigrams> 2716 2717 2720 2721 2723 2656 2724 2725</bigrams>
	</sent>	<sent id="6">
		<raw>Separately, Cunningham is setting up a legal expense trust, which will permit him to accept as much as $5,000 a year from individual and corporate donors.</raw>
		<lemm>separately  cunningham be set up a legal expense trust  which will permit him to accept as much as $5 000 a year from individual and corporate donor</lemm>
		<bigrams> 2726 2698 2730 2741 2746</bigrams>
	</sent>	<sent id="7">
		<raw>Investigators last month searched the homes of both men, as well as Wade's office and his yacht on the Potomac River, where Cunningham had lived rent-free for more than a year.</raw>
		<lemm>investigator last month search the home of both man  as well as wade s office and his yacht on the potomac river  where cunningham have live rent-free for more than a year</lemm>
		<bigrams> 2747 243 2748 1177 2755</bigrams>
	</sent>	<sent id="8">
		<raw>The inquiry began after the San Diego Union-Tribune reported in June that Wade had bought the congressman's home in late 2003 and sold it several months later at a $700,000 loss.</raw>
		<lemm>the inquiry begin after the san diego union-tribune report in june that wade have buy the congressman s home in late @card@ and sell it several month later at a $700 000 loss</lemm>
		<bigrams> 2758 495 496 2760 1435 2767 1160 216 217</bigrams>
	</sent>	<sent id="9">
		<raw>Wade and his wife, Christiane Wade, donated $12,000 to Cunningham between 2001 and last fall.</raw>
		<lemm>wade and his wife  christiane wade  donate $12 000 to cunningham between @card@ and last fall</lemm>
		<bigrams> 820 2769 2770 2771 1008 2774</bigrams>
	</sent>	<sent id="10">
		<raw>Cunningham told his donors that if they objected to their money paying his legal expenses, he would donate it to the House GOP campaign committee.</raw>
		<lemm>cunningham tell his donor that if they object to their money pay his legal expense  he would donate it to the house gop campaign committee</lemm>
		<bigrams> 1270 2784 2698 2788 2791 2792 2342</bigrams>
	</sent>	<sent id="11">
		<raw>Mark Olson, a Cunningham spokesman, said any donor who asks for a refund will get one.</raw>
		<lemm>mark olson  a cunningham spokesman  say any donor who ask for a refund will get one</lemm>
		<bigrams> 2793 2796 350 2803</bigrams>
	</sent></doc>