<?xml version="1.0" encoding="UTF_8"?>
<doc>	<sent id="0">
		<raw>On display at the Aerospace Museum in Balboa Park is one of the F-4 Phantoms that made Randall "Duke" Cunningham famous and propelled him into national politics.</raw>
		<lemm>on display at the aerospace museum in balboa park be one of the f-4 phantoms that make randall  duke  cunningham famous and propel him into national politics</lemm>
		<bigrams> 3100 3103 3107 3110 205 206 3111 3117</bigrams>
	</sent>	<sent id="1">
		<raw>Twenty miles up Interstate 5 is the house in upscale Del Mar Heights that threatens to scuttle his political career and result in criminal charges after eight terms as a Republican member of the House of Representatives.</raw>
		<lemm>twenty mile up interstate @card@ be the house in upscale del mar heights that threaten to scuttle his political career and result in criminal charge after eight term as a republican member of the house of representatives</lemm>
		<bigrams> 3118 3121 2227 1142 1513 3130 3135 3138 3141</bigrams>
	</sent>	<sent id="2">
		<raw>Cunningham, 63, a former Navy fighter pilot who shot down five MiGs during the Vietnam War and was a role model for Tom Cruise in the movie "Top Gun," is being investigated by the FBI and other federal agencies for selling his house in November 2003 to a military contractor for what may have been an inflated price.</raw>
		<lemm>cunningham  @card@  a former navy fighter pilot who shoot down five migs during the vietnam war and be a role model for tom cruise in the movie  top gun   be be investigate by the fbi and other federal agency for sell his house in november @card@ to a military contractor for what may have be an inflated price</lemm>
		<bigrams> 2265 1614 3143 396 3148 390 3153 3156 3159 394 1504 942 3165 523</bigrams>
	</sent>	<sent id="3">
		<raw>Mitchell Wade, 42, president and chief executive of Washington-based MZM Inc., bought the house for $1,675,000, then sold it seven months later for $975,000, a $700,000 loss.</raw>
		<lemm>mitchell wade  @card@  president and chief executive of washington-based mzm inc  buy the house for $1 675 000  then sell it seven month later for $975 000  a $700 000 loss</lemm>
		<bigrams> 147 3169 3170 254 490 105 2857 1150 1522 1532 1160 1537 216 217</bigrams>
	</sent>	<sent id="4">
		<raw>The house deal was first disclosed earlier this month by The San Diego Union-Tribune.</raw>
		<lemm>the house deal be first disclose earlier this month by the san diego union-tribune</lemm>
		<bigrams> 3174 3177 3178 495 496</bigrams>
	</sent>	<sent id="5">
		<raw>Critics suggest that Wade paid Cunningham for the house as a way to illegally funnel money to a congressman who has supported his company.</raw>
		<lemm>critic suggest that wade pay cunningham for the house as a way to illegally funnel money to a congressman who have support his company</lemm>
		<bigrams> 3180 1147 1148 3183 2508</bigrams>
	</sent>	<sent id="6">
		<raw>The fact that for months Cunningham has lived on Wade's yacht, named the Duke Stir, berthed in the Potomac River, has raised further questions about improper financial links.</raw>
		<lemm>the fact that for month cunningham have live on wade s yacht  name the duke stir  berth in the potomac river  have raise further question about improper financial link</lemm>
		<bigrams> 3187 3190 652 2615 1177 3198 3199</bigrams>
	</sent>	<sent id="7">
		<raw>Numerous questions remain about the relationship between Wade and Cunningham, among them, how the sale price for the house was decided upon, how Wade lost $700,000 on the resale amid one of the hottest real-estate markets in the state and whether Cunningham is paying an appropriate rent for the use of Wade's boat.</raw>
		<lemm>numerous question remain about the relationship between wade and cunningham  among them  how the sale price for the house be decide upon  how wade lose $700 000 on the resale amid one of the hot real-estate market in the state and whether cunningham be pay an appropriate rent for the use of wade s boat</lemm>
		<bigrams> 3200 3201 3203 2929 3208 3211 3212 216 3215 3216 3218 3219 3224 3227</bigrams>
	</sent>	<sent id="8">
		<raw>After San Diego's North County Times revealed the yacht deal last week, Cunningham's office issued a statement offering to prove that he pays rent, but no records have been produced.</raw>
		<lemm>after san diego s north county times reveal the yacht deal last week  cunningham s office issue a statement offering to prove that he pay rent  but no record have be produce</lemm>
		<bigrams> 495 623 624 3235 3237 3238 2542 2543 3239 3240 3242</bigrams>
	</sent>	<sent id="9">
		<raw>Congressional committees rarely vote on individual government contracts, but members of key panels can influence who gets the awards.</raw>
		<lemm>congressional committee rarely vote on individual government contract  but member of key panel can influence who get the award</lemm>
		<bigrams> 3248 3249 3250 3253 485 3257</bigrams>
	</sent>	<sent id="10">
		<raw>The Defense Appropriations Subcommittee on which Cunningham sits is one of the most influential.</raw>
		<lemm>the defense appropriations subcommittee on which cunningham sit be one of the most influential</lemm>
		<bigrams> 2274 1129 3266</bigrams>
	</sent>	<sent id="11">
		<raw>Wade, a reserve officer in the Navy, was a program manager for communications and intelligence for the Navy and the Department of Defense for eight years before founding MZM in 1993.</raw>
		<lemm>wade  a reserve officer in the navy  be a program manager for communication and intelligence for the navy and the department of defense for eight year before found mzm in @card@</lemm>
		<bigrams> 3272 3277 3285 1025</bigrams>
	</sent>	<sent id="12">
		<raw>The firm specializes in sophisticated intelligence gathering and analysis.</raw>
		<lemm>the firm specialize in sophisticated intelligence gathering and analysis</lemm>
		<bigrams> 3289 1867 1868</bigrams>
	</sent>	<sent id="13">
		<raw>Records show that MZM has more than $66 million in at least 93 government contracts, enough to make the company No.</raw>
		<lemm>record show that mzm have more than $66 million in at least @card@ government contract  enough to make the company no </lemm>
		<bigrams> 3292 1861 3294 3295 485 3296</bigrams>
	</sent>	<sent id="14">
		<raw>100 on Washington Technology magazine's list of the top federal contractors.</raw>
		<lemm>@card@ on washington technology magazine s list of the top federal contractor</lemm>
		<bigrams> 1049 1050 3305 3306</bigrams>
	</sent>	<sent id="15">
		<raw>Cunningham has said that MZM is among those defense contractors he has favored.</raw>
		<lemm>cunningham have say that mzm be among those defense contractor he have favor</lemm>
		<bigrams> 1066</bigrams>
	</sent>	<sent id="16">
		<raw>A watchdog group, Citizens for Responsibility and Ethics in Washington, has filed a Freedom of Information Act request for information about contacts made by Cunningham in favor of MZM with officials at the Pentagon or the Department of Homeland Security.</raw>
		<lemm>a watchdog group  citizens for responsibility and ethics in washington  have file a freedom of information act request for information about contact make by cunningham in favor of mzm with official at the pentagon or the department of homeland security</lemm>
		<bigrams> 1718 1942 1724 1725 3314 1733</bigrams>
	</sent>	<sent id="17">
		<raw>One of the few unclassified contracts between MZM and the federal government is a $1.2 million program to provide linguists and interpreters for Iraq and elsewhere.</raw>
		<lemm>one of the few unclassified contract between mzm and the federal government be a $1 2 million program to provide linguist and interpreter for iraq and elsewhere</lemm>
		<bigrams> 3326 3329 3332 3333 3334 3336</bigrams>
	</sent>	<sent id="18">
		<raw>In another contract, MZM has joined General Dynamics and other firms to upgrade "warfare services" for the Air Force.</raw>
		<lemm>in another contract  mzm have join general dynamics and other firm to upgrade  warfare service  for the air force</lemm>
		<bigrams> 3344 3345 3347 3348 3351 3352 3355</bigrams>
	</sent>	<sent id="19">
		<raw>Like most defense contractors, MZM has a political action committee that contributes to the campaigns of politicians who influence the awarding of contracts and shape public policy.</raw>
		<lemm>like most defense contractor  mzm have a political action committee that contribute to the campaign of politician who influence the awarding of contract and shape public policy</lemm>
		<bigrams> 1066 3357 845 846 3368 3369</bigrams>
	</sent>	<sent id="20">
		<raw>The MZM PAC has contributed to several politicians, including giving $7,000 to Cunningham's 2004 campaign.</raw>
		<lemm>the mzm pac have contribute to several politician  include give $7 000 to cunningham s @card@ campaign</lemm>
		<bigrams> 3371 3374 3375 3376 3377 1873 3378</bigrams>
	</sent>	<sent id="21">
		<raw>Wade has also contributed to Cunningham's own political action committee, the American Prosperity Political Action Committee, which doles out money to candidates and causes of his choosing.</raw>
		<lemm>wade have also contribute to cunningham s own political action committee  the american prosperity political action committee  which dole out money to candidate and cause of his choosing</lemm>
		<bigrams> 3379 845 846 686 3383 845 846</bigrams>
	</sent>	<sent id="22">
		<raw>In addition, Cunningham's wife, a chief of staff for an Education Department official, and one of his daughters are on the advisory council to the Sure Foundation, a nonprofit group created by Wade and his wife to raise funds for projects to aid refugee children.</raw>
		<lemm>in addition  cunningham s wife  a chief of staff for an education department official  and one of his daughter be on the advisory council to the sure foundation  a nonprofit group create by wade and his wife to raise fund for project to aid refugee child</lemm>
		<bigrams> 3394 3399 1437 786 751 3407 3408 3412 3416 1925</bigrams>
	</sent>	<sent id="23">
		<raw>Last year a congressional subcommittee on District of Columbia operations, with Cunningham as a member, allocated $100,000 to the foundation.</raw>
		<lemm>last year a congressional subcommittee on district of columbia operation  with cunningham as a member  allocate $100 000 to the foundation</lemm>
		<bigrams> 3417 3420 3424 3428 3429 3430</bigrams>
	</sent>	<sent id="24">
		<raw>A month after selling their Del Mar Heights home, Cunningham and his wife, Nancy, paid $2.5 million for an 8,000-square-foot home in exclusive Rancho Santa Fe owned by Douglas and Karen Powanda.</raw>
		<lemm>a month after sell their del mar heights home  cunningham and his wife  nancy  pay $2 5 million for an 8 000-square-foot home in exclusive rancho santa fe own by douglas and karen powanda</lemm>
		<bigrams> 1142 1513 3433 3434 1543 3435 3436 3437 3438 2533 2534 3442 1552 1553 3447</bigrams>
	</sent>	<sent id="25">
		<raw>Douglas Powanda is a former executive vice president at Peregrine Systems, a San Diego-based business-software company.</raw>
		<lemm>douglas powanda be a former executive vice president at peregrine systems  a san diego-based business-software company</lemm>
		<bigrams> 3448 3450 123 85 3453 3455 3456 3457</bigrams>
	</sent>	<sent id="26">
		<raw>Peregrine was Cunningham's third-largest corporate contributor in 2004, giving $14,000 in individual and corporate donations.</raw>
		<lemm>peregrine be cunningham s third-largest corporate contributor in @card@  give $14 000 in individual and corporate donation</lemm>
		<bigrams> 3461 3462 3464 3465 3466 3468</bigrams>
	</sent>	<sent id="27">
		<raw>In late 2004, Powanda was among eight former Peregrine executives indicted by a federal grand jury in an alleged multibillion-dollar securities fraud; he awaits trial.</raw>
		<lemm>in late @card@  powanda be among eight former peregrine executive indict by a federal grand jury in an alleged multibillion-dollar security fraud  he await trial</lemm>
		<bigrams> 1435 3469 3470 3471 3472 3473 3474 2467 2371 3478 3479 3480 3483</bigrams>
	</sent>	<sent id="28">
		<raw>Cunningham, known as accessible and cordial even to reporters who have written critically of him, has hunkered down in the wake of the disclosures about the Del Mar Heights house sale.</raw>
		<lemm>cunningham  know as accessible and cordial even to reporter who have write critically of him  have hunker down in the wake of the disclosure about the del mar heights house sale</lemm>
		<bigrams> 3484 3488 3492 1142 1513 2537 1252</bigrams>
	</sent>	<sent id="29">
		<raw>County Supervisor Bill Horn pleaded for the public to reserve judgment.</raw>
		<lemm>county supervisor bill horn plead for the public to reserve judgment</lemm>
		<bigrams> 3503 3504 3505 3506 3511</bigrams>
	</sent>	<sent id="30">
		<raw>"I know everybody's pounced on him, but I think he's due his day in the public square, to explain himself," said Horn.</raw>
		<lemm> i know everybody be pounce on him  but i think he be due his day in the public square  to explain himself   say horn</lemm>
		<bigrams> 3513 3525 3530</bigrams>
	</sent>	<sent id="31">
		<raw>Cunningham serves on the Select Committee on Intelligence, and as chairman of the Subcommittee on Human Intelligence Analysis and Counterintelligence in addition to his appropriations post.</raw>
		<lemm>cunningham serve on the select committee on intelligence  and as chairman of the subcommittee on human intelligence analysis and counterintelligence in addition to his appropriation post</lemm>
		<bigrams> 1125 2086 1402 2098 3534</bigrams>
	</sent>	<sent id="32">
		<raw>He has become a favorite for defense contractors and their lobbyists.</raw>
		<lemm>he have become a favorite for defense contractor and their lobbyist</lemm>
		<bigrams> 1066</bigrams>
	</sent>	<sent id="33">
		<raw>For his 2004 campaign, he raised $832,173: of that, $74,550 came from the defense electronics industry, $42,500 from the defense aerospace industry, $33,550 from miscellaneous defense firms, and $45,250 from lobbyists with varied clients.</raw>
		<lemm>for his @card@ campaign  he raise $832 173  of that  $74 550 come from the defense electronics industry  $42 500 from the defense aerospace industry  $33 550 from miscellaneous defense firm  and $45 250 from lobbyist with varied client</lemm>
		<bigrams> 3378 3544 3545 3549 3550 3552 3553 3554 3555 3557 3558 3559 3560 3563 427 3566 3571</bigrams>
	</sent>	<sent id="34">
		<raw>Times staff writers Richard Simon and Maura Reynolds contributed to this report.</raw>
		<lemm>times staff writer richard simon and maura reynolds contribute to this report</lemm>
		<bigrams> 3572 1438 3573 3574 3577 3578</bigrams>
	</sent></doc>