<?xml version="1.0" encoding="UTF_8"?>
<doc>	<sent id="0">
		<raw>The gubernatorial elections in Washington state and the US island of Puerto Rico have finally ended, seven weeks after the close results of their respective elections led to bitter political and legal fights, officials said Friday.</raw>
		<lemm>the gubernatorial election in washington state and the us island of puerto rico have finally end  seven week after the close result of their respective election lead to bitter political and legal fight  official say friday</lemm>
		<bigrams> 399 362 405 408 411 412 413 416 419 420 423 426 427 428 429</bigrams>
	</sent>	<sent id="1">
		<raw>The more high-profile race in Washington state evoked memories of the 2000 presidential election quagmire in Florida, as a recount gave Democrat Christine Gregoire a 130-vote lead over Republican contender Dino Rossi.</raw>
		<lemm>the more high-profile race in washington state evoke memory of the @card@ presidential election quagmire in florida  as a recount give democrat christine gregoire a 130-vote lead over republican contender dino rossi</lemm>
		<bigrams> 432 362 434 435 438 439 440 256 446 447 448 450 453 454 45</bigrams>
	</sent>	<sent id="2">
		<raw>Rossi had led the election by just 261 votes after the November 2 vote when 2.9 million voters cast their ballots, leading to an automatic hand recount.</raw>
		<lemm>rossi have lead the election by just @card@ vote after the november @card@ vote when @card@ million voter cast their ballot  lead to an automatic hand recount</lemm>
		<bigrams> 56 461 56 60 464 465 468 470 471</bigrams>
	</sent>	<sent id="3">
		<raw>Rossi's lead shrank to 42 votes following the recount, but a new review was ordered after authorities realized that 735 ballots from a county around Seattle were never counted.</raw>
		<lemm>rossi s lead shrink to @card@ vote follow the recount  but a new review be order after authority realize that @card@ ballot from a county around seattle be never count</lemm>
		<bigrams> 474 56 476 481 486 489 493 494 497</bigrams>
	</sent>	<sent id="4">
		<raw>After the latest recount, Gregoire, the state's attorney general, led by 130 votes.</raw>
		<lemm>after the late recount  gregoire  the state s attorney general  lead by @card@ vote</lemm>
		<bigrams> 499 500 299 502 56</bigrams>
	</sent>	<sent id="5">
		<raw>"The election is over," Gregoire said.</raw>
		<lemm> the election be over   gregoire say</lemm>
		<bigrams> 507</bigrams>
	</sent>	<sent id="6">
		<raw>But Rossi has refused to concede, reserving his right to challenge the result in court.</raw>
		<lemm>but rossi have refuse to concede  reserve his right to challenge the result in court</lemm>
		<bigrams> 511</bigrams>
	</sent>	<sent id="7">
		<raw>State law allows a challenge until January 20.</raw>
		<lemm>state law allow a challenge until january @card@</lemm>
		<bigrams> 517 518 523</bigrams>
	</sent>	<sent id="8">
		<raw>Washington's secretary of state, the state's top election official, must certify the vote next week.</raw>
		<lemm>washington s secretary of state  the state s top election official  must certify the vote next week</lemm>
		<bigrams> 528 529 530 531 533 534</bigrams>
	</sent>	<sent id="9">
		<raw>In the US commonwealth of Puerto Rico, Anibal Acevedo Vila of the ruling Popular Democratic Party defeated former governor Pedro Rossello by 3,228 votes, or 48.4 percent to 48.2 percent.</raw>
		<lemm>in the us commonwealth of puerto rico  anibal acevedo vila of the ruling popular democratic party defeat former governor pedro rossello by @card@ vote  or @card@ percent to @card@ percent</lemm>
		<bigrams> 535 408 537 538 539 542 543 249 544 545 546 547 548 56 552 552</bigrams>
	</sent>	<sent id="10">
		<raw>The state's election commission will finish the recount Monday and certify Acevedo Vila as the winner Tuesday in one of the island's tightest elections.</raw>
		<lemm>the state s election commission will finish the recount monday and certify acevedo vila as the winner tuesday in one of the island s tight election</lemm>
		<bigrams> 555 559 562 539 564 571</bigrams>
	</sent></doc>