<?xml version="1.0" encoding="UTF_8"?>
<doc>	<sent id="0">
		<raw>The closest governor's race in Washington history was forced into a recount as counties finished tallying the ballots and found only a few votes separating the candidates out of 2.8 million cast.</raw>
		<lemm>the close governor s race in washington history be force into a recount as county finish tally the ballot and find only a few vote separate the candidate out of @card@ million cast</lemm>
		<bigrams> 1665 1668 1675 1676 1683 60 61</bigrams>
	</sent>	<sent id="1">
		<raw>Republican Dino Rossi held a mere 261-vote lead over Democratic Attorney General Christine Gregoire after all counties reported their final tallies to the state.</raw>
		<lemm>republican dino rossi hold a mere 261-vote lead over democratic attorney general christine gregoire after all county report their final tally to the state</lemm>
		<bigrams> 1616 45 1686 1689 1690 601 299 1227 448 1695 1698</bigrams>
	</sent>	<sent id="2">
		<raw>A recount is required by state law when there is less than a 2,000-vote margin.</raw>
		<lemm>a recount be require by state law when there be less than a 2 000-vote margin</lemm>
		<bigrams> 517 1708 1709</bigrams>
	</sent>	<sent id="3">
		<raw>"After this election, I'm going to have 'Every vote counts' tattooed on my forehead," Gregoire spokesman Morton Brilliant said Wednesday.</raw>
		<lemm> after this election  i be go to have  every vote count  tattoo on my forehead   gregoire spokesman morton brilliant say wednesday</lemm>
		<bigrams> 1306 1584 1712 1716 1717 1718 1719 1720 1721</bigrams>
	</sent>	<sent id="4">
		<raw>Wednesday was the deadline for counting the ballots.</raw>
		<lemm>wednesday be the deadline for count the ballot</lemm>
		<bigrams></bigrams>
	</sent>	<sent id="5">
		<raw>The recount means Washington voters will have to wait until next Wednesday to find out who their next governor is, a stunning scenario considering the experts never thought it would be this close.</raw>
		<lemm>the recount mean washington voter will have to wait until next wednesday to find out who their next governor be  a stunning scenario consider the expert never think it would be this close</lemm>
		<bigrams> 1724 1725 1338 1730 1433 1736 1737 1740 1741</bigrams>
	</sent>	<sent id="6">
		<raw>Gregoire was considered the favorite.</raw>
		<lemm>gregoire be consider the favorite</lemm>
		<bigrams></bigrams>
	</sent>	<sent id="7">
		<raw>"We really aren't going to know before we do this recount who the governor is going to be," said Secretary of State Sam Reed, a Republican who will oversee the recount process.</raw>
		<lemm> we really be n t go to know before we do this recount who the governor be go to be   say secretary of state sam reed  a republican who will oversee the recount process</lemm>
		<bigrams> 1759 99 100 1763</bigrams>
	</sent>	<sent id="8">
		<raw>"I feel sorry for Attorney General Gregoire and Senator Rossi."</raw>
		<lemm> i feel sorry for attorney general gregoire and senator rossi </lemm>
		<bigrams> 1765 299 1768 292</bigrams>
	</sent>	<sent id="9">
		<raw>Washington is one of two states (the other is Alaska) that allow voters to mail ballots on Election Day, so votes have trickled in at an agonizingly slow pace.</raw>
		<lemm>washington be one of two state ( the other be alaska ) that allow voter to mail ballot on election day  so vote have trickle in at an agonizingly slow pace</lemm>
		<bigrams> 1773 1774 1778 1781 1784 1374 1794 1795</bigrams>
	</sent>	<sent id="10">
		<raw>As political junkies across the country have recovered from their presidential election withdrawal, they have turned to the Washington governor's race for entertainment.</raw>
		<lemm>as political junkie across the country have recover from their presidential election withdrawal  they have turn to the washington governor s race for entertainment</lemm>
		<bigrams> 1797 1798 439 1805 1811</bigrams>
	</sent>	<sent id="11">
		<raw>Gary Locke, a Democrat who is stepping down after two terms, said he has "never seen anything like this before."</raw>
		<lemm>gary locke  a democrat who be step down after two term  say he have  never see anything like this before </lemm>
		<bigrams> 1814 1821 1822 1824 1825 1826</bigrams>
	</sent>	<sent id="12">
		<raw>"It's fun, it's exciting, it's like a two-week playoff series.</raw>
		<lemm> it be fun  it be exciting  it be like a two-week playoff series</lemm>
		<bigrams> 1836 1837</bigrams>
	</sent>	<sent id="13">
		<raw>But it's a lot more important than a ballgame," said Joe Arko, a Texas doctor who has been following the Washington election religiously on the Internet.</raw>
		<lemm>but it be a lot more important than a ballgame   say joe arko  a texas doctor who have be follow the washington election religiously on the internet</lemm>
		<bigrams> 1842 1843 1844 1847 1850 1851</bigrams>
	</sent>	<sent id="14">
		<raw>The election is reminiscent of the 2000 U. S. Senate race in Washington that took several weeks of counting and recounting before Democrat Maria Cantwell was declared the winner over Republican incumbent Slade Gorton.</raw>
		<lemm>the election be reminiscent of the @card@ u s senate race in washington that take several week of count and recount before democrat maria cantwell be declare the winner over republican incumbent slade gorton</lemm>
		<bigrams> 1403 1405 1407 1408 1415 1416 1419 1420 664</bigrams>
	</sent>	<sent id="15">
		<raw>Washington is a Democrat-leaning state that has not elected a Republican governor since 1980.</raw>
		<lemm>washington be a democrat-leaning state that have not elect a republican governor since @card@</lemm>
		<bigrams> 1859 1485 1864 1456</bigrams>
	</sent>	<sent id="16">
		<raw>John Kerry won the state with 53 percent of the vote, Locke easily defeated Republican opponents in the past two elections, and Democrats control the Legislature.</raw>
		<lemm>john kerry win the state with @card@ percent of the vote  locke easily defeat republican opponent in the past two election  and democrats control the legislature</lemm>
		<bigrams> 1865 1866 552 1870 1871 1872 1873 43 1876 1877 1879</bigrams>
	</sent>	<sent id="17">
		<raw>Gregoire was the Democrats' Wonder Woman.</raw>
		<lemm>gregoire be the democrats  wonder woman</lemm>
		<bigrams> 1882 1883</bigrams>
	</sent>	<sent id="18">
		<raw>Polished and popular, the 57-year-old attorney general won national recognition as lead negotiator of the national tobacco settlement in the late 1990s.</raw>
		<lemm>polished and popular  the 57-year-old attorney general win national recognition as lead negotiator of the national tobacco settlement in the late 1990s</lemm>
		<bigrams> 1888 299 1889 1890 1891 1894 1897 1898 1900</bigrams>
	</sent>	<sent id="19">
		<raw>But her campaign struggled to find a message that resonated with voters.</raw>
		<lemm>but her campaign struggle to find a message that resonate with voter</lemm>
		<bigrams> 1903</bigrams>
	</sent>	<sent id="20">
		<raw>Rossi, meanwhile, surprised everyone with a slick, strong campaign that painted him as a compassionate conservative.</raw>
		<lemm>rossi  meanwhile  surprised everyone with a slick  strong campaign that paint him as a compassionate conservative</lemm>
		<bigrams> 1911 1912 1913 1917 1918 1924</bigrams>
	</sent>	<sent id="21">
		<raw>The 45-year-old Rossi, a wealthy real estate agent, lacked name recognition outside his district, but his promise of a fresh start in state government caught on with voters.</raw>
		<lemm>the 45-year-old rossi  a wealthy real estate agent  lack name recognition outside his district  but his promise of a fresh start in state government catch on with voter</lemm>
		<bigrams> 1926 205 206 1221 1929 1930 1931 1932 1940 1943 1944</bigrams>
	</sent>	<sent id="22">
		<raw>"Gregoire ran a front-runner, media-based race, where she did not take controversial positions, and focused her resources on the media rather than the grass roots, and that's very dangerous," said political scientist Ken Hoover, a professor at Western Washington University.</raw>
		<lemm> gregoire run a front-runner  media-based race  where she do not take controversial position  and focus her resource on the medium rather than the grass root  and that be very dangerous   say political scientist ken hoover  a professor at western washington university</lemm>
		<bigrams> 1947 1950 1951 1956 1957 1964 1966 1970 1971 1196 1972 1194 1199 1200</bigrams>
	</sent>	<sent id="23">
		<raw>"Rossi had a somewhat sharper message."</raw>
		<lemm> rossi have a somewhat sharp message </lemm>
		<bigrams> 1975 1976</bigrams>
	</sent>	<sent id="24">
		<raw>Washington elections are usually clean to the point of dullness.</raw>
		<lemm>washington election be usually clean to the point of dullness</lemm>
		<bigrams> 1850 1978</bigrams>
	</sent>	<sent id="25">
		<raw>But the twists and turns in the vote-counting have sparked conspiracy theories and court battles.</raw>
		<lemm>but the twist and turn in the vote-count have spark conspiracy theory and court battle</lemm>
		<bigrams> 1988 1989 1992</bigrams>
	</sent>	<sent id="26">
		<raw>"We have arrived at the moment which all reasonable Washingtonians have dreaded for four years: the moment when the Court is asked to micromanage an election," Judge Dean Lum wrote in a decision ordering that certain provisional ballots be counted.</raw>
		<lemm> we have arrive at the moment which all reasonable washingtonians have dread for four year  the moment when the court be ask to micromanage an election   judge dean lum write in a decision order that certain provisional ballot be count</lemm>
		<bigrams> 1999 2004 2015 2016 2017 2018 2021 2024 1270</bigrams>
	</sent></doc>