<?xml version="1.0" encoding="UTF_8"?>
<doc>	<sent id="0">
		<raw>Two weeks after the election, Washington state still doesn't have a new governor.</raw>
		<lemm>two week after the election  washington state still do n t have a new governor</lemm>
		<bigrams> 1160 1161 362 1162 1164</bigrams>
	</sent>	<sent id="1">
		<raw>And voters are weathering the suspense the way Seattle residents shrug off the rain.</raw>
		<lemm>and voter be weather the suspense the way seattle resident shrug off the rain</lemm>
		<bigrams> 1171 1172 1173</bigrams>
	</sent>	<sent id="2">
		<raw>"People in this part of the world tend to be rather pleasant.</raw>
		<lemm> people in this part of the world tend to be rather pleasant</lemm>
		<bigrams> 1181 1184</bigrams>
	</sent>	<sent id="3">
		<raw>They expect people to be civil in the way they behave," said Ken Hoover, a political scientist at Western Washington University.</raw>
		<lemm>they expect people to be civil in the way they behave   say ken hoover  a political scientist at western washington university</lemm>
		<bigrams> 1186 1192 1193 1194 1196 1199 1200</bigrams>
	</sent>	<sent id="4">
		<raw>"New York, this isn't.</raw>
		<lemm> new york  this be n t</lemm>
		<bigrams> 1201</bigrams>
	</sent>	<sent id="5">
		<raw>That's why people like to live here."</raw>
		<lemm>that be why people like to live here </lemm>
		<bigrams> 1207</bigrams>
	</sent>	<sent id="6">
		<raw>The vote-counting is still going on.</raw>
		<lemm>the vote-count be still go on</lemm>
		<bigrams> 1214</bigrams>
	</sent>	<sent id="7">
		<raw>As of Tuesday night, Republican real estate agent Dino Rossi led by just 19 votes out of 2.8 million cast.</raw>
		<lemm>as of tuesday night  republican real estate agent dino rossi lead by just @card@ vote out of @card@ million cast</lemm>
		<bigrams> 1218 1219 1220 206 1221 1222 45 1223 56 60 61</bigrams>
	</sent>	<sent id="8">
		<raw>Rossi had 1,367,365 votes to Democratic Attorney General Christine Gregoire's 1,367,346.</raw>
		<lemm>rossi have @card@ vote to democratic attorney general christine gregoire s @card@</lemm>
		<bigrams> 56 601 299 1227 448</bigrams>
	</sent>	<sent id="9">
		<raw>Across the state, about 6,000 votes remained to be counted.</raw>
		<lemm>across the state  about @card@ vote remain to be count</lemm>
		<bigrams> 56 1233</bigrams>
	</sent>	<sent id="10">
		<raw>Of the four counties with the most votes outstanding, two favor Rossi and two Gregoire.</raw>
		<lemm>of the four county with the most vote outstanding  two favor rossi and two gregoire</lemm>
		<bigrams> 1237 1241 1242 1243 1244 1247</bigrams>
	</sent>	<sent id="11">
		<raw>Democrats scored a victory on Tuesday when a judge rejected the state Republican Party's attempt to stop King County from counting hundreds of provisional ballots.</raw>
		<lemm>democrats score a victory on tuesday when a judge reject the state republican party s attempt to stop king county from count hundred of provisional ballot</lemm>
		<bigrams> 1248 1255 1257 1258 1263 1264 1267 1270</bigrams>
	</sent>	<sent id="12">
		<raw>Party leaders sniped at one another, but even their bickering conveyed a sense of superiority to other, messier election dramas.</raw>
		<lemm>party leader snipe at one another  but even their bickering convey a sense of superiority to other  messy election dramas</lemm>
		<bigrams> 1271 1272 1275 1280 1288 1289</bigrams>
	</sent>	<sent id="13">
		<raw>"We live in King County, not Broward County (Florida)," Seattle Mayor Greg Nickels said.</raw>
		<lemm> we live in king county  not broward county ( florida )   seattle mayor greg nickels say</lemm>
		<bigrams> 1264 1295 1296 1297 1298 1299 1300 1301 1302 1303</bigrams>
	</sent>	<sent id="14">
		<raw>"Let's count every vote."</raw>
		<lemm> let be count every vote </lemm>
		<bigrams> 1305 1306</bigrams>
	</sent>	<sent id="15">
		<raw>While protests broke out in Florida after the 2000 presidential election, no angry mobs have stormed the county canvassing centers in Washington, not even slightly ticked-off mobs.</raw>
		<lemm>while protest break out in florida after the @card@ presidential election  no angry mob have storm the county canvass center in washington  not even slightly ticked-off mob</lemm>
		<bigrams> 1308 438 439 1314 1319 1320 1324 1325 1326</bigrams>
	</sent>	<sent id="16">
		<raw>People may be on the edge of their seats, but they are sitting quietly and politely.</raw>
		<lemm>people may be on the edge of their seat  but they be sit quietly and politely</lemm>
		<bigrams> 1327 1335</bigrams>
	</sent>	<sent id="17">
		<raw>"Washington voters have come to expect to wait for returns," said Bobbie Egan, King County elections spokeswoman.</raw>
		<lemm> washington voter have come to expect to wait for return   say bobbie egan  king county election spokeswoman</lemm>
		<bigrams> 1338 1347 1348 1349 1350 1264 787 1351</bigrams>
	</sent>	<sent id="18">
		<raw>"Counting absentee ballots just takes a long time."</raw>
		<lemm> count absentee ballot just take a long time </lemm>
		<bigrams> 1352 815 1357</bigrams>
	</sent>	<sent id="19">
		<raw>Glacially slow vote-counting goes with the territory in Washington politics.</raw>
		<lemm>glacially slow vote-count go with the territory in washington politics</lemm>
		<bigrams> 1358 1359 1360 1364</bigrams>
	</sent>	<sent id="20">
		<raw>In most states, mail-in ballots must be received by Election Day.</raw>
		<lemm>in most state  mail-in ballot must be receive by election day</lemm>
		<bigrams> 1367 1368 1369 1374</bigrams>
	</sent>	<sent id="21">
		<raw>Washington and Alaska, however, require only that ballots be postmarked by Election Day.</raw>
		<lemm>washington and alaska  however  require only that ballot be postmark by election day</lemm>
		<bigrams> 1377 1378 1374</bigrams>
	</sent>	<sent id="22">
		<raw>With an estimated 60 percent of Washingtonians voting by mail, close races can drag on for weeks as absentee ballots trickle in to county offices.</raw>
		<lemm>with an estimate @card@ percent of washingtonians voting by mail  close race can drag on for week as absentee ballot trickle in to county office</lemm>
		<bigrams> 1386 552 1389 1392 29 815 1400 1402</bigrams>
	</sent>	<sent id="23">
		<raw>The 2000 U. S. Senate race took several weeks of counting and recounting before Democrat Maria Cantwell was declared the winner over Republican incumbent Slade Gorton.</raw>
		<lemm>the @card@ u s senate race take several week of count and recount before democrat maria cantwell be declare the winner over republican incumbent slade gorton</lemm>
		<bigrams> 1403 1405 1406 1407 1408 1415 1416 1419 1420 664</bigrams>
	</sent>	<sent id="24">
		<raw>Wednesday is the deadline to finish counting, so Washington should know who the next governor is by then.</raw>
		<lemm>wednesday be the deadline to finish count  so washington should know who the next governor be by then</lemm>
		<bigrams> 1425 1433</bigrams>
	</sent>	<sent id="25">
		<raw>Unless, of course, there are recounts.</raw>
		<lemm>unless  of course  there be recount</lemm>
		<bigrams></bigrams>
	</sent>	<sent id="26">
		<raw>Under state law, a recount must be held if the final margin of victory is less than 2,000 votes.</raw>
		<lemm>under state law  a recount must be hold if the final margin of victory be less than @card@ vote</lemm>
		<bigrams> 517 1443 1447 56</bigrams>
	</sent>	<sent id="27">
		<raw>Six statewide vote recounts have been conducted since 1968, though none of them changed the outcome.</raw>
		<lemm>six statewide vote recount have be conduct since @card@  though none of them change the outcome</lemm>
		<bigrams> 1452 1453 1454 1455 1456 1457 1458</bigrams>
	</sent>	<sent id="28">
		<raw>Gregoire was heavily favored going into the race.</raw>
		<lemm>gregoire be heavily favor go into the race</lemm>
		<bigrams> 1465 1466</bigrams>
	</sent>	<sent id="29">
		<raw>If Rossi continues trending upward, he could pull off a huge political upset and become Washington's first Republican governor in 20 years.</raw>
		<lemm>if rossi continue trend upward  he could pull off a huge political upset and become washington s first republican governor in @card@ year</lemm>
		<bigrams> 1469 1470 1471 1474 1478 1479 1482 1484 1485 1487</bigrams>
	</sent>	<sent id="30">
		<raw>Some glitches have surfaced.</raw>
		<lemm>some glitch have surface</lemm>
		<bigrams></bigrams>
	</sent>	<sent id="31">
		<raw>Elections officials in Grays Harbor County started recounting all 28,000 ballots Tuesday after discovering a problem in the computer reporting system.</raw>
		<lemm>election official in grays harbor county start recount all @card@ ballot tuesday after discover a problem in the computer report system</lemm>
		<bigrams> 529 1493 1494 1495 1496 489 1499 1506 1507</bigrams>
	</sent>	<sent id="32">
		<raw>The pressure may be getting to some.</raw>
		<lemm>the pressure may be get to some</lemm>
		<bigrams> 1509</bigrams>
	</sent>	<sent id="33">
		<raw>Democratic State Party chairman Paul Berendt wept openly after a judge ruled in favor of the party's effort to track down 929 people whose provisional ballots were in danger of being invalidated.</raw>
		<lemm>democratic state party chairman paul berendt weep openly after a judge rule in favor of the party s effort to track down @card@ people whose provisional ballot be in danger of be invalidate</lemm>
		<bigrams> 1513 1514 1515 1516 1517 1518 1519 1522 1532 1533 1534 1270</bigrams>
	</sent>	<sent id="34">
		<raw>"We were just trying to get people their right to vote," he said.</raw>
		<lemm> we be just try to get people their right to vote   he say</lemm>
		<bigrams> 1544</bigrams>
	</sent>	<sent id="35">
		<raw>"It meant a lot to me."</raw>
		<lemm> it mean a lot to me </lemm>
		<bigrams></bigrams>
	</sent>	<sent id="36">
		<raw>Outside the campaign headquarters, though, people are taking the drawn-out election in stride.</raw>
		<lemm>outside the campaign headquarters  though  people be take the drawn-out election in stride</lemm>
		<bigrams> 1555 1556 1557 1561</bigrams>
	</sent>	<sent id="37">
		<raw>"We're civilized enough out here.</raw>
		<lemm> we be civilize enough out here</lemm>
		<bigrams> 1564</bigrams>
	</sent>	<sent id="38">
		<raw>We have faith in our democracy," said Jean Wright, 44, a construction inspector in Olympia, Washington's capitol city.</raw>
		<lemm>we have faith in our democracy   say jean wright  @card@  a construction inspector in olympia  washington s capitol city</lemm>
		<bigrams> 1572 1573 1574 1575 1577 1579 1581</bigrams>
	</sent>	<sent id="39">
		<raw>"To have every vote counted, that's most important to me."</raw>
		<lemm> to have every vote count  that be most important to me </lemm>
		<bigrams> 1306 1584</bigrams>
	</sent>	<sent id="40">
		<raw>Still, she said, "I am dying to find out."</raw>
		<lemm>still  she say   i be die to find out </lemm>
		<bigrams></bigrams>
	</sent></doc>