<?xml version="1.0" encoding="UTF_8"?>
<doc>	<sent id="0">
		<raw>Alleging that dead people, felons and other ineligible voters cast ballots in Washington state's tortuously close election for governor, the Republican candidate filed a lawsuit Friday, seeking the extraordinary remedy of a new election.</raw>
		<lemm>allege that dead people  felon and other ineligible voter cast ballot in washington state be tortuously close election for governor  the republican candidate file a lawsuit friday  seek the extraordinary remedy of a new election</lemm>
		<bigrams> 574 575 579 465 580 362 584 585 589 590 593 594 597 600</bigrams>
	</sent>	<sent id="1">
		<raw>Christine O. Gregoire, the Democratic attorney general, last week was declared the winner by just 129 votes of the nearly 2.9 million cast.</raw>
		<lemm>christine o gregoire  the democratic attorney general  last week be declare the winner by just @card@ vote of the nearly @card@ million cast</lemm>
		<bigrams> 601 299 602 603 56 607 60 61</bigrams>
	</sent>	<sent id="2">
		<raw>The candidate on the losing end of that certification, ex-State Sen. Dino Rossi, said he would petition a court for an unprecedented statewide revote, which he called the only way to fix the "certified mess" of the one conducted Nov. 2.</raw>
		<lemm>the candidate on the lose end of that certification  ex-state sen dino rossi  say he would petition a court for an unprecedented statewide revote  which he call the only way to fix the  certified mess  of the one conduct nov @card@</lemm>
		<bigrams> 612 616 617 618 45 619 621 627 628 639 642 643 52</bigrams>
	</sent>	<sent id="3">
		<raw>"Most Washingtonians don't believe this has been a valid election," Rossi said at a news conference, where he was joined by former U. S. Sen. Slade Gorton in the call for a new vote.</raw>
		<lemm> most washingtonians do n t believe this have be a valid election   rossi say at a news conference  where he be join by former u s sen slade gorton in the call for a new vote</lemm>
		<bigrams> 651 652 619 309 660 663 664 230</bigrams>
	</sent>	<sent id="4">
		<raw>"They want a revote to make sure our state has a legitimate governor," Rossi said.</raw>
		<lemm> they want a revote to make sure our state have a legitimate governor   rossi say</lemm>
		<bigrams> 672 677 678 619</bigrams>
	</sent>	<sent id="5">
		<raw>In the initial count of the results and a mandatory recount, both conducted with machine readers, Rossi was declared the winner, in the latter case by 42 votes.</raw>
		<lemm>in the initial count of the result and a mandatory recount  both conduct with machine reader  rossi be declare the winner  in the latter case by @card@ vote</lemm>
		<bigrams> 680 683 688 689 693 56</bigrams>
	</sent>	<sent id="6">
		<raw>That margin, 0.0015 percent, made the race one of the closest statewide contests in U. S. history.</raw>
		<lemm>that margin  @card@ percent  make the race one of the close statewide contest in u s history</lemm>
		<bigrams> 696 552 697 700 701 702</bigrams>
	</sent>	<sent id="7">
		<raw>But Gregoire, taking advantage of a state election law provision for a statewide hand recount of all the ballots, prevailed in the third round, as roughly 2,000 ballots that were not read by the machines helped give her herrazor-thin margin of victory.</raw>
		<lemm>but gregoire  take advantage of a state election law provision for a statewide hand recount of all the ballot  prevail in the third round  as roughly @card@ ballot that be not read by the machine help give her herrazor-thin margin of victory</lemm>
		<bigrams> 707 708 711 712 713 716 471 721 724 727 489 734 735 738</bigrams>
	</sent>	<sent id="8">
		<raw>The Republican secretary of state, Sam Reed, certified her election Dec. 30, but it did not bring legal maneuvering to a close.</raw>
		<lemm>the republican secretary of state  sam reed  certify her election dec @card@  but it do not bring legal maneuvering to a close</lemm>
		<bigrams> 741 99 100 742 745 746 751 752</bigrams>
	</sent>	<sent id="9">
		<raw>In recent days, some Republican poll watchers have emerged to say they saw so-called "provisional" voters being allowed to cast their ballots directly into the election machines, rather than into special envelopes that should have gone to county election boards for certification that the voters were indeed eligible.</raw>
		<lemm>in recent day  some republican poll watcher have emerge to say they see so-called  provisional  voter be allow to cast their ballot directly into the election machine  rather than into special envelope that should have go to county election board for certification that the voter be indeed eligible</lemm>
		<bigrams> 755 758 759 766 767 768 773 776 777 781 787 788 794</bigrams>
	</sent>	<sent id="10">
		<raw>And The Seattle Times and the Seattle Post-Intelligencer, in stories Friday, found at least 25 instances of people who had died before their absentee ballots were mailed, being listed as voting in the election.</raw>
		<lemm>and the seattle times and the seattle post-intelligencer  in story friday  find at least @card@ instance of people who have die before their absentee ballot be mail  be list as voting in the election</lemm>
		<bigrams> 796 798 801 802 805 806 815</bigrams>
	</sent>	<sent id="11">
		<raw>Gregoire said Friday that the election and the recounts had been conducted in a "consummate professional way," and that she saw no evidence of the sort of massive fraud or malfeasance that would be necessary to undo her victory.</raw>
		<lemm>gregoire say friday that the election and the recount have be conduct in a  consummate professional way   and that she see no evidence of the sort of massive fraud or malfeasance that would be necessary to undo her victory</lemm>
		<bigrams> 507 429 829 830 841</bigrams>
	</sent>	<sent id="12">
		<raw>Regarding Rossi's lawsuit, which was filed in conservative-friendly Chelan County, in a rural part of the state, Gregoire said: "I respect the rights of others to file an action in court.</raw>
		<lemm>regard rossi s lawsuit  which be file in conservative-friendly chelan county  in a rural part of the state  gregoire say   i respect the right of other to file an action in court</lemm>
		<bigrams> 850 857 858 861 863 507</bigrams>
	</sent>	<sent id="13">
		<raw>That's their right.</raw>
		<lemm>that be their right</lemm>
		<bigrams></bigrams>
	</sent>	<sent id="14">
		<raw>I have to respect that, I'm the attorney general."</raw>
		<lemm>i have to respect that  i be the attorney general </lemm>
		<bigrams> 299</bigrams>
	</sent>	<sent id="15">
		<raw>The bizarre race has taken so many twists and turns that nobody quite seems to know how it will wind up.</raw>
		<lemm>the bizarre race have take so many twist and turn that nobody quite seem to know how it will wind up</lemm>
		<bigrams> 881 886 891 892</bigrams>
	</sent>	<sent id="16">
		<raw>Some political experts here said it was striking how the two sides had reversed their roles, when Rossi was ahead, Republicans called on Democrats to accept the results and "move on."</raw>
		<lemm>some political expert here say it be strike how the two side have reverse their role  when rossi be ahead  republican call on democrats to accept the result and  move on </lemm>
		<bigrams> 901 909 916 917</bigrams>
	</sent>	<sent id="17">
		<raw>Gregoire and her supporters, planning for an inauguration ceremony in Olympia that Republicans may boycott, are essentially doing the same thing now to the Rossi camp.</raw>
		<lemm>gregoire and her supporter  plan for an inauguration ceremony in olympia that republican may boycott  be essentially do the same thing now to the rossi camp</lemm>
		<bigrams> 927 930 934 935 945</bigrams>
	</sent>	<sent id="18">
		<raw>Lance T. LeLoup, a political science professor at Washington State University, said that Gregoire seemed to hold the upper hand both legally and politically, and that the Republican idea of a revote could set a dangerous precedent.</raw>
		<lemm>lance t leloup  a political science professor at washington state university  say that gregoire seem to hold the upper hand both legally and politically  and that the republican idea of a revote could set a dangerous precedent</lemm>
		<bigrams> 950 951 362 954 955 957 961 967 969 970 973</bigrams>
	</sent>	<sent id="19">
		<raw>"They're doing more to undermine public confidence in the election system than the election did itself," LeLoup said of the Republicans and their lawsuit.</raw>
		<lemm> they be do more to undermine public confidence in the election system than the election do itself   leloup say of the republicans and their lawsuit</lemm>
		<bigrams> 979 980 982 988</bigrams>
	</sent>	<sent id="20">
		<raw>"No matter what they say now, the fact is it is coming across as totally contrary to what the Republicans said about Bush in 2000 and what they said when Rossi was ahead in the count.</raw>
		<lemm> no matter what they say now  the fact be it be come across as totally contrary to what the republicans say about bush in @card@ and what they say when rossi be ahead in the count</lemm>
		<bigrams> 1004 1007 1011</bigrams>
	</sent>	<sent id="21">
		<raw>There's an element of sore-loserism to it."</raw>
		<lemm>there be an element of sore-loserism to it </lemm>
		<bigrams></bigrams>
	</sent>	<sent id="22">
		<raw>The thicket of issues raised in the lawsuit could take weeks to untangle, but on the other hand it might lead a judge in Chelan County to issue an injunction blocking the inauguration, which is what some Republicans seem to be hoping for.</raw>
		<lemm>the thicket of issue raise in the lawsuit could take week to untangle  but on the other hand it might lead a judge in chelan county to issue an injunction block the inauguration  which be what some republicans seem to be hope for</lemm>
		<bigrams> 1030 1033 1034 1035 1044 858 1052 1059</bigrams>
	</sent>	<sent id="23">
		<raw>If that happens, it is simply not clear how quickly the case could be moved along to the state Supreme Court.</raw>
		<lemm>if that happen  it be simply not clear how quickly the case could be move along to the state supreme court</lemm>
		<bigrams> 1072 1074 1076 1077</bigrams>
	</sent>	<sent id="24">
		<raw>Nor is it clear, if an injunction were in effect, just who would serve as the state's governor.</raw>
		<lemm>nor be it clear  if an injunction be in effect  just who would serve as the state s governor</lemm>
		<bigrams> 1087</bigrams>
	</sent>	<sent id="25">
		<raw>But for now, Gregoire remains scheduled to take the oath of office, and she insists she will do so.</raw>
		<lemm>but for now  gregoire remain schedule to take the oath of office  and she insist she will do so</lemm>
		<bigrams> 1093 1094</bigrams>
	</sent>	<sent id="26">
		<raw>The Seattle newspapers found some explanations for the dead voters, while others remained a mystery.</raw>
		<lemm>the seattle newspaper find some explanation for the dead voter  while other remain a mystery</lemm>
		<bigrams> 1103 1104 1110</bigrams>
	</sent>	<sent id="27">
		<raw>One man, who could now be subject to prosecution, confessed to the Post-Intelligencer that he had followed his dying wife's wishes on how she would have wanted her ballot cast, even though she died Sept. 29, well before the election.</raw>
		<lemm>one man  who could now be subject to prosecution  confess to the post-intelligencer that he have follow his die wife s wish on how she would have want her ballot cast  even though she die sept @card@  well before the election</lemm>
		<bigrams> 1116 1124 1132 1143 1144 1145 1148 1149 1150</bigrams>
	</sent>	<sent id="28">
		<raw>She voted, or rather he voted, twice, for Rossi.</raw>
		<lemm>she vote  or rather he vote  twice  for rossi</lemm>
		<bigrams> 1157</bigrams>
	</sent></doc>