<?xml version="1.0" encoding="UTF_8"?>
<doc>	<sent id="0">
		<raw>Fifty-eight days after the election, Christine O. Gregoire was declared the governor-elect of Washington on Thursday, the official winner by an infinitesimal margin after two recounts in a historically close race.</raw>
		<lemm>fifty-eight day after the election  christine o gregoire be declare the governor-elect of washington on thursday  the official winner by an infinitesimal margin after two recount in a historically close race</lemm>
		<bigrams> 0 4 17 21 24 28 29</bigrams>
	</sent>	<sent id="1">
		<raw>Far from conceding and bringing this long election to a close, though, her Republican opponent, Dino Rossi, who earlier led in the Nov. 2 election by 261 votes out of 2.9 million cast and was ahead in the first recount by 42 votes, made it clear that he was not willing to recognize that Washington now has a governor-elect.</raw>
		<lemm>far from concede and bring this long election to a close  though  her republican opponent  dino rossi  who earlier lead in the nov @card@ election by @card@ vote out of @card@ million cast and be ahead in the first recount by @card@ vote  make it clear that he be not willing to recognize that washington now have a governor-elect</lemm>
		<bigrams> 36 40 43 44 45 48 52 53 56 60 61 67 56 69</bigrams>
	</sent>	<sent id="2">
		<raw>He indicated that he was bound to contest the results but announced no specific plans.</raw>
		<lemm>he indicate that he be bind to contest the result but announce no specific plan</lemm>
		<bigrams> 96</bigrams>
	</sent>	<sent id="3">
		<raw>Secretary of State Sam Reed, a Republican who certified the results of the final recount on Thursday, declaring Gregoire, a Democrat, the winner by 129 votes, indicated that he did not expect things to end here.</raw>
		<lemm>secretary of state sam reed  a republican who certify the result of the final recount on thursday  declare gregoire  a democrat  the winner by @card@ vote  indicate that he do not expect thing to end here</lemm>
		<bigrams> 99 100 109 111 112 56 117 121</bigrams>
	</sent>	<sent id="4">
		<raw>Asked if he thought Gregoire would be inaugurated as scheduled on Jan. 12, Reed, said: "I don't have enough information to be able to make an educated guess.</raw>
		<lemm>ask if he think gregoire would be inaugurate as schedule on jan @card@  reed  say   i do n t have enough information to be able to make an educate guess</lemm>
		<bigrams> 128 129 136 137 138 145 153</bigrams>
	</sent>	<sent id="5">
		<raw>I'm not sure what's going to be brought forward."</raw>
		<lemm>i be not sure what be go to be bring forward </lemm>
		<bigrams> 161</bigrams>
	</sent>	<sent id="6">
		<raw>Reed said that while he believed in the accuracy of the election results and had no reason to suspect fraud or misconduct, he said he also believed that Rossi had the right to review the balloting for a possible legal challenge.</raw>
		<lemm>reed say that while he believe in the accuracy of the election result and have no reason to suspect fraud or misconduct  he say he also believe that rossi have the right to review the balloting for a possible legal challenge</lemm>
		<bigrams> 138 169 176 183 196 197</bigrams>
	</sent>	<sent id="7">
		<raw>Rossi, 45, a former state senator and wealthy real estate broker, had sent Gregoire, 57, a letter on Wednesday evening asking her to join him in requesting that the Democratic-controlled Legislature order a new vote for governor.</raw>
		<lemm>rossi  @card@  a former state senator and wealthy real estate broker  have send gregoire  @card@  a letter on wednesday evening ask her to join him in request that the democratic-controlled legislature order a new vote for governor</lemm>
		<bigrams> 198 201 202 205 206 207 210 211 215 216 226 227 230</bigrams>
	</sent>	<sent id="8">
		<raw>She refused, saying on Thursday that the most accurate count of the three conducted was the hand count the Democratic Party requested after an automatic machine recount gave Rossi an edge of only 42 votes.</raw>
		<lemm>she refuse  say on thursday that the most accurate count of the three conduct be the hand count the democratic party request after an automatic machine recount give rossi an edge of only @card@ vote</lemm>
		<bigrams> 234 239 242 246 249 250 254 255 256 257 56</bigrams>
	</sent>	<sent id="9">
		<raw>She said she was moving forward as the state's governor-elect.</raw>
		<lemm>she say she be move forward as the state s governor-elect</lemm>
		<bigrams> 267</bigrams>
	</sent>	<sent id="10">
		<raw>Gregoire stopped short of asking Rossi to concede, saying: "I have been called on many times to concede.</raw>
		<lemm>gregoire stop short of ask rossi to concede  say   i have be call on many time to concede</lemm>
		<bigrams> 273 274 277 280 286</bigrams>
	</sent>	<sent id="11">
		<raw>It's up to Senator Rossi when and if he will."</raw>
		<lemm>it be up to senator rossi when and if he will </lemm>
		<bigrams> 292</bigrams>
	</sent>	<sent id="12">
		<raw>Gregoire, the state attorney general, had a gubernatorial air about her at a televised news conference at the state legislative building in Olympia as she congratulated her opponent for a campaign well run, referred to statehouse reporters by their first names, tackled questions about the budget and raising taxes and alluded to being sworn in next month.</raw>
		<lemm>gregoire  the state attorney general  have a gubernatorial air about her at a televised news conference at the state legislative building in olympia as she congratulate her opponent for a campaign well run  refer to statehouse reporter by their first name  tackle question about the budget and raise tax and allude to be swear in next month</lemm>
		<bigrams> 298 299 302 308 309 312 313 323 324 325 328 332 333 334 340 347</bigrams>
	</sent>	<sent id="13">
		<raw>"I am prepared to take the oath of office," she said.</raw>
		<lemm> i be prepare to take the oath of office   she say</lemm>
		<bigrams></bigrams>
	</sent>	<sent id="14">
		<raw>"Let us come together as one Washington state."</raw>
		<lemm> let us come together as one washington state </lemm>
		<bigrams> 356 357 358 361 362</bigrams>
	</sent>	<sent id="15">
		<raw>Republicans, or any voter who wants to contest the results of the final recount in court, have from now to 10 days after Gregoire is sworn in to contest the election legally.</raw>
		<lemm>republicans  or any voter who want to contest the result of the final recount in court  have from now to @card@ day after gregoire be swear in to contest the election legally</lemm>
		<bigrams> 109 375 378</bigrams>
	</sent>	<sent id="16">
		<raw>Unless the Legislature decides to issue Gregoire her "certificate of election" on another date, Reed said, Republicans have until Jan. 22 to contest the election.</raw>
		<lemm>unless the legislature decide to issue gregoire her  certificate of election  on another date  reed say  republicans have until jan @card@ to contest the election</lemm>
		<bigrams> 381 384 391 392 138 393 136</bigrams>
	</sent></doc>