<?xml version="1.0" encoding="UTF_8"?>
<doc>	<sent id="0">
		<raw>Florida is settled this time around and the country knows who is president, but Washington state residents are still wondering: Who is the new governor?</raw>
		<lemm>florida be settle this time around and the country know who be president  but washington state resident be still wonder  who be the new governor</lemm>
		<bigrams> 2260 2262 362 2266 2268 1164</bigrams>
	</sent>	<sent id="1">
		<raw>"Neck-and-Neck," a phrase that was punctuated with an exclamation point Thursday on the Web site of the Republican candidate, one-time underdog Dino Rossi, is almost an understatement at this point.</raw>
		<lemm> neck-and-neck   a phrase that be punctuate with an exclamation point thursday on the web site of the republican candidate  one-time underdog dino rossi  be almost an understatement at this point</lemm>
		<bigrams> 2277 2278 2280 589 2282 2283 2284 45</bigrams>
	</sent>	<sent id="2">
		<raw>The latest vote tallies in a gubernatorial cliffhanger, whose outcome will be determined by hundreds of thousands of absentee ballots yet to be counted, show Rossi and his Democratic opponent, state Attorney General Christine Gregoire, within a hair of each other.</raw>
		<lemm>the late vote tally in a gubernatorial cliffhanger  whose outcome will be determine by hundred of thousand of absentee ballot yet to be count  show rossi and his democratic opponent  state attorney general christine gregoire  within a hair of each other</lemm>
		<bigrams> 2290 2291 2293 2294 2295 815 2304 2306 2307 2310 2311 298 299 1227 448 2312</bigrams>
	</sent>	<sent id="3">
		<raw>On Thursday evening, Gregoire had 49.45 percent of the vote and Rossi had 48.45 percent.</raw>
		<lemm>on thursday evening  gregoire have @card@ percent of the vote and rossi have @card@ percent</lemm>
		<bigrams> 2318 2319 552 552</bigrams>
	</sent>	<sent id="4">
		<raw>On Wednesday morning, Rossi, 45, a businessman who has a dog named "Dubya" and may be only the latest benefactor of the national Republican renaissance, was ahead by about 800 votes.</raw>
		<lemm>on wednesday morning  rossi  @card@  a businessman who have a dog name  dubya  and may be only the late benefactor of the national republican renaissance  be ahead by about @card@ vote</lemm>
		<bigrams> 2322 2323 198 2327 2328 2333 2335 2336 56</bigrams>
	</sent>	<sent id="5">
		<raw>By Wednesday evening, though, Gregoire, 57, who was favored to win until the final days of the campaign, was ahead by about 14,000 votes.</raw>
		<lemm>by wednesday evening  though  gregoire  @card@  who be favor to win until the final day of the campaign  be ahead by about @card@ vote</lemm>
		<bigrams> 215 2341 2342 211 2349 56</bigrams>
	</sent>	<sent id="6">
		<raw>By Thursday night, Gregoire had widened her lead to 21,234 votes.</raw>
		<lemm>by thursday night  gregoire have widen her lead to @card@ vote</lemm>
		<bigrams> 2353 2354 56</bigrams>
	</sent>	<sent id="7">
		<raw>But there were still 682,645 votes left to count, and the possibility of a recount loomed in a state that has not sent a Republican to its governor's mansion in Olympia since 1980.</raw>
		<lemm>but there be still @card@ vote leave to count  and the possibility of a recount loom in a state that have not send a republican to its governor s mansion in olympia since @card@</lemm>
		<bigrams> 2359 56 2254 2363 2372 1456</bigrams>
	</sent>	<sent id="8">
		<raw>"I have a headache," said Paul Berendt, chairman of the Washington State Democratic Party.</raw>
		<lemm> i have a headache   say paul berendt  chairman of the washington state democratic party</lemm>
		<bigrams> 2374 2375 1517 2376 362 2377 249</bigrams>
	</sent>	<sent id="9">
		<raw>"I never had a tension headache leading up to the election, but I've got one now."</raw>
		<lemm> i never have a tension headache lead up to the election  but i have get one now </lemm>
		<bigrams> 2381 2382 2387</bigrams>
	</sent>	<sent id="10">
		<raw>Gary Locke, the current governor, who decided not to run for re-election last year and threw his support behind Gregoire, said in a telephone interview, "Everybody is on pins and needles."</raw>
		<lemm>gary locke  the current governor  who decide not to run for re-election last year and throw his support behind gregoire  say in a telephone interview   everybody be on pin and needle </lemm>
		<bigrams> 1814 2391 2399 2400 2405 2406 507 2409 2410</bigrams>
	</sent>	<sent id="11">
		<raw>Still, Locke and Berendt said Thursday that they were optimistic, as were officials with the Gregoire campaign, the state's Republican Party chairman and Rossi campaign officials, all of them describing complicated formulas pointing to a win for each side.</raw>
		<lemm>still  locke and berendt say thursday that they be optimistic  as be official with the gregoire campaign  the state s republican party chairman and rossi campaign official  all of them describe complicated formula point to a win for each side</lemm>
		<bigrams> 2415 2418 2419 2427 1258 1515 2431 2432 2436 2437 2438</bigrams>
	</sent>	<sent id="12">
		<raw>The counting of absentee ballots is expected to continue at least through Friday evening.</raw>
		<lemm>the counting of absentee ballot be expect to continue at least through friday evening</lemm>
		<bigrams> 815 2451</bigrams>
	</sent>	<sent id="13">
		<raw>"It's too close to call, but I'd rather be us than them," said Chris Vance, the state Republican Party chairman.</raw>
		<lemm> it be too close to call  but i will rather be us than them   say chris vance  the state republican party chairman</lemm>
		<bigrams> 2178 1597 1257 1258 1515</bigrams>
	</sent>	<sent id="14">
		<raw>Vance added, "When you've got a really good Republican with a lot of money and a really good Democratic with a lot of money, that's what you get: dead even."</raw>
		<lemm>vance add   when you have get a really good republican with a lot of money and a really good democratic with a lot of money  that be what you get  dead even </lemm>
		<bigrams> 2463 2469 2470 2469 2475 2480 2481</bigrams>
	</sent></doc>