<?xml version="1.0" encoding="UTF_8"?>
<doc>	<sent id="0">
		<raw>After a bitter and protracted recount fight in the Washington governor's race, elections officials announced Wednesday that the Democratic candidate, Christine O. Gregoire, was leading her Republican opponent by 10 votes, a minuscule margin but a stunning reversal of the Nov. 2 election results.</raw>
		<lemm>after a bitter and protracted recount fight in the washington governor s race  election official announce wednesday that the democratic candidate  christine o gregoire  be lead her republican opponent by @card@ vote  a minuscule margin but a stunning reversal of the nov @card@ election result</lemm>
		<bigrams> 2028 2029 1811 2031 529 2032 2033 1611 2035 43 56 2041 2043 52 53 169</bigrams>
	</sent>	<sent id="1">
		<raw>The preliminary results elated Democratic Party officials and came only hours after the party scored another victory, when the state Supreme Court agreed with the Democrats' contention that more than 700 newly discovered and erroneously disqualified ballots in heavily Democratic King County should now be counted.</raw>
		<lemm>the preliminary result elate democratic party official and come only hour after the party score another victory  when the state supreme court agree with the democrats  contention that more than @card@ newly discover and erroneously disqualify ballot in heavily democratic king county should now be count</lemm>
		<bigrams> 2046 2047 2048 249 2049 2055 2056 2057 1076 1077 2059 2061 2065 2066 2069 2070 2072 2073 1264</bigrams>
	</sent>	<sent id="2">
		<raw>Since those ballots came from a county where Gregoire, 57, already had a solid lead, the ruling could well allow her to increase her extraordinarily tiny edge in a race that is the closest in state history.</raw>
		<lemm>since those ballot come from a county where gregoire  @card@  already have a solid lead  the ruling could well allow her to increase her extraordinarily tiny edge in a race that be the close in state history</lemm>
		<bigrams> 2078 211 2081 2084 2085 2086 2087 2092 2093 2098</bigrams>
	</sent>	<sent id="3">
		<raw>The day's events dealt a serious blow to state Republicans and Dino Rossi, 45, a real estate executive and former state senator, who had been certified the winner of the Nov. 2 vote after eking out a margin of 261 votes out of almost 3 million cast.</raw>
		<lemm>the day s event deal a serious blow to state republicans and dino rossi  @card@  a real estate executive and former state senator  who have be certify the winner of the nov @card@ vote after eke out a margin of @card@ vote out of almost @card@ million cast</lemm>
		<bigrams> 2102 2105 2108 45 198 206 2111 201 202 52 56 56 2122 60 61</bigrams>
	</sent>	<sent id="4">
		<raw>He later won a machine recount by only 42 votes.</raw>
		<lemm>he later win a machine recount by only @card@ vote</lemm>
		<bigrams> 2124 255 56</bigrams>
	</sent>	<sent id="5">
		<raw>Official results from the manual recount will not be announced until Thursday, after King County reviews the 723 disputed ballots.</raw>
		<lemm>official result from the manual recount will not be announce until thursday  after king county review the @card@ disputed ballot</lemm>
		<bigrams> 2128 1606 1264 2140 2141 2142</bigrams>
	</sent>	<sent id="6">
		<raw>Republicans, who fought hard to keep those ballots out of the tally, were already vowing Wednesday to press election officials to consider several hundred other disqualified ballots cast in other counties.</raw>
		<lemm>republicans  who fight hard to keep those ballot out of the tally  be already vow wednesday to press election official to consider several hundred other disqualify ballot cast in other county</lemm>
		<bigrams> 2145 2153 2154 2156 529 2159 2160 2070 1143</bigrams>
	</sent>	<sent id="7">
		<raw>And whatever the final results, they are almost certain to be contested.</raw>
		<lemm>and whatever the final result  they be almost certain to be contest</lemm>
		<bigrams> 2168 2171</bigrams>
	</sent>	<sent id="8">
		<raw>"This count, this election, is not over," said Chris Vance, the chairman of the state Republican Party.</raw>
		<lemm> this count  this election  be not over   say chris vance  the chairman of the state republican party</lemm>
		<bigrams> 2178 1597 1257 1258</bigrams>
	</sent>	<sent id="9">
		<raw>The Supreme Court, he said, "basically threw the door open to start all over again.</raw>
		<lemm>the supreme court  he say   basically throw the door open to start all over again</lemm>
		<bigrams> 1077 2184 2185 2188</bigrams>
	</sent>	<sent id="10">
		<raw>I think that's crazy."</raw>
		<lemm>i think that be crazy </lemm>
		<bigrams></bigrams>
	</sent>	<sent id="11">
		<raw>Vance said Republicans planned to "show up at 9 a.m." on Thursday "on the doorstep of every county auditor with people whose votes weren't counted for Dino Rossi."</raw>
		<lemm>vance say republican plan to  show up at @card@ a m  on thursday  on the doorstep of every county auditor with people whose vote be n t count for dino rossi </lemm>
		<bigrams> 1633 2195 2196 2208 2209 1533 2212 45</bigrams>
	</sent>	<sent id="12">
		<raw>At a news conference Wednesday afternoon, Gregoire, looking upbeat for the first time since before the election, said she was not personally asking Rossi to concede.</raw>
		<lemm>at a news conference wednesday afternoon  gregoire  look upbeat for the first time since before the election  say she be not personally ask rossi to concede</lemm>
		<bigrams> 309 2217 2218 2219 2220 2221 1621 2223 2225 2227 277</bigrams>
	</sent>	<sent id="13">
		<raw>"I leave the decision about conceding to Mr. Rossi," she said.</raw>
		<lemm> i leave the decision about concede to mr rossi   she say</lemm>
		<bigrams> 2235</bigrams>
	</sent>	<sent id="14">
		<raw>"I have been called on many times to concede."</raw>
		<lemm> i have be call on many time to concede </lemm>
		<bigrams> 286</bigrams>
	</sent>	<sent id="15">
		<raw>Gregoire steered clear of proclaiming victory.</raw>
		<lemm>gregoire steer clear of proclaim victory</lemm>
		<bigrams> 2237 2238 2241</bigrams>
	</sent>	<sent id="16">
		<raw>"It is too early to declare victory," she said.</raw>
		<lemm> it be too early to declare victory   she say</lemm>
		<bigrams> 2246</bigrams>
	</sent>	<sent id="17">
		<raw>"Although we are ahead right now, there are still hundreds of votes left to be counted."</raw>
		<lemm> although we be ahead right now  there be still hundred of vote leave to be count </lemm>
		<bigrams> 2249 2252 2254</bigrams>
	</sent></doc>