<?xml version="1.0" encoding="UTF_8"?>
<doc>	<sent id="0">
		<raw>Two more mine accidents left at least 16 dead and 22 missing in China, state media said Wednesday, continuing a black week for the industry, which has been rattled by four deadly disasters.</raw>
		<lemm>two more mine accident leave at least @card@ dead and @card@ miss in china  state medium say wednesday  continue a black week for the industry  which have be rattle by four deadly disaster</lemm>
		<bigrams> 103 908 474 910 912 914 915 916 917 918 921 930 931</bigrams>
	</sent>	<sent id="1">
		<raw>At least 10 miners were killed and 18 more were missing after a coal mine in southwest China flooded late Tuesday.</raw>
		<lemm>at least @card@ miner be kill and @card@ more be miss after a coal mine in southwest china flood late tuesday</lemm>
		<bigrams> 474 485 12 941 942 943 944</bigrams>
	</sent>	<sent id="2">
		<raw>The tragedy, which happened at the Longtan Coal Mine in Sichuan province, coincided with six people being killed by an unknown gas at an illegal pit in northeast Liaoning province, Xinhua news agency reported.</raw>
		<lemm>the tragedy  which happen at the longtan coal mine in sichuan province  coincide with six people be kill by an unknown gas at an illegal pit in northeast liaoning province  xinhua news agency report</lemm>
		<bigrams> 949 12 951 952 955 959 963 966 967 968 969 970 971</bigrams>
	</sent>	<sent id="3">
		<raw>So far this week, four mine disasters have claimed the lives of at least 60 workers and left 26 others missing.</raw>
		<lemm>so far this week  four mine disaster have claim the life of at least @card@ worker and leave @card@ other missing</lemm>
		<bigrams> 973 974 975 474 981 984</bigrams>
	</sent>	<sent id="4">
		<raw>Survivors are rarely found from the regular gas explosions that rock mines in China, but the chances of finding people alive in floods have proven to be be marginally better.</raw>
		<lemm>survivor be rarely find from the regular gas explosion that rock mine in china  but the chance of find people alive in flood have prove to be be marginally good</lemm>
		<bigrams> 989 992 993 996 1001 1002 1010</bigrams>
	</sent>	<sent id="5">
		<raw>Nine escaped from the molybdenum mine in the Gangtun township of Liaoning and were arrested, Xinhua said, while four were reported missing.</raw>
		<lemm>nine escape from the molybdenum mine in the gangtun township of liaoning and be arrest  xinhua say  while four be report miss</lemm>
		<bigrams> 1011 1014 1016 1022 1023 1028</bigrams>
	</sent>	<sent id="6">
		<raw>Molybdenum is a silvery white metal used in making alloys and electrodes.</raw>
		<lemm>molybdenum be a silvery white metal use in make alloy and electrode</lemm>
		<bigrams> 1032 1033 1034 1037</bigrams>
	</sent>	<sent id="7">
		<raw>While much of China was shut down for the National Day holiday week, the unrelenting demand for coal to drive the country's booming economy and rapid industrialization forces many mines to remain open, around the clock.</raw>
		<lemm>while much of china be shut down for the national day holiday week  the unrelenting demand for coal to drive the country s booming economy and rapid industrialization force many mine to remain open  around the clock</lemm>
		<bigrams> 1046 1047 1048 1051 1057 1060 1061 1062 1063 1065 1066</bigrams>
	</sent>	<sent id="8">
		<raw>It is the voracious demand that results in so many accidents, with safety procedures ignored in the quest for profits.</raw>
		<lemm>it be the voracious demand that result in so many accident  with safety procedure ignore in the quest for profit</lemm>
		<bigrams> 1070 1076 1079 1080</bigrams>
	</sent>	<sent id="9">
		<raw>On Monday, 34 miners were killed and 19 injured in a gas explosion at a pit in the central province of Henan.</raw>
		<lemm>on monday  @card@ miner be kill and @card@ injure in a gas explosion at a pit in the central province of henan</lemm>
		<bigrams> 1085 485 1086 993 1091</bigrams>
	</sent>	<sent id="10">
		<raw>The mine was operated by a large state-run enterprise, the Henan Hebi Coal company, but even it ignored safety procedures, government officials admitted.</raw>
		<lemm>the mine be operate by a large state-run enterprise  the henan hebi coal company  but even it ignore safety procedure  government official admit</lemm>
		<bigrams> 1096 1097 1100 1101 1102 1107 1079 1108 1109 1110</bigrams>
	</sent>	<sent id="11">
		<raw>In a statement Wednesday, the National Bureau of Production Safety Supervision and Administration said problems existed in gas ventilation management and workplace management at the mine as well as production safety.</raw>
		<lemm>in a statement wednesday  the national bureau of production safety supervision and administration say problem exist in gas ventilation management and workplace management at the mine as well as production safety</lemm>
		<bigrams> 1112 111 114 115 548 1114 1115 1118 1119 1122 114</bigrams>
	</sent>	<sent id="12">
		<raw>According to the bureau, the Henan mine was operating with outdated equipment.</raw>
		<lemm>accord to the bureau  the henan mine be operate with outdated equipment</lemm>
		<bigrams> 1126 1129</bigrams>
	</sent>	<sent id="13">
		<raw>It ordered the company, which had assets worth 4.6 billion yuan (567 million dollars) in 2004 and runs eight major mines with annual production at over seven million tons, to close all its pits to check safety equipment.</raw>
		<lemm>it order the company  which have asset worth @card@ billion yuan ( @card@ million dollar ) in @card@ and run eight major mine with annual production at over seven million ton  to close all its pit to check safety equipment</lemm>
		<bigrams> 1134 1135 1136 1137 50 241 48 1138 55 1141 1142 1143 301 1148 1149 1157 1158</bigrams>
	</sent>	<sent id="14">
		<raw>The demands follow an order from Premier Wen Jiabao on Tuesday for mine bosses to do more to prevent accidents.</raw>
		<lemm>the demand follow an order from premier wen jiabao on tuesday for mine boss to do more to prevent accident</lemm>
		<bigrams> 1160 1165 1166 1170 1176</bigrams>
	</sent>	<sent id="15">
		<raw>His comments came after a gas blast in the northwest Xinjiang region at the privately-run Yateur mine, in which 10 workers died and four others remained missing.</raw>
		<lemm>his comment come after a gas blast in the northwest xinjiang region at the privately-run yateur mine  in which @card@ worker die and four other remain miss</lemm>
		<bigrams> 1178 265 1182 1183 1186 1187 981 1188 1193</bigrams>
	</sent>	<sent id="16">
		<raw>Rescuers said there was little hope anyone would be found alive.</raw>
		<lemm>rescuer say there be little hope anyone would be find alive</lemm>
		<bigrams> 1194 1197 1198 1199 1201</bigrams>
	</sent>	<sent id="17">
		<raw>China relies on coal for two-thirds of its energy needs and is not expected to shift significantly to other fuel sources for years to come.</raw>
		<lemm>china rely on coal for two-third of its energy need and be not expect to shift significantly to other fuel source for year to come</lemm>
		<bigrams> 1202 1210 1215 1219</bigrams>
	</sent>	<sent id="18">
		<raw>In an attempt to improve safety, China in August ordered 7,000 coal mines to suspend operations by the end of the year.</raw>
		<lemm>in an attempt to improve safety  china in august order @card@ coal mine to suspend operation by the end of the year</lemm>
		<bigrams> 1227 1228 1230 686 192 12 350</bigrams>
	</sent>	<sent id="19">
		<raw>But critics argue that shutdowns only exacerbate coal shortages and force mines elsewhere to increase capacity at the expense of safety.</raw>
		<lemm>but critic argue that shutdown only exacerbate coal shortage and force mine elsewhere to increase capacity at the expense of safety</lemm>
		<bigrams> 1234 1239 1240 1243 1244 1247</bigrams>
	</sent></doc>