<?xml version="1.0" encoding="UTF_8"?>
<doc>	<sent id="0">
		<raw>Despite government promises to stem the carnage, the death toll in China's disaster-plagued coal mine industry is rising, according to the latest statistics released by the government Friday.</raw>
		<lemm>despite government promise to stem the carnage  the death toll in china s disaster-plagued coal mine industry be rise  accord to the late statistic release by the government friday</lemm>
		<bigrams> 1889 1890 454 1898 12 1774 1900 1902 1903 1905</bigrams>
	</sent>	<sent id="1">
		<raw>The official Xinhua News Agency reported that the industry suffered 2,337 accidents that killed 4,228 people between January and September this year.</raw>
		<lemm>the official xinhua news agency report that the industry suffer @card@ accident that kill @card@ people between january and september this year</lemm>
		<bigrams> 1906 969 970 971 1908 1909 1910 268 329</bigrams>
	</sent>	<sent id="2">
		<raw>According to earlier figures, fires, floods and other accidents in coal mines killed 4,153 people in the first nine months of 2004.</raw>
		<lemm>accord to early figure  fire  flood and other accident in coal mine kill @card@ people in the first nine month of @card@</lemm>
		<bigrams> 1917 1918 1919 12 1451 268 329 1922 1923</bigrams>
	</sent>	<sent id="3">
		<raw>"The government has issued a series of regulations and measures to improve the country's coal mine safety situation," the Xinhua said.</raw>
		<lemm> the government have issue a series of regulation and measure to improve the country s coal mine safety situation   the xinhua say</lemm>
		<bigrams> 12 754 1786 1023</bigrams>
	</sent>	<sent id="4">
		<raw>"However, the situation is still serious."</raw>
		<lemm> however  the situation be still serious </lemm>
		<bigrams> 1880</bigrams>
	</sent>	<sent id="5">
		<raw>By Oct. 10 this year there had been 43 coal mine accidents that killed 10 or more people, Xinhua said.</raw>
		<lemm>by oct @card@ this year there have be @card@ coal mine accident that kill @card@ or more people  xinhua say</lemm>
		<bigrams> 370 192 12 103 268 1932 1023</bigrams>
	</sent>	<sent id="6">
		<raw>China's mines are said to be the most dangerous in the world, with more than 6,000 miners killed last year in fires, explosions, floods, cave-ins and other disasters.</raw>
		<lemm>china s mine be say to be the most dangerous in the world  with more than @card@ miner kill last year in fire  explosion  flood  cave-in and other disaster</lemm>
		<bigrams> 485 1938 1939 172 1942 1943 1944</bigrams>
	</sent>	<sent id="7">
		<raw>The government says it has shut down hundreds of unsafe mines and punished mine owners who put profits ahead of lives.</raw>
		<lemm>the government say it have shut down hundred of unsafe mine and punish mine owner who put profit ahead of life</lemm>
		<bigrams> 1947 1953 1955 124 1958 1959</bigrams>
	</sent>	<sent id="8">
		<raw>The latest statistics were revealed Thursday at a Beijing conference focused on South African coal mine safety technology and equipment, Xinhua said.</raw>
		<lemm>the late statistic be reveal thursday at a beijing conference focus on south african coal mine safety technology and equipment  xinhua say</lemm>
		<bigrams> 1902 1963 1966 1967 1686 1687 12 754 1688 1969 1023</bigrams>
	</sent></doc>