<?xml version="1.0" encoding="UTF_8"?>
<doc>	<sent id="0">
		<raw>China's coal mine safety watchdog has ordered the closing down of at least 4,000 coal mines, the People's Daily reported on Tuesday.</raw>
		<lemm>china s coal mine safety watchdog have order the closing down of at least @card@ coal mine  the people s daily report on tuesday</lemm>
		<bigrams> 12 754 510 474 192 12 812</bigrams>
	</sent>	<sent id="1">
		<raw>The move comes in the wake of a series of coal mine and coal mine-related accidents across the country which claimed dozens of lives between Nov. 3 and 8.</raw>
		<lemm>the move come in the wake of a series of coal mine and coal mine-related accident across the country which claim dozen of life between nov @card@ and @card@</lemm>
		<bigrams> 815 12 823 824 456 828 353</bigrams>
	</sent>	<sent id="2">
		<raw>Zhao Tiechui, director of the National Bureau of Production Safety Supervision and Administration, revealed on Monday that so far, 12,148 coal mines have been ordered to suspend production for rectification.</raw>
		<lemm>zhao tiechui  director of the national bureau of production safety supervision and administration  reveal on monday that so far  @card@ coal mine have be order to suspend production for rectification</lemm>
		<bigrams> 834 835 111 114 115 836 841 192 12 844</bigrams>
	</sent>	<sent id="3">
		<raw>Among them, 1,870 were closed for safety reasons.</raw>
		<lemm>among them  @card@ be close for safety reason</lemm>
		<bigrams> 850</bigrams>
	</sent>	<sent id="4">
		<raw>Coal is the major energy resource in China, covering 67 percent of the country's consumption structure of all primary energy resources.</raw>
		<lemm>coal be the major energy resource in china  cover @card@ percent of the country s consumption structure of all primary energy resource</lemm>
		<bigrams> 853 854 856 857 168 860 864 854</bigrams>
	</sent>	<sent id="5">
		<raw>In recent years, the Chinese government has issued a series of regulations and measures to improve coal mine safety.</raw>
		<lemm>in recent year  the chinese government have issue a series of regulation and measure to improve coal mine safety</lemm>
		<bigrams> 866 869 876 12 754</bigrams>
	</sent>	<sent id="6">
		<raw>But, the situation is still grave.</raw>
		<lemm>but  the situation be still grave</lemm>
		<bigrams> 881</bigrams>
	</sent>	<sent id="7">
		<raw>Official statistics said that from January to September this year, 4,228 people were killed in 2,337 coal mine accidents.</raw>
		<lemm>official statistic say that from january to september this year  @card@ people be kill in @card@ coal mine accident</lemm>
		<bigrams> 882 883 167 329 192 12 103</bigrams>
	</sent>	<sent id="8">
		<raw>Up to Oct. 10, there were 43 major accidents nationwide.</raw>
		<lemm>up to oct @card@  there be @card@ major accident nationwide</lemm>
		<bigrams> 370 898 899 900</bigrams>
	</sent>	<sent id="9">
		<raw>A major accident means more than 10 deaths at one time.</raw>
		<lemm>a major accident mean more than @card@ death at one time</lemm>
		<bigrams> 899 901 475 905</bigrams>
	</sent></doc>