<?xml version="1.0" encoding="UTF_8"?>
<doc>	<sent id="0">
		<raw>A total of 4,578 officials nationwide have admitted they have stakes in coal mines, with total capital of 653 million yuan.</raw>
		<lemm>a total of @card@ official nationwide have admit they have stake in coal mine  with total capital of @card@ million yuan</lemm>
		<bigrams> 0 356 12 364 48 49</bigrams>
	</sent>	<sent id="1">
		<raw>Some 473 million yuan have been withdrawn by Oct. 20.</raw>
		<lemm>some @card@ million yuan have be withdraw by oct @card@</lemm>
		<bigrams> 48 49 370</bigrams>
	</sent>	<sent id="2">
		<raw>It was announced by Chen Changzhi, vice Minister of Supervision, on Tuesday at a press conference jointly organized by the Central Commission for Discipline Inspection of the Communist Party of China (CPC), Ministry of Supervision, the Commission for Supervision and Management of State-owned Properties and the National Bureau of Production Safety Supervision and Administration.</raw>
		<lemm>it be announce by chen changzhi  vice minister of supervision  on tuesday at a press conference jointly organize by the central commission for discipline inspection of the communist party of china ( cpc )  ministry of supervision  the commission for supervision and management of state-owned properties and the national bureau of production safety supervision and administration</lemm>
		<bigrams> 375 376 377 385 386 387 391 394 397 400 401 402 403 411 111 114 115</bigrams>
	</sent>	<sent id="3">
		<raw>Forcing officials to withdraw investment in coal mines is widely regarded as an important step to curb frequent coal mine accidents.</raw>
		<lemm>force official to withdraw investment in coal mine be widely regard as an important step to curb frequent coal mine accident</lemm>
		<bigrams> 414 416 12 418 422 425 102 12 103</bigrams>
	</sent>	<sent id="4">
		<raw>Investigation showed that a large number of coal mine accidents occurred because unlawful and unsafe coal mines were given a green light to operate by local governments after officials obtained stakes in the coal mines.</raw>
		<lemm>investigation show that a large number of coal mine accident occur because unlawful and unsafe coal mine be give a green light to operate by local government after official obtain stake in the coal mine</lemm>
		<bigrams> 426 429 12 103 199 436 12 440 444 447 448 12</bigrams>
	</sent>	<sent id="5">
		<raw>In the first eight months, the death toll of coal mine accidents across China rose 8.5 percent from the same period last year.</raw>
		<lemm>in the first eight month  the death toll of coal mine accident across china rise @card@ percent from the same period last year</lemm>
		<bigrams> 450 451 454 12 103 456 457 458 459 168 464 172</bigrams>
	</sent>	<sent id="6">
		<raw>In particular, the death toll of major coal mine accidents, defined as having cost at least 10 deaths, went up 168.2 percent compared with the same period last year.</raw>
		<lemm>in particular  the death toll of major coal mine accident  define as have cost at least @card@ death  go up @card@ percent compare with the same period last year</lemm>
		<bigrams> 454 22 12 103 468 474 475 476 168 479 464 172</bigrams>
	</sent>	<sent id="7">
		<raw>On March 14, 18 miners died in a coal mine explosion in Qitaihe County of northeast China's Heilongjiang Province.</raw>
		<lemm>on march @card@  @card@ miner die in a coal mine explosion in qitaihe county of northeast china s heilongjiang province</lemm>
		<bigrams> 483 484 485 486 12 490 493 496 498</bigrams>
	</sent>	<sent id="8">
		<raw>Police found that the coal mine owner was actually a deputy director of the local work safety watchdog.</raw>
		<lemm>police find that the coal mine owner be actually a deputy director of the local work safety watchdog</lemm>
		<bigrams> 499 12 124 506 508 509 510</bigrams>
	</sent>	<sent id="9">
		<raw>In August, China issued a circular requiring all officials who had invested in coal mines to retract stakes.</raw>
		<lemm>in august  china issue a circular require all official who have invest in coal mine to retract stake</lemm>
		<bigrams> 512 59 62 12 519</bigrams>
	</sent>	<sent id="10">
		<raw>Five inspection groups, dispatched by the central government, went to 10 provinces to oversee officials to retract their stakes in coal mines.</raw>
		<lemm>five inspection group  dispatch by the central government  go to @card@ province to oversee official to retract their stake in coal mine</lemm>
		<bigrams> 520 521 522 524 525 528 531 12</bigrams>
	</sent>	<sent id="11">
		<raw>Special leading groups were set up in every province, responsible for handling registration of officials' stakes in coal mines.</raw>
		<lemm>special lead group be set up in every province  responsible for handle registration of official  stake in coal mine</lemm>
		<bigrams> 533 534 540 541 544 547 12</bigrams>
	</sent>	<sent id="12">
		<raw>Li Yizhong, director of the National Bureau of Production Safety Supervision and Administration, said "The deals between power and money, conducted by coal mine owners in collusion with local officials, were unbearably rampant."</raw>
		<lemm>li yizhong  director of the national bureau of production safety supervision and administration  say  the deal between power and money  conduct by coal mine owner in collusion with local official  be unbearably rampant </lemm>
		<bigrams> 106 107 111 114 115 548 554 12 124 138 562</bigrams>
	</sent>	<sent id="13">
		<raw>Some officials bought coal mine stakes to obtain bonuses, some acted as coal mine owners themselves, some accepted bribes from coal mine owners when issuing coal mine operation permits, some acted as protective shields for coal mine owners after accepting bribes and some helped coal mine owners hide death tolls when accidents occurred, Li said.</raw>
		<lemm>some official buy coal mine stake to obtain bonus  some act as coal mine owner themselves  some accept bribe from coal mine owner when issue coal mine operation permit  some act as protective shield for coal mine owner after accept bribe and some help coal mine owner hide death toll when accident occur  li say</lemm>
		<bigrams> 563 564 12 565 568 12 124 576 12 124 581 12 582 583 586 12 124 576 594 12 124 595 596 454 199 599 600</bigrams>
	</sent>	<sent id="14">
		<raw>Chen said officials who refused to register their stakes in coal mines within the required time limit or pretended to withdraw stakes but actually still held the stakes, would be removed from their posts.</raw>
		<lemm>chen say official who refuse to register their stake in coal mine within the required time limit or pretend to withdraw stake but actually still hold the stake  would be remove from their post</lemm>
		<bigrams> 601 602 12 606 609 610 614 617 618 621</bigrams>
	</sent>	<sent id="15">
		<raw>Li disclosed that citizens who offer important clues on illegal investment by officials in coal mines will be awarded, in order to stimulate citizens to play a bigger role in combating government corruption.</raw>
		<lemm>li disclose that citizen who offer important clue on illegal investment by official in coal mine will be award  in order to stimulate citizen to play a big role in combat government corruption</lemm>
		<bigrams> 622 627 628 86 12 637 642 645 646</bigrams>
	</sent></doc>