<?xml version="1.0" encoding="UTF_8"?>
<doc>	<sent id="0">
		<raw>Violation of safety rules was attributed to Sunday's deadly colliery gas blast that killed 16 persons in Taiyuan of Shanxi Province, investigators said here Tuesday.</raw>
		<lemm>violation of safety rule be attribute to sunday s deadly colliery gas blast that kill @card@ person in taiyuan of shanxi province  investigator say here tuesday</lemm>
		<bigrams> 256 263 264 265 268 269 19 274 275</bigrams>
	</sent>	<sent id="1">
		<raw>The accident happened at Taiping Coal Mine of Qingxu County, when 25 persons were working underground.</raw>
		<lemm>the accident happen at taiping coal mine of qingxu county  when @card@ person be work underground</lemm>
		<bigrams> 279 282 12 285 269 290</bigrams>
	</sent>	<sent id="2">
		<raw>Mine of them managed to escape.</raw>
		<lemm>mine of them manage to escape</lemm>
		<bigrams></bigrams>
	</sent>	<sent id="3">
		<raw>The small township coal mine, with an annual production capacity of 60,000 tons, has all valid documents for production.</raw>
		<lemm>the small township coal mine  with an annual production capacity of @card@ ton  have all valid document for production</lemm>
		<bigrams> 296 297 12 301 302 304 308</bigrams>
	</sent>	<sent id="4">
		<raw>Shanxi is the biggest coal production base in China.</raw>
		<lemm>shanxi be the big coal production base in china</lemm>
		<bigrams> 314 315 316</bigrams>
	</sent>	<sent id="5">
		<raw>In the provincial capital of Taiyuan alone, 28 coal mine accidents have happened so far this year, killing 53 people.</raw>
		<lemm>in the provincial capital of taiyuan alone  @card@ coal mine accident have happen so far this year  kill @card@ people</lemm>
		<bigrams> 318 321 322 192 12 103 328 268 329</bigrams>
	</sent>	<sent id="6">
		<raw>With an aim to halt the repeated coal mine accidents, the city government has ordered all the 84 coal mines and 319 mine shafts in the city to suspend operation before Nov. 10 for rectification.</raw>
		<lemm>with an aim to halt the repeated coal mine accident  the city government have order all the @card@ coal mine and @card@ mine shaft in the city to suspend operation before nov @card@ for rectification</lemm>
		<bigrams> 335 12 103 338 192 12 345 346 350 353</bigrams>
	</sent></doc>