<?xml version="1.0" encoding="UTF_8"?>
<doc>	<sent id="0">
		<raw>Jan. 15, 1974: Joseph Otero, 38, and his wife, Julie, 34, are strangled in their home along with two of their children, Josephine, 11, and Joseph II, 9.</raw>
		<lemm>jan @card@  @card@  joseph otero  @card@  and his wife  julie  @card@  be strangle in their home along with two of their child  josephine  @card@  and joseph ii  @card@</lemm>
		<bigrams> 2526 2527 2528 325 326 328 329 2531 2534 2535 2537 2538</bigrams>
	</sent>	<sent id="1">
		<raw>April 4, 1974: Kathryn Bright, 21, is stabbed to death in her home.</raw>
		<lemm>april @card@  @card@  kathryn bright  @card@  be stab to death in her home</lemm>
		<bigrams> 729 2527 2539 2540 2541</bigrams>
	</sent>	<sent id="2">
		<raw>Police later conclude she was a BTK victim.</raw>
		<lemm>police later conclude she be a btk victim</lemm>
		<bigrams> 2548 2549 2553</bigrams>
	</sent>	<sent id="3">
		<raw>October 1974: The Wichita Eagle-Beacon gets a letter from someone taking responsibility for the Otero family killing and including crime scene details.</raw>
		<lemm>october @card@  the wichita eagle-beacon get a letter from someone take responsibility for the otero family kill and include crime scene detail</lemm>
		<bigrams> 2197 2555 2556 2560 2561 835 2563 2566 2567 2568</bigrams>
	</sent>	<sent id="4">
		<raw>March 17, 1977: Shirley Vian, 24, is found tied up and strangled at her home.</raw>
		<lemm>march @card@  @card@  shirley vian  @card@  be find tie up and strangle at her home</lemm>
		<bigrams> 691 2527 2569 2570 2571 2573</bigrams>
	</sent>	<sent id="5">
		<raw>Dec. 8, 1977: Nancy Fox, 25, is found tied up and strangled in her home.</raw>
		<lemm>dec @card@  @card@  nancy fox  @card@  be find tie up and strangle in her home</lemm>
		<bigrams> 2577 2527 2578 451 2579 2573</bigrams>
	</sent>	<sent id="6">
		<raw>The killer's voice is captured on tape when he calls a dispatcher to report the crime.</raw>
		<lemm>the killer s voice be capture on tape when he call a dispatcher to report the crime</lemm>
		<bigrams></bigrams>
	</sent>	<sent id="7">
		<raw>Jan. 31, 1978: A poem referring to the Vian killing is sent to The Wichita Eagle-Beacon.</raw>
		<lemm>jan @card@  @card@  a poem refer to the vian killing be send to the wichita eagle-beacon</lemm>
		<bigrams> 2526 2527 2592 2594 2555</bigrams>
	</sent>	<sent id="8">
		<raw>Feb. 10, 1978: A letter from BTK is sent to KAKE-TV claiming responsibility for the deaths of Vian and Fox, as well as another unnamed victim.</raw>
		<lemm>feb @card@  @card@  a letter from btk be send to kake-tv claim responsibility for the death of vian and fox  as well as another unnamed victim</lemm>
		<bigrams> 2598 2527 2600 2601 2608 2609</bigrams>
	</sent>	<sent id="9">
		<raw>Police Chief Richard LaMunyon announces a serial killer is at large and has threatened to strike again.</raw>
		<lemm>police chief richard lamunyon announce a serial killer be at large and have threaten to strike again</lemm>
		<bigrams> 44 2610 578 2611 5</bigrams>
	</sent>	<sent id="10">
		<raw>Aug. 15, 1979: Police get more than 100 tips in the first day of radio and TV broadcasts that repeat the voice of the BTK strangler from the 1977 recording.</raw>
		<lemm>aug @card@  @card@  police get more than @card@ tip in the first day of radio and tv broadcast that repeat the voice of the btk strangler from the @card@ recording</lemm>
		<bigrams> 2621 2527 2622 2623 2626 2628 2633 1707 2641</bigrams>
	</sent>	<sent id="11">
		<raw>April 28, 1979: BTK waits inside a home, but leaves before the 63-year-old woman who lives there returns.</raw>
		<lemm>april @card@  @card@  btk wait inside a home  but leave before the 63-year-old woman who live there return</lemm>
		<bigrams> 729 2527 2226 2642 2643 2649</bigrams>
	</sent>	<sent id="12">
		<raw>He later sends her a letter letting her know he was there.</raw>
		<lemm>he later send her a letter let her know he be there</lemm>
		<bigrams> 2654 2657</bigrams>
	</sent>	<sent id="13">
		<raw>Sept. 16, 1986: Vicki Wegerle, 28, is strangled in her home.</raw>
		<lemm>sept @card@  @card@  vicki wegerle  @card@  be strangle in her home</lemm>
		<bigrams> 2662 2527 2663 2239 2664</bigrams>
	</sent>	<sent id="14">
		<raw>March 19, 2004: A letter arrives at The Wichita Eagle containing a photocopy of Wegerle's driver's license and photos of her body.</raw>
		<lemm>march @card@  @card@  a letter arrive at the wichita eagle contain a photocopy of wegerle s driver be license and photo of her body</lemm>
		<bigrams> 691 2527 2665 2232 2233</bigrams>
	</sent>	<sent id="15">
		<raw>Police link it to BTK.</raw>
		<lemm>police link it to btk</lemm>
		<bigrams> 2679</bigrams>
	</sent>	<sent id="16">
		<raw>Feb. 26, 2005: After receiving several more letters, authorities announce the arrest of BTK.</raw>
		<lemm>feb @card@  @card@  after receive several more letter  authority announce the arrest of btk</lemm>
		<bigrams> 2598 2527 2683 2686 602</bigrams>
	</sent></doc>