<?xml version="1.0" encoding="UTF_8"?>
<doc>	<sent id="0">
		<raw>A 31-year manhunt for a serial killer who taunted police with letters about his crimes ended when authorities said they finally caught up with the man who called himself BTK and linked him to at least 10 murders.</raw>
		<lemm>a 31-year manhunt for a serial killer who taunt police with letter about his crime end when authority say they finally catch up with the man who call himself btk and link him to at least @card@ murder</lemm>
		<bigrams> 1 5 8 14 17 20 35 36</bigrams>
	</sent>	<sent id="1">
		<raw>"The bottom line: BTK is arrested," Wichita Police Chief Norman Williams said Saturday, setting off applause from a crowd that included family members of some of the victims.</raw>
		<lemm> the bottom line  btk be arrest   wichita police chief norman williams say saturday  set off applause from a crowd that include family member of some of the victim</lemm>
		<bigrams> 38 39 42 43 44 45 46 47 48 49 57 58</bigrams>
	</sent>	<sent id="2">
		<raw>The suspect was identified as Dennis L. Rader, a 59-year-old city worker in nearby Park City, who was arrested Friday.</raw>
		<lemm>the suspect be identify as dennis l rader  a 59-year-old city worker in nearby park city  who be arrest friday</lemm>
		<bigrams> 69 70 73 74 77 78 81</bigrams>
	</sent>	<sent id="3">
		<raw>Police did not say how they identified Rader as a suspect or whether he has said anything since his arrest.</raw>
		<lemm>police do not say how they identify rader as a suspect or whether he have say anything since his arrest</lemm>
		<bigrams> 88 97 98</bigrams>
	</sent>	<sent id="4">
		<raw>Then the killer resurfaced about a year ago after 25 years of silence.</raw>
		<lemm>then the killer resurface about a year ago after @card@ year of silence</lemm>
		<bigrams> 103 107 110</bigrams>
	</sent>	<sent id="5">
		<raw>He had been linked to eight slayings between 1974 and 1986, but police said Saturday they had identified two more, from 1985 and 1991.</raw>
		<lemm>he have be link to eight slaying between @card@ and @card@  but police say saturday they have identify two more  from @card@ and @card@</lemm>
		<bigrams> 117 124 48 128</bigrams>
	</sent>	<sent id="6">
		<raw>Rader, a Cub Scout leader who was active at his Lutheran church, lived with his wife, neighbors said.</raw>
		<lemm>rader  a cub scout leader who be active at his lutheran church  live with his wife  neighbor say</lemm>
		<bigrams> 133 134 140 141 145 146</bigrams>
	</sent>	<sent id="7">
		<raw>Public records indicate they have two grown children.</raw>
		<lemm>public record indicate they have two grown child</lemm>
		<bigrams> 147 148 151 152</bigrams>
	</sent>	<sent id="8">
		<raw>Messages left for family members were not returned on Saturday, and no one answered the door at the home of his in-laws.</raw>
		<lemm>message leave for family member be not return on saturday  and no one answer the door at the home of his in-law</lemm>
		<bigrams> 153 58 164</bigrams>
	</sent>	<sent id="9">
		<raw>A few neighbors recalled receiving small favors from Rader, but most interviewed Saturday said the municipal codes enforcement supervisor was an unpleasant man who often went looking for reasons to cite his neighbors for violations of city codes.</raw>
		<lemm>a few neighbor recall receive small favors from rader  but most interview saturday say the municipal code enforcement supervisor be an unpleasant man who often go look for reason to cite his neighbor for violation of city code</lemm>
		<bigrams> 175 176 177 178 184 185 188 189 190 194 196 197 208</bigrams>
	</sent>	<sent id="10">
		<raw>"A part of me was scared when I heard, because I talked to him.</raw>
		<lemm> a part of me be scare when i hear  because i talk to him</lemm>
		<bigrams></bigrams>
	</sent>	<sent id="11">
		<raw>It's a little creepy," said Chris Yoder, 23, who once lived nearby.</raw>
		<lemm>it be a little creepy   say chris yoder  @card@  who once live nearby</lemm>
		<bigrams> 225 226 227 228 229 233</bigrams>
	</sent>	<sent id="12">
		<raw>Rader has yet to be charged, but a jubilant collection of law enforcers and community leaders told the crowd in City Council chambers they were confident the long-running case could now be closed.</raw>
		<lemm>rader have yet to be charge  but a jubilant collection of law enforcer and community leader tell the crowd in city council chamber they be confident the long-running case could now be close</lemm>
		<bigrams> 242 245 248 249 254 255 261 262</bigrams>
	</sent>	<sent id="13">
		<raw>Rader was being held at an undisclosed location, and it was not immediately clear if he had a lawyer.</raw>
		<lemm>rader be be hold at an undisclosed location  and it be not immediately clear if he have a lawyer</lemm>
		<bigrams> 272 276</bigrams>
	</sent>	<sent id="14">
		<raw>In Kansas, suspects generally appear before a judge for a status hearing within 48 hours of their arrest.</raw>
		<lemm>in kansas  suspect generally appear before a judge for a status hearing within @card@ hour of their arrest</lemm>
		<bigrams> 282 283 284 290 291 292 293</bigrams>
	</sent>	<sent id="15">
		<raw>Prosecutor Nola Foulston said the death penalty would not apply to any crime committed before 1994, when the death penalty was introduced in Kansas.</raw>
		<lemm>prosecutor nola foulston say the death penalty would not apply to any crime commit before @card@  when the death penalty be introduce in kansas</lemm>
		<bigrams> 297 298 299 301 302 308 301</bigrams>
	</sent>	<sent id="16">
		<raw>The BTK slayings began in 1974 with the strangulations of Joseph Otero, 38, his wife, Julie, 34, and their two children.</raw>
		<lemm>the btk slaying begin in @card@ with the strangulation of joseph otero  @card@  his wife  julie  @card@  and their two child</lemm>
		<bigrams> 317 318 325 326 328 329 332</bigrams>
	</sent>	<sent id="17">
		<raw>The six victims that followed were all women, and most were strangled.</raw>
		<lemm>the six victim that follow be all woman  and most be strangle</lemm>
		<bigrams> 334</bigrams>
	</sent>	<sent id="18">
		<raw>Along with his grisly crimes, the killer terrorized Wichita by sending rambling letters to the media, including one in which he named himself BTK for "Bind them, Torture them, Kill them."</raw>
		<lemm>along with his grisly crime  the killer terrorize wichita by send ramble letter to the medium  include one in which he name himself btk for  bind them  torture them  kill them </lemm>
		<bigrams> 346 348 349 352 353 357 358</bigrams>
	</sent>	<sent id="19">
		<raw>In another he complained, "How many do I have to kill before I get my name in the paper or some national attention?"</raw>
		<lemm>in another he complain   how many do i have to kill before i get my name in the paper or some national attention </lemm>
		<bigrams> 392</bigrams>
	</sent>	<sent id="20">
		<raw>But he stopped communicating in 1979 and remained silent for more than two decades before re-establishing contact last March with a letter to a newspaper about an unsolved 1986 killing.</raw>
		<lemm>but he stop communicate in @card@ and remain silent for more than two decade before re-establish contact last march with a letter to a newspaper about an unsolved @card@ killing</lemm>
		<bigrams> 395 398 403 406 407 408 417 418</bigrams>
	</sent>	<sent id="21">
		<raw>Since then, the killer had sent at least eight letters to the media or police, including three packages containing jewelry that police believed may have been taken from BTK's victims.</raw>
		<lemm>since then  the killer have send at least eight letter to the medium or police  include three package contain jewelry that police believe may have be take from btk s victim</lemm>
		<bigrams> 423 424 427 428 429 430 431 434 435</bigrams>
	</sent>	<sent id="22">
		<raw>One letter contained the driver's license of victim Nancy Fox.</raw>
		<lemm>one letter contain the driver s license of victim nancy fox</lemm>
		<bigrams> 442 443 450 451</bigrams>
	</sent>	<sent id="23">
		<raw>The new letters sent chills through Wichita but also rekindled hope that modern forensic science could find some clue that would finally lead police to the killer.</raw>
		<lemm>the new letter send chill through wichita but also rekindle hope that modern forensic science could find some clue that would finally lead police to the killer</lemm>
		<bigrams> 453 454 455 460 461 464 465 466 467 472 473 474</bigrams>
	</sent>	<sent id="24">
		<raw>Thousands of tips poured in, and the Kansas Bureau of Investigation gathered thousands of DNA swabs in connection with the BTK investigation.</raw>
		<lemm>thousand of tip pour in  and the kansas bureau of investigation gather thousand of dna swab in connection with the btk investigation</lemm>
		<bigrams> 478 483 486 487 489 493</bigrams>
	</sent>	<sent id="25">
		<raw>In the end, DNA evidence was the key to cracking the case, said Kansas Gov.</raw>
		<lemm>in the end  dna evidence be the key to crack the case  say kansas gov </lemm>
		<bigrams> 495 496 504 505 506</bigrams>
	</sent>	<sent id="26">
		<raw>Kathleen Sebelius.</raw>
		<lemm>kathleen sebelius</lemm>
		<bigrams> 507</bigrams>
	</sent>	<sent id="27">
		<raw>"The way they made the link was some DNA evidence, that they had some DNA connection to the guy who they arrested," Sebelius said in an interview with The Associated Press.</raw>
		<lemm> the way they make the link be some dna evidence  that they have some dna connection to the guy who they arrest   sebelius say in an interview with the associated press</lemm>
		<bigrams> 496 519 525 526 532</bigrams>
	</sent>	<sent id="28">
		<raw>She did not elaborate.</raw>
		<lemm>she do not elaborate</lemm>
		<bigrams></bigrams>
	</sent>	<sent id="29">
		<raw>Authorities, who generally declined to answer questions in detail after announcing the arrest, had little to say about why BTK resurfaced after years without contact.</raw>
		<lemm>authority  who generally decline to answer question in detail after announce the arrest  have little to say about why btk resurface after year without contact</lemm>
		<bigrams> 537 540 554 557 558</bigrams>
	</sent>	<sent id="30">
		<raw>"It is possible something in his life has changed.</raw>
		<lemm> it be possible something in his life have change</lemm>
		<bigrams> 560</bigrams>
	</sent>	<sent id="31">
		<raw>I think he felt the need to get his story out," said Richard LaMunyon, Wichita's police chief from 1963 to 1989.</raw>
		<lemm>i think he feel the need to get his story out   say richard lamunyon  wichita s police chief from @card@ to @card@</lemm>
		<bigrams> 577 578 579 44</bigrams>
	</sent></doc>