<?xml version="1.0" encoding="UTF_8"?>
<doc>	<sent id="0">
		<raw>Dennis Rader, the man police believe is the BTK serial killer, hid for more than 30 years in plain sight.</raw>
		<lemm>dennis rader  the man police believe be the btk serial killer  hide for more than @card@ year in plain sight</lemm>
		<bigrams> 606 1050 434 1052 5 2687 110 2691</bigrams>
	</sent>	<sent id="1">
		<raw>He lived in this suburb of Wichita, the city he is suspected of terrorizing, with a wife and two children.</raw>
		<lemm>he live in this suburb of wichita  the city he be suspect of terrorize  with a wife and two child</lemm>
		<bigrams> 332</bigrams>
	</sent>	<sent id="2">
		<raw>He led a Cub Scout troop and was active in his Lutheran church.</raw>
		<lemm>he lead a cub scout troop and be active in his lutheran church</lemm>
		<bigrams> 133 2704 140</bigrams>
	</sent>	<sent id="3">
		<raw>As an ordinance enforcement officer for the local government, he could be seen measuring grass in a front yard with a tape measure to see if it was too long, a neighbor said.</raw>
		<lemm>as an ordinance enforcement officer for the local government  he could be see measure grass in a front yard with a tape measure to see if it be too long  a neighbor say</lemm>
		<bigrams> 1072 1073 2707 1090 1091 1094 1097 146</bigrams>
	</sent>	<sent id="4">
		<raw>On Saturday, police identified Rader as a suspect in the BTK killings and announced an end to their 31-year manhunt.</raw>
		<lemm>on saturday  police identify rader as a suspect in the btk killing and announce an end to their 31-year manhunt</lemm>
		<bigrams> 2713 2714 88 2716 1</bigrams>
	</sent>	<sent id="5">
		<raw>Although no charges have been filed, a jubilant collection of law enforcers and community leaders told a cheering crowd they were confident the long-running case could now be closed.</raw>
		<lemm>although no charge have be file  a jubilant collection of law enforcer and community leader tell a cheer crowd they be confident the long-running case could now be close</lemm>
		<bigrams> 242 245 248 249 2730 261 262</bigrams>
	</sent>	<sent id="6">
		<raw>Officials also said they connected two more deaths to BTK, a self-coined nickname that stands for "Bind, Torture, Kill", bringing his total to at least 10.</raw>
		<lemm>official also say they connect two more death to btk  a self-coined nickname that stand for  bind  torture  kill   bring his total to at least @card@</lemm>
		<bigrams> 2732 2733 2735 1135 674 675 2741 35</bigrams>
	</sent>	<sent id="7">
		<raw>BTK stoked fears throughout the 1970s in Wichita, a manufacturing center with 350,000 residents, with his grisly crimes and letters sent to police and media.</raw>
		<lemm>btk stoke fear throughout the 1970s in wichita  a manufacturing center with @card@ resident  with his grisly crime and letter send to police and medium</lemm>
		<bigrams> 2745 2746 2747 2753 2756 346 454</bigrams>
	</sent>	<sent id="8">
		<raw>The killer stopped writing in the late 1970s but resurfaced about a year ago with a letter giving details of a 1986 slaying that had not previously linked to BTK.</raw>
		<lemm>the killer stop write in the late 1970s but resurface about a year ago with a letter give detail of a @card@ slaying that have not previously link to btk</lemm>
		<bigrams> 2761 2762 2765 107 2768 2769 2771 2775</bigrams>
	</sent>	<sent id="9">
		<raw>In Park City, the suspect's neighbors said he helped elderly neighbors with yard work but described him as an unpleasant man who often went looking for reasons to cite his neighbors for violations of city codes.</raw>
		<lemm>in park city  the suspect s neighbor say he help elderly neighbor with yard work but describe him as an unpleasant man who often go look for reason to cite his neighbor for violation of city code</lemm>
		<bigrams> 78 146 1120 1121 1124 194 196 197 208</bigrams>
	</sent>	<sent id="10">
		<raw>Bill Lindsay, 38, lived behind Rader and said his wife caught Rader in their adjoining backyards filming the back of their house.</raw>
		<lemm>bill lindsay  @card@  live behind rader and say his wife catch rader in their adjoining backyard film the back of their house</lemm>
		<bigrams> 1241 1242 1243 1244 1245 1253 1104 1256 1257</bigrams>
	</sent>	<sent id="11">
		<raw>"He really acted really funny," said Lindsay, a truck driver.</raw>
		<lemm> he really act really funny   say lindsay  a truck driver</lemm>
		<bigrams> 1263 1264 1265 1266 1267 1270</bigrams>
	</sent>	<sent id="12">
		<raw>Jason Day, 28, said his brother was in Rader's Cub Scout pack at the nearby Park City Baptist Church, but their mother pulled him out because of Rader.</raw>
		<lemm>jason day  @card@  say his brother be in rader s cub scout pack at the nearby park city baptist church  but their mother pull him out because of rader</lemm>
		<bigrams> 1302 1303 2781 133 1328 77 78 1331 1332 1336</bigrams>
	</sent>	<sent id="13">
		<raw>"It was his demeanor," he said.</raw>
		<lemm> it be his demeanor   he say</lemm>
		<bigrams></bigrams>
	</sent>	<sent id="14">
		<raw>"He was so strange."</raw>
		<lemm> he be so strange </lemm>
		<bigrams></bigrams>
	</sent>	<sent id="15">
		<raw>Messages left for Rader's family members were not returned on Saturday, and no one answered the door at the home of his in-laws.</raw>
		<lemm>message leave for rader s family member be not return on saturday  and no one answer the door at the home of his in-law</lemm>
		<bigrams> 153 58 164</bigrams>
	</sent>	<sent id="16">
		<raw>Rader was being held at an undisclosed location, and it was not immediately clear if he had a lawyer.</raw>
		<lemm>rader be be hold at an undisclosed location  and it be not immediately clear if he have a lawyer</lemm>
		<bigrams> 272 276</bigrams>
	</sent>	<sent id="17">
		<raw>In Kansas, suspects generally appear before a judge for a status hearing within 48 hours of their arrest.</raw>
		<lemm>in kansas  suspect generally appear before a judge for a status hearing within @card@ hour of their arrest</lemm>
		<bigrams> 282 283 284 290 291 292 293</bigrams>
	</sent>	<sent id="18">
		<raw>Prosecutor Nola Foulston said the death penalty would not apply to any crime committed between 1972 and 1994, when Kansas did not have the death penalty.</raw>
		<lemm>prosecutor nola foulston say the death penalty would not apply to any crime commit between @card@ and @card@  when kansas do not have the death penalty</lemm>
		<bigrams> 297 298 299 301 302 308 301</bigrams>
	</sent>	<sent id="19">
		<raw>The BTK slayings began in 1974 with the strangulations of Joseph Otero, 38, his wife, Julie, 34, and their two children.</raw>
		<lemm>the btk slaying begin in @card@ with the strangulation of joseph otero  @card@  his wife  julie  @card@  and their two child</lemm>
		<bigrams> 317 318 325 326 328 329 332</bigrams>
	</sent>	<sent id="20">
		<raw>The six victims that followed were all women, and most were strangled.</raw>
		<lemm>the six victim that follow be all woman  and most be strangle</lemm>
		<bigrams> 334</bigrams>
	</sent>	<sent id="21">
		<raw>Along with his grisly crimes, the killer terrorized Wichita by sending rambling letters to the media, including one in which he named himself BTK for "Bind them, Torture them, Kill them."</raw>
		<lemm>along with his grisly crime  the killer terrorize wichita by send ramble letter to the medium  include one in which he name himself btk for  bind them  torture them  kill them </lemm>
		<bigrams> 346 348 349 352 353 357 358</bigrams>
	</sent>	<sent id="22">
		<raw>In another he complained, "How many do I have to kill before I get my name in the paper or some national attention?"</raw>
		<lemm>in another he complain   how many do i have to kill before i get my name in the paper or some national attention </lemm>
		<bigrams> 392</bigrams>
	</sent>	<sent id="23">
		<raw>In several of the letters, BTK included clues to his identity.</raw>
		<lemm>in several of the letter  btk include clue to his identity</lemm>
		<bigrams> 2788 2789 2790</bigrams>
	</sent>	<sent id="24">
		<raw>Police had long believed BTK was a graduate of Wichita State University, as Rader was.</raw>
		<lemm>police have long believe btk be a graduate of wichita state university  as rader be</lemm>
		<bigrams> 2794 2795 1186 1187</bigrams>
	</sent>	<sent id="25">
		<raw>Letters sent in the past year included jewelry that police believed may have been taken from BTK's victims and the driver's license of one of the victims.</raw>
		<lemm>letter send in the past year include jewelry that police believe may have be take from btk s victim and the driver s license of one of the victim</lemm>
		<bigrams> 454 2802 2803 2251 434 435</bigrams>
	</sent>	<sent id="26">
		<raw>"He obviously was getting rid of his trophies; he was leaving us a wide-open trail," said Richard LaMunyon, Wichita's police chief from 1963 to 1989.</raw>
		<lemm> he obviously be get rid of his trophy  he be leave us a wide-open trail   say richard lamunyon  wichita s police chief from @card@ to @card@</lemm>
		<bigrams> 2808 2812 2815 2816 577 578 579 44</bigrams>
	</sent>	<sent id="27">
		<raw>"I think the ultimate goal was of him being caught."</raw>
		<lemm> i think the ultimate goal be of him be catch </lemm>
		<bigrams> 2819</bigrams>
	</sent>	<sent id="28">
		<raw>At one point, investigators made a list of white men who graduated from Wichita State in the 1970s.</raw>
		<lemm>at one point  investigator make a list of white man who graduate from wichita state in the 1970s</lemm>
		<bigrams> 2825 2826 2827 2829 1186</bigrams>
	</sent>	<sent id="29">
		<raw>Officials said Rader's name likely was on that list, but he wasn't identified back then as a suspect.</raw>
		<lemm>official say rader s name likely be on that list  but he be n t identify back then as a suspect</lemm>
		<bigrams> 2832 1087 2834 2840</bigrams>
	</sent>	<sent id="30">
		<raw>BTK stopped communicating in 1979 and remained silent for more than two decades before re-establishing contact last March with a letter to The Wichita Eagle about an unsolved 1986 killing.</raw>
		<lemm>btk stop communicate in @card@ and remain silent for more than two decade before re-establish contact last march with a letter to the wichita eagle about an unsolved @card@ killing</lemm>
		<bigrams> 2843 395 398 403 406 407 408 2232 417 418</bigrams>
	</sent>	<sent id="31">
		<raw>The letter included a copy of the victim's driver's license and photos of her slain body.</raw>
		<lemm>the letter include a copy of the victim s driver be license and photo of her slay body</lemm>
		<bigrams> 2845 2850</bigrams>
	</sent>	<sent id="32">
		<raw>The return address on the letter said it was from Bill Thomas Killman, initials BTK.</raw>
		<lemm>the return address on the letter say it be from bill thomas killman  initial btk</lemm>
		<bigrams> 2331 2852 2856 2857 2858 2859</bigrams>
	</sent>	<sent id="33">
		<raw>Thousands of tips poured in, and the Kansas Bureau of Investigation gathered thousands of DNA swabs in connection with the investigation.</raw>
		<lemm>thousand of tip pour in  and the kansas bureau of investigation gather thousand of dna swab in connection with the investigation</lemm>
		<bigrams> 478 483 486 487 489</bigrams>
	</sent>	<sent id="34">
		<raw>In the end, DNA evidence was the key to cracking the case, said Kansas Gov.</raw>
		<lemm>in the end  dna evidence be the key to crack the case  say kansas gov </lemm>
		<bigrams> 495 496 504 505 506</bigrams>
	</sent>	<sent id="35">
		<raw>Kathleen Sebelius.</raw>
		<lemm>kathleen sebelius</lemm>
		<bigrams> 507</bigrams>
	</sent>	<sent id="36">
		<raw>"The way they made the link was some DNA evidence, that they had some DNA connection to the guy who they arrested," Sebelius said in an interview with The Associated Press.</raw>
		<lemm> the way they make the link be some dna evidence  that they have some dna connection to the guy who they arrest   sebelius say in an interview with the associated press</lemm>
		<bigrams> 496 519 525 526 532</bigrams>
	</sent>	<sent id="37">
		<raw>She did not elaborate.</raw>
		<lemm>she do not elaborate</lemm>
		<bigrams></bigrams>
	</sent>	<sent id="38">
		<raw>The two newly identified cases were similar to the early ones with one exception, Sedgwick County Sheriff Gary Steed said: The bodies had been removed from the crime scenes.</raw>
		<lemm>the two newly identify case be similar to the early one with one exception  sedgwick county sheriff gary steed say  the body have be remove from the crime scene</lemm>
		<bigrams> 2861 2862 2863 2867 2870 2871 782 2872 2873 2874 2875 2567</bigrams>
	</sent>	<sent id="39">
		<raw>One of the victims lived on the same street as Rader.</raw>
		<lemm>one of the victim live on the same street as rader</lemm>
		<bigrams> 2880</bigrams>
	</sent>	<sent id="40">
		<raw>"We as investigators keep an open mind.</raw>
		<lemm> we as investigator keep an open mind</lemm>
		<bigrams> 2883 2886</bigrams>
	</sent>	<sent id="41">
		<raw>But only now are we able to bring them together as BTK cases," he said.</raw>
		<lemm>but only now be we able to bring them together as btk case   he say</lemm>
		<bigrams> 2895</bigrams>
	</sent>	<sent id="42">
		<raw>Associated Press Writer Roxana Hegeman contributed to this report from Wichita.</raw>
		<lemm>associated press writer roxana hegeman contribute to this report from wichita</lemm>
		<bigrams> 532 2897 2898 2899 2900</bigrams>
	</sent></doc>