<?xml version="1.0" encoding="UTF_8"?>
<doc>	<sent id="0">
		<raw>He lived among them for nearly 30 years, having arrived in the community before graduating from college.</raw>
		<lemm>he live among them for nearly @card@ year  have arrive in the community before graduate from college</lemm>
		<bigrams> 1035 1039 110</bigrams>
	</sent>	<sent id="1">
		<raw>But Dennis Rader, the man police believe is the BTK serial killer, wasn't well liked by some of his neighbors.</raw>
		<lemm>but dennis rader  the man police believe be the btk serial killer  be n t well like by some of his neighbor</lemm>
		<bigrams> 606 1050 434 1052 5 1057</bigrams>
	</sent>	<sent id="2">
		<raw>Most residents who lived near Rader described him as a bureaucratic bully, an ordinance enforcement officer for this Wichita suburb who often went out of his way to find reasons to issue citations.</raw>
		<lemm>most resident who live near rader describe him as a bureaucratic bully  an ordinance enforcement officer for this wichita suburb who often go out of his way to find reason to issue citation</lemm>
		<bigrams> 1063 1064 1065 1069 1072 1073 1077 196 1083 1085</bigrams>
	</sent>	<sent id="3">
		<raw>One neighbor said Rader was once seen measuring grass in a front yard with a tape measure to see if it was too long.</raw>
		<lemm>one neighbor say rader be once see measure grass in a front yard with a tape measure to see if it be too long</lemm>
		<bigrams> 1086 146 1087 1090 1091 1094 1097</bigrams>
	</sent>	<sent id="4">
		<raw>Another recalled catching Rader filming his house, documenting possible violations.</raw>
		<lemm>another recall catch rader film his house  document possible violation</lemm>
		<bigrams> 1102 1103 1104 1105 1108 1109 1110</bigrams>
	</sent>	<sent id="5">
		<raw>And yet, there were hints at a pleasant side.</raw>
		<lemm>and yet  there be hint at a pleasant side</lemm>
		<bigrams> 1118</bigrams>
	</sent>	<sent id="6">
		<raw>He helped elderly neighbors with yard work, was active in his church and served as a Cub Scout leader.</raw>
		<lemm>he help elderly neighbor with yard work  be active in his church and serve as a cub scout leader</lemm>
		<bigrams> 1120 1121 1124 133 134</bigrams>
	</sent>	<sent id="7">
		<raw>Police say BTK, the killer's self-coined nickname stands for "Bind, Torture, Kill", may have killed as many as 10 people between 1974 and 1991.</raw>
		<lemm>police say btk  the killer s self-coined nickname stand for  bind  torture  kill   may have kill as many as @card@ people between @card@ and @card@</lemm>
		<bigrams> 124 1131 1135 1136 674 675 1138 1143</bigrams>
	</sent>	<sent id="8">
		<raw>Police arrested Rader on Friday and said Saturday they were confident he was the killer.</raw>
		<lemm>police arrest rader on friday and say saturday they be confident he be the killer</lemm>
		<bigrams> 1145 1146 48</bigrams>
	</sent>	<sent id="9">
		<raw>"He was definitely two-sided," said Jim Reno, who lived across the street from Rader and his wife for 16 years and experienced several confrontations with him over what he called Rader's "harassment."</raw>
		<lemm> he be definitely two-sided   say jim reno  who live across the street from rader and his wife for @card@ year and experienced several confrontation with him over what he call rader s  harassment </lemm>
		<bigrams> 1151 1152 1153 1154 1156 110 1166 1167 1174</bigrams>
	</sent>	<sent id="10">
		<raw>Rader, 59, moved into the neighborhood around 1976 and graduated from Wichita State University in 1979.</raw>
		<lemm>rader  @card@  move into the neighborhood around @card@ and graduate from wichita state university in @card@</lemm>
		<bigrams> 1177 1178 1182 1183 1186 1187</bigrams>
	</sent>	<sent id="11">
		<raw>Although he studied criminal justice, Rader never became a police officer, instead going into code enforcement, or what Reno called "a glorified dog catcher."</raw>
		<lemm>although he study criminal justice  rader never become a police officer  instead go into code enforcement  or what reno call  a glorify dog catcher </lemm>
		<bigrams> 1191 1192 1193 1194 1195 1198 1199 1200 189 1206 1209 1210</bigrams>
	</sent>	<sent id="12">
		<raw>Park City Mayor Emil Bergquist, citing a request of investigators, declined to comment about Rader's employment record or any part of the case.</raw>
		<lemm>park city mayor emil bergquist  cite a request of investigator  decline to comment about rader s employment record or any part of the case</lemm>
		<bigrams> 78 1211 1212 1213 1214 1219 1224</bigrams>
	</sent>	<sent id="13">
		<raw>Rader lived with his wife, whose parents lived around the corner.</raw>
		<lemm>rader live with his wife  whose parent live around the corner</lemm>
		<bigrams> 1228 1229 1230 1231 1232</bigrams>
	</sent>	<sent id="14">
		<raw>No one answered the door at the residence Saturday afternoon.</raw>
		<lemm>no one answer the door at the residence saturday afternoon</lemm>
		<bigrams> 164 1236 1237</bigrams>
	</sent>	<sent id="15">
		<raw>Public records indicate he has two adult children.</raw>
		<lemm>public record indicate he have two adult child</lemm>
		<bigrams> 147 148 1239 1240</bigrams>
	</sent>	<sent id="16">
		<raw>Bill Lindsay, 38, lived behind Rader and said something about the man unnerved him.</raw>
		<lemm>bill lindsay  @card@  live behind rader and say something about the man unnerve him</lemm>
		<bigrams> 1241 1242 1243 1244 1245 1246 1249</bigrams>
	</sent>	<sent id="17">
		<raw>Lindsay said his wife caught Rader in their adjoining backyards filming the back of their house.</raw>
		<lemm>lindsay say his wife catch rader in their adjoining backyard film the back of their house</lemm>
		<bigrams> 1251 1253 1104 1256 1257</bigrams>
	</sent>	<sent id="18">
		<raw>"He really acted really funny," said Lindsay, a truck driver.</raw>
		<lemm> he really act really funny   say lindsay  a truck driver</lemm>
		<bigrams> 1263 1264 1265 1266 1267 1270</bigrams>
	</sent>	<sent id="19">
		<raw>And yet most neighbors never suspected Rader of any connection to the serial killings.</raw>
		<lemm>and yet most neighbor never suspect rader of any connection to the serial killing</lemm>
		<bigrams> 1273 1274 1275 1280</bigrams>
	</sent>	<sent id="20">
		<raw>"I didn't start thinking about (BTK) until I started seeing increased law enforcement in the neighborhood" in the last few weeks, Lindsay said.</raw>
		<lemm> i do n t start think about ( btk ) until i start see increase law enforcement in the neighborhood  in the last few week  lindsay say</lemm>
		<bigrams> 1284 1287 1288 1292 1293 1294 1295 1301 1251</bigrams>
	</sent>	<sent id="21">
		<raw>Jason Day, 28, described the working-class neighborhood 7 miles north of Wichita as "very quiet.</raw>
		<lemm>jason day  @card@  describe the working-class neighborhood @card@ mile north of wichita as  very quiet</lemm>
		<bigrams> 1302 1303 1304 1306 1307 1308 1309</bigrams>
	</sent>	<sent id="22">
		<raw>You'd never consider something like this happening here."</raw>
		<lemm>you will never consider something like this happening here </lemm>
		<bigrams> 1316 1317 1318</bigrams>
	</sent>	<sent id="23">
		<raw>Day said his brother was in Rader's Cub Scout pack at the nearby Park City Baptist Church, but their mother pulled him out because of Rader.</raw>
		<lemm>day say his brother be in rader s cub scout pack at the nearby park city baptist church  but their mother pull him out because of rader</lemm>
		<bigrams> 1322 133 1328 77 78 1331 1332 1336</bigrams>
	</sent>	<sent id="24">
		<raw>"It was his demeanor," he said.</raw>
		<lemm> it be his demeanor   he say</lemm>
		<bigrams></bigrams>
	</sent>	<sent id="25">
		<raw>"He was so strange."</raw>
		<lemm> he be so strange </lemm>
		<bigrams></bigrams>
	</sent>	<sent id="26">
		<raw>Rader also was a scout leader at Christ Lutheran Church, where he had held leadership positions for about 30 years.</raw>
		<lemm>rader also be a scout leader at christ lutheran church  where he have hold leadership position for about @card@ year</lemm>
		<bigrams> 1348 134 1353 140 1357 1358 110</bigrams>
	</sent>	<sent id="27">
		<raw>Church members "are in a state of shock and bewilderment about the turn of events that have unfolded this week," said Michael Clark, the church's pastor.</raw>
		<lemm>church member  be in a state of shock and bewilderment about the turn of event that have unfold this week   say michael clark  the church s pastor</lemm>
		<bigrams> 1362 1376 1377 1378</bigrams>
	</sent>	<sent id="28">
		<raw>Not everyone had a bad story about Rader.</raw>
		<lemm>not everyone have a bad story about rader</lemm>
		<bigrams> 1386</bigrams>
	</sent>	<sent id="29">
		<raw>David Cool said he had lived next to Raders' in-laws for most of his life, and his parents knew Rader.</raw>
		<lemm>david cool say he have live next to raders  in-law for most of his life  and his parent know rader</lemm>
		<bigrams> 1388 1389 1391 1394 1400 1401</bigrams>
	</sent>	<sent id="30">
		<raw>He said Rader helped his parents, now in their 70s, with yard work.</raw>
		<lemm>he say rader help his parent  now in their 70s  with yard work</lemm>
		<bigrams> 1087 1402 1124</bigrams>
	</sent>	<sent id="31">
		<raw>"Mom doesn't have a bad word to say about him," Cool said.</raw>
		<lemm> mom do n t have a bad word to say about him   cool say</lemm>
		<bigrams> 1410 1389</bigrams>
	</sent></doc>