<?xml version="1.0" encoding="UTF_8"?>
<doc>	<sent id="0">
		<raw>It took 31 years and countless clues delivered by the killer himself, but jubilant Wichita police Saturday named a Lutheran church leader and government inspector as the notorious BTK strangler, a poetry-writing attention seeker who murdered at least 10 people and dared the authorities to catch him.</raw>
		<lemm>it take @card@ year and countless clue deliver by the killer himself  but jubilant wichita police saturday name a lutheran church leader and government inspector as the notorious btk strangler  a poetry-writing attention seeker who murder at least @card@ people and dare the authority to catch him</lemm>
		<bigrams> 1687 110 1689 1690 1695 43 1696 1697 140 1700 1703 1706 1707 1710 1711 35 1143</bigrams>
	</sent>	<sent id="1">
		<raw>He became so audacious that he once called 911 to report a murder he himself had committed and strangled a neighbor who lived just six doors away.</raw>
		<lemm>he become so audacious that he once call @card@ to report a murder he himself have commit and strangle a neighbor who live just six door away</lemm>
		<bigrams> 1727 1742 1743</bigrams>
	</sent>	<sent id="2">
		<raw>Only today did police formally link her death to BTK, whom they identified as Dennis Rader, a married father of two grown children.</raw>
		<lemm>only today do police formally link her death to btk  whom they identify as dennis rader  a married father of two grown child</lemm>
		<bigrams> 1747 1748 606 1755 151 152</bigrams>
	</sent>	<sent id="3">
		<raw>"The bottom line," Police Chief Norman Williams announced to whoops and cheers at a City Hall news conference, "BTK is arrested."</raw>
		<lemm> the bottom line   police chief norman williams announce to whoop and cheer at a city hall news conference   btk be arrest </lemm>
		<bigrams> 38 1758 44 45 46 1759 1766 1767 789 1768</bigrams>
	</sent>	<sent id="4">
		<raw>Rader, in custody awaiting formal charges, worked as a compliance officer in Park City, just north of Wichita, and attended Christ Lutheran Church for at least 25 years.</raw>
		<lemm>rader  in custody await formal charge  work as a compliance officer in park city  just north of wichita  and attend christ lutheran church for at least @card@ year</lemm>
		<bigrams> 1770 1771 1596 1772 1775 78 1782 1353 140 35 110</bigrams>
	</sent>	<sent id="5">
		<raw>He is president of the church's governing council.</raw>
		<lemm>he be president of the church s govern council</lemm>
		<bigrams> 1787</bigrams>
	</sent>	<sent id="6">
		<raw>Pastor Michael Clark said the congregation is in a "state of shock and bewilderment."</raw>
		<lemm>pastor michael clark say the congregation be in a  state of shock and bewilderment </lemm>
		<bigrams> 1788 1378 1789</bigrams>
	</sent>	<sent id="7">
		<raw>He asked for Wichita's care and compassion.</raw>
		<lemm>he ask for wichita s care and compassion</lemm>
		<bigrams></bigrams>
	</sent>	<sent id="8">
		<raw>"If you asked me to make a list of 500 names, his name wouldn't have been on it," one Christ Lutheran member said.</raw>
		<lemm> if you ask me to make a list of @card@ name  his name would n t have be on it   one christ lutheran member say</lemm>
		<bigrams> 1805 1808 1809 1813 1353 1814 1815</bigrams>
	</sent>	<sent id="9">
		<raw>"A quarter evidently has two sides and no one, obviously, saw the other side."</raw>
		<lemm> a quarter evidently have two side and no one  obviously  see the other side </lemm>
		<bigrams> 1817 1819 1821 1822</bigrams>
	</sent>	<sent id="10">
		<raw>Once Rader had been identified, details of his biography matched leads and suppositions developed by detectives through the years.</raw>
		<lemm>once rader have be identify  detail of his biography match lead and supposition develop by detective through the year</lemm>
		<bigrams> 1827 1830 1831 1834</bigrams>
	</sent>	<sent id="11">
		<raw>In the 1970s, he worked at a nearby Coleman camping gear plant where two of his victims were employed.</raw>
		<lemm>in the 1970s  he work at a nearby coleman camping gear plant where two of his victim be employ</lemm>
		<bigrams> 1844 1845 1846 1847</bigrams>
	</sent>	<sent id="12">
		<raw>He graduated in 1979 from Wichita State University, where detectives 25 years ago found a photocopier used by BTK, and where they speculated he studied a poem he mimicked in a later missive.</raw>
		<lemm>he graduate in @card@ from wichita state university  where detective @card@ year ago find a photocopier use by btk  and where they speculate he study a poem he mimick in a later missive</lemm>
		<bigrams> 1186 1187 1859 110 107 1860 1863 1875</bigrams>
	</sent>	<sent id="13">
		<raw>Wichita police have been embarrassed by mistaken arrests in the case twice before, but they are confident that Rader, 59, is their man.</raw>
		<lemm>wichita police have be embarrass by mistaken arrest in the case twice before  but they be confident that rader  @card@  be their man</lemm>
		<bigrams> 43 1879 1881 1177</bigrams>
	</sent>	<sent id="14">
		<raw>Dozens of law officers and politicians attended the news conference, along with invited relatives of BTK's victims.</raw>
		<lemm>dozen of law officer and politician attend the news conference  along with invite relative of btk s victim</lemm>
		<bigrams> 1890 1893 789 1896 1898</bigrams>
	</sent>	<sent id="15">
		<raw>The first 46 minutes were defined by congratulations and bear hugs.</raw>
		<lemm>the first @card@ minute be define by congratulation and bear hug</lemm>
		<bigrams> 1901 1902 1909</bigrams>
	</sent>	<sent id="16">
		<raw>Boasts about the teamwork and technology that finally led to Rader were broad, but information remained scarce.</raw>
		<lemm>boast about the teamwork and technology that finally lead to rader be broad  but information remain scarce</lemm>
		<bigrams> 473 1921 1922</bigrams>
	</sent>	<sent id="17">
		<raw>Lt. Ken Landwehr, a Wichita detective who has tracked BTK from the start, received two standing ovations before he spoke.</raw>
		<lemm>lt ken landwehr  a wichita detective who have track btk from the start  receive two standing ovation before he speak</lemm>
		<bigrams> 1923 644 1926 1929 1933 1934 1935 1936</bigrams>
	</sent>	<sent id="18">
		<raw>He then spent less than two minutes revealing what little information the authorities, determined not to botch the prosecution, want known.</raw>
		<lemm>he then spend less than two minute reveal what little information the authority  determine not to botch the prosecution  want know</lemm>
		<bigrams> 1941 1943 1944 1947 1949 1955 1956</bigrams>
	</sent>	<sent id="19">
		<raw>Beyond the investigation, the search for the self-named BTK has been a Wichita parlor game.</raw>
		<lemm>beyond the investigation  the search for the self-named btk have be a wichita parlor game</lemm>
		<bigrams> 1962 1964 1965</bigrams>
	</sent>	<sent id="20">
		<raw>The fascination hit a new peak Friday with the arrest of Rader in a traffic stop.</raw>
		<lemm>the fascination hit a new peak friday with the arrest of rader in a traffic stop</lemm>
		<bigrams> 1967 1969 1970 1974</bigrams>
	</sent>	<sent id="21">
		<raw>Internet message boards created years ago to absorb the public buzz sizzled with theories and details, including an unconfirmed report that Rader's adult daughter put two and two together and alerted police.</raw>
		<lemm>internet message board create year ago to absorb the public buzz sizzle with theory and detail  include an unconfirmed report that rader s adult daughter put two and two together and alert police</lemm>
		<bigrams> 1975 1976 1977 1978 107 1983 1984 1989 1992 1995 1996 1997 2000 2003</bigrams>
	</sent>	<sent id="22">
		<raw>In Rader's working class neighborhood, people wondered how a killer could have lived in their midst while some felt they just knew BTK must have been responsible for the killing of 53-year-old Marine Hedge, a neighbor of Rader's on Independence Street.</raw>
		<lemm>in rader s work class neighborhood  people wonder how a killer could have live in their midst while some feel they just know btk must have be responsible for the killing of 53-year-old marine hedge  a neighbor of rader s on independence street</lemm>
		<bigrams> 2005 2006 2007 2008 2012 2022 2023 2030 2031 2036</bigrams>
	</sent>	<sent id="23">
		<raw>"It's like putting together a puzzle," said Mary Dudley, county coroner and director of the Sedgwick County Regional Forensic Center.</raw>
		<lemm> it be like put together a puzzle   say mary dudley  county coroner and director of the sedgwick county regional forensic center</lemm>
		<bigrams> 2038 2039 2042 2043 2044 2045 2046 782 2050 2051 2052</bigrams>
	</sent>	<sent id="24">
		<raw>"It's such a frustrating case, with getting communications ... taunting the police."</raw>
		<lemm> it be such a frustrating case  with get communication   taunt the police </lemm>
		<bigrams> 2056 2059 2060</bigrams>
	</sent>	<sent id="25">
		<raw>It was those communications that drove authorities to distraction in the 1970s but ultimately helped the case against Rader, police said.</raw>
		<lemm>it be those communication that drive authority to distraction in the 1970s but ultimately help the case against rader  police say</lemm>
		<bigrams> 2066 2071 2075 124</bigrams>
	</sent>	<sent id="26">
		<raw>BTK had a history of writing letters to police and news organizations, sometimes mailing them, other times leaving them in public library books.</raw>
		<lemm>btk have a history of write letter to police and news organization  sometimes mail them  other time leave them in public library book</lemm>
		<bigrams> 2079 2083 2084 2085 2089 2093 2094</bigrams>
	</sent>	<sent id="27">
		<raw>"I can't stop it so the monster goes on and hurts me as well as society ...," he wrote after the early killings.</raw>
		<lemm> i ca n t stop it so the monster go on and hurt me as well as society     he write after the early killing</lemm>
		<bigrams> 2096 2102 2114</bigrams>
	</sent>	<sent id="28">
		<raw>"It's a big complicated game my friend the monster play, putting victims number down, follow them, checking up on them, waiting in the dark, waiting, waiting.</raw>
		<lemm> it be a big complicated game my friend the monster play  put victim number down  follow them  check up on them  wait in the dark  wait  wait</lemm>
		<bigrams> 2116 2117 2121 2122 2123 2124 2135 2136</bigrams>
	</sent>	<sent id="29">
		<raw>..."</raw>
		<lemm>   </lemm>
		<bigrams></bigrams>
	</sent>	<sent id="30">
		<raw>What united many of the killings, police said, was BTK's pattern of tying up his victims and strangling them, sometimes slowly.</raw>
		<lemm>what unite many of the killing  police say  be btk s pattern of tie up his victim and strangle them  sometimes slowly</lemm>
		<bigrams> 2138 2140 124 2151</bigrams>
	</sent>	<sent id="31">
		<raw>He did not sexually assault them, police said, but left semen behind as evidence of his sexual pleasure.</raw>
		<lemm>he do not sexually assault them  police say  but leave semen behind as evidence of his sexual pleasure</lemm>
		<bigrams> 2154 124 2159 2160 2165</bigrams>
	</sent>	<sent id="32">
		<raw>The killer's determination to receive credit for his work was evident in the content and timing of his first missive, which followed the reputed confession under police questioning of a young Wichita man in the first four murders.</raw>
		<lemm>the killer s determination to receive credit for his work be evident in the content and timing of his first missive  which follow the reputed confession under police question of a young wichita man in the first four murder</lemm>
		<bigrams> 2169 2180 2185 2188 2191 2192 2194 2195</bigrams>
	</sent>	<sent id="33">
		<raw>The October 1974 letter declared, "I did it by myself and no ones help."</raw>
		<lemm>the october @card@ letter declare   i do it by myself and no one help </lemm>
		<bigrams> 2197 2198 2199 2205</bigrams>
	</sent>	<sent id="34">
		<raw>But as the years passed, BTK went silent.</raw>
		<lemm>but as the year pass  btk go silent</lemm>
		<bigrams> 2207 2208 2209 947</bigrams>
	</sent>	<sent id="35">
		<raw>The case grew cold.</raw>
		<lemm>the case grow cold</lemm>
		<bigrams> 2210 2211</bigrams>
	</sent>	<sent id="36">
		<raw>Investigators moved on.</raw>
		<lemm>investigator move on</lemm>
		<bigrams> 2212</bigrams>
	</sent>	<sent id="37">
		<raw>Those who still thought about it wondered whether BTK had gone to prison, moved away, died.</raw>
		<lemm>those who still think about it wonder whether btk have go to prison  move away  die</lemm>
		<bigrams> 2215 2218 2219 2222 2223 2224</bigrams>
	</sent>	<sent id="38">
		<raw>Then, in March 2004, BTK mailed an envelope to the Wichita Eagle containing evidence of the previously unattributed 1986 killing of Vicki Wegerle, a young mother.</raw>
		<lemm>then  in march @card@  btk mail an envelope to the wichita eagle contain evidence of the previously unattributed @card@ killing of vicki wegerle  a young mother</lemm>
		<bigrams> 691 2226 2227 2232 2233 2234 2236 2237 418 2239 2241</bigrams>
	</sent>	<sent id="39">
		<raw>That letter was followed by another and another, some including jewelry and documents stolen from his victims.</raw>
		<lemm>that letter be follow by another and another  some include jewelry and document steal from his victim</lemm>
		<bigrams> 2251 2254</bigrams>
	</sent>	<sent id="40">
		<raw>The police revved up a task force, brimming with local police and state and federal agents.</raw>
		<lemm>the police rev up a task force  brim with local police and state and federal agent</lemm>
		<bigrams> 2257 2261 2262 2265 2269</bigrams>
	</sent>	<sent id="41">
		<raw>In November, Chief Williams went to Washington and made a successful plea to the FBI for more help.</raw>
		<lemm>in november  chief williams go to washington and make a successful plea to the fbi for more help</lemm>
		<bigrams> 2271 2272 2273 2278</bigrams>
	</sent>	<sent id="42">
		<raw>Forensics experts, using science not available in the 1970s, studied DNA swabs that Kansas Gov.</raw>
		<lemm>forensics expert  use science not available in the 1970s  study dna swab that kansas gov </lemm>
		<bigrams> 2283 2284 2285 2289 2290 489 506</bigrams>
	</sent>	<sent id="43">
		<raw>Kathleen Sebelius (D) said linked Rader to his victims.</raw>
		<lemm>kathleen sebelius ( d ) say link rader to his victim</lemm>
		<bigrams> 507 2293 2296 2297 2298</bigrams>
	</sent>	<sent id="44">
		<raw>By last month, the BTK communications had increased to include a decorated cereal box that contained jewelry and was left by a roadway.</raw>
		<lemm>by last month  the btk communication have increase to include a decorate cereal box that contain jewelry and be leave by a roadway</lemm>
		<bigrams> 2302 2304 2311 2312 431</bigrams>
	</sent>	<sent id="45">
		<raw>Its presence was announced by a postcard ostensibly from one S. Killett.</raw>
		<lemm>its presence be announce by a postcard ostensibly from one s killett</lemm>
		<bigrams> 2325</bigrams>
	</sent>	<sent id="46">
		<raw>The return address was the home of BTK's first victims.</raw>
		<lemm>the return address be the home of btk s first victim</lemm>
		<bigrams> 2331 2334</bigrams>
	</sent>	<sent id="47">
		<raw>"I think he wanted to tell his story.</raw>
		<lemm> i think he want to tell his story</lemm>
		<bigrams></bigrams>
	</sent>	<sent id="48">
		<raw>He was providing enough information that that was eventually going to happen," said Richard LaMunyon, former Wichita police chief, who said BTK's writings mellowed over the years, becoming in tone "almost social."</raw>
		<lemm>he be provide enough information that that be eventually go to happen   say richard lamunyon  former wichita police chief  who say btk s writing mellow over the year  become in tone  almost social </lemm>
		<bigrams> 2339 2340 2345 2347 577 578 2348 2349 43 44 1131 2353 2356 2359 2360</bigrams>
	</sent>	<sent id="49">
		<raw>"The interesting question is why," LaMunyon wondered aloud.</raw>
		<lemm> the interesting question be why   lamunyon wonder aloud</lemm>
		<bigrams> 2362 2366 2367</bigrams>
	</sent>	<sent id="50">
		<raw>LaMunyon had always assumed BTK lived in the area, although others speculated that he was a truck driver and occasional visitor.</raw>
		<lemm>lamunyon have always assume btk live in the area  although other speculate that he be a truck driver and occasional visitor</lemm>
		<bigrams> 2370 2371 2372 2374 1270 2380</bigrams>
	</sent>	<sent id="51">
		<raw>As it happened, Rader raised his family in a humble Park City neighborhood around the corner from his in-laws.</raw>
		<lemm>as it happen  rader raise his family in a humble park city neighborhood around the corner from his in-law</lemm>
		<bigrams> 2383 2384 2389 78 2390 1182</bigrams>
	</sent>	<sent id="52">
		<raw>He did not venture far.</raw>
		<lemm>he do not venture far</lemm>
		<bigrams> 2393</bigrams>
	</sent>	<sent id="53">
		<raw>"He'd drive through here and wave to Mom and Dad," said Patty Loveday, 40, standing near a news media stakeout and police rope near Rader's house.</raw>
		<lemm> he will drive through here and wave to mom and dad   say patty loveday  @card@  stand near a news medium stakeout and police rope near rader s house</lemm>
		<bigrams> 2404 2405 2406 2407 2408 2409 2412 2413 2416 2417 1064</bigrams>
	</sent>	<sent id="54">
		<raw>She remembers the horror and fear of the day Hedge was abducted.</raw>
		<lemm>she remember the horror and fear of the day hedge be abduct</lemm>
		<bigrams> 2425</bigrams>
	</sent>	<sent id="55">
		<raw>Now she thinks of Rader's wife, who works at a local convenience store, "living with a person you don't know, for that long."</raw>
		<lemm>now she think of rader s wife  who work at a local convenience store   live with a person you do n t know  for that long </lemm>
		<bigrams> 2433 2434 2435</bigrams>
	</sent>	<sent id="56">
		<raw>Across the street, Jason Day had nothing good to say about Rader, whom he considered something of a jerk, "like he was above the law."</raw>
		<lemm>across the street  jason day have nothing good to say about rader  whom he consider something of a jerk   like he be above the law </lemm>
		<bigrams> 2443 1302 2446 1317 2453</bigrams>
	</sent>	<sent id="57">
		<raw>He, too, was thinking of Rader's wife, "out of nowhere, finding out her husband's BTK.</raw>
		<lemm>he  too  be think of rader s wife   out of nowhere  find out her husband s btk</lemm>
		<bigrams> 2463</bigrams>
	</sent>	<sent id="58">
		<raw>You know this is going to rot inside her."</raw>
		<lemm>you know this be go to rot inside her </lemm>
		<bigrams> 2473</bigrams>
	</sent>	<sent id="59">
		<raw>At the convenience store, her co-workers were not talking.</raw>
		<lemm>at the convenience store  her co-worker be not talk</lemm>
		<bigrams> 2434</bigrams>
	</sent>	<sent id="60">
		<raw>One theme of the City Hall press conference was excitement that BTK may be behind bars forever; Kansas did not have a death penalty until 1994, after what police believe was his final killing.</raw>
		<lemm>one theme of the city hall press conference be excitement that btk may be behind bar forever  kansas do not have a death penalty until @card@  after what police believe be his final killing</lemm>
		<bigrams> 2480 1766 2482 2483 2488 1474 2490 2491 301 434 2499</bigrams>
	</sent>	<sent id="61">
		<raw>Another theme was vindication, with Mayor Carlos Mayans recalling how often the police had been second-guessed.</raw>
		<lemm>another theme be vindication  with mayor carlos mayans recall how often the police have be second-guess</lemm>
		<bigrams> 2500 958 959 2505</bigrams>
	</sent>	<sent id="62">
		<raw>"We knew that our officers were doing the job," Mayans said, "and one day the nightmare would end."</raw>
		<lemm> we know that our officer be do the job   mayans say   and one day the nightmare would end </lemm>
		<bigrams> 2518 2519 2521 2524 2525</bigrams>
	</sent></doc>