<?xml version="1.0" encoding="UTF_8"?>
<doc>	<sent id="0">
		<raw>Note new hedline.)</raw>
		<lemm>note new hedline )</lemm>
		<bigrams> 2905 2906 2907</bigrams>
	</sent>	<sent id="1">
		<raw>It is a condensed version of a story that will appear in tomorrow's New York Times.)</raw>
		<lemm>it be a condensed version of a story that will appear in tomorrow s new york times )</lemm>
		<bigrams> 2909 2919 2920 2921</bigrams>
	</sent>	<sent id="2">
		<raw>People here had often wondered and worried about whether BTK, the elusive serial killer who taunted this city on and off for more than three decades, might be living right here, just beside them, all along.</raw>
		<lemm>people here have often wonder and worry about whether btk  the elusive serial killer who taunt this city on and off for more than three decade  might be live right here  just beside them  all along</lemm>
		<bigrams> 2925 2219 2928 5 972 2935 2938</bigrams>
	</sent>	<sent id="3">
		<raw>On Saturday, as the authorities announced an arrest in one of the most notorious, puzzling string of crimes in recent history, they confirmed exactly what people in the Wichita area had feared: The man the police had arrested was a longtime neighbor, a leader at one of their churches, a father with a wife and two children, who had once, neighbors said, led a scouting troop for boys.</raw>
		<lemm>on saturday  as the authority announce an arrest in one of the most notorious  puzzling string of crime in recent history  they confirm exactly what people in the wichita area have fear  the man the police have arrest be a longtime neighbor  a leader at one of their church  a father with a wife and two child  who have once  neighbor say  lead a scout troop for boy</lemm>
		<bigrams> 602 2946 2947 1469 2953 2957 2963 332 146 2973 2704</bigrams>
	</sent>	<sent id="4">
		<raw>He was the suburban municipal employee who checked in to see that their dog was on a leash, their garbage can was tucked away, their grass was trimmed just so.</raw>
		<lemm>he be the suburban municipal employee who check in to see that their dog be on a leash  their garbage can be tuck away  their grass be trim just so</lemm>
		<bigrams> 2977 2978 2992</bigrams>
	</sent>	<sent id="5">
		<raw>Inside a City Hall chamber packed with the families of victims, scores of police officers, some retired and gray now, and a long line of political leaders from the state, the police announced that they had arrested Dennis L. Rader, 59, of suburban Park City, as the suspect in the case of BTK, the name the killer had long ago selected for himself for his preferred method: bind, torture, kill.</raw>
		<lemm>inside a city hall chamber pack with the family of victim  score of police officer  some retired and gray now  and a long line of political leader from the state  the police announce that they have arrest dennis l rader  @card@  of suburban park city  as the suspect in the case of btk  the name the killer have long ago select for himself for his preferred method  bind  torture  kill</lemm>
		<bigrams> 1766 2999 3000 3002 1198 3013 3016 3020 3022 69 70 1177 3025 78 3030 3031 3036 3037 674 675</bigrams>
	</sent>	<sent id="6">
		<raw>"The bottom line: BTK is arrested," Chief Norman Williams of the Wichita police said, setting off only one of what would become multiple rounds of applause during the announcement that some law enforcement officials in the room said they had waited entire careers to hear.</raw>
		<lemm> the bottom line  btk be arrest   chief norman williams of the wichita police say  set off only one of what would become multiple round of applause during the announcement that some law enforcement official in the room say they have wait entire career to hear</lemm>
		<bigrams> 38 39 3038 45 46 43 124 3040 1019 3045 3046 1295 1639 3056 3058 3059</bigrams>
	</sent>	<sent id="7">
		<raw>The police said they pulled over Rader in his vehicle about a block from his home, 10 minutes north of downtown Wichita, just after noon on Friday.</raw>
		<lemm>the police say they pull over rader in his vehicle about a block from his home  @card@ minute north of downtown wichita  just after noon on friday</lemm>
		<bigrams> 124 3069 1902 3070 3072</bigrams>
	</sent>	<sent id="8">
		<raw>He was taken into custody without fuss, the police said, and was being held at an "undisclosed location" on Saturday.</raw>
		<lemm>he be take into custody without fuss  the police say  and be be hold at an  undisclosed location  on saturday</lemm>
		<bigrams> 3079 3080 124 272</bigrams>
	</sent>	<sent id="9">
		<raw>He is suspected, said Lt. Ken Landwehr, who worked the BTK mystery for years, in 10 killings, two more than had been publicly attributed to BTK before Saturday.</raw>
		<lemm>he be suspect  say lt ken landwehr  who work the btk mystery for year  in @card@ killing  two more than have be publicly attribute to btk before saturday</lemm>
		<bigrams> 3083 3084 1923 644 3087 418 3090 3093</bigrams>
	</sent>	<sent id="10">
		<raw>Rader has not been charged, but officials said the district attorney's office here would be asked to consider filing charges next week.</raw>
		<lemm>rader have not be charge  but official say the district attorney s office here would be ask to consider filing charge next week</lemm>
		<bigrams> 2832 654 3103 3104 3105 658</bigrams>
	</sent>	<sent id="11">
		<raw>For the families of the dead, the news marked an end of sorts, but also a difficult reminder of their unalterable losses and of how long they had waited.</raw>
		<lemm>for the family of the dead  the news mark an end of sort  but also a difficult reminder of their unalterable loss and of how long they have wait</lemm>
		<bigrams> 3108 3115 3118</bigrams>
	</sent>	<sent id="12">
		<raw>Ruth Fox, the stepmother of Nancy Fox, who was bound and strangled with a nylon stocking in 1977, said she had been stricken by Rader's image.</raw>
		<lemm>ruth fox  the stepmother of nancy fox  who be bind and strangle with a nylon stocking in @card@  say she have be strike by rader s image</lemm>
		<bigrams> 3124 451 3133 2781</bigrams>
	</sent>	<sent id="13">
		<raw>"When I saw his picture this morning," she said, pausing for a long moment, "I just wanted to choke him."</raw>
		<lemm> when i see his picture this morning   she say  pause for a long moment   i just want to choke him </lemm>
		<bigrams> 3147 3149</bigrams>
	</sent>	<sent id="14">
		<raw>"There's a sense of closure," she added, "to a degree."</raw>
		<lemm> there be a sense of closure   she add   to a degree </lemm>
		<bigrams></bigrams>
	</sent></doc>