<?xml version="1.0" encoding="UTF_8"?>
<doc>	<sent id="0">
		<raw>For those gathered inside Christ Lutheran Church on Sunday morning, the lasting images of Dennis L. Rader were simple, sweet moments.</raw>
		<lemm>for those gather inside christ lutheran church on sunday morning  the lasting image of dennis l rader be simple  sweet moment</lemm>
		<bigrams> 1416 1417 1353 140 1420 1423 69 70 1427 1428</bigrams>
	</sent>	<sent id="1">
		<raw>Just last Wednesday evening, for instance, he had stopped by the church to drop off spaghetti sauce and salad for a potluck dinner before he went to visit his mother at the hospital.</raw>
		<lemm>just last wednesday evening  for instance  he have stop by the church to drop off spaghetti sauce and salad for a potluck dinner before he go to visit his mother at the hospital</lemm>
		<bigrams> 1430 1431 1442 1447</bigrams>
	</sent>	<sent id="2">
		<raw>Even as Wichita voiced relief at the prospect that one of the most notorious serial killers in recent history might finally be behind bars, those who knew Rader, the man the police have accused of being the city's "BTK" killer, said they were beginning to experience new waves of bewilderment, confusion, betrayal and fear.</raw>
		<lemm>even as wichita voice relief at the prospect that one of the most notorious serial killer in recent history might finally be behind bar  those who know rader  the man the police have accuse of be the city s  btk  killer  say they be begin to experience new wave of bewilderment  confusion  betrayal and fear</lemm>
		<bigrams> 1459 1460 1466 5 1469 1470 1471 1474 1401 1485 1486 1489 1490 1493 1494</bigrams>
	</sent>	<sent id="3">
		<raw>Michael G. Clark, the pastor at Christ Lutheran, where Rader, his wife, his mother and his in-laws have been members for 30 years and where Rader began his elected term as president of the church council in January, said he was having difficulty grasping the possibility that the man the police arrested on Friday was the same one he knew so well.</raw>
		<lemm>michael g clark  the pastor at christ lutheran  where rader  his wife  his mother and his in-law have be member for @card@ year and where rader begin his elect term as president of the church council in january  say he be have difficulty grasp the possibility that the man the police arrest on friday be the same one he know so well</lemm>
		<bigrams> 1497 1498 1353 110 1510 1513 1517 1519 1522 1145</bigrams>
	</sent>	<sent id="4">
		<raw>Some members of the congregation wept during services Sunday, and crisis counselors arrived at the church by the afternoon.</raw>
		<lemm>some member of the congregation weep during service sunday  and crisis counselor arrive at the church by the afternoon</lemm>
		<bigrams> 1535 1538 1541 1542</bigrams>
	</sent>	<sent id="5">
		<raw>Rader's wife, Paula, was in seclusion, the pastor said, in "a state of disbelief."</raw>
		<lemm>rader s wife  paula  be in seclusion  the pastor say  in  a state of disbelief </lemm>
		<bigrams> 1547 1551</bigrams>
	</sent>	<sent id="6">
		<raw>BTK, as the killer had dubbed himself in one of his rambling writings years ago, stood for bind, torture, kill.</raw>
		<lemm>btk  as the killer have dub himself in one of his ramble writing year ago  stand for bind  torture  kill</lemm>
		<bigrams> 1559 1560 107 1561 674 675</bigrams>
	</sent>	<sent id="7">
		<raw>On Sunday, the authorities here said that Rader, 59, had been booked into Sedgwick County's jail, where he was being held on a $10 million probable cause bond on suspicion of 10 first-degree murders, dating from 1974 until 1991.</raw>
		<lemm>on sunday  the authority here say that rader  @card@  have be book into sedgwick county s jail  where he be be hold on a $10 million probable cause bond on suspicion of @card@ first-degree murder  date from @card@ until @card@</lemm>
		<bigrams> 1177 782 1577 1578 1579 1580 1585 1586 1587</bigrams>
	</sent>	<sent id="8">
		<raw>Prosecutors here will probably file formal charges against him this week, Georgia Cole, a spokeswoman for the Sedgwick County district attorney's office, said on Sunday.</raw>
		<lemm>prosecutor here will probably file formal charge against him this week  georgia cole  a spokeswoman for the sedgwick county district attorney s office  say on sunday</lemm>
		<bigrams> 1594 1595 1596 1600 1601 782 783 654 1606</bigrams>
	</sent>	<sent id="9">
		<raw>While the arrest, residents here said, may have answered some of their biggest questions about the killer they had been wondering and worrying about for more than a generation, it also set off a new set of questions, small and large.</raw>
		<lemm>while the arrest  resident here say  may have answer some of their big question about the killer they have be wonder and worry about for more than a generation  it also set off a new set of question  small and large</lemm>
		<bigrams> 1609 1611 1615 1627 1630 1633</bigrams>
	</sent>	<sent id="10">
		<raw>In a weekend news conference, law enforcement officials revealed almost nothing about why they focused on Rader and what evidence they might have against him.</raw>
		<lemm>in a weekend news conference  law enforcement official reveal almost nothing about why they focus on rader and what evidence they might have against him</lemm>
		<bigrams> 1637 789 1638 1295 1639 1640 1641 1642</bigrams>
	</sent>	<sent id="11">
		<raw>In the information void, rumors and questions filled Wichita's airwaves and Internet chat rooms on Sunday: How had the police found him now, after so many years of looking?</raw>
		<lemm>in the information void  rumor and question fill wichita s airwaves and internet chat room on sunday  how have the police find him now  after so many year of look</lemm>
		<bigrams> 1654 1655 1658 1659 1663 1664 1669 1675</bigrams>
	</sent>	<sent id="12">
		<raw>Who had supplied Rader's DNA sample that, according to comments by Gov.</raw>
		<lemm>who have supply rader s dna sample that  accord to comment by gov </lemm>
		<bigrams> 1678 1680</bigrams>
	</sent></doc>