<?xml version="1.0" encoding="UTF_8"?>
<doc>	<sent id="0">
		<raw>North Korean Foreign Minister Paek Nam-Sun has said the Stalinist country would return to the nuclear non-proliferation treaty if a standoff over its nuclear weapons drive were resolved, state media said Sunday.</raw>
		<lemm>north korean foreign minister paek nam-sun have say the stalinist country would return to the nuclear non-proliferation treaty if a standoff over its nuclear weapon drive be resolve  state medium say sunday</lemm>
		<bigrams> 575 1 2 763 764 766 767 768 770 771 275 777 780 781 782 783</bigrams>
	</sent>	<sent id="1">
		<raw>The offer came last week in Laos during a meeting of Asian foreign ministers, according to Radio Pyongyang, monitored by South Korea's Yonhap news agency.</raw>
		<lemm>the offer come last week in laos during a meeting of asian foreign minister  accord to radio pyongyang  monitor by south korea s yonhap news agency</lemm>
		<bigrams> 785 786 787 794 2 795 797 798 376 802 309</bigrams>
	</sent>	<sent id="2">
		<raw>Paek was quoted as saying North Korea would rejoin the treaty and open up to international inspectors "once the nuclear issue is resolved smoothly."</raw>
		<lemm>paek be quote as say north korea would rejoin the treaty and open up to international inspector  once the nuclear issue be resolve smoothly </lemm>
		<bigrams> 805 13 806 807 815 329 817</bigrams>
	</sent>	<sent id="3">
		<raw>Similar remarks were made by North Korean leader Kim Jong-Il last month during a meeting with a South Korean envoy.</raw>
		<lemm>similar remark be make by north korean leader kim jong-il last month during a meeting with a south korean envoy</lemm>
		<bigrams> 818 575 823 824 825 826 404 0 829</bigrams>
	</sent>	<sent id="4">
		<raw>North Korea withdrew from the treaty in 2003, three months after Washington accused Pyongyang of running a clandestine nuclear weapons program based on enriched uranium.</raw>
		<lemm>north korea withdraw from the treaty in @card@  three month after washington accuse pyongyang of run a clandestine nuclear weapon program base on enrich uranium</lemm>
		<bigrams> 13 830 835 836 839 840 845 275 698 846 849</bigrams>
	</sent>	<sent id="5">
		<raw>North Korea declared on February 10 it possessed nuclear weapons and said it needed them as a deterrent to what it said were US plans to launch a nuclear attack against it.</raw>
		<lemm>north korea declare on february @card@ it possess nuclear weapon and say it need them as a deterrent to what it say be us plan to launch a nuclear attack against it</lemm>
		<bigrams> 13 850 853 441 275 868 873</bigrams>
	</sent></doc>