<?xml version="1.0" encoding="UTF_8"?>
<doc>	<sent id="0">
		<raw>The United States and North Korea Monday held another bilateral meeting, their seventh in a week, as they continue to work together to find a solution to the nuclear standoff, sources said.</raw>
		<lemm>the united states and north korea monday hold another bilateral meeting  their seventh in a week  as they continue to work together to find a solution to the nuclear standoff  source say</lemm>
		<bigrams> 84 13 651 652 653 654 655 665 223 671 672</bigrams>
	</sent>	<sent id="1">
		<raw>Their meeting was one of several that took place Monday morning between the six nations taking part in negotiations to convince the Stalinist state to abandon its atomic weapons programs.</raw>
		<lemm>their meeting be one of several that take place monday morning between the six nation take part in negotiation to convince the stalinist state to abandon its atomic weapon program</lemm>
		<bigrams> 680 681 682 686 687 688 694 697 698</bigrams>
	</sent>	<sent id="2">
		<raw>"There was a bilateral meeting between South Korea and the US, and then China met North Korea and South Korea, and then North Korea and the US met," said a source close to the negotiations who did not want to be identified.</raw>
		<lemm> there be a bilateral meeting between south korea and the us  and then china meet north korea and south korea  and then north korea and the us meet   say a source close to the negotiation who do not want to be identify</lemm>
		<bigrams> 655 376 708 709 13 376 13 712 713 716</bigrams>
	</sent>	<sent id="3">
		<raw>It was not clear how long the meetings lasted.</raw>
		<lemm>it be not clear how long the meeting last</lemm>
		<bigrams> 729</bigrams>
	</sent>	<sent id="4">
		<raw>The United States and North Korea have met seven times in the past week amid wider international talks on Pyongyang's nuclear weapons program.</raw>
		<lemm>the united states and north korea have meet seven time in the past week amid wide international talk on pyongyang s nuclear weapon program</lemm>
		<bigrams> 84 13 732 733 736 737 738 739 740 275 698</bigrams>
	</sent></doc>