<?xml version="1.0" encoding="UTF_8"?>
<doc>	<sent id="0">
		<raw>North Korea and the United States sign a nuclear safeguard accord after Pyongyang vows to freeze and eventually dismantle its nuclear weapons program.</raw>
		<lemm>north korea and the united states sign a nuclear safeguard accord after pyongyang vow to freeze and eventually dismantle its nuclear weapon program</lemm>
		<bigrams> 13 84 900 1359 1360 1363 910 275 698</bigrams>
	</sent>	<sent id="1">
		<raw>Oct: North Korea reportedly admits to US special envoy James Kelly that it is running a uranium enrichment program in violation of the 1994 nuclear safeguard accord.</raw>
		<lemm>oct  north korea reportedly admit to us special envoy james kelly that it be run a uranium enrichment program in violation of the @card@ nuclear safeguard accord</lemm>
		<bigrams> 1365 13 75 1366 1369 1370 1371 1372 1093 1094 1376 1359 1360</bigrams>
	</sent>	<sent id="2">
		<raw>Nov 14: The United States suspends fuel oil shipments to North Korea promised under the 1994 accord.</raw>
		<lemm>nov @card@  the united states suspend fuel oil shipment to north korea promise under the @card@ accord</lemm>
		<bigrams> 945 84 1377 1378 1379 1380 13 1106 1382</bigrams>
	</sent>	<sent id="3">
		<raw>Dec 12: North Korea says it is reactivating nuclear facilities frozen under the accord because of power shortages.</raw>
		<lemm>dec @card@  north korea say it be reactivate nuclear facility freeze under the accord because of power shortage</lemm>
		<bigrams> 1110 876 13 634 1113 961 1383 1388</bigrams>
	</sent>	<sent id="4">
		<raw>Dec 21-25: North Korea removes seals and monitoring cameras from its main nuclear complex at Yongbyon, north of Pyongyang.</raw>
		<lemm>dec @card@  north korea remove seal and monitor camera from its main nuclear complex at yongbyon  north of pyongyang</lemm>
		<bigrams> 1110 876 13 1389 1390 1393 1267 1268 1397</bigrams>
	</sent>	<sent id="5">
		<raw>Dec 27: UN's International Atomic Energy Agency (IAEA) inspectors expelled from Yongbyon.</raw>
		<lemm>dec @card@  un s international atomic energy agency ( iaea ) inspector expel from yongbyon</lemm>
		<bigrams> 1110 1400 1403 1404 1405 1406 1407 1408 1409 1410</bigrams>
	</sent>	<sent id="6">
		<raw>Jan 10: Pyongyang withdraws from the nuclear Non-Proliferation Treaty (NPT).</raw>
		<lemm>jan @card@  pyongyang withdraw from the nuclear non-proliferation treaty ( npt )</lemm>
		<bigrams> 1070 1254 1413 770 771 1414 1415 1416</bigrams>
	</sent>	<sent id="7">
		<raw>Feb 12: The IAEA declares North Korea in violation of non-proliferation accords and refers the crisis to the UN Security Council.</raw>
		<lemm>feb @card@  the iaea declare north korea in violation of non-proliferation accord and refer the crisis to the un security council</lemm>
		<bigrams> 1130 1418 1419 13 1422 1429 1430</bigrams>
	</sent>	<sent id="8">
		<raw>Feb 26: North Korea restarts its five-megawatt nuclear reactor at Yongbyon facilities, US officials say.</raw>
		<lemm>feb @card@  north korea restarts its five-megawatt nuclear reactor at yongbyon facility  us official say</lemm>
		<bigrams> 1130 876 13 1431 1434 918 1435 1436 1437 761</bigrams>
	</sent>	<sent id="9">
		<raw>April 18: North Korea says it has begun reprocessing more than 8,000 spent nuclear fuel rods to make weapons-grade plutonium.</raw>
		<lemm>april @card@  north korea say it have begin reprocess more than @card@ spend nuclear fuel rod to make weapons-grade plutonium</lemm>
		<bigrams> 1133 876 13 634 1439 1443 1259 1260 1261 1445 1278</bigrams>
	</sent>	<sent id="10">
		<raw>April 23: The United States, North Korea and China meet for three days of talks in Beijing.</raw>
		<lemm>april @card@  the united states  north korea and china meet for three day of talk in beijing</lemm>
		<bigrams> 1133 84 1446 13 708 1450</bigrams>
	</sent>	<sent id="11">
		<raw>North Korea admits to possessing nuclear weapons, according to the US side.</raw>
		<lemm>north korea admit to possess nuclear weapon  accord to the us side</lemm>
		<bigrams> 13 1451 441 275 1452 1453</bigrams>
	</sent>	<sent id="12">
		<raw>Pyongyang submits a "bold proposal" for resolving the crisis.</raw>
		<lemm>pyongyang submit a  bold proposal  for resolve the crisis</lemm>
		<bigrams> 1454 1457</bigrams>
	</sent>	<sent id="13">
		<raw>July 16: The White House says North Korea has informed the United States of completing the reprocessing of the 8,000 spent fuel rods on June 30.</raw>
		<lemm>july @card@  the white house say north korea have inform the united states of complete the reprocess of the @card@ spend fuel rod on june @card@</lemm>
		<bigrams> 1313 1461 1462 805 13 84 1443 1469 1261 1191</bigrams>
	</sent>	<sent id="14">
		<raw>Aug 13: North Korea asks for a non-aggression pact with the United States to resolve the nuclear stand-off.</raw>
		<lemm>aug @card@  north korea ask for a non-aggression pact with the united states to resolve the nuclear stand-off</lemm>
		<bigrams> 919 876 13 1472 1475 84 1478</bigrams>
	</sent>	<sent id="15">
		<raw>Aug 27-29: Six-nation nuclear talks start in Beijing.</raw>
		<lemm>aug @card@  six-nation nuclear talk start in beijing</lemm>
		<bigrams> 919 1479 8 614 1480</bigrams>
	</sent>	<sent id="16">
		<raw>North Korea threatens to conduct a nuclear test and declare itself a nuclear power.</raw>
		<lemm>north korea threaten to conduct a nuclear test and declare itself a nuclear power</lemm>
		<bigrams> 13 1482 1486 115</bigrams>
	</sent>	<sent id="17">
		<raw>Oct 2: North Korea says it has produced enough weapons-grade plutonium for half-a-dozen atomic bombs as a step towards boosting its nuclear deterrent.</raw>
		<lemm>oct @card@  north korea say it have produce enough weapons-grade plutonium for half-a-dozen atomic bomb as a step towards boost its nuclear deterrent</lemm>
		<bigrams> 1087 876 13 634 1492 1493 1278 1496 1497 1500 1501 1503</bigrams>
	</sent>	<sent id="18">
		<raw>Nov 21: The Korean Peninsula Energy Development Organization (KEDO), an international consortium set up to build safe nuclear power reactors for North Korea, suspends the 4.6 billion dollar project for one year.</raw>
		<lemm>nov @card@  the korean peninsula energy development organization ( kedo )  an international consortium set up to build safe nuclear power reactor for north korea  suspend the @card@ billion dollar project for one year</lemm>
		<bigrams> 945 1504 1505 1506 1507 1508 1509 1510 1044 1512 1514 1515 115 1516 13 1518 1520 1521 1522 1525</bigrams>
	</sent>	<sent id="19">
		<raw>Jan 1: North Korea reaffirms in a New Year message that it is ready to resolve the nuclear crisis peacefully while vowing to take the "toughest" measures against any US "hardline" stance toward Pyongyang.</raw>
		<lemm>jan @card@  north korea reaffirm in a new year message that it be ready to resolve the nuclear crisis peacefully while vow to take the  tough  measure against any us  hardline  stance toward pyongyang</lemm>
		<bigrams> 1070 876 13 1526 1529 1530 1532 1533 1537 1541 1542 1543 1544</bigrams>
	</sent>	<sent id="20">
		<raw>Jan 6: North Korea offers to refrain from testing and producing nuclear weapons in a "bold concession".</raw>
		<lemm>jan @card@  north korea offer to refrain from test and produce nuclear weapon in a  bold concession </lemm>
		<bigrams> 1070 876 13 1545 1550 275 1551</bigrams>
	</sent>	<sent id="21">
		<raw>US Secretary of State Colin Powell says he is encouraged by the offer.</raw>
		<lemm>us secretary of state colin powell say he be encourage by the offer</lemm>
		<bigrams> 1552 1554 1555 1556</bigrams>
	</sent>	<sent id="22">
		<raw>Jan 22: IAEA chief Mohamed ElBaradei says North Korea's nuclear program is the world's most dangerous non-proliferation issue.</raw>
		<lemm>jan @card@  iaea chief mohamed elbaradei say north korea s nuclear program be the world s most dangerous non-proliferation issue</lemm>
		<bigrams> 1070 1561 1562 1563 1564 1565 805 13 294 1571 1572</bigrams>
	</sent>	<sent id="23">
		<raw>Feb 4: Abdul Qadeer Khan, the founder of Pakistan's atomic program, admits proliferating nuclear technology after two-month investigation into the leaking of nuclear secrets to Iran, Libya and North Korea.</raw>
		<lemm>feb @card@  abdul qadeer khan  the founder of pakistan s atomic program  admit proliferate nuclear technology after two-month investigation into the leak of nuclear secret to iran  libya and north korea</lemm>
		<bigrams> 1130 1573 1574 1575 1582 1583 1584 1585 1586 1589 1594 1597 13</bigrams>
	</sent>	<sent id="24">
		<raw>Feb 24: Second round of six-party talks are held in Beijing but end without concrete progress.</raw>
		<lemm>feb @card@  second round of six-party talk be hold in beijing but end without concrete progress</lemm>
		<bigrams> 1130 1189 1190 490 1603 1604 1605</bigrams>
	</sent>	<sent id="25">
		<raw>China says "severe" differences remain.</raw>
		<lemm>china say  severe  difference remain</lemm>
		<bigrams> 1357 1606 1607 1608</bigrams>
	</sent>	<sent id="26">
		<raw>May 22: Japanese Prime Minister Junichiro Koizumi visits Kim Jong-il in Pyongyang and the North Korean leader says he wants a solution to the crisis.</raw>
		<lemm>may @card@  japanese prime minister junichiro koizumi visit kim jong-il in pyongyang and the north korean leader say he want a solution to the crisis</lemm>
		<bigrams> 995 1609 1610 335 1611 1612 1613 1614 825 575 823 1617</bigrams>
	</sent>	<sent id="27">
		<raw>June 23-25: Third round of six-way talks held in Beijing.</raw>
		<lemm>june @card@  third round of six-way talk hold in beijing</lemm>
		<bigrams> 1191 1192 1193 1621 1622</bigrams>
	</sent>	<sent id="28">
		<raw>No progress reported but parties agree to meet again for a fourth round in September.</raw>
		<lemm>no progress report but party agree to meet again for a fourth round in september</lemm>
		<bigrams> 1624 1627 167</bigrams>
	</sent>	<sent id="29">
		<raw>Aug 23: North Korea says it is "impossible" to attend more talks because of "hostile" US policy, labeling Bush an "imbecile" and a "tyrant" who is worse than Adolf Hitler.</raw>
		<lemm>aug @card@  north korea say it be  impossible  to attend more talk because of  hostile  us policy  label bush an  imbecile  and a  tyrant  who be bad than adolf hitler</lemm>
		<bigrams> 919 876 13 634 1638 1639 1640 1641 1651</bigrams>
	</sent>	<sent id="30">
		<raw>Sept 28: The United States warns North Korea it might be reported to the UN Security Council if it refuses participation in six-party talks.</raw>
		<lemm>sept @card@  the united states warn north korea it might be report to the un security council if it refuse participation in six-party talk</lemm>
		<bigrams> 1012 84 1652 1653 13 1429 1430 1661 490</bigrams>
	</sent>	<sent id="31">
		<raw>Feb 10: North Korea indefinitely suspends participation in talks and says it has manufactured nuclear weapons.</raw>
		<lemm>feb @card@  north korea indefinitely suspend participation in talk and say it have manufacture nuclear weapon</lemm>
		<bigrams> 1130 876 13 1664 1665 1666 1669 275</bigrams>
	</sent>	<sent id="32">
		<raw>March 16: North Korea lashes out at US Secretary of State Condoleezza Rice for calling the communist state an "outpost of tyranny" and rules out new talks.</raw>
		<lemm>march @card@  north korea lash out at us secretary of state condoleezza rice for call the communist state an  outpost of tyranny  and rule out new talk</lemm>
		<bigrams> 1237 876 13 1670 1552 1674 1212 1678 64</bigrams>
	</sent>	<sent id="33">
		<raw>May 5: The International Atomic Energy Agency estimates that North Korea has close to six nuclear weapons.</raw>
		<lemm>may @card@  the international atomic energy agency estimate that north korea have close to six nuclear weapon</lemm>
		<bigrams> 995 1403 1404 1405 1685 13 1690 275</bigrams>
	</sent>	<sent id="34">
		<raw>May 13: US and North Korean officials meet in New York.</raw>
		<lemm>may @card@  us and north korean official meet in new york</lemm>
		<bigrams> 995 1691 575 760 1692 969</bigrams>
	</sent>	<sent id="35">
		<raw>June 8: North Korea says it has a stockpile of nuclear bombs and is building more such weapons.</raw>
		<lemm>june @card@  north korea say it have a stockpile of nuclear bomb and be build more such weapon</lemm>
		<bigrams> 1191 876 13 634 261</bigrams>
	</sent>	<sent id="36">
		<raw>It also says no nuclear talks unless Washington meets unspecified conditions.</raw>
		<lemm>it also say no nuclear talk unless washington meet unspecified condition</lemm>
		<bigrams> 1702 614 1705 1706 1707 1708 1709</bigrams>
	</sent>	<sent id="37">
		<raw>June 17: North Korean leader Kim Jong-Il tells the South Korean unification minister his country is willing to resume stalled six-nation talks on its nuclear programme in July.</raw>
		<lemm>june @card@  north korean leader kim jong-il tell the south korean unification minister his country be willing to resume stall six-nation talk on its nuclear programme in july</lemm>
		<bigrams> 1191 876 575 823 824 825 1710 0 1711 1712 1717 1718 265 1719</bigrams>
	</sent>	<sent id="38">
		<raw>June 23: North Korea says it would scrap its nuclear weapons only if the United States removed the nuclear threat to the Korean peninsula as a first step.</raw>
		<lemm>june @card@  north korea say it would scrap its nuclear weapon only if the united states remove the nuclear threat to the korean peninsula as a first step</lemm>
		<bigrams> 1191 876 13 634 1723 275 84 1727 1729 1504 1732</bigrams>
	</sent>	<sent id="39">
		<raw>July 5: North Korea restates its rejection of a US demand that it disarm its nuclear weapons before the new round of six-nation talks could begin, warning there would be no progress if the US did not change its "high-handed" stance.</raw>
		<lemm>july @card@  north korea restate its rejection of a us demand that it disarm its nuclear weapon before the new round of six-nation talk could begin  warn there would be no progress if the us do not change its  high-handed  stance</lemm>
		<bigrams> 1313 876 13 1733 1738 275 1743 265 1744 1745 1746 1753</bigrams>
	</sent>	<sent id="40">
		<raw>July 9: North Korea's official media say the country agrees to return to six-way talks in the last week of July.</raw>
		<lemm>july @card@  north korea s official medium say the country agree to return to six-way talk in the last week of july</lemm>
		<bigrams> 1313 876 13 1754 782 1755 1621 787</bigrams>
	</sent>	<sent id="41">
		<raw>July 12: South Korea offers to route some 2,000 megawatts of electricity to North Korea and to provide 500,000 tonnes of rice if Pyongyang gives up its nuclear drive.</raw>
		<lemm>july @card@  south korea offer to route some @card@ megawatt of electricity to north korea and to provide @card@ tonne of rice if pyongyang give up its nuclear drive</lemm>
		<bigrams> 1313 1759 376 1545 1763 13 1767 1768 1773 1774</bigrams>
	</sent>	<sent id="42">
		<raw>It also offers to provide funds and raw materials to help the North produce daily necessities such as garments, footwear and soap from 2006.</raw>
		<lemm>it also offer to provide fund and raw material to help the north produce daily necessity such as garment  footwear and soap from @card@</lemm>
		<bigrams> 1775 1776 1779 1782 1783 1784 1787</bigrams>
	</sent>	<sent id="43">
		<raw>July 25: The US and North Korea hold a rare bilateral meeting in Beijing, the first of at least nine in the next two weeks.</raw>
		<lemm>july @card@  the us and north korea hold a rare bilateral meeting in beijing  the first of at least nine in the next two week</lemm>
		<bigrams> 1313 13 946 1794 655 1800 1803 205</bigrams>
	</sent>	<sent id="44">
		<raw>July 26: Fourth round of six-party talks begins.</raw>
		<lemm>july @card@  fourth round of six-party talk begin</lemm>
		<bigrams> 1313 1325 167 490 1326</bigrams>
	</sent>	<sent id="45">
		<raw>Aug 4: North Korea insists it has the right to operate nuclear programs for peaceful purposes, which emerges as the main sticking point in negotiations.</raw>
		<lemm>aug @card@  north korea insist it have the right to operate nuclear program for peaceful purpose  which emerge as the main sticking point in negotiation</lemm>
		<bigrams> 919 876 13 1804 1808 294 1810 1815 1816</bigrams>
	</sent>	<sent id="46">
		<raw>Aug 7: Six-party talks enter a three-week recess after participating nations fail to reach agreement on what should be in a joint document outlining how North Korea will dump its nuclear arsenal and what it would get in return.</raw>
		<lemm>aug @card@  six-party talk enter a three-week recess after participate nation fail to reach agreement on what should be in a joint document outline how north korea will dump its nuclear arsenal and what it would get in return</lemm>
		<bigrams> 919 1818 490 1819 186 1823 1824 1826 1831 1832 13 1838 1841</bigrams>
	</sent>	<sent id="47">
		<raw>Aug 29: North Korea says it will not return to the talks as scheduled, blaming the delay on military drills between the United States and South Korea.</raw>
		<lemm>aug @card@  north korea say it will not return to the talk as schedule  blame the delay on military drill between the united states and south korea</lemm>
		<bigrams> 919 876 13 634 1847 1851 84 376</bigrams>
	</sent>	<sent id="48">
		<raw>Sept 8: China announces that the six-party talks will resume on September 13.</raw>
		<lemm>sept @card@  china announce that the six-party talk will resume on september @card@</lemm>
		<bigrams> 1012 1356 1853 490 78</bigrams>
	</sent></doc>