<?xml version="1.0" encoding="UTF_8"?>
<doc>	<sent id="0">
		<raw>North Korea on Monday proposed resuming six-nation talks on its nuclear program during the week of September 12, a foreign ministry spokesman was quoted by the North's official KCNA news agency as saying.</raw>
		<lemm>north korea on monday propose resume six-nation talk on its nuclear program during the week of september @card@  a foreign ministry spokesman be quote by the north s official kcna news agency as say</lemm>
		<bigrams> 13 290 291 292 265 294 78 300 301 307 308 309</bigrams>
	</sent></doc>