<?xml version="1.0" encoding="UTF_8"?>
<doc>	<sent id="0">
		<raw>1993: North Korea shocks the world by announcing it is withdrawing from the Nuclear Nonproliferation Treaty amid suspicions that it is developing nuclear weapons.</raw>
		<lemm>@card@  north korea shock the world by announce it be withdraw from the nuclear nonproliferation treaty amid suspicion that it be develop nuclear weapon</lemm>
		<bigrams> 876 13 877 884 885 886 887 890 275</bigrams>
	</sent>	<sent id="1">
		<raw>Pyongyang suspends that decision three months later following negotiations with the United States.</raw>
		<lemm>pyongyang suspend that decision three month later follow negotiation with the united states</lemm>
		<bigrams> 891 894 836 895 896 897 84</bigrams>
	</sent>	<sent id="2">
		<raw>1994: North Korea and the United States sign nuclear agreement in Geneva.</raw>
		<lemm>@card@  north korea and the united states sign nuclear agreement in geneva</lemm>
		<bigrams> 876 13 84 900 901 902</bigrams>
	</sent>	<sent id="3">
		<raw>North Korea pledges to freeze and eventually dismantle its nuclear weapons program in exchange for international aid to build two power-producing nuclear reactors.</raw>
		<lemm>north korea pledge to freeze and eventually dismantle its nuclear weapon program in exchange for international aid to build two power-produce nuclear reactor</lemm>
		<bigrams> 13 905 910 275 698 912 915 916 917 918</bigrams>
	</sent>	<sent id="4">
		<raw>Aug. 31, 1998: North Korea fires a multistage rocket that flies over Japan and lands in the Pacific Ocean, proving the Koreans can strike any part of Japan's territory.</raw>
		<lemm>aug @card@  @card@  north korea fire a multistage rocket that fly over japan and land in the pacific ocean  prove the koreans can strike any part of japan s territory</lemm>
		<bigrams> 919 920 876 13 921 924 933 934</bigrams>
	</sent>	<sent id="5">
		<raw>Nov. 17: The United States and North Korea hold the first round of high-level talks in Pyongyang over North Korea's suspected construction of an underground nuclear facility.</raw>
		<lemm>nov @card@  the united states and north korea hold the first round of high-level talk in pyongyang over north korea s suspected construction of an underground nuclear facility</lemm>
		<bigrams> 945 84 13 946 949 951 13 956 960 961</bigrams>
	</sent>	<sent id="6">
		<raw>The United States demands inspections.</raw>
		<lemm>the united states demand inspection</lemm>
		<bigrams> 84 962 963</bigrams>
	</sent>	<sent id="7">
		<raw>Feb. 27-March 16, 1999: During a fourth round of talks in New York, North Korea agrees to allow U. S. access to the suspected site in exchange for promises of food.</raw>
		<lemm>feb 27-march @card@  @card@  during a fourth round of talk in new york  north korea agree to allow u s access to the suspected site in exchange for promise of food</lemm>
		<bigrams> 964 965 920 167 969 970 13 971 974 978</bigrams>
	</sent>	<sent id="8">
		<raw>U. S. inspectors find no evidence of any nuclear activity during visit to site in May.</raw>
		<lemm>u s inspector find no evidence of any nuclear activity during visit to site in may</lemm>
		<bigrams> 984 105</bigrams>
	</sent>	<sent id="9">
		<raw>May 25-28: Former U. S. Defense Secretary William Perry visits North Korea and delivers a U. S. disarmament proposal during four days of talks.</raw>
		<lemm>may @card@  former u s defense secretary william perry visit north korea and deliver a u s disarmament proposal during four day of talk</lemm>
		<bigrams> 995 996 997 999 1000 1001 1002 1003 13 1007 1010</bigrams>
	</sent>	<sent id="10">
		<raw>Sept. 13: North Korea pledges to freeze testing of long-range missiles for the duration of negotiations to improve relations.</raw>
		<lemm>sept @card@  north korea pledge to freeze testing of long-range missile for the duration of negotiation to improve relation</lemm>
		<bigrams> 1012 876 13 905 1013 1016 1022</bigrams>
	</sent>	<sent id="11">
		<raw>Sept. 17: U. S. President Bill Clinton agrees to the first significant easing of economic sanctions against North Korea since the Korean War ended in 1953.</raw>
		<lemm>sept @card@  u s president bill clinton agree to the first significant easing of economic sanction against north korea since the korean war end in @card@</lemm>
		<bigrams> 1012 1023 1025 1026 1027 1028 1029 1032 13 1035 1038 1039</bigrams>
	</sent>	<sent id="12">
		<raw>December: A U. S.-led international consortium signs a US$4.6 billion contract to build two nuclear reactors in North Korea.</raw>
		<lemm>december  a u s -led international consortium sign a us$4 6 billion contract to build two nuclear reactor in north korea</lemm>
		<bigrams> 1043 1044 1045 1048 1049 1050 915 1052 918 13</bigrams>
	</sent>	<sent id="13">
		<raw>December 2001: President Bush warns Iraq and North Korea would be "held accountable" if they develop weapons of mass destruction.</raw>
		<lemm>december @card@  president bush warn iraq and north korea would be  hold accountable  if they develop weapon of mass destruction</lemm>
		<bigrams> 1055 1056 1057 1058 1059 13 806 1062 1066 1069</bigrams>
	</sent>	<sent id="14">
		<raw>Jan. 29, 2002: Bush labels North Korea, Iran and Iraq an "axis of evil" in his State of the Union address.</raw>
		<lemm>jan @card@  @card@  bush label north korea  iran and iraq an  axis of evil  in his state of the union address</lemm>
		<bigrams> 1070 920 1071 1072 1073 13 1074 1086</bigrams>
	</sent>	<sent id="15">
		<raw>Oct. 16: U. S. officials say Pyongyang acknowledges having a secret uranium enrichment program, key to development of nuclear weapons.</raw>
		<lemm>oct @card@  u s official say pyongyang acknowledge have a secret uranium enrichment program  key to development of nuclear weapon</lemm>
		<bigrams> 1087 1023 761 1088 1089 1092 1093 1094 1095 275</bigrams>
	</sent>	<sent id="16">
		<raw>Nov. 11: The United States, Japan and South Korea decide to halt oil supplies to North Korea promised under a 1994 deal.</raw>
		<lemm>nov @card@  the united states  japan and south korea decide to halt oil supply to north korea promise under a @card@ deal</lemm>
		<bigrams> 945 84 377 376 1099 1102 1103 13 1106 1109</bigrams>
	</sent>	<sent id="17">
		<raw>Dec. 12: North Korea announces it is reactivating nuclear facilities at Yongbyon that were frozen under the 1994 deal with the United States.</raw>
		<lemm>dec @card@  north korea announce it be reactivate nuclear facility at yongbyon that be freeze under the @card@ deal with the united states</lemm>
		<bigrams> 1110 876 13 1111 1113 961 1109 84</bigrams>
	</sent>	<sent id="18">
		<raw>Dec. 31: North Korea expels U. N. nuclear weapons inspectors.</raw>
		<lemm>dec @card@  north korea expel u n nuclear weapon inspector</lemm>
		<bigrams> 1110 876 13 1123 1124 1125 1126 275 1127</bigrams>
	</sent>	<sent id="19">
		<raw>Jan. 10, 2003: North Korea says it will withdraw from the Nuclear Nonproliferation Treaty.</raw>
		<lemm>jan @card@  @card@  north korea say it will withdraw from the nuclear nonproliferation treaty</lemm>
		<bigrams> 1070 920 876 13 634 884 885</bigrams>
	</sent>	<sent id="20">
		<raw>Feb. 6: North Korea says it has reactivated its nuclear facilities.</raw>
		<lemm>feb @card@  north korea say it have reactivate its nuclear facility</lemm>
		<bigrams> 1130 876 13 634 961</bigrams>
	</sent>	<sent id="21">
		<raw>April 23: U. S. and North Korean envoys begin talks in Beijing to try to resolve standoff.</raw>
		<lemm>april @card@  u s and north korean envoy begin talk in beijing to try to resolve standoff</lemm>
		<bigrams> 1133 1023 575 829 1135 1136 1140</bigrams>
	</sent>	<sent id="22">
		<raw>April 24: North Korea tells U.</raw>
		<lemm>april @card@  north korea tell u </lemm>
		<bigrams> 1133 876 13 1141 1142</bigrams>
	</sent>	<sent id="23">
		<raw>S officials privately that it has nuclear weapons and may test, export or use them depending on U. S. actions, according a senior American official.</raw>
		<lemm>s official privately that it have nuclear weapon and may test  export or use them depend on u s action  accord a senior american official</lemm>
		<bigrams> 1143 275 1147 1148 1156 1159 1160</bigrams>
	</sent>	<sent id="24">
		<raw>The North reportedly offers to give up its nuclear program in return for large amounts of aid.</raw>
		<lemm>the north reportedly offer to give up its nuclear program in return for large amount of aid</lemm>
		<bigrams> 1161 1162 294 1170</bigrams>
	</sent>	<sent id="25">
		<raw>May 12: North Korea withdraws from a 1992 agreement with South Korea to keep the peninsula free of nuclear weapons.</raw>
		<lemm>may @card@  north korea withdraw from a @card@ agreement with south korea to keep the peninsula free of nuclear weapon</lemm>
		<bigrams> 995 876 13 830 1172 376 1178 275</bigrams>
	</sent>	<sent id="26">
		<raw>Aug. 27-29: North Korea joins the first round of six-nation talks on its nuclear program in Beijing, which include China, Japan, Russia, South Korea and the United States.</raw>
		<lemm>aug @card@  north korea join the first round of six-nation talk on its nuclear program in beijing  which include china  japan  russia  south korea and the united states</lemm>
		<bigrams> 919 876 13 1180 949 265 294 1185 1186 1187 1188 376 84</bigrams>
	</sent>	<sent id="27">
		<raw>Feb. 25-28, 2004: Second round of six-nation talks.</raw>
		<lemm>feb @card@  @card@  second round of six-nation talk</lemm>
		<bigrams> 1130 920 1189 1190 265</bigrams>
	</sent>	<sent id="28">
		<raw>June 23-26: Third round of six-nation talks.</raw>
		<lemm>june @card@  third round of six-nation talk</lemm>
		<bigrams> 1191 1192 1193 265</bigrams>
	</sent>	<sent id="29">
		<raw>September: North Korea refuses to attend a planned fourth round of six-party talks, accusing the United States of "hostile" policies toward it.</raw>
		<lemm>september  north korea refuse to attend a planned fourth round of six-party talk  accuse the united states of  hostile  policy toward it</lemm>
		<bigrams> 1194 13 1195 1199 167 490 1201 84 1205 1206</bigrams>
	</sent>	<sent id="30">
		<raw>Jan. 18, 2005: U. S. Secretary of State-designate Condoleezza Rice refers to North Korea as one of the "outposts of tyranny" in the world.</raw>
		<lemm>jan @card@  @card@  u s secretary of state-designate condoleezza rice refer to north korea as one of the  outpost of tyranny  in the world</lemm>
		<bigrams> 1070 920 1023 1211 1212 1213 13</bigrams>
	</sent>	<sent id="31">
		<raw>Feb. 2: Bush softens his tone on North Korea, making only one reference to it in his State of the Union address.</raw>
		<lemm>feb @card@  bush soften his tone on north korea  make only one reference to it in his state of the union address</lemm>
		<bigrams> 1130 1071 1221 13 1225 1228 1086</bigrams>
	</sent>	<sent id="32">
		<raw>Feb. 10: North Korea announces it has nuclear weapons, says it is staying away from six-nation talks.</raw>
		<lemm>feb @card@  north korea announce it have nuclear weapon  say it be stay away from six-nation talk</lemm>
		<bigrams> 1130 876 13 1111 275 1232 1234 265</bigrams>
	</sent>	<sent id="33">
		<raw>March 31: North Korea declares it should be treated equally as a nuclear power, demands that nuclear talks address disarmament of all countries involved, including the United States.</raw>
		<lemm>march @card@  north korea declare it should be treat equally as a nuclear power  demand that nuclear talk address disarmament of all country involve  include the united states</lemm>
		<bigrams> 1237 876 13 850 1241 115 1243 614 1246 1247 1251 1252 84</bigrams>
	</sent>	<sent id="34">
		<raw>May 11: Pyongyang says it has completed removing spent nuclear fuel rods from a reactor at its main nuclear complex, a move that would let it harvest more weapons-grade plutonium.</raw>
		<lemm>may @card@  pyongyang say it have complete remove spend nuclear fuel rod from a reactor at its main nuclear complex  a move that would let it harvest more weapons-grade plutonium</lemm>
		<bigrams> 995 1254 1255 1257 1258 1259 1260 1261 1267 1268 1273 1278</bigrams>
	</sent>	<sent id="35">
		<raw>May 16: The two Koreas resume direct talks for the first time in 10 months.</raw>
		<lemm>may @card@  the two korea resume direct talk for the first time in @card@ month</lemm>
		<bigrams> 995 173 1279 1280 1281 1282 1283</bigrams>
	</sent>	<sent id="36">
		<raw>June 17: North Korean leader Kim Jong Il says his country could return to the six-nation disarmament talks by July if it gets appropriate respect from the United States.</raw>
		<lemm>june @card@  north korean leader kim jong il say his country could return to the six-nation disarmament talk by july if it get appropriate respect from the united states</lemm>
		<bigrams> 1191 876 575 823 824 1284 1285 1286 1288 1289 1290 10 1296 1297 84</bigrams>
	</sent>	<sent id="37">
		<raw>The United States dismisses the overture, saying Kim needs to make a more concrete commitment to nuclear negotiations.</raw>
		<lemm>the united states dismiss the overture  say kim need to make a more concrete commitment to nuclear negotiation</lemm>
		<bigrams> 84 1299 1302 1303 1304 1309 1312</bigrams>
	</sent>	<sent id="38">
		<raw>July 9: North Korea agrees to return to a fourth round of six-nation talks after a meeting between U. S. and North Korean envoys in Beijing where Washington said it recognized the North's sovereignty.</raw>
		<lemm>july @card@  north korea agree to return to a fourth round of six-nation talk after a meeting between u s and north korean envoy in beijing where washington say it recognize the north s sovereignty</lemm>
		<bigrams> 1313 876 13 971 167 265 575 829 1321</bigrams>
	</sent>	<sent id="39">
		<raw>July 26: Fourth round of six-nation nuclear talks begins in Beijing.</raw>
		<lemm>july @card@  fourth round of six-nation nuclear talk begin in beijing</lemm>
		<bigrams> 1313 1325 167 8 614 1326</bigrams>
	</sent>	<sent id="40">
		<raw>Aug. 7: Envoys announce a three-week recess in nuclear talks after 13 days of talks fail to produce a planned statement of principles to guide future negotiations.</raw>
		<lemm>aug @card@  envoy announce a three-week recess in nuclear talk after @card@ day of talk fail to produce a planned statement of principle to guide future negotiation</lemm>
		<bigrams> 919 1327 1328 186 614 1333 1334 1338 1343 1344</bigrams>
	</sent>	<sent id="41">
		<raw>Talks scheduled to resume the week of Aug. 29.</raw>
		<lemm>talk schedule to resume the week of aug @card@</lemm>
		<bigrams> 1345 919</bigrams>
	</sent></doc>