<?xml version="1.0" encoding="UTF_8"?>
<doc>	<sent id="0">
		<raw>South Korean Foreign Minister Ban Ki-Moon said Wednesday six-nation nuclear disarmament talks on North Korea, due to reopen in Beijing next week, would be open-ended.</raw>
		<lemm>south korean foreign minister ban ki-moon say wednesday six-nation nuclear disarmament talk on north korea  due to reopen in beijing next week  would be open-ended</lemm>
		<bigrams> 0 1 2 3 4 5 6 7 8 9 10 13 14 19 20 21</bigrams>
	</sent>	<sent id="1">
		<raw>"With no ending date fixed in advance, the talks will continue as long as there are chances for making any progress," Ban told a weekly briefing.</raw>
		<lemm> with no end date fix in advance  the talk will continue as long as there be chance for make any progress   ban tell a weekly briefing</lemm>
		<bigrams> 26 27 44 45 48</bigrams>
	</sent>	<sent id="2">
		<raw>He said his government would "do its utmost to help make substantive progress" at the new talks for which host China will "soon" fix an opening date.</raw>
		<lemm>he say his government would  do its utmost to help make substantive progress  at the new talk for which host china will  soon  fix an opening date</lemm>
		<bigrams> 52 58 59 60 64 68 71 74</bigrams>
	</sent>	<sent id="3">
		<raw>North Korea reportedly prefers September 13.</raw>
		<lemm>north korea reportedly prefer september @card@</lemm>
		<bigrams> 13 75 76 77 78</bigrams>
	</sent>	<sent id="4">
		<raw>The comments came as the United States and North Korea, the two major players, were still at loggerheads over Pyongyang's demand for the right to peaceful nuclear activities, rejected by Washington.</raw>
		<lemm>the comment come as the united states and north korea  the two major player  be still at loggerhead over pyongyang s demand for the right to peaceful nuclear activity  reject by washington</lemm>
		<bigrams> 80 84 13 89 90 104 105 106</bigrams>
	</sent>	<sent id="5">
		<raw>"(North Korea) had built the nuclear power facilities for decades tightening its belts," Rodong Sinmun, the North's communist party newspaper, said in a commentary on Tuesday.</raw>
		<lemm> ( north korea ) have build the nuclear power facility for decade tighten its belt   rodong sinmun  the north s communist party newspaper  say in a commentary on tuesday</lemm>
		<bigrams> 109 13 110 115 116 119 122 123 128 129 130</bigrams>
	</sent>	<sent id="6">
		<raw>"It is unimaginable for (North Korea) to dismantle its independent nuclear power industry built with so much effort, yielding to outsiders' pressure, without getting any proposal for compensating for the loss of nuclear energy."</raw>
		<lemm> it be unimaginable for ( north korea ) to dismantle its independent nuclear power industry build with so much effort  yield to outsider  pressure  without get any proposal for compensate for the loss of nuclear energy </lemm>
		<bigrams> 109 13 110 144 115 145 146 150 151 154 155 156 165</bigrams>
	</sent>	<sent id="7">
		<raw>The fourth round of talks, which involve the two Koreas, the United States, China, Russia and Japan, broke off on August 7 for a three-week recess and were originally due to resume in the final week of August.</raw>
		<lemm>the fourth round of talk  which involve the two korea  the united states  china  russia and japan  break off on august @card@ for a three-week recess and be originally due to resume in the final week of august</lemm>
		<bigrams> 167 173 84 174 175 178 182 186 190 195</bigrams>
	</sent>	<sent id="8">
		<raw>But the Stalinist North delayed the talks for another two weeks, announcing they would resume sometime in the week beginning September 12.</raw>
		<lemm>but the stalinist north delay the talk for another two week  announce they would resume sometime in the week begin september @card@</lemm>
		<bigrams> 200 201 204 205 206 209 210 213 214 78</bigrams>
	</sent>	<sent id="9">
		<raw>It cited annual South Korea-US war games for the delay.</raw>
		<lemm>it cite annual south korea-us war game for the delay</lemm>
		<bigrams> 216 217 218 219 220</bigrams>
	</sent>	<sent id="10">
		<raw>The nuclear standoff began in October 2002 when the United States accused North Korea of a secret uranium-enrichment program in violation of a 1994 arms control pact.</raw>
		<lemm>the nuclear standoff begin in october @card@ when the united states accuse north korea of a secret uranium-enrichment program in violation of a @card@ arm control pact</lemm>
		<bigrams> 223 224 227 84 230 231 13 235 236 241 242 243</bigrams>
	</sent>	<sent id="11">
		<raw>Pyongyang has denied the US charges but declared in February this year that it had already built nuclear bombs.</raw>
		<lemm>pyongyang have deny the us charge but declare in february this year that it have already build nuclear bomb</lemm>
		<bigrams> 248 259 260 261</bigrams>
	</sent>	<sent id="12">
		<raw>Since 2003, the six-nation talks have aimed to persuade North Korea to abandon its nuclear weapons in exchange for diplomatic and economic benefits as well as security guarantees.</raw>
		<lemm>since @card@  the six-nation talk have aim to persuade north korea to abandon its nuclear weapon in exchange for diplomatic and economic benefit as well as security guarantee</lemm>
		<bigrams> 262 265 270 13 275 282 287</bigrams>
	</sent>	<sent id="13">
		<raw>North Korea on Monday proposed resuming six-nation talks on its nuclear program during the week of September 12, a foreign ministry spokesman was quoted by the North's official KCNA news agency as saying.</raw>
		<lemm>north korea on monday propose resume six-nation talk on its nuclear program during the week of september @card@  a foreign ministry spokesman be quote by the north s official kcna news agency as say</lemm>
		<bigrams> 13 290 291 292 265 294 78 300 301 307 308 309</bigrams>
	</sent>	<sent id="14">
		<raw>The international community must be ready to help North Korea economically once the issue of the communist country's nuclear issue is settled, South Korean Deputy Prime Minister Han Duck-soo said.</raw>
		<lemm>the international community must be ready to help north korea economically once the issue of the communist country s nuclear issue be settle  south korean deputy prime minister han duck-soo say</lemm>
		<bigrams> 313 314 318 13 319 326 329 332 0 333 334 335 336 337 338</bigrams>
	</sent>	<sent id="15">
		<raw>"Something must be done," Han told The Associated Press on the sidelines of the Asia-Pacific Economic Cooperation forum finance minister's meeting that began Thursday on the South Korean island of Jeju.</raw>
		<lemm> something must be do   han tell the associated press on the sideline of the asia-pacific economic cooperation forum finance minister s meeting that begin thursday on the south korean island of jeju</lemm>
		<bigrams> 339 342 345 351 352 353 354 355 360 0 363</bigrams>
	</sent>	<sent id="16">
		<raw>He said such a need should be clear to the global community.</raw>
		<lemm>he say such a need should be clear to the global community</lemm>
		<bigrams> 375</bigrams>
	</sent>	<sent id="17">
		<raw>South Korea, the United States, Japan, China and Russia are trying to persuade North Korea to abandon its nuclear weapons development in talks that may resume as early as next week in the Chinese capital of Beijing after going into recess last month.</raw>
		<lemm>south korea  the united states  japan  china and russia be try to persuade north korea to abandon its nuclear weapon development in talk that may resume as early as next week in the chinese capital of beijing after go into recess last month</lemm>
		<bigrams> 376 84 377 378 270 13 275 384 389 20 396 403 404</bigrams>
	</sent>	<sent id="18">
		<raw>The South Korean government has said it is ready to provide massive amounts of aid, including electricity, to the North if the rival country can reach an agreement on the nuclear program within the six-party framework.</raw>
		<lemm>the south korean government have say it be ready to provide massive amount of aid  include electricity  to the north if the rival country can reach an agreement on the nuclear program within the six-party framework</lemm>
		<bigrams> 0 405 410 411 414 415 420 294 426 429</bigrams>
	</sent>	<sent id="19">
		<raw>The talks have hit a snag over North Korea's insistence that it be allowed to possess nuclear power for what it describes as "peaceful means," a stance opposed by the United States.</raw>
		<lemm>the talk have hit a snag over north korea s insistence that it be allow to possess nuclear power for what it describe as  peaceful mean   a stance oppose by the united states</lemm>
		<bigrams> 13 441 115 448 451 84</bigrams>
	</sent>	<sent id="20">
		<raw>Han, who is also South Korea's finance minister, also proposed expanding the scope of the APEC trade forum, first by inviting North Korea to participate as an observer in future finance ministers' meetings pending a resolution of the nuclear problem.</raw>
		<lemm>han  who be also south korea s finance minister  also propose expand the scope of the apec trade forum  first by invite north korea to participate as an observer in future finance minister  meeting pend a resolution of the nuclear problem</lemm>
		<bigrams> 456 376 355 458 459 460 465 466 467 470 13 477 355 478 479 483</bigrams>
	</sent>	<sent id="21">
		<raw>"On condition that there is progress at the ongoing six-party talks, I think we should consider North Korea to be our first guest," he said in a speech to finance ministers.</raw>
		<lemm> on condition that there be progress at the ongoing six-party talk  i think we should consider north korea to be our first guest   he say in a speech to finance minister</lemm>
		<bigrams> 489 490 496 13 500 355</bigrams>
	</sent>	<sent id="22">
		<raw>Separately, in an interview with a South Korean newspaper Han also called on the 21-member APEC to help create a multinational rehabilitation fund for North Korea.</raw>
		<lemm>separately  in an interview with a south korean newspaper han also call on the 21-member apec to help create a multinational rehabilitation fund for north korea</lemm>
		<bigrams> 0 511 512 513 514 517 519 522 523 13</bigrams>
	</sent>	<sent id="23">
		<raw>"I think finance ministers need to take the lead in establishing a rehabilitation program for North Korea on the condition that the six-party talks end well," he told The Korea Times.</raw>
		<lemm> i think finance minister need to take the lead in establish a rehabilitation program for north korea on the condition that the six-party talk end well   he tell the korea times</lemm>
		<bigrams> 526 355 527 536 13 490 540 541 545</bigrams>
	</sent>	<sent id="24">
		<raw>He added that South Korea was consulting with other countries to discuss establishing a Northeast Asian Development Bank provided agreement is reached with North Korea on the nuclear issue.</raw>
		<lemm>he add that south korea be consult with other country to discuss establish a northeast asian development bank provide agreement be reach with north korea on the nuclear issue</lemm>
		<bigrams> 376 556 558 559 560 561 562 13 329</bigrams>
	</sent>	<sent id="25">
		<raw>He told the AP, however, that there would be no formal discussions of the North Korean issue at the meeting.</raw>
		<lemm>he tell the ap  however  that there would be no formal discussion of the north korean issue at the meeting</lemm>
		<bigrams> 568 573 575 576</bigrams>
	</sent>	<sent id="26">
		<raw>The U. S. delegation is "not happy" with Han's proposal about the rehabilitation program, according to a U. S. Treasury official.</raw>
		<lemm>the u s delegation be  not happy  with han s proposal about the rehabilitation program  accord to a u s treasury official</lemm>
		<bigrams> 536 592 597</bigrams>
	</sent>	<sent id="27">
		<raw>"It's just too premature," the official, who declined to be named, told Dow Jones Newswires.</raw>
		<lemm> it be just too premature   the official  who decline to be name  tell dow jones newswires</lemm>
		<bigrams> 607 608 609 610</bigrams>
	</sent>	<sent id="28">
		<raw>A successful end to the nuclear talks should precede any such proposal, he said, adding that Japan shares a similar view.</raw>
		<lemm>a successful end to the nuclear talk should precede any such proposal  he say  add that japan share a similar view</lemm>
		<bigrams> 612 614 621 623 626</bigrams>
	</sent>	<sent id="29">
		<raw>The United States has generally taken a harder line on North Korea, saying the country's pursuit of nuclear weapons is an international menace and threat to neighboring countries such as Japan.</raw>
		<lemm>the united states have generally take a hard line on north korea  say the country s pursuit of nuclear weapon be an international menace and threat to neighboring country such as japan</lemm>
		<bigrams> 84 629 632 13 634 275 642 647</bigrams>
	</sent>	<sent id="30">
		<raw>The United States and North Korea Monday held another bilateral meeting, their seventh in a week, as they continue to work together to find a solution to the nuclear standoff, sources said.</raw>
		<lemm>the united states and north korea monday hold another bilateral meeting  their seventh in a week  as they continue to work together to find a solution to the nuclear standoff  source say</lemm>
		<bigrams> 84 13 651 652 653 654 655 665 223 671 672</bigrams>
	</sent>	<sent id="31">
		<raw>Their meeting was one of several that took place Monday morning between the six nations taking part in negotiations to convince the Stalinist state to abandon its atomic weapons programs.</raw>
		<lemm>their meeting be one of several that take place monday morning between the six nation take part in negotiation to convince the stalinist state to abandon its atomic weapon program</lemm>
		<bigrams> 680 681 682 686 687 688 694 697 698</bigrams>
	</sent>	<sent id="32">
		<raw>"There was a bilateral meeting between South Korea and the US, and then China met North Korea and South Korea, and then North Korea and the US met," said a source close to the negotiations who did not want to be identified.</raw>
		<lemm> there be a bilateral meeting between south korea and the us  and then china meet north korea and south korea  and then north korea and the us meet   say a source close to the negotiation who do not want to be identify</lemm>
		<bigrams> 655 376 708 709 13 376 13 712 713 716</bigrams>
	</sent>	<sent id="33">
		<raw>It was not clear how long the meetings lasted.</raw>
		<lemm>it be not clear how long the meeting last</lemm>
		<bigrams> 729</bigrams>
	</sent>	<sent id="34">
		<raw>The United States and North Korea have met seven times in the past week amid wider international talks on Pyongyang's nuclear weapons program.</raw>
		<lemm>the united states and north korea have meet seven time in the past week amid wide international talk on pyongyang s nuclear weapon program</lemm>
		<bigrams> 84 13 732 733 736 737 738 739 740 275 698</bigrams>
	</sent>	<sent id="35">
		<raw>North Korea is refusing to show up for six-party talks on its nuclear weapons programs in Beijing this week and the other nations have accepeted there will be a delay, a South Korean official said Monday.</raw>
		<lemm>north korea be refuse to show up for six-party talk on its nuclear weapon program in beijing this week and the other nation have accepeted there will be a delay  a south korean official say monday</lemm>
		<bigrams> 13 490 275 698 0 760 761 762</bigrams>
	</sent>	<sent id="36">
		<raw>North Korean Foreign Minister Paek Nam-Sun has said the Stalinist country would return to the nuclear non-proliferation treaty if a standoff over its nuclear weapons drive were resolved, state media said Sunday.</raw>
		<lemm>north korean foreign minister paek nam-sun have say the stalinist country would return to the nuclear non-proliferation treaty if a standoff over its nuclear weapon drive be resolve  state medium say sunday</lemm>
		<bigrams> 575 1 2 763 764 766 767 768 770 771 275 777 780 781 782 783</bigrams>
	</sent>	<sent id="37">
		<raw>The offer came last week in Laos during a meeting of Asian foreign ministers, according to Radio Pyongyang, monitored by South Korea's Yonhap news agency.</raw>
		<lemm>the offer come last week in laos during a meeting of asian foreign minister  accord to radio pyongyang  monitor by south korea s yonhap news agency</lemm>
		<bigrams> 785 786 787 794 2 795 797 798 376 802 309</bigrams>
	</sent>	<sent id="38">
		<raw>Paek was quoted as saying North Korea would rejoin the treaty and open up to international inspectors "once the nuclear issue is resolved smoothly."</raw>
		<lemm>paek be quote as say north korea would rejoin the treaty and open up to international inspector  once the nuclear issue be resolve smoothly </lemm>
		<bigrams> 805 13 806 807 815 329 817</bigrams>
	</sent>	<sent id="39">
		<raw>Similar remarks were made by North Korean leader Kim Jong-Il last month during a meeting with a South Korean envoy.</raw>
		<lemm>similar remark be make by north korean leader kim jong-il last month during a meeting with a south korean envoy</lemm>
		<bigrams> 818 575 823 824 825 826 404 0 829</bigrams>
	</sent>	<sent id="40">
		<raw>North Korea withdrew from the treaty in 2003, three months after Washington accused Pyongyang of running a clandestine nuclear weapons program based on enriched uranium.</raw>
		<lemm>north korea withdraw from the treaty in @card@  three month after washington accuse pyongyang of run a clandestine nuclear weapon program base on enrich uranium</lemm>
		<bigrams> 13 830 835 836 839 840 845 275 698 846 849</bigrams>
	</sent>	<sent id="41">
		<raw>North Korea declared on February 10 it possessed nuclear weapons and said it needed them as a deterrent to what it said were US plans to launch a nuclear attack against it.</raw>
		<lemm>north korea declare on february @card@ it possess nuclear weapon and say it need them as a deterrent to what it say be us plan to launch a nuclear attack against it</lemm>
		<bigrams> 13 850 853 441 275 868 873</bigrams>
	</sent>	<sent id="42">
		<raw>1993: North Korea shocks the world by announcing it is withdrawing from the Nuclear Nonproliferation Treaty amid suspicions that it is developing nuclear weapons.</raw>
		<lemm>@card@  north korea shock the world by announce it be withdraw from the nuclear nonproliferation treaty amid suspicion that it be develop nuclear weapon</lemm>
		<bigrams> 876 13 877 884 885 886 887 890 275</bigrams>
	</sent>	<sent id="43">
		<raw>Pyongyang suspends that decision three months later following negotiations with the United States.</raw>
		<lemm>pyongyang suspend that decision three month later follow negotiation with the united states</lemm>
		<bigrams> 891 894 836 895 896 897 84</bigrams>
	</sent>	<sent id="44">
		<raw>1994: North Korea and the United States sign nuclear agreement in Geneva.</raw>
		<lemm>@card@  north korea and the united states sign nuclear agreement in geneva</lemm>
		<bigrams> 876 13 84 900 901 902</bigrams>
	</sent>	<sent id="45">
		<raw>North Korea pledges to freeze and eventually dismantle its nuclear weapons program in exchange for international aid to build two power-producing nuclear reactors.</raw>
		<lemm>north korea pledge to freeze and eventually dismantle its nuclear weapon program in exchange for international aid to build two power-produce nuclear reactor</lemm>
		<bigrams> 13 905 910 275 698 912 915 916 917 918</bigrams>
	</sent>	<sent id="46">
		<raw>Aug. 31, 1998: North Korea fires a multistage rocket that flies over Japan and lands in the Pacific Ocean, proving the Koreans can strike any part of Japan's territory.</raw>
		<lemm>aug @card@  @card@  north korea fire a multistage rocket that fly over japan and land in the pacific ocean  prove the koreans can strike any part of japan s territory</lemm>
		<bigrams> 919 920 876 13 921 924 933 934</bigrams>
	</sent>	<sent id="47">
		<raw>Nov. 17: The United States and North Korea hold the first round of high-level talks in Pyongyang over North Korea's suspected construction of an underground nuclear facility.</raw>
		<lemm>nov @card@  the united states and north korea hold the first round of high-level talk in pyongyang over north korea s suspected construction of an underground nuclear facility</lemm>
		<bigrams> 945 84 13 946 949 951 13 956 960 961</bigrams>
	</sent>	<sent id="48">
		<raw>The United States demands inspections.</raw>
		<lemm>the united states demand inspection</lemm>
		<bigrams> 84 962 963</bigrams>
	</sent>	<sent id="49">
		<raw>Feb. 27-March 16, 1999: During a fourth round of talks in New York, North Korea agrees to allow U. S. access to the suspected site in exchange for promises of food.</raw>
		<lemm>feb 27-march @card@  @card@  during a fourth round of talk in new york  north korea agree to allow u s access to the suspected site in exchange for promise of food</lemm>
		<bigrams> 964 965 920 167 969 970 13 971 974 978</bigrams>
	</sent>	<sent id="50">
		<raw>U. S. inspectors find no evidence of any nuclear activity during visit to site in May.</raw>
		<lemm>u s inspector find no evidence of any nuclear activity during visit to site in may</lemm>
		<bigrams> 984 105</bigrams>
	</sent>	<sent id="51">
		<raw>May 25-28: Former U. S. Defense Secretary William Perry visits North Korea and delivers a U. S. disarmament proposal during four days of talks.</raw>
		<lemm>may @card@  former u s defense secretary william perry visit north korea and deliver a u s disarmament proposal during four day of talk</lemm>
		<bigrams> 995 996 997 999 1000 1001 1002 1003 13 1007 1010</bigrams>
	</sent>	<sent id="52">
		<raw>Sept. 13: North Korea pledges to freeze testing of long-range missiles for the duration of negotiations to improve relations.</raw>
		<lemm>sept @card@  north korea pledge to freeze testing of long-range missile for the duration of negotiation to improve relation</lemm>
		<bigrams> 1012 876 13 905 1013 1016 1022</bigrams>
	</sent>	<sent id="53">
		<raw>Sept. 17: U. S. President Bill Clinton agrees to the first significant easing of economic sanctions against North Korea since the Korean War ended in 1953.</raw>
		<lemm>sept @card@  u s president bill clinton agree to the first significant easing of economic sanction against north korea since the korean war end in @card@</lemm>
		<bigrams> 1012 1023 1025 1026 1027 1028 1029 1032 13 1035 1038 1039</bigrams>
	</sent>	<sent id="54">
		<raw>December: A U. S.-led international consortium signs a US$4.6 billion contract to build two nuclear reactors in North Korea.</raw>
		<lemm>december  a u s -led international consortium sign a us$4 6 billion contract to build two nuclear reactor in north korea</lemm>
		<bigrams> 1043 1044 1045 1048 1049 1050 915 1052 918 13</bigrams>
	</sent>	<sent id="55">
		<raw>December 2001: President Bush warns Iraq and North Korea would be "held accountable" if they develop weapons of mass destruction.</raw>
		<lemm>december @card@  president bush warn iraq and north korea would be  hold accountable  if they develop weapon of mass destruction</lemm>
		<bigrams> 1055 1056 1057 1058 1059 13 806 1062 1066 1069</bigrams>
	</sent>	<sent id="56">
		<raw>Jan. 29, 2002: Bush labels North Korea, Iran and Iraq an "axis of evil" in his State of the Union address.</raw>
		<lemm>jan @card@  @card@  bush label north korea  iran and iraq an  axis of evil  in his state of the union address</lemm>
		<bigrams> 1070 920 1071 1072 1073 13 1074 1086</bigrams>
	</sent>	<sent id="57">
		<raw>Oct. 16: U. S. officials say Pyongyang acknowledges having a secret uranium enrichment program, key to development of nuclear weapons.</raw>
		<lemm>oct @card@  u s official say pyongyang acknowledge have a secret uranium enrichment program  key to development of nuclear weapon</lemm>
		<bigrams> 1087 1023 761 1088 1089 1092 1093 1094 1095 275</bigrams>
	</sent>	<sent id="58">
		<raw>Nov. 11: The United States, Japan and South Korea decide to halt oil supplies to North Korea promised under a 1994 deal.</raw>
		<lemm>nov @card@  the united states  japan and south korea decide to halt oil supply to north korea promise under a @card@ deal</lemm>
		<bigrams> 945 84 377 376 1099 1102 1103 13 1106 1109</bigrams>
	</sent>	<sent id="59">
		<raw>Dec. 12: North Korea announces it is reactivating nuclear facilities at Yongbyon that were frozen under the 1994 deal with the United States.</raw>
		<lemm>dec @card@  north korea announce it be reactivate nuclear facility at yongbyon that be freeze under the @card@ deal with the united states</lemm>
		<bigrams> 1110 876 13 1111 1113 961 1109 84</bigrams>
	</sent>	<sent id="60">
		<raw>Dec. 31: North Korea expels U. N. nuclear weapons inspectors.</raw>
		<lemm>dec @card@  north korea expel u n nuclear weapon inspector</lemm>
		<bigrams> 1110 876 13 1123 1124 1125 1126 275 1127</bigrams>
	</sent>	<sent id="61">
		<raw>Jan. 10, 2003: North Korea says it will withdraw from the Nuclear Nonproliferation Treaty.</raw>
		<lemm>jan @card@  @card@  north korea say it will withdraw from the nuclear nonproliferation treaty</lemm>
		<bigrams> 1070 920 876 13 634 884 885</bigrams>
	</sent>	<sent id="62">
		<raw>Feb. 6: North Korea says it has reactivated its nuclear facilities.</raw>
		<lemm>feb @card@  north korea say it have reactivate its nuclear facility</lemm>
		<bigrams> 1130 876 13 634 961</bigrams>
	</sent>	<sent id="63">
		<raw>April 23: U. S. and North Korean envoys begin talks in Beijing to try to resolve standoff.</raw>
		<lemm>april @card@  u s and north korean envoy begin talk in beijing to try to resolve standoff</lemm>
		<bigrams> 1133 1023 575 829 1135 1136 1140</bigrams>
	</sent>	<sent id="64">
		<raw>April 24: North Korea tells U.</raw>
		<lemm>april @card@  north korea tell u </lemm>
		<bigrams> 1133 876 13 1141 1142</bigrams>
	</sent>	<sent id="65">
		<raw>S officials privately that it has nuclear weapons and may test, export or use them depending on U. S. actions, according a senior American official.</raw>
		<lemm>s official privately that it have nuclear weapon and may test  export or use them depend on u s action  accord a senior american official</lemm>
		<bigrams> 1143 275 1147 1148 1156 1159 1160</bigrams>
	</sent>	<sent id="66">
		<raw>The North reportedly offers to give up its nuclear program in return for large amounts of aid.</raw>
		<lemm>the north reportedly offer to give up its nuclear program in return for large amount of aid</lemm>
		<bigrams> 1161 1162 294 1170</bigrams>
	</sent>	<sent id="67">
		<raw>May 12: North Korea withdraws from a 1992 agreement with South Korea to keep the peninsula free of nuclear weapons.</raw>
		<lemm>may @card@  north korea withdraw from a @card@ agreement with south korea to keep the peninsula free of nuclear weapon</lemm>
		<bigrams> 995 876 13 830 1172 376 1178 275</bigrams>
	</sent>	<sent id="68">
		<raw>Aug. 27-29: North Korea joins the first round of six-nation talks on its nuclear program in Beijing, which include China, Japan, Russia, South Korea and the United States.</raw>
		<lemm>aug @card@  north korea join the first round of six-nation talk on its nuclear program in beijing  which include china  japan  russia  south korea and the united states</lemm>
		<bigrams> 919 876 13 1180 949 265 294 1185 1186 1187 1188 376 84</bigrams>
	</sent>	<sent id="69">
		<raw>Feb. 25-28, 2004: Second round of six-nation talks.</raw>
		<lemm>feb @card@  @card@  second round of six-nation talk</lemm>
		<bigrams> 1130 920 1189 1190 265</bigrams>
	</sent>	<sent id="70">
		<raw>June 23-26: Third round of six-nation talks.</raw>
		<lemm>june @card@  third round of six-nation talk</lemm>
		<bigrams> 1191 1192 1193 265</bigrams>
	</sent>	<sent id="71">
		<raw>September: North Korea refuses to attend a planned fourth round of six-party talks, accusing the United States of "hostile" policies toward it.</raw>
		<lemm>september  north korea refuse to attend a planned fourth round of six-party talk  accuse the united states of  hostile  policy toward it</lemm>
		<bigrams> 1194 13 1195 1199 167 490 1201 84 1205 1206</bigrams>
	</sent>	<sent id="72">
		<raw>Jan. 18, 2005: U. S. Secretary of State-designate Condoleezza Rice refers to North Korea as one of the "outposts of tyranny" in the world.</raw>
		<lemm>jan @card@  @card@  u s secretary of state-designate condoleezza rice refer to north korea as one of the  outpost of tyranny  in the world</lemm>
		<bigrams> 1070 920 1023 1211 1212 1213 13</bigrams>
	</sent>	<sent id="73">
		<raw>Feb. 2: Bush softens his tone on North Korea, making only one reference to it in his State of the Union address.</raw>
		<lemm>feb @card@  bush soften his tone on north korea  make only one reference to it in his state of the union address</lemm>
		<bigrams> 1130 1071 1221 13 1225 1228 1086</bigrams>
	</sent>	<sent id="74">
		<raw>Feb. 10: North Korea announces it has nuclear weapons, says it is staying away from six-nation talks.</raw>
		<lemm>feb @card@  north korea announce it have nuclear weapon  say it be stay away from six-nation talk</lemm>
		<bigrams> 1130 876 13 1111 275 1232 1234 265</bigrams>
	</sent>	<sent id="75">
		<raw>March 31: North Korea declares it should be treated equally as a nuclear power, demands that nuclear talks address disarmament of all countries involved, including the United States.</raw>
		<lemm>march @card@  north korea declare it should be treat equally as a nuclear power  demand that nuclear talk address disarmament of all country involve  include the united states</lemm>
		<bigrams> 1237 876 13 850 1241 115 1243 614 1246 1247 1251 1252 84</bigrams>
	</sent>	<sent id="76">
		<raw>May 11: Pyongyang says it has completed removing spent nuclear fuel rods from a reactor at its main nuclear complex, a move that would let it harvest more weapons-grade plutonium.</raw>
		<lemm>may @card@  pyongyang say it have complete remove spend nuclear fuel rod from a reactor at its main nuclear complex  a move that would let it harvest more weapons-grade plutonium</lemm>
		<bigrams> 995 1254 1255 1257 1258 1259 1260 1261 1267 1268 1273 1278</bigrams>
	</sent>	<sent id="77">
		<raw>May 16: The two Koreas resume direct talks for the first time in 10 months.</raw>
		<lemm>may @card@  the two korea resume direct talk for the first time in @card@ month</lemm>
		<bigrams> 995 173 1279 1280 1281 1282 1283</bigrams>
	</sent>	<sent id="78">
		<raw>June 17: North Korean leader Kim Jong Il says his country could return to the six-nation disarmament talks by July if it gets appropriate respect from the United States.</raw>
		<lemm>june @card@  north korean leader kim jong il say his country could return to the six-nation disarmament talk by july if it get appropriate respect from the united states</lemm>
		<bigrams> 1191 876 575 823 824 1284 1285 1286 1288 1289 1290 10 1296 1297 84</bigrams>
	</sent>	<sent id="79">
		<raw>The United States dismisses the overture, saying Kim needs to make a more concrete commitment to nuclear negotiations.</raw>
		<lemm>the united states dismiss the overture  say kim need to make a more concrete commitment to nuclear negotiation</lemm>
		<bigrams> 84 1299 1302 1303 1304 1309 1312</bigrams>
	</sent>	<sent id="80">
		<raw>July 9: North Korea agrees to return to a fourth round of six-nation talks after a meeting between U. S. and North Korean envoys in Beijing where Washington said it recognized the North's sovereignty.</raw>
		<lemm>july @card@  north korea agree to return to a fourth round of six-nation talk after a meeting between u s and north korean envoy in beijing where washington say it recognize the north s sovereignty</lemm>
		<bigrams> 1313 876 13 971 167 265 575 829 1321</bigrams>
	</sent>	<sent id="81">
		<raw>July 26: Fourth round of six-nation nuclear talks begins in Beijing.</raw>
		<lemm>july @card@  fourth round of six-nation nuclear talk begin in beijing</lemm>
		<bigrams> 1313 1325 167 8 614 1326</bigrams>
	</sent>	<sent id="82">
		<raw>Aug. 7: Envoys announce a three-week recess in nuclear talks after 13 days of talks fail to produce a planned statement of principles to guide future negotiations.</raw>
		<lemm>aug @card@  envoy announce a three-week recess in nuclear talk after @card@ day of talk fail to produce a planned statement of principle to guide future negotiation</lemm>
		<bigrams> 919 1327 1328 186 614 1333 1334 1338 1343 1344</bigrams>
	</sent>	<sent id="83">
		<raw>Talks scheduled to resume the week of Aug. 29.</raw>
		<lemm>talk schedule to resume the week of aug @card@</lemm>
		<bigrams> 1345 919</bigrams>
	</sent>	<sent id="84">
		<raw>Talks aimed at persuading North Korea to abandon its nuclear weapons programs will resume on September 13, China said Thursday.</raw>
		<lemm>talk aim at persuade north korea to abandon its nuclear weapon program will resume on september @card@  china say thursday</lemm>
		<bigrams> 1349 270 13 275 698 78 1356 1357 1358</bigrams>
	</sent>	<sent id="85">
		<raw>North Korea and the United States sign a nuclear safeguard accord after Pyongyang vows to freeze and eventually dismantle its nuclear weapons program.</raw>
		<lemm>north korea and the united states sign a nuclear safeguard accord after pyongyang vow to freeze and eventually dismantle its nuclear weapon program</lemm>
		<bigrams> 13 84 900 1359 1360 1363 910 275 698</bigrams>
	</sent>	<sent id="86">
		<raw>Oct: North Korea reportedly admits to US special envoy James Kelly that it is running a uranium enrichment program in violation of the 1994 nuclear safeguard accord.</raw>
		<lemm>oct  north korea reportedly admit to us special envoy james kelly that it be run a uranium enrichment program in violation of the @card@ nuclear safeguard accord</lemm>
		<bigrams> 1365 13 75 1366 1369 1370 1371 1372 1093 1094 1376 1359 1360</bigrams>
	</sent>	<sent id="87">
		<raw>Nov 14: The United States suspends fuel oil shipments to North Korea promised under the 1994 accord.</raw>
		<lemm>nov @card@  the united states suspend fuel oil shipment to north korea promise under the @card@ accord</lemm>
		<bigrams> 945 84 1377 1378 1379 1380 13 1106 1382</bigrams>
	</sent>	<sent id="88">
		<raw>Dec 12: North Korea says it is reactivating nuclear facilities frozen under the accord because of power shortages.</raw>
		<lemm>dec @card@  north korea say it be reactivate nuclear facility freeze under the accord because of power shortage</lemm>
		<bigrams> 1110 876 13 634 1113 961 1383 1388</bigrams>
	</sent>	<sent id="89">
		<raw>Dec 21-25: North Korea removes seals and monitoring cameras from its main nuclear complex at Yongbyon, north of Pyongyang.</raw>
		<lemm>dec @card@  north korea remove seal and monitor camera from its main nuclear complex at yongbyon  north of pyongyang</lemm>
		<bigrams> 1110 876 13 1389 1390 1393 1267 1268 1397</bigrams>
	</sent>	<sent id="90">
		<raw>Dec 27: UN's International Atomic Energy Agency (IAEA) inspectors expelled from Yongbyon.</raw>
		<lemm>dec @card@  un s international atomic energy agency ( iaea ) inspector expel from yongbyon</lemm>
		<bigrams> 1110 1400 1403 1404 1405 1406 1407 1408 1409 1410</bigrams>
	</sent>	<sent id="91">
		<raw>Jan 10: Pyongyang withdraws from the nuclear Non-Proliferation Treaty (NPT).</raw>
		<lemm>jan @card@  pyongyang withdraw from the nuclear non-proliferation treaty ( npt )</lemm>
		<bigrams> 1070 1254 1413 770 771 1414 1415 1416</bigrams>
	</sent>	<sent id="92">
		<raw>Feb 12: The IAEA declares North Korea in violation of non-proliferation accords and refers the crisis to the UN Security Council.</raw>
		<lemm>feb @card@  the iaea declare north korea in violation of non-proliferation accord and refer the crisis to the un security council</lemm>
		<bigrams> 1130 1418 1419 13 1422 1429 1430</bigrams>
	</sent>	<sent id="93">
		<raw>Feb 26: North Korea restarts its five-megawatt nuclear reactor at Yongbyon facilities, US officials say.</raw>
		<lemm>feb @card@  north korea restarts its five-megawatt nuclear reactor at yongbyon facility  us official say</lemm>
		<bigrams> 1130 876 13 1431 1434 918 1435 1436 1437 761</bigrams>
	</sent>	<sent id="94">
		<raw>April 18: North Korea says it has begun reprocessing more than 8,000 spent nuclear fuel rods to make weapons-grade plutonium.</raw>
		<lemm>april @card@  north korea say it have begin reprocess more than @card@ spend nuclear fuel rod to make weapons-grade plutonium</lemm>
		<bigrams> 1133 876 13 634 1439 1443 1259 1260 1261 1445 1278</bigrams>
	</sent>	<sent id="95">
		<raw>April 23: The United States, North Korea and China meet for three days of talks in Beijing.</raw>
		<lemm>april @card@  the united states  north korea and china meet for three day of talk in beijing</lemm>
		<bigrams> 1133 84 1446 13 708 1450</bigrams>
	</sent>	<sent id="96">
		<raw>North Korea admits to possessing nuclear weapons, according to the US side.</raw>
		<lemm>north korea admit to possess nuclear weapon  accord to the us side</lemm>
		<bigrams> 13 1451 441 275 1452 1453</bigrams>
	</sent>	<sent id="97">
		<raw>Pyongyang submits a "bold proposal" for resolving the crisis.</raw>
		<lemm>pyongyang submit a  bold proposal  for resolve the crisis</lemm>
		<bigrams> 1454 1457</bigrams>
	</sent>	<sent id="98">
		<raw>July 16: The White House says North Korea has informed the United States of completing the reprocessing of the 8,000 spent fuel rods on June 30.</raw>
		<lemm>july @card@  the white house say north korea have inform the united states of complete the reprocess of the @card@ spend fuel rod on june @card@</lemm>
		<bigrams> 1313 1461 1462 805 13 84 1443 1469 1261 1191</bigrams>
	</sent>	<sent id="99">
		<raw>Aug 13: North Korea asks for a non-aggression pact with the United States to resolve the nuclear stand-off.</raw>
		<lemm>aug @card@  north korea ask for a non-aggression pact with the united states to resolve the nuclear stand-off</lemm>
		<bigrams> 919 876 13 1472 1475 84 1478</bigrams>
	</sent>	<sent id="100">
		<raw>Aug 27-29: Six-nation nuclear talks start in Beijing.</raw>
		<lemm>aug @card@  six-nation nuclear talk start in beijing</lemm>
		<bigrams> 919 1479 8 614 1480</bigrams>
	</sent>	<sent id="101">
		<raw>North Korea threatens to conduct a nuclear test and declare itself a nuclear power.</raw>
		<lemm>north korea threaten to conduct a nuclear test and declare itself a nuclear power</lemm>
		<bigrams> 13 1482 1486 115</bigrams>
	</sent>	<sent id="102">
		<raw>Oct 2: North Korea says it has produced enough weapons-grade plutonium for half-a-dozen atomic bombs as a step towards boosting its nuclear deterrent.</raw>
		<lemm>oct @card@  north korea say it have produce enough weapons-grade plutonium for half-a-dozen atomic bomb as a step towards boost its nuclear deterrent</lemm>
		<bigrams> 1087 876 13 634 1492 1493 1278 1496 1497 1500 1501 1503</bigrams>
	</sent>	<sent id="103">
		<raw>Nov 21: The Korean Peninsula Energy Development Organization (KEDO), an international consortium set up to build safe nuclear power reactors for North Korea, suspends the 4.6 billion dollar project for one year.</raw>
		<lemm>nov @card@  the korean peninsula energy development organization ( kedo )  an international consortium set up to build safe nuclear power reactor for north korea  suspend the @card@ billion dollar project for one year</lemm>
		<bigrams> 945 1504 1505 1506 1507 1508 1509 1510 1044 1512 1514 1515 115 1516 13 1518 1520 1521 1522 1525</bigrams>
	</sent>	<sent id="104">
		<raw>Jan 1: North Korea reaffirms in a New Year message that it is ready to resolve the nuclear crisis peacefully while vowing to take the "toughest" measures against any US "hardline" stance toward Pyongyang.</raw>
		<lemm>jan @card@  north korea reaffirm in a new year message that it be ready to resolve the nuclear crisis peacefully while vow to take the  tough  measure against any us  hardline  stance toward pyongyang</lemm>
		<bigrams> 1070 876 13 1526 1529 1530 1532 1533 1537 1541 1542 1543 1544</bigrams>
	</sent>	<sent id="105">
		<raw>Jan 6: North Korea offers to refrain from testing and producing nuclear weapons in a "bold concession".</raw>
		<lemm>jan @card@  north korea offer to refrain from test and produce nuclear weapon in a  bold concession </lemm>
		<bigrams> 1070 876 13 1545 1550 275 1551</bigrams>
	</sent>	<sent id="106">
		<raw>US Secretary of State Colin Powell says he is encouraged by the offer.</raw>
		<lemm>us secretary of state colin powell say he be encourage by the offer</lemm>
		<bigrams> 1552 1554 1555 1556</bigrams>
	</sent>	<sent id="107">
		<raw>Jan 22: IAEA chief Mohamed ElBaradei says North Korea's nuclear program is the world's most dangerous non-proliferation issue.</raw>
		<lemm>jan @card@  iaea chief mohamed elbaradei say north korea s nuclear program be the world s most dangerous non-proliferation issue</lemm>
		<bigrams> 1070 1561 1562 1563 1564 1565 805 13 294 1571 1572</bigrams>
	</sent>	<sent id="108">
		<raw>Feb 4: Abdul Qadeer Khan, the founder of Pakistan's atomic program, admits proliferating nuclear technology after two-month investigation into the leaking of nuclear secrets to Iran, Libya and North Korea.</raw>
		<lemm>feb @card@  abdul qadeer khan  the founder of pakistan s atomic program  admit proliferate nuclear technology after two-month investigation into the leak of nuclear secret to iran  libya and north korea</lemm>
		<bigrams> 1130 1573 1574 1575 1582 1583 1584 1585 1586 1589 1594 1597 13</bigrams>
	</sent>	<sent id="109">
		<raw>Feb 24: Second round of six-party talks are held in Beijing but end without concrete progress.</raw>
		<lemm>feb @card@  second round of six-party talk be hold in beijing but end without concrete progress</lemm>
		<bigrams> 1130 1189 1190 490 1603 1604 1605</bigrams>
	</sent>	<sent id="110">
		<raw>China says "severe" differences remain.</raw>
		<lemm>china say  severe  difference remain</lemm>
		<bigrams> 1357 1606 1607 1608</bigrams>
	</sent>	<sent id="111">
		<raw>May 22: Japanese Prime Minister Junichiro Koizumi visits Kim Jong-il in Pyongyang and the North Korean leader says he wants a solution to the crisis.</raw>
		<lemm>may @card@  japanese prime minister junichiro koizumi visit kim jong-il in pyongyang and the north korean leader say he want a solution to the crisis</lemm>
		<bigrams> 995 1609 1610 335 1611 1612 1613 1614 825 575 823 1617</bigrams>
	</sent>	<sent id="112">
		<raw>June 23-25: Third round of six-way talks held in Beijing.</raw>
		<lemm>june @card@  third round of six-way talk hold in beijing</lemm>
		<bigrams> 1191 1192 1193 1621 1622</bigrams>
	</sent>	<sent id="113">
		<raw>No progress reported but parties agree to meet again for a fourth round in September.</raw>
		<lemm>no progress report but party agree to meet again for a fourth round in september</lemm>
		<bigrams> 1624 1627 167</bigrams>
	</sent>	<sent id="114">
		<raw>Aug 23: North Korea says it is "impossible" to attend more talks because of "hostile" US policy, labeling Bush an "imbecile" and a "tyrant" who is worse than Adolf Hitler.</raw>
		<lemm>aug @card@  north korea say it be  impossible  to attend more talk because of  hostile  us policy  label bush an  imbecile  and a  tyrant  who be bad than adolf hitler</lemm>
		<bigrams> 919 876 13 634 1638 1639 1640 1641 1651</bigrams>
	</sent>	<sent id="115">
		<raw>Sept 28: The United States warns North Korea it might be reported to the UN Security Council if it refuses participation in six-party talks.</raw>
		<lemm>sept @card@  the united states warn north korea it might be report to the un security council if it refuse participation in six-party talk</lemm>
		<bigrams> 1012 84 1652 1653 13 1429 1430 1661 490</bigrams>
	</sent>	<sent id="116">
		<raw>Feb 10: North Korea indefinitely suspends participation in talks and says it has manufactured nuclear weapons.</raw>
		<lemm>feb @card@  north korea indefinitely suspend participation in talk and say it have manufacture nuclear weapon</lemm>
		<bigrams> 1130 876 13 1664 1665 1666 1669 275</bigrams>
	</sent>	<sent id="117">
		<raw>March 16: North Korea lashes out at US Secretary of State Condoleezza Rice for calling the communist state an "outpost of tyranny" and rules out new talks.</raw>
		<lemm>march @card@  north korea lash out at us secretary of state condoleezza rice for call the communist state an  outpost of tyranny  and rule out new talk</lemm>
		<bigrams> 1237 876 13 1670 1552 1674 1212 1678 64</bigrams>
	</sent>	<sent id="118">
		<raw>May 5: The International Atomic Energy Agency estimates that North Korea has close to six nuclear weapons.</raw>
		<lemm>may @card@  the international atomic energy agency estimate that north korea have close to six nuclear weapon</lemm>
		<bigrams> 995 1403 1404 1405 1685 13 1690 275</bigrams>
	</sent>	<sent id="119">
		<raw>May 13: US and North Korean officials meet in New York.</raw>
		<lemm>may @card@  us and north korean official meet in new york</lemm>
		<bigrams> 995 1691 575 760 1692 969</bigrams>
	</sent>	<sent id="120">
		<raw>June 8: North Korea says it has a stockpile of nuclear bombs and is building more such weapons.</raw>
		<lemm>june @card@  north korea say it have a stockpile of nuclear bomb and be build more such weapon</lemm>
		<bigrams> 1191 876 13 634 261</bigrams>
	</sent>	<sent id="121">
		<raw>It also says no nuclear talks unless Washington meets unspecified conditions.</raw>
		<lemm>it also say no nuclear talk unless washington meet unspecified condition</lemm>
		<bigrams> 1702 614 1705 1706 1707 1708 1709</bigrams>
	</sent>	<sent id="122">
		<raw>June 17: North Korean leader Kim Jong-Il tells the South Korean unification minister his country is willing to resume stalled six-nation talks on its nuclear programme in July.</raw>
		<lemm>june @card@  north korean leader kim jong-il tell the south korean unification minister his country be willing to resume stall six-nation talk on its nuclear programme in july</lemm>
		<bigrams> 1191 876 575 823 824 825 1710 0 1711 1712 1717 1718 265 1719</bigrams>
	</sent>	<sent id="123">
		<raw>June 23: North Korea says it would scrap its nuclear weapons only if the United States removed the nuclear threat to the Korean peninsula as a first step.</raw>
		<lemm>june @card@  north korea say it would scrap its nuclear weapon only if the united states remove the nuclear threat to the korean peninsula as a first step</lemm>
		<bigrams> 1191 876 13 634 1723 275 84 1727 1729 1504 1732</bigrams>
	</sent>	<sent id="124">
		<raw>July 5: North Korea restates its rejection of a US demand that it disarm its nuclear weapons before the new round of six-nation talks could begin, warning there would be no progress if the US did not change its "high-handed" stance.</raw>
		<lemm>july @card@  north korea restate its rejection of a us demand that it disarm its nuclear weapon before the new round of six-nation talk could begin  warn there would be no progress if the us do not change its  high-handed  stance</lemm>
		<bigrams> 1313 876 13 1733 1738 275 1743 265 1744 1745 1746 1753</bigrams>
	</sent>	<sent id="125">
		<raw>July 9: North Korea's official media say the country agrees to return to six-way talks in the last week of July.</raw>
		<lemm>july @card@  north korea s official medium say the country agree to return to six-way talk in the last week of july</lemm>
		<bigrams> 1313 876 13 1754 782 1755 1621 787</bigrams>
	</sent>	<sent id="126">
		<raw>July 12: South Korea offers to route some 2,000 megawatts of electricity to North Korea and to provide 500,000 tonnes of rice if Pyongyang gives up its nuclear drive.</raw>
		<lemm>july @card@  south korea offer to route some @card@ megawatt of electricity to north korea and to provide @card@ tonne of rice if pyongyang give up its nuclear drive</lemm>
		<bigrams> 1313 1759 376 1545 1763 13 1767 1768 1773 1774</bigrams>
	</sent>	<sent id="127">
		<raw>It also offers to provide funds and raw materials to help the North produce daily necessities such as garments, footwear and soap from 2006.</raw>
		<lemm>it also offer to provide fund and raw material to help the north produce daily necessity such as garment  footwear and soap from @card@</lemm>
		<bigrams> 1775 1776 1779 1782 1783 1784 1787</bigrams>
	</sent>	<sent id="128">
		<raw>July 25: The US and North Korea hold a rare bilateral meeting in Beijing, the first of at least nine in the next two weeks.</raw>
		<lemm>july @card@  the us and north korea hold a rare bilateral meeting in beijing  the first of at least nine in the next two week</lemm>
		<bigrams> 1313 13 946 1794 655 1800 1803 205</bigrams>
	</sent>	<sent id="129">
		<raw>July 26: Fourth round of six-party talks begins.</raw>
		<lemm>july @card@  fourth round of six-party talk begin</lemm>
		<bigrams> 1313 1325 167 490 1326</bigrams>
	</sent>	<sent id="130">
		<raw>Aug 4: North Korea insists it has the right to operate nuclear programs for peaceful purposes, which emerges as the main sticking point in negotiations.</raw>
		<lemm>aug @card@  north korea insist it have the right to operate nuclear program for peaceful purpose  which emerge as the main sticking point in negotiation</lemm>
		<bigrams> 919 876 13 1804 1808 294 1810 1815 1816</bigrams>
	</sent>	<sent id="131">
		<raw>Aug 7: Six-party talks enter a three-week recess after participating nations fail to reach agreement on what should be in a joint document outlining how North Korea will dump its nuclear arsenal and what it would get in return.</raw>
		<lemm>aug @card@  six-party talk enter a three-week recess after participate nation fail to reach agreement on what should be in a joint document outline how north korea will dump its nuclear arsenal and what it would get in return</lemm>
		<bigrams> 919 1818 490 1819 186 1823 1824 1826 1831 1832 13 1838 1841</bigrams>
	</sent>	<sent id="132">
		<raw>Aug 29: North Korea says it will not return to the talks as scheduled, blaming the delay on military drills between the United States and South Korea.</raw>
		<lemm>aug @card@  north korea say it will not return to the talk as schedule  blame the delay on military drill between the united states and south korea</lemm>
		<bigrams> 919 876 13 634 1847 1851 84 376</bigrams>
	</sent>	<sent id="133">
		<raw>Sept 8: China announces that the six-party talks will resume on September 13.</raw>
		<lemm>sept @card@  china announce that the six-party talk will resume on september @card@</lemm>
		<bigrams> 1012 1356 1853 490 78</bigrams>
	</sent>	<sent id="134">
		<raw>Six-party talks about North Korea's nuclear arsenal have recessed after a 13-day session in Beijing.</raw>
		<lemm>six-party talk about north korea s nuclear arsenal have recess after a 13-day session in beijing</lemm>
		<bigrams> 490 13 1838 1860</bigrams>
	</sent>	<sent id="135">
		<raw>That they lasted so long is encouraging: Three previous rounds ended after only three days.</raw>
		<lemm>that they last so long be encouraging  three previous round end after only three day</lemm>
		<bigrams> 1868 1869 1870 1871 1450</bigrams>
	</sent>	<sent id="136">
		<raw>But the road ahead, with North Korea and with Iran, which has rejected a European proposal to curb its nuclear program in return for generous benefits, looks bumpy at best.</raw>
		<lemm>but the road ahead  with north korea and with iran  which have reject a european proposal to curb its nuclear program in return for generous benefit  look bumpy at good</lemm>
		<bigrams> 1876 13 1885 294 1890 1891 1892</bigrams>
	</sent>	<sent id="137">
		<raw>The Korean negotiations, bringing together the United States, North Korea, South Korea, China, Japan and Russia, are to resume near the end of this month.</raw>
		<lemm>the korean negotiation  bring together the united states  north korea  south korea  china  japan and russia  be to resume near the end of this month</lemm>
		<bigrams> 1895 1896 1897 84 1446 13 1899 376 1900 1186 1902</bigrams>
	</sent>	<sent id="138">
		<raw>But North Korea's attempt to put all the blame on Washington for the lack of substantive progress suggests that getting past basic differences may be impossible.</raw>
		<lemm>but north korea s attempt to put all the blame on washington for the lack of substantive progress suggest that get past basic difference may be impossible</lemm>
		<bigrams> 13 60 1921 1924 1925 1926 1927</bigrams>
	</sent>	<sent id="139">
		<raw>The Bush administration wants North Korea to dismantle its nuclear arsenal and other nuclear activities as a first step in a process that would include security, economic and diplomatic benefits for Pyongyang.</raw>
		<lemm>the bush administration want north korea to dismantle its nuclear arsenal and other nuclear activity as a first step in a process that would include security  economic and diplomatic benefit for pyongyang</lemm>
		<bigrams> 1930 1931 1932 13 1838 105 1732 1939 1940 1941 1944</bigrams>
	</sent>	<sent id="140">
		<raw>But North Korea insists on keeping a nuclear reactor for generation of electricity.</raw>
		<lemm>but north korea insist on keep a nuclear reactor for generation of electricity</lemm>
		<bigrams> 13 1804 918</bigrams>
	</sent>	<sent id="141">
		<raw>The Nuclear Non-Proliferation Treaty allows all member countries to develop nuclear energy for peaceful purposes.</raw>
		<lemm>the nuclear non-proliferation treaty allow all member country to develop nuclear energy for peaceful purpose</lemm>
		<bigrams> 770 771 1952 1955 890 165 1810</bigrams>
	</sent>	<sent id="142">
		<raw>But North Korea has withdrawn from the treaty and says it has built nuclear weapons because of Washington's "hostile policies" toward it.</raw>
		<lemm>but north korea have withdraw from the treaty and say it have build nuclear weapon because of washington s  hostile policy  toward it</lemm>
		<bigrams> 13 260 275 1205 1206</bigrams>
	</sent>	<sent id="143">
		<raw>Even if that hurdle could be overcome, Pyongyang's secret nuclear activities that came to light only in 2002 are a damning indictment.</raw>
		<lemm>even if that hurdle could be overcome  pyongyang s secret nuclear activity that come to light only in @card@ be a damn indictment</lemm>
		<bigrams> 1966 1969 1971 105 1980</bigrams>
	</sent>	<sent id="144">
		<raw>At a minimum, North Korea would have to accept a comprehensive United Nations inspection program for any agreement to have credibility.</raw>
		<lemm>at a minimum  north korea would have to accept a comprehensive united nations inspection program for any agreement to have credibility</lemm>
		<bigrams> 1983 13 806 1989 1990 1991 1992</bigrams>
	</sent>	<sent id="145">
		<raw>Iran's situation is slightly different.</raw>
		<lemm>iran s situation be slightly different</lemm>
		<bigrams> 2002</bigrams>
	</sent>	<sent id="146">
		<raw>Tehran remains a party to the nonproliferation treaty, but it has admitted keeping secret for 17 years a program that also was revealed only recently.</raw>
		<lemm>tehran remain a party to the nonproliferation treaty  but it have admit keep secret for @card@ year a program that also be reveal only recently</lemm>
		<bigrams> 2003 885 2011 2012 2015</bigrams>
	</sent>	<sent id="147">
		<raw>Now it insists on exercising its right under the treaty to develop nuclear energy.</raw>
		<lemm>now it insist on exercise its right under the treaty to develop nuclear energy</lemm>
		<bigrams> 890 165</bigrams>
	</sent>	<sent id="148">
		<raw>This week, after rejecting a European Union compromise plan, it unilaterally ended an agreement it made last fall with the EU to suspend nuclear activities by resuming conversion of uranium into a gas, an early phase in a process that could lead either to civilian energy generation or production of nuclear weapons.</raw>
		<lemm>this week  after reject a european union compromise plan  it unilaterally end an agreement it make last fall with the eu to suspend nuclear activity by resume conversion of uranium into a gas  an early phase in a process that could lead either to civilian energy generation or production of nuclear weapon</lemm>
		<bigrams> 2033 2034 2035 2038 2042 2043 2048 105 2051 2059 2062 2063 2066 2067 275</bigrams>
	</sent>	<sent id="149">
		<raw>President Bush, who once called both Iran and North Korea part of an "axis of evil," has now become conciliatory toward Tehran, which despite its rejection of the EU plan says it wants to continue negotiations.</raw>
		<lemm>president bush  who once call both iran and north korea part of an  axis of evil   have now become conciliatory toward tehran  which despite its rejection of the eu plan say it want to continue negotiation</lemm>
		<bigrams> 1057 13 2076 2080 2081 2082 2086 2087 2090</bigrams>
	</sent>	<sent id="150">
		<raw>It's also doubtful that taking Iran's case to the U. N. Security Council, as both U. S. and European officials have said they might do, would result in sanctions.</raw>
		<lemm>it be also doubtful that take iran s case to the u n security council  as both u s and european official have say they might do  would result in sanction</lemm>
		<bigrams> 2091 2093 1125 2096 1430 2101 2107</bigrams>
	</sent>	<sent id="151">
		<raw>Both China and Russia have strong reservations about sanctions, in part because of lucrative energy deals with Tehran.</raw>
		<lemm>both china and russia have strong reservation about sanction  in part because of lucrative energy deal with tehran</lemm>
		<bigrams> 2113 2120 2121</bigrams>
	</sent>	<sent id="152">
		<raw>At the moment, the U. S. approach is the right one.</raw>
		<lemm>at the moment  the u s approach be the right one</lemm>
		<bigrams> 2127</bigrams>
	</sent>	<sent id="153">
		<raw>It's important that the United States and its European allies maintain a united front, neither closing the door to potential solutions nor yielding on fundamental principles aimed at preventing the breakdown of nuclear arms control.</raw>
		<lemm>it be important that the united states and its european ally maintain a unite front  neither close the door to potential solution nor yield on fundamental principle aim at prevent the breakdown of nuclear arm control</lemm>
		<bigrams> 84 2132 2133 2136 2137 2138 2143 2148 2149 2154 242</bigrams>
	</sent></doc>