<?xml version="1.0" encoding="UTF_8"?>
<doc>	<sent id="0">
		<raw>UN chief Kofi Annan has called for a Syrian troop pullout from Lebanon before April, warning that the Security Council could otherwise take "measures" against Damascus, in an interview with Al-Arabiya television, the news channel said Thursday.</raw>
		<lemm>un chief kofi annan have call for a syrian troop pullout from lebanon before april  warn that the security council could otherwise take  measure  against damascus  in an interview with al-arabiya television  the news channel say thursday</lemm>
		<bigrams> 414 415 122 15 147 421 233 424 425 426 427 435 438 439 440</bigrams>
	</sent>	<sent id="1">
		<raw>Annan "called on Syria to withdraw its troops from Lebanon before April, when he is due to present a report to the Security Council about Damascus' compliance with Resolution 1559," Dubai-based Al-Arabiya said.</raw>
		<lemm>annan  call on syria to withdraw its troop from lebanon before april  when he be due to present a report to the security council about damascus  compliance with resolution @card@   dubai-based al-arabiya say</lemm>
		<bigrams> 441 233 453 66 455 456 457</bigrams>
	</sent>	<sent id="2">
		<raw>In the interview, which is to be aired in full on Friday, Al-Arabiya said the UN chief warned that "the Security Council could take measures against Syria if it does not implement the resolution," which calls for a withdrawal of foreign forces from Lebanon.</raw>
		<lemm>in the interview  which be to be air in full on friday  al-arabiya say the un chief warn that  the security council could take measure against syria if it do not implement the resolution   which call for a withdrawal of foreign force from lebanon</lemm>
		<bigrams> 469 457 414 472 233 424 473 427 487</bigrams>
	</sent></doc>