<?xml version="1.0" encoding="UTF_8"?>
<doc>	<sent id="0">
		<raw>The killing of Lebanon's former prime minister Rafiq Hariri has triggered fresh calls for Syria to abide by UN Security Council Resolution 1559 and end its domination of its smaller neighbour.</raw>
		<lemm>the killing of lebanon s former prime minister rafiq hariri have trigger fresh call for syria to abide by un security council resolution @card@ and end its domination of its small neighbour</lemm>
		<bigrams> 816 407 797 798 819 820 232 233 234 66 830</bigrams>
	</sent>	<sent id="1">
		<raw>UN Resolution 1559, passed by the Security Council on September 2, 2004, called for the withdrawal of foreign forces from Lebanon and respect for its sovereignty.</raw>
		<lemm>un resolution @card@  pass by the security council on september @card@  @card@  call for the withdrawal of foreign force from lebanon and respect for its sovereignty</lemm>
		<bigrams> 65 66 831 233 836 359 837 487</bigrams>
	</sent>	<sent id="2">
		<raw>A specific reference to Syria was deleted at the last minute.</raw>
		<lemm>a specific reference to syria be delete at the last minute</lemm>
		<bigrams> 843 849</bigrams>
	</sent>	<sent id="3">
		<raw>The resolution, originally proposed by France and the United States, said an upcoming elections should be "free and fair... according to Lebanese constitutional rules devised without foreign interference or influence."</raw>
		<lemm>the resolution  originally propose by france and the united states  say an upcoming election should be  free and fair   accord to lebanese constitutional rule devise without foreign interference or influence </lemm>
		<bigrams> 850 851 140 855 858 864 866 867 868 869 870 871</bigrams>
	</sent>	<sent id="4">
		<raw>The council "reaffirms its call for the strict respect of Lebanon's sovereignty, territorial integrity, unity and political independence under the sole and exclusive authority of the government of Lebanon throughout Lebanon."</raw>
		<lemm>the council  reaffirm its call for the strict respect of lebanon s sovereignty  territorial integrity  unity and political independence under the sole and exclusive authority of the government of lebanon throughout lebanon </lemm>
		<bigrams> 874 878 881 882 883 886 892 896 897</bigrams>
	</sent>	<sent id="5">
		<raw>The resolution had been amended from its original version to ensure its passage.</raw>
		<lemm>the resolution have be amend from its original version to ensure its passage</lemm>
		<bigrams> 903</bigrams>
	</sent>	<sent id="6">
		<raw>A demand "that Syrian forces withdraw without delay from Lebanon" was changed to a demand "that foreign forces withdraw without delay from Lebanon."</raw>
		<lemm>a demand  that syrian force withdraw without delay from lebanon  be change to a demand  that foreign force withdraw without delay from lebanon </lemm>
		<bigrams> 910 911 912 913 487 911 912 913</bigrams>
	</sent>	<sent id="7">
		<raw>It called "for the disbanding and disarmament of all Lebanese and non-Lebanese militias," and "supports the extension of the control of the government of Lebanon over all Lebanese territory."</raw>
		<lemm>it call  for the disbanding and disarmament of all lebanese and non-lebanese militia   and  support the extension of the control of the government of lebanon over all lebanese territory </lemm>
		<bigrams> 929 939</bigrams>
	</sent>	<sent id="8">
		<raw>The resolution was voted by nine of the 15 council members.</raw>
		<lemm>the resolution be vote by nine of the @card@ council member</lemm>
		<bigrams> 946 947</bigrams>
	</sent>	<sent id="9">
		<raw>The other six abstained.</raw>
		<lemm>the other six abstain</lemm>
		<bigrams> 950</bigrams>
	</sent>	<sent id="10">
		<raw>In a report published on October 3, UN secretary-general Kofi Annan said: "The government of Syria has informed me that it cannot provide me with numbers and timetables for any future withdrawal.</raw>
		<lemm>in a report publish on october @card@  un secretary-general kofi annan say   the government of syria have inform me that it can provide me with number and timetable for any future withdrawal</lemm>
		<bigrams> 951 954 955 956 957 122 958 973</bigrams>
	</sent>	<sent id="11">
		<raw>"The requirements on the various parties set out in Resolution 1559 have not been met."</raw>
		<lemm> the requirement on the various party set out in resolution @card@ have not be meet </lemm>
		<bigrams> 977 978 66</bigrams>
	</sent>	<sent id="12">
		<raw>Annan said both Beirut and Damascus had indicated that Syrian troops were on the ground "at the invitation of Lebanon and that their presence is therefore by mutual agreement."</raw>
		<lemm>annan say both beirut and damascus have indicate that syrian troop be on the ground  at the invitation of lebanon and that their presence be therefore by mutual agreement </lemm>
		<bigrams> 958 15 1004</bigrams>
	</sent></doc>