<?xml version="1.0" encoding="UTF_8"?>
<doc>	<sent id="0">
		<raw>Secretary-General Kofi Annan said Thursday he is sending a top envoy back to Beirut and Damascus to discuss U. N. demands for a Syrian withdrawal from Lebanon, which he said must be handled with care.</raw>
		<lemm>secretary-general kofi annan say thursday he be send a top envoy back to beirut and damascus to discuss u n demand for a syrian withdrawal from lebanon  which he say must be handle with care</lemm>
		<bigrams> 957 122 958 440 1450 1451 1454 697 1455 1318 1459</bigrams>
	</sent>	<sent id="1">
		<raw>Terje Roed-Larsen, the U. N.'s former Mideast envoy who is still handling the Syria-Lebanon issue, will prepare a report on Syria's compliance with a Security Council resolution demanding the pullout of its 15,000 troops and intelligence agents.</raw>
		<lemm>terje roed-larsen  the u n  s former mideast envoy who be still handle the syria-lebanon issue  will prepare a report on syria s compliance with a security council resolution demand the pullout of its @card@ troop and intelligence agent</lemm>
		<bigrams> 2 697 1466 1467 1470 1473 233 234 1480 112 18</bigrams>
	</sent>	<sent id="2">
		<raw>"The Syrians have indicated that they are planning to withdraw the troops from Lebanon," Annan told reporters.</raw>
		<lemm> the syrian have indicate that they be plan to withdraw the troop from lebanon   annan tell reporter</lemm>
		<bigrams> 1488 1489 1266</bigrams>
	</sent>	<sent id="3">
		<raw>Annan said he hopes when he submits the report to the Security Council in April "that I will be able to report progress."</raw>
		<lemm>annan say he hope when he submit the report to the security council in april  that i will be able to report progress </lemm>
		<bigrams> 958 233 1502</bigrams>
	</sent>	<sent id="4">
		<raw>The secretary-general was asked how soon he would like to see the Syrians withdraw, and how concerned he was that a speedy pullout might create a political vacuum that might unsettle Syria's adversaries, the Israelis.</raw>
		<lemm>the secretary-general be ask how soon he would like to see the syrian withdraw  and how concerned he be that a speedy pullout might create a political vacuum that might unsettle syria s adversary  the israelis</lemm>
		<bigrams> 1509 1513 1520 1521 1522 1525 1528 1529</bigrams>
	</sent>	<sent id="5">
		<raw>"Obviously, it's a situation one has to handle with care," Annan said, adding that all interested parties are aware of the need to avoid precipitating "a situation that could destabilize Lebanon or cause tensions."</raw>
		<lemm> obviously  it be a situation one have to handle with care   annan say  add that all interested party be aware of the need to avoid precipitate  a situation that could destabilize lebanon or cause tension </lemm>
		<bigrams> 1536 1540 958 584 1543 1547 1551 1552 1555</bigrams>
	</sent>	<sent id="6">
		<raw>Roed-Larsen was in the region last month and his office said contacts were being made with the Syrian and Lebanese governments on dates for his return.</raw>
		<lemm>roed-larsen be in the region last month and his office say contact be be make with the syrian and lebanese government on date for his return</lemm>
		<bigrams> 1558 620 1562 1563 1113</bigrams>
	</sent>	<sent id="7">
		<raw>Pressure on Syria to withdraw its troops and intelligence agents has intensified since the slayings of former Lebanese Prime Minister Rafik Hariri and 16 others in a Feb. 14 bombing.</raw>
		<lemm>pressure on syria to withdraw its troop and intelligence agent have intensify since the slaying of former lebanese prime minister rafik hariri and @card@ other in a feb @card@ bombing</lemm>
		<bigrams> 18 1577 405 406 407 408 409 801 1584</bigrams>
	</sent>	<sent id="8">
		<raw>Many Lebanese blame Syria for the assassination, though Damascus vehemently denies any involvement.</raw>
		<lemm>many lebanese blame syria for the assassination  though damascus vehemently deny any involvement</lemm>
		<bigrams> 1585 1586 1109 1588 1589 1590 1591</bigrams>
	</sent>	<sent id="9">
		<raw>Lebanon's worst political crisis in years has increasingly isolated Syria, with Egypt and Saudi Arabia stepping in to encourage Damascus to withdraw.</raw>
		<lemm>lebanon s bad political crisis in year have increasingly isolate syria  with egypt and saudi arabia step in to encourage damascus to withdraw</lemm>
		<bigrams> 1594 1595 1600 1601 1007 1604 1608</bigrams>
	</sent>	<sent id="10">
		<raw>Even Syria's traditional ally, Russia, joined the United States, France and the United Nations in calling for a pullout.</raw>
		<lemm>even syria s traditional ally  russia  join the united states  france and the united nations in call for a pullout</lemm>
		<bigrams> 1609 1611 1612 1613 140 1615 271</bigrams>
	</sent>	<sent id="11">
		<raw>Syria sent troops in 1976 to help quell a civil war in Lebanon.</raw>
		<lemm>syria send troop in @card@ to help quell a civil war in lebanon</lemm>
		<bigrams> 1619 1620 1622 535</bigrams>
	</sent>	<sent id="12">
		<raw>They remained through 14 years of fighting and are still there.</raw>
		<lemm>they remain through @card@ year of fighting and be still there</lemm>
		<bigrams> 1629</bigrams>
	</sent>	<sent id="13">
		<raw>Damascus is seen as pulling the strings in Lebanese politics, most recently in pressing for a constitutional amendment to allow a second term for pro-Syrian President Emile Lahoud.</raw>
		<lemm>damascus be see as pull the string in lebanese politics  most recently in press for a constitutional amendment to allow a second term for pro-syrian president emile lahoud</lemm>
		<bigrams> 1642 1649 1654 1657 1658 1659</bigrams>
	</sent>	<sent id="14">
		<raw>The Security Council adopted a resolution Sept. 2 calling on Syria to pull all its troops from its smaller neighbor and urging Lebanon's parliament not to amend the constitution.</raw>
		<lemm>the security council adopt a resolution sept @card@ calling on syria to pull all its troop from its small neighbor and urge lebanon s parliament not to amend the constitution</lemm>
		<bigrams> 233 1660 1663 1664 1665 1669 366</bigrams>
	</sent>	<sent id="15">
		<raw>Defying the council, parliament approved an amendment hours later extending Lahoud's term for three years.</raw>
		<lemm>defy the council  parliament approve an amendment hour later extend lahoud s term for three year</lemm>
		<bigrams> 1678 1679 1682 1683 1684 1685 1689</bigrams>
	</sent></doc>