<?xml version="1.0" encoding="UTF_8"?>
<doc>	<sent id="0">
		<raw>UN envoy Terje Roed-Larsen said Sunday that the Syrian government has pledged to remove all Syrian troops and intelligence agents from Lebanon by April 30.</raw>
		<lemm>un envoy terje roed-larsen say sunday that the syrian government have pledge to remove all syrian troop and intelligence agent from lebanon by april @card@</lemm>
		<bigrams> 0 1 2 3 4 8 15 18 23</bigrams>
	</sent>	<sent id="1">
		<raw>Larsen made the statement at a joint news conference with Syrian Foreign Minister Farouq al-Shara after talks with President Bashar al-Assad.</raw>
		<lemm>larsen make the statement at a joint news conference with syrian foreign minister farouq al-shara after talk with president bashar al-assad</lemm>
		<bigrams> 24 30 31 34 35 36 37 42 43</bigrams>
	</sent>	<sent id="2">
		<raw>"All Syrian troops as well as the intelligence apparatus will be completely withdrawn by April 30," said Larsen.</raw>
		<lemm> all syrian troop as well as the intelligence apparatus will be completely withdraw by april @card@   say larsen</lemm>
		<bigrams> 15 49 53 23 55 56</bigrams>
	</sent>	<sent id="3">
		<raw>Larsen, UN special envoy for the implementation of UN Resolution 1559 which demands Syria to quit Lebanon, will also hold talks with senior Lebanese officials in Beirut on the withdrawal timetable on Monday.</raw>
		<lemm>larsen  un special envoy for the implementation of un resolution @card@ which demand syria to quit lebanon  will also hold talk with senior lebanese official in beirut on the withdrawal timetable on monday</lemm>
		<bigrams> 57 58 59 65 66 69 72 75 76 78 79 85</bigrams>
	</sent>	<sent id="4">
		<raw>Under mounting pressures from the international community and Lebanese opposition, Syria has carried out the first stage of a two-phase withdrawal plan, with nearly 4,000 troops out of 14,000 pulled out of Lebanon.</raw>
		<lemm>under mount pressure from the international community and lebanese opposition  syria have carry out the first stage of a two-phase withdrawal plan  with nearly @card@ troop out of @card@ pull out of lebanon</lemm>
		<bigrams> 89 93 96 97 103 107 108 111 112 116</bigrams>
	</sent>	<sent id="5">
		<raw>UN Secretary General Kofi Annan as well as Lebanese opposition leaders have called upon Syria to complete withdrawal before Lebanon's parliamentary elections in May.</raw>
		<lemm>un secretary general kofi annan as well as lebanese opposition leader have call upon syria to complete withdrawal before lebanon s parliamentary election in may</lemm>
		<bigrams> 119 120 121 122 96 125 128 129 131 136</bigrams>
	</sent>	<sent id="6">
		<raw>The United States on Tuesday hailed Syria's troop pullout from Lebanon as a "historic" day for the Lebanese but stayed wary of Damascus' intention pending UN verification of the withdrawal.</raw>
		<lemm>the united states on tuesday hail syria s troop pullout from lebanon as a  historic  day for the lebanese but stay wary of damascus  intention pend un verification of the withdrawal</lemm>
		<bigrams> 140 143 144 147 152 157 160 161 162 163</bigrams>
	</sent>	<sent id="7">
		<raw>Officials here also ducked questions on whether the move would improve strained US-Syrian relations and lead to the return of Washington's ambassador to Damascus who was recalled for consultations in February.</raw>
		<lemm>official here also duck question on whether the move would improve strained us-syrian relation and lead to the return of washington s ambassador to damascus who be recall for consultation in february</lemm>
		<bigrams> 168 169 174 175 176 177 178</bigrams>
	</sent>	<sent id="8">
		<raw>"We think today is a historic day for Lebanon and its people," Ereli told the daily State Department briefing.</raw>
		<lemm> we think today be a historic day for lebanon and its people   ereli tell the daily state department briefing</lemm>
		<bigrams> 198 152 205 206 209 210 211</bigrams>
	</sent>	<sent id="9">
		<raw>"After almost three decades Syria has withdrawn its military forces from Lebanon."</raw>
		<lemm> after almost three decade syria have withdraw its military force from lebanon </lemm>
		<bigrams> 213 214 215 219</bigrams>
	</sent>	<sent id="10">
		<raw>He called the pullout "an important first step" towards compliance with UN Security Council Resolution 1559 adopted last year to order Syria's forces out of neighboring Lebanon.</raw>
		<lemm>he call the pullout  an important first step  towards compliance with un security council resolution @card@ adopt last year to order syria s force out of neighbor lebanon</lemm>
		<bigrams> 226 227 228 229 232 233 234 66 235 236 237 240 244</bigrams>
	</sent>	<sent id="11">
		<raw>But he added that Syria was also obliged to withdraw its intelligence officers and "I think there are some lingering concerns that not all Syrian intelligence assets are out of Lebanon."</raw>
		<lemm>but he add that syria be also oblige to withdraw its intelligence officer and  i think there be some linger concern that not all syrian intelligence asset be out of lebanon </lemm>
		<bigrams> 251 255 263 267 268</bigrams>
	</sent>	<sent id="12">
		<raw>The United Nations has sent a team of inspectors to Lebanon and Damascus, Ereli said, and "we await the report of this verification team to provide a considered judgment on whether the withdrawal is complete."</raw>
		<lemm>the united nations have send a team of inspector to lebanon and damascus  ereli say  and  we await the report of this verification team to provide a consider judgment on whether the withdrawal be complete </lemm>
		<bigrams> 271 281 282 291 296</bigrams>
	</sent>	<sent id="13">
		<raw>Foreign ministers from all European Union (EU) member states, who gathered here for a meeting, on Wednesday urged Syria to withdraw its troops completely from Lebanon.</raw>
		<lemm>foreign minister from all european union ( eu ) member state  who gather here for a meeting  on wednesday urge syria to withdraw its troop completely from lebanon</lemm>
		<bigrams> 35 303 304 305 306 307 308 317 318 320</bigrams>
	</sent>	<sent id="14">
		<raw>"The (EU) Council emphasizes that Syrian troops and intelligence services must be withdrawn completely, in accordance with a precise timetable," said a statement after the meeting.</raw>
		<lemm> the ( eu ) council emphasize that syrian troop and intelligence service must be withdraw completely  in accordance with a precise timetable   say a statement after the meeting</lemm>
		<bigrams> 305 306 323 324 15 327 328 331 337 338</bigrams>
	</sent>	<sent id="15">
		<raw>The ministers called on Syria to implement rapidly the pledges made by Syrian President Bashar al-Assad on March 12, 2005 to withdraw all Syrian troops from Lebanon.</raw>
		<lemm>the minister call on syria to implement rapidly the pledge make by syrian president bashar al-assad on march @card@  @card@ to withdraw all syrian troop from lebanon</lemm>
		<bigrams> 345 349 352 355 42 43 358 359 15</bigrams>
	</sent>	<sent id="16">
		<raw>The EU also urged Lebanon to hold a "free, fair and transparent "elections on schedule "without any outside interference or meddling".</raw>
		<lemm>the eu also urge lebanon to hold a  free  fair and transparent  election on schedule  without any outside interference or meddle </lemm>
		<bigrams> 364 365 366 371 374 377 380</bigrams>
	</sent>	<sent id="17">
		<raw>The ministers hint that the EU would possibly dispatch an election observer mission to Lebanon.</raw>
		<lemm>the minister hint that the eu would possibly dispatch an election observer mission to lebanon</lemm>
		<bigrams> 383 385 386 387 390 391</bigrams>
	</sent>	<sent id="18">
		<raw>The meeting also called on the Lebanese authorities to clear up the circumstances of the killing of the former Lebanese Prime Minister Rafik Hariri and identify those responsible.</raw>
		<lemm>the meeting also call on the lebanese authority to clear up the circumstance of the killing of the former lebanese prime minister rafik hariri and identify those responsible</lemm>
		<bigrams> 393 394 395 405 406 407 408 409</bigrams>
	</sent>	<sent id="19">
		<raw>UN chief Kofi Annan has called for a Syrian troop pullout from Lebanon before April, warning that the Security Council could otherwise take "measures" against Damascus, in an interview with Al-Arabiya television, the news channel said Thursday.</raw>
		<lemm>un chief kofi annan have call for a syrian troop pullout from lebanon before april  warn that the security council could otherwise take  measure  against damascus  in an interview with al-arabiya television  the news channel say thursday</lemm>
		<bigrams> 414 415 122 15 147 421 233 424 425 426 427 435 438 439 440</bigrams>
	</sent>	<sent id="20">
		<raw>Annan "called on Syria to withdraw its troops from Lebanon before April, when he is due to present a report to the Security Council about Damascus' compliance with Resolution 1559," Dubai-based Al-Arabiya said.</raw>
		<lemm>annan  call on syria to withdraw its troop from lebanon before april  when he be due to present a report to the security council about damascus  compliance with resolution @card@   dubai-based al-arabiya say</lemm>
		<bigrams> 441 233 453 66 455 456 457</bigrams>
	</sent>	<sent id="21">
		<raw>In the interview, which is to be aired in full on Friday, Al-Arabiya said the UN chief warned that "the Security Council could take measures against Syria if it does not implement the resolution," which calls for a withdrawal of foreign forces from Lebanon.</raw>
		<lemm>in the interview  which be to be air in full on friday  al-arabiya say the un chief warn that  the security council could take measure against syria if it do not implement the resolution   which call for a withdrawal of foreign force from lebanon</lemm>
		<bigrams> 469 457 414 472 233 424 473 427 487</bigrams>
	</sent>	<sent id="22">
		<raw>Syrian President Bashar al-Assad on Saturday announced a plan to withdraw troops from Lebanon.</raw>
		<lemm>syrian president bashar al-assad on saturday announce a plan to withdraw troop from lebanon</lemm>
		<bigrams> 355 42 43 489 493</bigrams>
	</sent>	<sent id="23">
		<raw>"Syrian troops will pull back to Bekaa valley in eastern Lebanon and then to the Syrian-Lebanese border," Assad told the parliament in a speech delivered in Arabic.</raw>
		<lemm> syrian troop will pull back to bekaa valley in eastern lebanon and then to the syrian-lebanese border   assad tell the parliament in a speech deliver in arabic</lemm>
		<bigrams> 15 496 499 502 506 507 508 513</bigrams>
	</sent>	<sent id="24">
		<raw>He said through the move, Syria will fulfill its commitment to the Taif Accord and implementing UN Security Council resolution 1559, which calls for the withdrawal of foreign troops from Lebanon.</raw>
		<lemm>he say through the move  syria will fulfill its commitment to the taif accord and implement un security council resolution @card@  which call for the withdrawal of foreign troop from lebanon</lemm>
		<bigrams> 519 526 529 232 233 234 66 530</bigrams>
	</sent>	<sent id="25">
		<raw>The Taif Accord ended Lebanon's 1975-90 civil war.</raw>
		<lemm>the taif accord end lebanon s @card@ civil war</lemm>
		<bigrams> 526 531 532 534 535</bigrams>
	</sent>	<sent id="26">
		<raw>The president said, however, the withdrawal of Syrian troops from Lebanon does not mean the absence of a Syrian role in Lebanon, and the influence of Syria over Lebanon does not depend on the deployment of troops.</raw>
		<lemm>the president say  however  the withdrawal of syrian troop from lebanon do not mean the absence of a syrian role in lebanon  and the influence of syria over lebanon do not depend on the deployment of troop</lemm>
		<bigrams> 537 538 15 546</bigrams>
	</sent>	<sent id="27">
		<raw>"Everybody has a view that the withdrawal is a problem, but this is the simplest thing.</raw>
		<lemm> everybody have a view that the withdrawal be a problem  but this be the simple thing</lemm>
		<bigrams> 570</bigrams>
	</sent>	<sent id="28">
		<raw>Syria does not reject the principal of withdrawal," he said.</raw>
		<lemm>syria do not reject the principal of withdrawal   he say</lemm>
		<bigrams></bigrams>
	</sent>	<sent id="29">
		<raw>"We do not want to stay in Lebanon," he said, adding that Syrian troops have begun the pullback process.</raw>
		<lemm> we do not want to stay in lebanon   he say  add that syrian troop have begin the pullback process</lemm>
		<bigrams> 584 15 589</bigrams>
	</sent>	<sent id="30">
		<raw>He also called for boosting bilateral ties through varying dimensions, culture, the economy and education.</raw>
		<lemm>he also call for boost bilateral tie through vary dimension  culture  the economy and education</lemm>
		<bigrams> 394 592 593 596 597</bigrams>
	</sent>	<sent id="31">
		<raw>Syria, a key power broker of Lebanon, has been mounting pressure to withdraw its 14,000 soldiers from Lebanon since the death of former Lebanese Prime Minister Rafik Hariri last month.</raw>
		<lemm>syria  a key power broker of lebanon  have be mount pressure to withdraw its @card@ soldier from lebanon since the death of former lebanese prime minister rafik hariri last month</lemm>
		<bigrams> 604 605 89 612 614 405 406 407 408 409 619 620</bigrams>
	</sent>	<sent id="32">
		<raw>Syria is under mounting pressure to pull its troops out of Lebanon completely and quickly, or will face political and economic isolation in the world community, The Washington Post reported Friday.</raw>
		<lemm>syria be under mount pressure to pull its troop out of lebanon completely and quickly  or will face political and economic isolation in the world community  the washington post report friday</lemm>
		<bigrams> 89 624 630 633 636 639 640 641</bigrams>
	</sent>	<sent id="33">
		<raw>The ultimatum will be issued to Syria when Terje Roed-Larsen, a top UN envoy on the Middle East issue, scheduled to meet Syrian President Bashar Assad on Saturday, the Post reported, quoting UN and US officials as saying.</raw>
		<lemm>the ultimatum will be issue to syria when terje roed-larsen  a top un envoy on the middle east issue  schedule to meet syrian president bashar assad on saturday  the post report  quote un and us official as say</lemm>
		<bigrams> 2 651 0 654 655 656 659 355 42 660 640 664 665 668</bigrams>
	</sent>	<sent id="34">
		<raw>The UN envoy will tell Assad that Syria will face political and economic isolation if he does not completely and quickly withdraw from Lebanon, the paper said.</raw>
		<lemm>the un envoy will tell assad that syria will face political and economic isolation if he do not completely and quickly withdraw from lebanon  the paper say</lemm>
		<bigrams> 0 673 630 633 679 683</bigrams>
	</sent>	<sent id="35">
		<raw>Roed-Larsen plans to inform Syria that the international community is united in insisting that Damascus comply with U. N. Resolution 1559, and is prepared to impose wide punitive sanctions if it does not act quickly, the paper quoted officials as saying.</raw>
		<lemm>roed-larsen plan to inform syria that the international community be unite in insist that damascus comply with u n resolution @card@  and be prepare to impose wide punitive sanction if it do not act quickly  the paper quote official as say</lemm>
		<bigrams> 684 686 93 694 697 698 66 704 705 706 709 711 712</bigrams>
	</sent>	<sent id="36">
		<raw>Over the past weeks, the UN envoy has reportedly met with US, European and Arab officials to determine the positions in preparation for the diplomatic confrontation.</raw>
		<lemm>over the past week  the un envoy have reportedly meet with us  european and arab official to determine the position in preparation for the diplomatic confrontation</lemm>
		<bigrams> 715 0 719 722 725 734</bigrams>
	</sent>	<sent id="37">
		<raw>Roed-Larsen, according to the report quoting the UN source as saying, will tell the Syrian president to take the following four steps.</raw>
		<lemm>roed-larsen  accord to the report quote the un source as say  will tell the syrian president to take the follow four step</lemm>
		<bigrams> 735 664 738 355 745 746</bigrams>
	</sent>	<sent id="38">
		<raw>First, Syria must honor the independent sovereignty of Lebanon and not undermine its spring elections for a new parliament.</raw>
		<lemm>first  syria must honor the independent sovereignty of lebanon and not undermine its spring election for a new parliament</lemm>
		<bigrams> 747 748 749 752 758 761</bigrams>
	</sent>	<sent id="39">
		<raw>Second, Syria must provide a complete timeline for a full pullout of its troops.</raw>
		<lemm>second  syria must provide a complete timeline for a full pullout of its troop</lemm>
		<bigrams> 762 748 763 765 768</bigrams>
	</sent>	<sent id="40">
		<raw>Third, Syria must provide a timeline for the pullout of its 5, 000 intelligence agents in Lebanon.</raw>
		<lemm>third  syria must provide a timeline for the pullout of its @card@  @card@ intelligence agent in lebanon</lemm>
		<bigrams> 771 748 763 359 773 18</bigrams>
	</sent>	<sent id="41">
		<raw>Finally, Roed-Larsen will discuss other requirements in Resolution 1559, including the need to disarm and dismantle foreign and domestic militias operating in Lebanon.</raw>
		<lemm>finally  roed-larsen will discuss other requirement in resolution @card@  include the need to disarm and dismantle foreign and domestic militia operate in lebanon</lemm>
		<bigrams> 775 66 782 789 792 793</bigrams>
	</sent>	<sent id="42">
		<raw>Since the assassination of former Lebanese prime minister Rafiq Hariri on Feb. 14, Syria has been under strong pressure to be out of Lebanon completely, though it decided to withdraw its troops to east part of Lebanon from Beirut.</raw>
		<lemm>since the assassination of former lebanese prime minister rafiq hariri on feb @card@  syria have be under strong pressure to be out of lebanon completely  though it decide to withdraw its troop to east part of lebanon from beirut</lemm>
		<bigrams> 405 406 407 797 798 801 802 804 624 805 811</bigrams>
	</sent>	<sent id="43">
		<raw>The killing of Lebanon's former prime minister Rafiq Hariri has triggered fresh calls for Syria to abide by UN Security Council Resolution 1559 and end its domination of its smaller neighbour.</raw>
		<lemm>the killing of lebanon s former prime minister rafiq hariri have trigger fresh call for syria to abide by un security council resolution @card@ and end its domination of its small neighbour</lemm>
		<bigrams> 816 407 797 798 819 820 232 233 234 66 830</bigrams>
	</sent>	<sent id="44">
		<raw>UN Resolution 1559, passed by the Security Council on September 2, 2004, called for the withdrawal of foreign forces from Lebanon and respect for its sovereignty.</raw>
		<lemm>un resolution @card@  pass by the security council on september @card@  @card@  call for the withdrawal of foreign force from lebanon and respect for its sovereignty</lemm>
		<bigrams> 65 66 831 233 836 359 837 487</bigrams>
	</sent>	<sent id="45">
		<raw>A specific reference to Syria was deleted at the last minute.</raw>
		<lemm>a specific reference to syria be delete at the last minute</lemm>
		<bigrams> 843 849</bigrams>
	</sent>	<sent id="46">
		<raw>The resolution, originally proposed by France and the United States, said an upcoming elections should be "free and fair... according to Lebanese constitutional rules devised without foreign interference or influence."</raw>
		<lemm>the resolution  originally propose by france and the united states  say an upcoming election should be  free and fair   accord to lebanese constitutional rule devise without foreign interference or influence </lemm>
		<bigrams> 850 851 140 855 858 864 866 867 868 869 870 871</bigrams>
	</sent>	<sent id="47">
		<raw>The council "reaffirms its call for the strict respect of Lebanon's sovereignty, territorial integrity, unity and political independence under the sole and exclusive authority of the government of Lebanon throughout Lebanon."</raw>
		<lemm>the council  reaffirm its call for the strict respect of lebanon s sovereignty  territorial integrity  unity and political independence under the sole and exclusive authority of the government of lebanon throughout lebanon </lemm>
		<bigrams> 874 878 881 882 883 886 892 896 897</bigrams>
	</sent>	<sent id="48">
		<raw>The resolution had been amended from its original version to ensure its passage.</raw>
		<lemm>the resolution have be amend from its original version to ensure its passage</lemm>
		<bigrams> 903</bigrams>
	</sent>	<sent id="49">
		<raw>A demand "that Syrian forces withdraw without delay from Lebanon" was changed to a demand "that foreign forces withdraw without delay from Lebanon."</raw>
		<lemm>a demand  that syrian force withdraw without delay from lebanon  be change to a demand  that foreign force withdraw without delay from lebanon </lemm>
		<bigrams> 910 911 912 913 487 911 912 913</bigrams>
	</sent>	<sent id="50">
		<raw>It called "for the disbanding and disarmament of all Lebanese and non-Lebanese militias," and "supports the extension of the control of the government of Lebanon over all Lebanese territory."</raw>
		<lemm>it call  for the disbanding and disarmament of all lebanese and non-lebanese militia   and  support the extension of the control of the government of lebanon over all lebanese territory </lemm>
		<bigrams> 929 939</bigrams>
	</sent>	<sent id="51">
		<raw>The resolution was voted by nine of the 15 council members.</raw>
		<lemm>the resolution be vote by nine of the @card@ council member</lemm>
		<bigrams> 946 947</bigrams>
	</sent>	<sent id="52">
		<raw>The other six abstained.</raw>
		<lemm>the other six abstain</lemm>
		<bigrams> 950</bigrams>
	</sent>	<sent id="53">
		<raw>In a report published on October 3, UN secretary-general Kofi Annan said: "The government of Syria has informed me that it cannot provide me with numbers and timetables for any future withdrawal.</raw>
		<lemm>in a report publish on october @card@  un secretary-general kofi annan say   the government of syria have inform me that it can provide me with number and timetable for any future withdrawal</lemm>
		<bigrams> 951 954 955 956 957 122 958 973</bigrams>
	</sent>	<sent id="54">
		<raw>"The requirements on the various parties set out in Resolution 1559 have not been met."</raw>
		<lemm> the requirement on the various party set out in resolution @card@ have not be meet </lemm>
		<bigrams> 977 978 66</bigrams>
	</sent>	<sent id="55">
		<raw>Annan said both Beirut and Damascus had indicated that Syrian troops were on the ground "at the invitation of Lebanon and that their presence is therefore by mutual agreement."</raw>
		<lemm>annan say both beirut and damascus have indicate that syrian troop be on the ground  at the invitation of lebanon and that their presence be therefore by mutual agreement </lemm>
		<bigrams> 958 15 1004</bigrams>
	</sent>	<sent id="56">
		<raw>Egypt and Saudi Arabia are trying to persuade Syria to accept a timetable to withdraw its 15,000 troops from Lebanon, maybe by the end of April, Arab diplomats said Tuesday.</raw>
		<lemm>egypt and saudi arabia be try to persuade syria to accept a timetable to withdraw its @card@ troop from lebanon  maybe by the end of april  arab diplomat say tuesday</lemm>
		<bigrams> 1007 1012 112 1017 1022 1023 1024 1025</bigrams>
	</sent>	<sent id="57">
		<raw>Calls for Syria's withdrawal, a key demand of Lebanon's anti-Damascus forces, Washington and the United Nations, have risen to fever pitch since the Feb. 14 assassination of ex-Lebanese premier Rafik Hariri and Monday's resignation of Lebanon's pro-Damascus government.</raw>
		<lemm>call for syria s withdrawal  a key demand of lebanon s anti-damascus force  washington and the united nations  have rise to fever pitch since the feb @card@ assassination of ex-lebanese premier rafik hariri and monday s resignation of lebanon s pro-damascus government</lemm>
		<bigrams> 1028 1031 1032 271 1037 1038 801 1040 1042 1043 409 1049</bigrams>
	</sent>	<sent id="58">
		<raw>The Arab diplomats, speaking in Cairo on condition of anonymity, said the Egyptian-Saudi proposal is based on the 1989 Arab-brokered Taif Accord that ended Lebanon's 1975-90 civil war.</raw>
		<lemm>the arab diplomat  speak in cairo on condition of anonymity  say the egyptian-saudi proposal be base on the @card@ arab-brokered taif accord that end lebanon s @card@ civil war</lemm>
		<bigrams> 1023 1051 1058 1060 1064 1065 526 532 534 535</bigrams>
	</sent>	<sent id="59">
		<raw>Syrian troops were sent to Lebanon as part of an Arab peacekeeping force in 1976.</raw>
		<lemm>syrian troop be send to lebanon as part of an arab peacekeepe force in @card@</lemm>
		<bigrams> 15 1073 1074</bigrams>
	</sent>	<sent id="60">
		<raw>The agreement, secured in the Saudi city of Taif, called for Syria to redeploy its troops in Lebanon within two years before a full withdrawal later.</raw>
		<lemm>the agreement  secure in the saudi city of taif  call for syria to redeploy its troop in lebanon within two year before a full withdrawal later</lemm>
		<bigrams> 1078 1081 1084 1088 1089 1090 1093 1094</bigrams>
	</sent>	<sent id="61">
		<raw>But Syria has not complied with the accord, something which is fanning massive anti-Damascus discontent in Lebanon, where many blame Syria and the toppled Lebanese government of involvement in Hariri's killing.</raw>
		<lemm>but syria have not comply with the accord  something which be fan massive anti-damascus discontent in lebanon  where many blame syria and the topple lebanese government of involvement in hariri s killing</lemm>
		<bigrams> 1099 1102 1103 1104 1108 1109 1112 1113</bigrams>
	</sent>	<sent id="62">
		<raw>Both governments have denied any role.</raw>
		<lemm>both government have deny any role</lemm>
		<bigrams></bigrams>
	</sent>	<sent id="63">
		<raw>"The Arabs sent in the Syrians to Lebanon and they can ask them now to pull out," said one diplomat familiar with the efforts.</raw>
		<lemm> the arabs send in the syrian to lebanon and they can ask them now to pull out   say one diplomat familiar with the effort</lemm>
		<bigrams> 1124 1134 1135 1136</bigrams>
	</sent>	<sent id="64">
		<raw>Egyptian and Saudi officials are discussing a formula to persuade Syria to declare a withdrawal timetable, "possibly as soon as possible," another Arab diplomat said.</raw>
		<lemm>egyptian and saudi official be discuss a formula to persuade syria to declare a withdrawal timetable   possibly as soon as possible   another arab diplomat say</lemm>
		<bigrams> 1140 1012 85 1148 1153 1154 1023 1024</bigrams>
	</sent>	<sent id="65">
		<raw>"The objective is not to please the United States nor the international community, but rather to save Syria from a serious conflict that will pitch it against the whole word," he said.</raw>
		<lemm> the objective be not to please the united states nor the international community  but rather to save syria from a serious conflict that will pitch it against the whole word   he say</lemm>
		<bigrams> 140 93 1167 1171 1179</bigrams>
	</sent>	<sent id="66">
		<raw>Cairo and Riyadh want to avoid a repeat of their failure to convince toppled Iraqi dictator Saddam Hussein to defuse his crisis with the United States before the 2003 invasion of Iraq that toppled his regime.</raw>
		<lemm>cairo and riyadh want to avoid a repeat of their failure to convince topple iraqi dictator saddam hussein to defuse his crisis with the united states before the @card@ invasion of iraq that topple his regime</lemm>
		<bigrams> 1183 1192 1193 1194 1195 1196 140 1204</bigrams>
	</sent>	<sent id="67">
		<raw>The United States and France have been leading calls for Syria to withdraw from Lebanon.</raw>
		<lemm>the united states and france have be lead call for syria to withdraw from lebanon</lemm>
		<bigrams> 140 1215</bigrams>
	</sent>	<sent id="68">
		<raw>Washington has accused Syria of aiding the anti-U.</raw>
		<lemm>washington have accuse syria of aid the anti-u</lemm>
		<bigrams> 1218</bigrams>
	</sent>	<sent id="69">
		<raw>S. insurgency in Iraq.</raw>
		<lemm>s insurgency in iraq</lemm>
		<bigrams></bigrams>
	</sent>	<sent id="70">
		<raw>It also linked Friday's Tel Aviv suicide bombing to Palestinian Islamic Jihad militants based in Syria.</raw>
		<lemm>it also link friday s tel aviv suicide bombing to palestinian islamic jihad militant base in syria</lemm>
		<bigrams> 1227 1228 1231 1232 1233 1236 1237 1238 1239</bigrams>
	</sent>	<sent id="71">
		<raw>Damascus has denied the claims.</raw>
		<lemm>damascus have deny the claim</lemm>
		<bigrams></bigrams>
	</sent>	<sent id="72">
		<raw>"The Syrians are out of step with where the region is going and out of step with the aspirations of the people of the Middle East," U. S. Secretary of State Condoleezza Rice told reporters while in London for an international conference on the Palestinians.</raw>
		<lemm> the syrian be out of step with where the region be go and out of step with the aspiration of the people of the middle east   u s secretary of state condoleezza rice tell reporter while in london for an international conference on the palestinians</lemm>
		<bigrams> 654 1258 1263 1264 1265 1266 1273</bigrams>
	</sent>	<sent id="73">
		<raw>The latest edition of Time magazine quotes Syrian President Bashar Assad as saying he would withdraw his troops completely "maybe in the next few months.</raw>
		<lemm>the late edition of time magazine quote syrian president bashar assad as say he would withdraw his troop completely  maybe in the next few month</lemm>
		<bigrams> 1277 1280 1281 1282 355 42 660 1286 320 1289</bigrams>
	</sent>	<sent id="74">
		<raw>Not after that."</raw>
		<lemm>not after that </lemm>
		<bigrams></bigrams>
	</sent>	<sent id="75">
		<raw>In reaction to the Time report, Syria appeared to back off the comments.</raw>
		<lemm>in reaction to the time report  syria appear to back off the comment</lemm>
		<bigrams> 1299 1300 1301</bigrams>
	</sent>	<sent id="76">
		<raw>A Syrian official, speaking on condition of anonymity in Damascus, denied the magazine's comments that a Syrian withdrawal from Lebanon would come within months, saying the Taif Accord is the basis for this matter.</raw>
		<lemm>a syrian official  speak on condition of anonymity in damascus  deny the magazine s comment that a syrian withdrawal from lebanon would come within month  say the taif accord be the basis for this matter</lemm>
		<bigrams> 1307 1308 1312 1318 1320 1321 1322 1323 1324 526</bigrams>
	</sent>	<sent id="77">
		<raw>The 1989 accord does not necessarily rule out a full withdrawal within months.</raw>
		<lemm>the @card@ accord do not necessarily rule out a full withdrawal within month</lemm>
		<bigrams> 1330 1333 1093 1336 1323</bigrams>
	</sent>	<sent id="78">
		<raw>It calls for a redeployment to eastern Lebanon near the border, with a full pullout subject to negotiation.</raw>
		<lemm>it call for a redeployment to eastern lebanon near the border  with a full pullout subject to negotiation</lemm>
		<bigrams> 502 1340 768 1344</bigrams>
	</sent>	<sent id="79">
		<raw>One of the Arab envoys said Egypt and Saudi Arabia are proposing Syria start an immediate, token withdrawal with a full pull out completed before the end of April.</raw>
		<lemm>one of the arab envoy say egypt and saudi arabia be propose syria start an immediate  token withdrawal with a full pull out complete before the end of april</lemm>
		<bigrams> 1348 1349 1350 1007 1352 1353 1356 1357 1359</bigrams>
	</sent>	<sent id="80">
		<raw>The Egyptian-Saudi initiative is expected to be raised during a meeting of Arab foreign ministers in Cairo late Wednesday ahead of an official meeting Thursday to prepare for an Arab leadership summit later in the month in Algeria.</raw>
		<lemm>the egyptian-saudi initiative be expect to be raise during a meeting of arab foreign minister in cairo late wednesday ahead of an official meeting thursday to prepare for an arab leadership summit later in the month in algeria</lemm>
		<bigrams> 1362 1371 35 1373 1374 1375 1378 1379 1383 1384 1385</bigrams>
	</sent>	<sent id="81">
		<raw>Syrian Cabinet minister Buthaina Shaaban criticized Arab states for indifference toward American plans "to restructure the area."</raw>
		<lemm>syrian cabinet minister buthaina shaaban criticize arab state for indifference toward american plan  to restructure the area </lemm>
		<bigrams> 1390 1391 1392 1393 1394 1395 1396 1399 1400 1401</bigrams>
	</sent>	<sent id="82">
		<raw>"What are Arab governments doing in this or that targeted state in this (American) scheme of change," Shaaban wrote in Monday's edition of London-based Asharq Al Awsat.</raw>
		<lemm> what be arab government do in this or that targeted state in this ( american ) scheme of change   shaaban write in monday s edition of london-based asharq al awsat</lemm>
		<bigrams> 1407 1414 1417 1418 1419 1422 1423 1428 1429 1430</bigrams>
	</sent>	<sent id="83">
		<raw>Egyptian and Saudi officials have not talked publicly about the initiative, which also calls on Damascus to fully cooperate with an international effort to investigate Hariri's killing.</raw>
		<lemm>egyptian and saudi official have not talk publicly about the initiative  which also call on damascus to fully cooperate with an international effort to investigate hariri s killing</lemm>
		<bigrams> 1140 1433 394 1442 1445 1448</bigrams>
	</sent>	<sent id="84">
		<raw>Secretary-General Kofi Annan said Thursday he is sending a top envoy back to Beirut and Damascus to discuss U. N. demands for a Syrian withdrawal from Lebanon, which he said must be handled with care.</raw>
		<lemm>secretary-general kofi annan say thursday he be send a top envoy back to beirut and damascus to discuss u n demand for a syrian withdrawal from lebanon  which he say must be handle with care</lemm>
		<bigrams> 957 122 958 440 1450 1451 1454 697 1455 1318 1459</bigrams>
	</sent>	<sent id="85">
		<raw>Terje Roed-Larsen, the U. N.'s former Mideast envoy who is still handling the Syria-Lebanon issue, will prepare a report on Syria's compliance with a Security Council resolution demanding the pullout of its 15,000 troops and intelligence agents.</raw>
		<lemm>terje roed-larsen  the u n  s former mideast envoy who be still handle the syria-lebanon issue  will prepare a report on syria s compliance with a security council resolution demand the pullout of its @card@ troop and intelligence agent</lemm>
		<bigrams> 2 697 1466 1467 1470 1473 233 234 1480 112 18</bigrams>
	</sent>	<sent id="86">
		<raw>"The Syrians have indicated that they are planning to withdraw the troops from Lebanon," Annan told reporters.</raw>
		<lemm> the syrian have indicate that they be plan to withdraw the troop from lebanon   annan tell reporter</lemm>
		<bigrams> 1488 1489 1266</bigrams>
	</sent>	<sent id="87">
		<raw>Annan said he hopes when he submits the report to the Security Council in April "that I will be able to report progress."</raw>
		<lemm>annan say he hope when he submit the report to the security council in april  that i will be able to report progress </lemm>
		<bigrams> 958 233 1502</bigrams>
	</sent>	<sent id="88">
		<raw>The secretary-general was asked how soon he would like to see the Syrians withdraw, and how concerned he was that a speedy pullout might create a political vacuum that might unsettle Syria's adversaries, the Israelis.</raw>
		<lemm>the secretary-general be ask how soon he would like to see the syrian withdraw  and how concerned he be that a speedy pullout might create a political vacuum that might unsettle syria s adversary  the israelis</lemm>
		<bigrams> 1509 1513 1520 1521 1522 1525 1528 1529</bigrams>
	</sent>	<sent id="89">
		<raw>"Obviously, it's a situation one has to handle with care," Annan said, adding that all interested parties are aware of the need to avoid precipitating "a situation that could destabilize Lebanon or cause tensions."</raw>
		<lemm> obviously  it be a situation one have to handle with care   annan say  add that all interested party be aware of the need to avoid precipitate  a situation that could destabilize lebanon or cause tension </lemm>
		<bigrams> 1536 1540 958 584 1543 1547 1551 1552 1555</bigrams>
	</sent>	<sent id="90">
		<raw>Roed-Larsen was in the region last month and his office said contacts were being made with the Syrian and Lebanese governments on dates for his return.</raw>
		<lemm>roed-larsen be in the region last month and his office say contact be be make with the syrian and lebanese government on date for his return</lemm>
		<bigrams> 1558 620 1562 1563 1113</bigrams>
	</sent>	<sent id="91">
		<raw>Pressure on Syria to withdraw its troops and intelligence agents has intensified since the slayings of former Lebanese Prime Minister Rafik Hariri and 16 others in a Feb. 14 bombing.</raw>
		<lemm>pressure on syria to withdraw its troop and intelligence agent have intensify since the slaying of former lebanese prime minister rafik hariri and @card@ other in a feb @card@ bombing</lemm>
		<bigrams> 18 1577 405 406 407 408 409 801 1584</bigrams>
	</sent>	<sent id="92">
		<raw>Many Lebanese blame Syria for the assassination, though Damascus vehemently denies any involvement.</raw>
		<lemm>many lebanese blame syria for the assassination  though damascus vehemently deny any involvement</lemm>
		<bigrams> 1585 1586 1109 1588 1589 1590 1591</bigrams>
	</sent>	<sent id="93">
		<raw>Lebanon's worst political crisis in years has increasingly isolated Syria, with Egypt and Saudi Arabia stepping in to encourage Damascus to withdraw.</raw>
		<lemm>lebanon s bad political crisis in year have increasingly isolate syria  with egypt and saudi arabia step in to encourage damascus to withdraw</lemm>
		<bigrams> 1594 1595 1600 1601 1007 1604 1608</bigrams>
	</sent>	<sent id="94">
		<raw>Even Syria's traditional ally, Russia, joined the United States, France and the United Nations in calling for a pullout.</raw>
		<lemm>even syria s traditional ally  russia  join the united states  france and the united nations in call for a pullout</lemm>
		<bigrams> 1609 1611 1612 1613 140 1615 271</bigrams>
	</sent>	<sent id="95">
		<raw>Syria sent troops in 1976 to help quell a civil war in Lebanon.</raw>
		<lemm>syria send troop in @card@ to help quell a civil war in lebanon</lemm>
		<bigrams> 1619 1620 1622 535</bigrams>
	</sent>	<sent id="96">
		<raw>They remained through 14 years of fighting and are still there.</raw>
		<lemm>they remain through @card@ year of fighting and be still there</lemm>
		<bigrams> 1629</bigrams>
	</sent>	<sent id="97">
		<raw>Damascus is seen as pulling the strings in Lebanese politics, most recently in pressing for a constitutional amendment to allow a second term for pro-Syrian President Emile Lahoud.</raw>
		<lemm>damascus be see as pull the string in lebanese politics  most recently in press for a constitutional amendment to allow a second term for pro-syrian president emile lahoud</lemm>
		<bigrams> 1642 1649 1654 1657 1658 1659</bigrams>
	</sent>	<sent id="98">
		<raw>The Security Council adopted a resolution Sept. 2 calling on Syria to pull all its troops from its smaller neighbor and urging Lebanon's parliament not to amend the constitution.</raw>
		<lemm>the security council adopt a resolution sept @card@ calling on syria to pull all its troop from its small neighbor and urge lebanon s parliament not to amend the constitution</lemm>
		<bigrams> 233 1660 1663 1664 1665 1669 366</bigrams>
	</sent>	<sent id="99">
		<raw>Defying the council, parliament approved an amendment hours later extending Lahoud's term for three years.</raw>
		<lemm>defy the council  parliament approve an amendment hour later extend lahoud s term for three year</lemm>
		<bigrams> 1678 1679 1682 1683 1684 1685 1689</bigrams>
	</sent>	<sent id="100">
		<raw>The announcement Thursday that Syria was to conduct a final pullback of its troops to the eastern Bekaa valley of Lebanon falls short of the demands of the international community.</raw>
		<lemm>the announcement thursday that syria be to conduct a final pullback of its troop to the eastern bekaa valley of lebanon fall short of the demand of the international community</lemm>
		<bigrams> 1691 1696 1699 499 1701 1702 93</bigrams>
	</sent>	<sent id="101">
		<raw>Following the killing of Lebanon's former prime minister Rafiq Hariri, Syria is under renewed pressure to abide by UN Security Council Resolution 1559 and end its political and military domination of its smaller neighbour.</raw>
		<lemm>follow the killing of lebanon s former prime minister rafiq hariri  syria be under renewed pressure to abide by un security council resolution @card@ and end its political and military domination of its small neighbour</lemm>
		<bigrams> 816 407 797 798 1706 1708 232 233 234 66 1711 830</bigrams>
	</sent>	<sent id="102">
		<raw>UN Resolution 1559, passed by the Security Council on September 2, 2004, called for the withdrawal of foreign forces from Lebanon and respect for its sovereignty.</raw>
		<lemm>un resolution @card@  pass by the security council on september @card@  @card@  call for the withdrawal of foreign force from lebanon and respect for its sovereignty</lemm>
		<bigrams> 65 66 831 233 836 359 837 487</bigrams>
	</sent>	<sent id="103">
		<raw>A specific reference to Syria was deleted at the last minute.</raw>
		<lemm>a specific reference to syria be delete at the last minute</lemm>
		<bigrams> 843 849</bigrams>
	</sent>	<sent id="104">
		<raw>The resolution, originally proposed by France and the United States, said an upcoming elections should be "free and fair... according to Lebanese constitutional rules devised without foreign interference or influence."</raw>
		<lemm>the resolution  originally propose by france and the united states  say an upcoming election should be  free and fair   accord to lebanese constitutional rule devise without foreign interference or influence </lemm>
		<bigrams> 850 851 140 855 858 864 866 867 868 869 870 871</bigrams>
	</sent>	<sent id="105">
		<raw>The council "reaffirms its call for the strict respect of Lebanon's sovereignty, territorial integrity, unity and political independence under the sole and exclusive authority of the government of Lebanon throughout Lebanon."</raw>
		<lemm>the council  reaffirm its call for the strict respect of lebanon s sovereignty  territorial integrity  unity and political independence under the sole and exclusive authority of the government of lebanon throughout lebanon </lemm>
		<bigrams> 874 878 881 882 883 886 892 896 897</bigrams>
	</sent>	<sent id="106">
		<raw>The resolution had been amended from its original version to ensure its passage.</raw>
		<lemm>the resolution have be amend from its original version to ensure its passage</lemm>
		<bigrams> 903</bigrams>
	</sent>	<sent id="107">
		<raw>A demand "that Syrian forces withdraw without delay from Lebanon" was changed to a demand "that foreign forces withdraw without delay from Lebanon."</raw>
		<lemm>a demand  that syrian force withdraw without delay from lebanon  be change to a demand  that foreign force withdraw without delay from lebanon </lemm>
		<bigrams> 910 911 912 913 487 911 912 913</bigrams>
	</sent>	<sent id="108">
		<raw>It called "for the disbanding and disarmament of all Lebanese and non-Lebanese militias," and "supports the extension of the control of the government of Lebanon over all Lebanese territory."</raw>
		<lemm>it call  for the disbanding and disarmament of all lebanese and non-lebanese militia   and  support the extension of the control of the government of lebanon over all lebanese territory </lemm>
		<bigrams> 929 939</bigrams>
	</sent>	<sent id="109">
		<raw>The resolution was voted by nine of the 15 council members.</raw>
		<lemm>the resolution be vote by nine of the @card@ council member</lemm>
		<bigrams> 946 947</bigrams>
	</sent>	<sent id="110">
		<raw>The other six abstained.</raw>
		<lemm>the other six abstain</lemm>
		<bigrams> 950</bigrams>
	</sent>	<sent id="111">
		<raw>In a report published on October 3, UN Secretary-General Kofi Annan said: "The government of Syria has informed me that it cannot provide me with numbers and timetables for any future withdrawal.</raw>
		<lemm>in a report publish on october @card@  un secretary-general kofi annan say   the government of syria have inform me that it can provide me with number and timetable for any future withdrawal</lemm>
		<bigrams> 951 954 955 956 957 122 958 973</bigrams>
	</sent>	<sent id="112">
		<raw>"The requirements on the various parties set out in Resolution 1559 have not been met."</raw>
		<lemm> the requirement on the various party set out in resolution @card@ have not be meet </lemm>
		<bigrams> 977 978 66</bigrams>
	</sent>	<sent id="113">
		<raw>Annan said both Beirut and Damascus had indicated that Syrian troops were on the ground "at the invitation of Lebanon and that their presence is therefore by mutual agreement."</raw>
		<lemm>annan say both beirut and damascus have indicate that syrian troop be on the ground  at the invitation of lebanon and that their presence be therefore by mutual agreement </lemm>
		<bigrams> 958 15 1004</bigrams>
	</sent></doc>