<?xml version="1.0" encoding="UTF_8"?>
<doc>	<sent id="0">
		<raw>Foreign ministers from all European Union (EU) member states, who gathered here for a meeting, on Wednesday urged Syria to withdraw its troops completely from Lebanon.</raw>
		<lemm>foreign minister from all european union ( eu ) member state  who gather here for a meeting  on wednesday urge syria to withdraw its troop completely from lebanon</lemm>
		<bigrams> 35 303 304 305 306 307 308 317 318 320</bigrams>
	</sent>	<sent id="1">
		<raw>"The (EU) Council emphasizes that Syrian troops and intelligence services must be withdrawn completely, in accordance with a precise timetable," said a statement after the meeting.</raw>
		<lemm> the ( eu ) council emphasize that syrian troop and intelligence service must be withdraw completely  in accordance with a precise timetable   say a statement after the meeting</lemm>
		<bigrams> 305 306 323 324 15 327 328 331 337 338</bigrams>
	</sent>	<sent id="2">
		<raw>The ministers called on Syria to implement rapidly the pledges made by Syrian President Bashar al-Assad on March 12, 2005 to withdraw all Syrian troops from Lebanon.</raw>
		<lemm>the minister call on syria to implement rapidly the pledge make by syrian president bashar al-assad on march @card@  @card@ to withdraw all syrian troop from lebanon</lemm>
		<bigrams> 345 349 352 355 42 43 358 359 15</bigrams>
	</sent>	<sent id="3">
		<raw>The EU also urged Lebanon to hold a "free, fair and transparent "elections on schedule "without any outside interference or meddling".</raw>
		<lemm>the eu also urge lebanon to hold a  free  fair and transparent  election on schedule  without any outside interference or meddle </lemm>
		<bigrams> 364 365 366 371 374 377 380</bigrams>
	</sent>	<sent id="4">
		<raw>The ministers hint that the EU would possibly dispatch an election observer mission to Lebanon.</raw>
		<lemm>the minister hint that the eu would possibly dispatch an election observer mission to lebanon</lemm>
		<bigrams> 383 385 386 387 390 391</bigrams>
	</sent>	<sent id="5">
		<raw>The meeting also called on the Lebanese authorities to clear up the circumstances of the killing of the former Lebanese Prime Minister Rafik Hariri and identify those responsible.</raw>
		<lemm>the meeting also call on the lebanese authority to clear up the circumstance of the killing of the former lebanese prime minister rafik hariri and identify those responsible</lemm>
		<bigrams> 393 394 395 405 406 407 408 409</bigrams>
	</sent></doc>