<?xml version="1.0" encoding="UTF_8"?>
<doc>	<sent id="0">
		<raw>A two-week conference on the Antarctic, focusing on environmental, climate change and tourism issues, opened on Monday with representatives of 50 governments, researchers and experts, the Swedish hosts said.</raw>
		<lemm>a two-week conference on the antarctic  focus on environmental  climate change and tourism issue  open on monday with representative of @card@ government  researcher and expert  the swedish host say</lemm>
		<bigrams> 5271 5273 5276 431 5279 5280 5286 5287 5292 5293</bigrams>
	</sent>	<sent id="1">
		<raw>The conference, which runs to June 17, comes amid fresh warnings from scientists about the effect of climate change on Antarctica, the fifth largest continent in the world, which contains more than 90 percent of the world's ice.</raw>
		<lemm>the conference  which run to june @card@  come amid fresh warning from scientist about the effect of climate change on antarctica  the fifth large continent in the world  which contain more than @card@ percent of the world s ice</lemm>
		<bigrams> 5299 5300 5301 5302 5303 431 5311 5312 918</bigrams>
	</sent>	<sent id="2">
		<raw>Sweden hopes that the meeting will result in a special protocol on responsibility and insurance in the case of major accidents in the Antarctic, such as oil spills.</raw>
		<lemm>sweden hope that the meeting will result in a special protocol on responsibility and insurance in the case of major accident in the antarctic  such as oil spill</lemm>
		<bigrams> 5317 5323 5331 5336</bigrams>
	</sent>	<sent id="3">
		<raw>"It seems that there are great expectations for our discussions," Swedish environment minister Lena Sommestad told the TT news agency on Monday.</raw>
		<lemm> it seem that there be great expectation for our discussion   swedish environment minister lena sommestad tell the tt news agency on monday</lemm>
		<bigrams> 5341 5345 5346 5347 5348 5349 5350 5353 5354</bigrams>
	</sent>	<sent id="4">
		<raw>Other topics are the environmental impact of increasing tourism in the Antarctic.</raw>
		<lemm>other topic be the environmental impact of increase tourism in the antarctic</lemm>
		<bigrams> 5359 5361</bigrams>
	</sent>	<sent id="5">
		<raw>"We believe that it is important for people to visit the Antarctic, but it is also important that we are aware of the consequences," Sommestad said.</raw>
		<lemm> we believe that it be important for people to visit the antarctic  but it be also important that we be aware of the consequence   sommestad say</lemm>
		<bigrams> 5370 5376 5377</bigrams>
	</sent>	<sent id="6">
		<raw>Recognizing the special role the Antarctic plays for the world's climate, a treaty was signed by 12 nations in 1959 stipulating that it is in "the interest of all mankind that Antarctica shall continue for ever to be used exclusively for peaceful purposes and shall not become the scene or object of international discord".</raw>
		<lemm>recognize the special role the antarctic play for the world s climate  a treaty be sign by @card@ nation in @card@ stipulate that it be in  the interest of all mankind that antarctica shall continue for ever to be use exclusively for peaceful purpose and shall not become the scene or object of international discord </lemm>
		<bigrams> 5380 5382 5091 5390 5397 5398 5403 5406 5416</bigrams>
	</sent>	<sent id="7">
		<raw>The treaty now has 44 signatories, of which 27 are full members controlling the decision-making process.</raw>
		<lemm>the treaty now have @card@ signatory  of which @card@ be full member control the decision-making process</lemm>
		<bigrams> 5419 5424 5425 5428</bigrams>
	</sent>	<sent id="8">
		<raw>A number of countries, including Argentina, Chile and Britain, claim territory in Antarctica as their own, but the treaty calls for sovereignty issues to be put aside, and they will not be discussed at the conference.</raw>
		<lemm>a number of country  include argentina  chile and britain  claim territory in antarctica as their own  but the treaty call for sovereignty issue to be put aside  and they will not be discuss at the conference</lemm>
		<bigrams> 5430 5431 5432 5435 5436 5442 5445 5447</bigrams>
	</sent>	<sent id="9">
		<raw>Last month, scientists again sounded an alarm bell on the effect of global warming on Antarctica, saying that more than 200 coastal glaciers are in retreat because of higher temperatures.</raw>
		<lemm>last month  scientist again sound an alarm bell on the effect of global warming on antarctica  say that more than @card@ coastal glacier be in retreat because of high temperature</lemm>
		<bigrams> 5452 5453 5458 129 847 5461 5462 5466</bigrams>
	</sent>	<sent id="10">
		<raw>Of the 244 marine glaciers that drain inland ice on the Antarctic peninsula, a region previously identified as vulnerable to global warming, 87 percent have fallen back over the last half century, according to research by British experts.</raw>
		<lemm>of the @card@ marine glacier that drain inland ice on the antarctic peninsula  a region previously identify as vulnerable to global warming  @card@ percent have fall back over the last half century  accord to research by british expert</lemm>
		<bigrams> 5467 5468 3417 295 144 5471 5472 129 5476 918 3425 5478 3398 5479 5482</bigrams>
	</sent>	<sent id="11">
		<raw>It is unclear whether the man-made "greenhouse effect", caused by the burning of fossil fuels, is entirely to blame, they said.</raw>
		<lemm>it be unclear whether the man-made  greenhouse effect   cause by the burning of fossil fuel  be entirely to blame  they say</lemm>
		<bigrams> 5484 5486 3434 5487 3499</bigrams>
	</sent>	<sent id="12">
		<raw>If even a small part of this cap melts, rising sea levels could drown low-lying island states, cities and deltas, they warned.</raw>
		<lemm>if even a small part of this cap melt  rise sea level could drown low-lying island state  city and delta  they warn</lemm>
		<bigrams> 5498 5500 5501 5502 414 5503 5504 5505 5506 5507 5508</bigrams>
	</sent></doc>