<?xml version="1.0" encoding="UTF_8"?>
<doc>	<sent id="0">
		<raw>Leaders of the Arctic region's indigenous people on Friday urged European countries to step up the fight against global warming, saying it is threatening their societies, economies and cultures.</raw>
		<lemm>leader of the arctic region s indigenous people on friday urge european country to step up the fight against global warming  say it be threaten their society  economy and culture</lemm>
		<bigrams> 4994 3766 4999 5000 5001 129 5008 5012</bigrams>
	</sent>	<sent id="1">
		<raw>The eight-nation Arctic Council said the annual average amount of sea ice around the North Pole has decreased about 8 percent in 30 years because of global warming fueled by greenhouse gas emissions.</raw>
		<lemm>the eight-nation arctic council say the annual average amount of sea ice around the north pole have decrease about @card@ percent in @card@ year because of global warming fuel by greenhouse gas emission</lemm>
		<bigrams> 5016 5017 5018 5019 5020 201 5021 5022 918 525 129 5029 2058 5032</bigrams>
	</sent>	<sent id="2">
		<raw>"There is some tough sledding ahead to make the rest of the cuts in greenhouse gases that will be needed," said Chief Gary Harrison, a council member, at a meeting in Copenhagen.</raw>
		<lemm> there be some tough sledding ahead to make the rest of the cut in greenhouse gas that will be need   say chief gary harrison  a council member  at a meeting in copenhagen</lemm>
		<bigrams> 5034 5035 2058 5044 5045 5046 5047 5050</bigrams>
	</sent>	<sent id="3">
		<raw>He urged European nations to lower emissions beyond what's required under the Kyoto Protocol on climate change.</raw>
		<lemm>he urge european nation to low emission beyond what be require under the kyoto protocol on climate change</lemm>
		<bigrams> 5000 5056 5059 5060 5065 431</bigrams>
	</sent>	<sent id="4">
		<raw>The protocol, which took effect in February, commits participating industrialized nations to reduce their combined greenhouse gas emissions by 5.2 percent below 1990 levels by 2012.</raw>
		<lemm>the protocol  which take effect in february  commit participate industrialized nation to reduce their combined greenhouse gas emission by @card@ percent below @card@ level by @card@</lemm>
		<bigrams> 5070 5073 5074 5075 5076 5080 2058 5032 918 5084</bigrams>
	</sent>	<sent id="5">
		<raw>The treaty has been ratified by at least 140 nations.</raw>
		<lemm>the treaty have be ratify by at least @card@ nation</lemm>
		<bigrams> 5090 5091</bigrams>
	</sent>	<sent id="6">
		<raw>The council believes temperatures in the Arctic will increase 3 degrees Celsius (5.4 degrees Fahrenheit) by 2080.</raw>
		<lemm>the council believe temperature in the arctic will increase @card@ degree celsius ( @card@ degree fahrenheit ) by @card@</lemm>
		<bigrams> 5093 5094 5097 3772 4220 4221 3241 3772 3773 4222</bigrams>
	</sent>	<sent id="7">
		<raw>"To some, that's just the difference between putting a jacket on and off," said Clive Tesar, of the council's Indigenous Peoples' Secretariat.</raw>
		<lemm> to some  that be just the difference between put a jacket on and off   say clive tesar  of the council s indigenous peoples  secretariat</lemm>
		<bigrams> 5111 5112 5115 5116</bigrams>
	</sent>	<sent id="8">
		<raw>"But 3 degrees is a major change for the ecosystem, for animals, for plants, for peoples that have adapted to a particular temperature."</raw>
		<lemm> but @card@ degree be a major change for the ecosystem  for animal  for plant  for people that have adapt to a particular temperature </lemm>
		<bigrams> 3772 4549 5129</bigrams>
	</sent>	<sent id="9">
		<raw>The softening permafrost has already driven some polar animals further north.</raw>
		<lemm>the softening permafrost have already drive some polar animal further north</lemm>
		<bigrams> 5131 5134 5137</bigrams>
	</sent>	<sent id="10">
		<raw>There are fears that polar bears and some seal species could face extinction in just decades because of global warming.</raw>
		<lemm>there be fear that polar bear and some seal species could face extinction in just decade because of global warming</lemm>
		<bigrams> 2181 5143 5144 5145 5146 129</bigrams>
	</sent>	<sent id="11">
		<raw>Global warming also has an impact on infrastructures that are built on permafrost.</raw>
		<lemm>global warming also have an impact on infrastructure that be build on permafrost</lemm>
		<bigrams> 129 3431</bigrams>
	</sent>	<sent id="12">
		<raw>"If it stays hard like concrete, that is not a problem, you can build anything you like on it," Tesar said.</raw>
		<lemm> if it stay hard like concrete  that be not a problem  you can build anything you like on it   tesar say</lemm>
		<bigrams> 5160 5161 5162 5167 5173</bigrams>
	</sent>	<sent id="13">
		<raw>"But it starts to melt (and) creates a little bit of a problem.</raw>
		<lemm> but it start to melt ( and ) create a little bit of a problem</lemm>
		<bigrams> 5177 5180 5182</bigrams>
	</sent>	<sent id="14">
		<raw>Houses start to lean, pipelines rupture and roads fall apart."</raw>
		<lemm>house start to lean  pipeline rupture and road fall apart </lemm>
		<bigrams> 5184 5186 5187 5190 5191</bigrams>
	</sent>	<sent id="15">
		<raw>The indigenous leaders were in Berlin earlier this week and will travel to Brussels, Belgium, on Sunday.</raw>
		<lemm>the indigenous leader be in berlin earlier this week and will travel to brussels  belgium  on sunday</lemm>
		<bigrams> 5193 5196 5203</bigrams>
	</sent>	<sent id="16">
		<raw>"We are asking each country in the world to examine if it is truly doing its part to slow climate change," said Larisa Abryutina of the Russian Association of Indigenous Peoples of the North, which is part of the Arctic Council.</raw>
		<lemm> we be ask each country in the world to examine if it be truly do its part to slow climate change   say larisa abryutina of the russian association of indigenous peoples of the north  which be part of the arctic council</lemm>
		<bigrams> 5218 431 5219 5220 5221 5224 5115 5017</bigrams>
	</sent>	<sent id="17">
		<raw>The United States, the only Arctic region country that has not adopted the Kyoto treaty, says the restrictions are flawed and could hurt its economy.</raw>
		<lemm>the united states  the only arctic region country that have not adopt the kyoto treaty  say the restriction be flaw and could hurt its economy</lemm>
		<bigrams> 1065 4994 5231 5235 5236 5241</bigrams>
	</sent>	<sent id="18">
		<raw>The Arctic region is home to about 4 million people, including more than 30 different indigenous groups.</raw>
		<lemm>the arctic region be home to about @card@ million people  include more than @card@ different indigenous group</lemm>
		<bigrams> 4994 2220 5247 5248 5250 5251 5252</bigrams>
	</sent>	<sent id="19">
		<raw>Created in 1996, the Arctic Council, which comprises Canada, Denmark, Finland, Iceland, Norway, Russia, Sweden and the United States, is a regional partnership for sustainable development.</raw>
		<lemm>create in @card@  the arctic council  which comprise canada  denmark  finland  iceland  norway  russia  sweden and the united states  be a regional partnership for sustainable development</lemm>
		<bigrams> 5017 5256 5257 5258 5259 5260 5261 5262 1065 5266 5269</bigrams>
	</sent></doc>