<?xml version="1.0" encoding="UTF_8"?>
<doc>	<sent id="0">
		<raw>An accelerating Arctic warming trend over the past quarter century has dramatically dried up more than a thousand large lakes in Siberia, probably because the permafrost beneath them has begun to thaw, according to a paper set to be published Friday in the journal Science.</raw>
		<lemm>an accelerating arctic warming trend over the past quarter century have dramatically dry up more than a thousand large lake in siberia  probably because the permafrost beneath them have begin to thaw  accord to a paper set to be publish friday in the journal science</lemm>
		<bigrams> 3501 3502 3503 3505 3506 3509 3513 3514 3516 3520 3524 3526 3528 883</bigrams>
	</sent>	<sent id="1">
		<raw>Comparing satellite images captured in the early 1970s to those from recent years, a team of American scientists determined that the number of large lakes in a vast, 200,000-square-mile region of Siberia diminished by about 11 percent, from 10,882 to 9,712.</raw>
		<lemm>compare satellite image capture in the early 1970s to those from recent year  a team of american scientist determine that the number of large lake in a vast  200 000-square-mile region of siberia diminish by about @card@ percent  from @card@ to @card@</lemm>
		<bigrams> 3530 3531 3532 3535 72 3542 3543 3514 3547 3548 3549 3551 918</bigrams>
	</sent>	<sent id="2">
		<raw>About 125 of the 1,170 shrunken lakes disappeared altogether, and most are now considerably smaller than the study's baseline of 40 hectares, or roughly 99 acres, the researchers found.</raw>
		<lemm>about @card@ of the @card@ shrunken lake disappear altogether  and most be now considerably small than the study s baseline of @card@ hectare  or roughly @card@ acre  the researcher find</lemm>
		<bigrams> 3555 3556 3557 3558 3563 3570 3573 3574 3576</bigrams>
	</sent>	<sent id="3">
		<raw>If Arctic temperatures continue to rise, the scientists warned, many of the lakes that are now ubiquitous in high northern latitudes could eventually disappear.</raw>
		<lemm>if arctic temperature continue to rise  the scientist warn  many of the lake that be now ubiquitous in high northern latitude could eventually disappear</lemm>
		<bigrams> 3578 3579 3583 3584 3589 3590 3591 3592 3593</bigrams>
	</sent>	<sent id="4">
		<raw>"An 11 percent decline may not sound like much, but in the time-scale in which landscapes naturally change, this is extraordinarily fast," said the paper's lead author, Laurence C. Smith, an associate geology professor at the University of California, Los Angeles.</raw>
		<lemm> an @card@ percent decline may not sound like much  but in the time-scale in which landscape naturally change  this be extraordinarily fast   say the paper s lead author  laurence c smith  an associate geology professor at the university of california  los angeles</lemm>
		<bigrams> 918 3595 3596 3599 3600 3607 3608 3611 3612 183 3615 3616 3617 3620 3621 3624 3625</bigrams>
	</sent>	<sent id="5">
		<raw>He conducted the research with UCLA colleague Glen M. MacDonald, Yongwei Sheng of the State University of New York, and Larry Hinzman of the University of Alaska, Fairbanks.</raw>
		<lemm>he conduct the research with ucla colleague glen m macdonald  yongwei sheng of the state university of new york  and larry hinzman of the university of alaska  fairbanks</lemm>
		<bigrams> 3630 3631 3634 3635 3637 3639 3642 3644</bigrams>
	</sent>	<sent id="6">
		<raw>While the researchers did not determine the cause of the losses, they found that the location of disappearing lakes in areas of Siberia where permafrost, formerly frozen as solid as concrete, is now known to be softening.</raw>
		<lemm>while the researcher do not determine the cause of the loss  they find that the location of disappear lake in area of siberia where permafrost  formerly freeze as solid as concrete  be now know to be soften</lemm>
		<bigrams> 3654 3658 3659</bigrams>
	</sent>	<sent id="7">
		<raw>They believe the lakes are receding because the water is seeping into the increasingly mushy ground, a finding that scientists already have confirmed in portions of Alaska where Arctic lakes are also drying up.</raw>
		<lemm>they believe the lake be recede because the water be seep into the increasingly mushy ground  a finding that scientist already have confirm in portion of alaska where arctic lake be also dry up</lemm>
		<bigrams> 3676 3677 3682 3690 3691</bigrams>
	</sent>	<sent id="8">
		<raw>By contrast, the scientists found that in Siberian areas where the ground below is still permanently frozen, the number of lakes actually increased by about 4 percent and total lake area grew by about 12 percent over the past three decades.</raw>
		<lemm>by contrast  the scientist find that in siberian area where the ground below be still permanently freeze  the number of lake actually increase by about @card@ percent and total lake area grow by about @card@ percent over the past three decade</lemm>
		<bigrams> 3694 3696 3700 3701 3704 3705 918 3708 3709 3710 918 3712 3713</bigrams>
	</sent>	<sent id="9">
		<raw>That is consistent with scientific predictions that in the short run, global warming would lead to more shallow ponds and lakes in thermokarst, or small pits and depressions caused by a thawing of turf at ground level.</raw>
		<lemm>that be consistent with scientific prediction that in the short run  global warming would lead to more shallow pond and lake in thermokarst  or small pit and depression cause by a thaw of turf at ground level</lemm>
		<bigrams> 3717 3720 3721 129 3722 3723 3726 3732 3735 3741</bigrams>
	</sent>	<sent id="10">
		<raw>Average Arctic temperatures have risen at nearly twice the rate of overall global temperatures in recent decades, according to the Arctic Climate Impact Assessment, a comprehensive evaluation of warming in the region conducted by eight nations and six organizations of indigenous people.</raw>
		<lemm>average arctic temperature have rise at nearly twice the rate of overall global temperature in recent decade  accord to the arctic climate impact assessment  a comprehensive evaluation of warming in the region conduct by eight nation and six organization of indigenous people</lemm>
		<bigrams> 3742 3578 3745 3748 3749 3750 3751 2085 2086 2087 3754 3757 3760 3763 3766</bigrams>
	</sent>	<sent id="11">
		<raw>In Alaska and western Canada, temperatures have increased by as much as 7 degrees Fahrenheit over the past 50 years, according to the assessment, which was concluded last year.</raw>
		<lemm>in alaska and western canada  temperature have increase by as much as @card@ degree fahrenheit over the past @card@ year  accord to the assessment  which be conclude last year</lemm>
		<bigrams> 3769 3770 3772 3773 3015 525 3224 3778 1867</bigrams>
	</sent>	<sent id="12">
		<raw>Although the regions experiencing the changes are not home to high numbers of humans, the loss of surface water is expected to affect freshwater supplies for native people in the Arctic.</raw>
		<lemm>although the region experience the change be not home to high number of human  the loss of surface water be expect to affect freshwater supply for native people in the arctic</lemm>
		<bigrams> 3780 3784 3787 3790 3791 3794</bigrams>
	</sent>	<sent id="13">
		<raw>It is also predicted to have more immediate and profound effects on Arctic ecosystems, notably the lake habitat many migratory birds rely upon, Smith said.</raw>
		<lemm>it be also predict to have more immediate and profound effect on arctic ecosystem  notably the lake habitat many migratory bird rely upon  smith say</lemm>
		<bigrams> 3795 3801 3803 3804 3806 3807 3808 3809 3810 3811 3812 3813</bigrams>
	</sent>	<sent id="14">
		<raw>"If you were to lose the Arctic lakes, that would be hugely important for waterfowl," MacDonald said.</raw>
		<lemm> if you be to lose the arctic lake  that would be hugely important for waterfowl   macdonald say</lemm>
		<bigrams> 3690 3819 3822 3823</bigrams>
	</sent>	<sent id="15">
		<raw>"If permafrost continues to melt, it could also affect everything from oil platforms to landing strips.</raw>
		<lemm> if permafrost continue to melt  it could also affect everything from oil platform to landing strip</lemm>
		<bigrams> 3825 3828 2179 3829 3832 3835</bigrams>
	</sent>	<sent id="16">
		<raw>In west Siberia, there is not much geology there aside from the permafrost and peatlands.</raw>
		<lemm>in west siberia  there be not much geology there aside from the permafrost and peatlands</lemm>
		<bigrams> 3836 3839</bigrams>
	</sent>	<sent id="17">
		<raw>If the permafrost goes away, the lakes are going to go away."</raw>
		<lemm>if the permafrost go away  the lake be go to go away </lemm>
		<bigrams> 3844 2712 2712</bigrams>
	</sent></doc>