<?xml version="1.0" encoding="UTF_8"?>
<doc>	<sent id="0">
		<raw>Mortgage giant Fannie Mae, gripped by an accounting scandal and under investigation by the Justice Department, disclosed Tuesday that prosecutors had asked the company to preserve documents as part of the criminal probe.</raw>
		<lemm>mortgage giant fannie mae  grip by an accounting scandal and under investigation by the justice department  disclose tuesday that prosecutor have ask the company to preserve document as part of the criminal probe</lemm>
		<bigrams> 1844 1431 0 2071 1763 143 2076 2077 1907 2084</bigrams>
	</sent>	<sent id="1">
		<raw>In a regulatory filing, the government-sponsored company also reported that it has been informed of eight lawsuits on behalf of shareholders that are being prepared or have been filed against it, chairman and chief executive Franklin Raines and chief financial officer Timothy Howard.</raw>
		<lemm>in a regulatory filing  the government-sponsored company also report that it have be inform of eight lawsuit on behalf of shareholder that be be prepare or have be file against it  chairman and chief executive franklin raines and chief financial officer timothy howard</lemm>
		<bigrams> 1859 2087 198 2088 2093 481 482 1459 487 488 1945 491</bigrams>
	</sent>	<sent id="2">
		<raw>Several such suits have been announced since since Sept. 22, when accounting questions at the company came to light amid news of a Securities and Exchange Commission inquiry into accounting at Fannie Mae, which finances one of every five home loans in the United States.</raw>
		<lemm>several such suit have be announce since since sept @card@  when accounting question at the company come to light amid news of a securities and exchange commission inquiry into accounting at fannie mae  which finance one of every five home loan in the united states</lemm>
		<bigrams> 2108 2109 2110 89 2112 2114 2117 2118 40 2121 0 2126 2128 2129 1999 1976</bigrams>
	</sent>	<sent id="3">
		<raw>Fannie Mae said in its filing with the SEC that the U. S. attorney's office in Washington, which is pursuing the criminal investigation, had asked it to preserve certain documents, including papers related to a report by the Office of Federal Housing Enterprise Oversight which alleged earnings manipulation to meet Wall Street expectations and accounting improprieties by the company.</raw>
		<lemm>fannie mae say in its filing with the sec that the u s attorney s office in washington  which be pursue the criminal investigation  have ask it to preserve certain document  include paper relate to a report by the office of federal housing enterprise oversight which allege earnings manipulation to meet wall street expectation and accounting impropriety by the company</lemm>
		<bigrams> 0 2131 1910 2142 2143 2144 2145 2146 160 161 162 2150 2151 1918 1919 2153 2156</bigrams>
	</sent>	<sent id="4">
		<raw>Raines and Howard, testifying at a House hearing last week, insisted that Fannie Mae did nothing wrong in its accounting and insisted that the regulators' allegations represent an arguable interpretation of complex rules.</raw>
		<lemm>raines and howard  testify at a house hearing last week  insist that fannie mae do nothing wrong in its accounting and insist that the regulator  allegation represent an arguable interpretation of complex rule</lemm>
		<bigrams> 2158 2161 2162 1901 2163 0 1948 1422 1952 1955 1956</bigrams>
	</sent>	<sent id="5">
		<raw>They specifically denied the allegation that, in an instance in 1998, accounting rules were deliberately violated so that top executives collect full bonuses.</raw>
		<lemm>they specifically deny the allegation that  in an instance in @card@  accounting rule be deliberately violate so that top executive collect full bonus</lemm>
		<bigrams> 1958 1836 8 1965 208 2164 1841 1842</bigrams>
	</sent>	<sent id="6">
		<raw>Washington-based Fannie Mae is the second-largest financial institution in the United States behind Citigroup Inc.</raw>
		<lemm>washington-based fannie mae be the second-largest financial institution in the united states behind citigroup inc </lemm>
		<bigrams> 1971 0 1973 526 1976 1977 1978 1979</bigrams>
	</sent>	<sent id="7">
		<raw>It and its smaller sibling Freddie Mac pump money into the home mortgage market by buying and guaranteeing repayment of billions of dollars of home loans each year from banks and other lenders, then bundling them into securities that are resold to investors.</raw>
		<lemm>it and its small sibling freddie mac pump money into the home mortgage market by buy and guarantee repayment of billion of dollar of home loan each year from bank and other lender  then bundle them into security that be resell to investor</lemm>
		<bigrams> 1983 1984 564 1985 1986 515 1990 1994 1999</bigrams>
	</sent>	<sent id="8">
		<raw>Their stock and debt are widely held by investors worldwide.</raw>
		<lemm>their stock and debt be widely hold by investor worldwide</lemm>
		<bigrams> 2016 2019</bigrams>
	</sent>	<sent id="9">
		<raw>Last year, Freddie Mac restated some $4.5 billion (euro3.65 billion) in earnings, ousted top executives and was fined a record $125 million (euro101.5 million) in a settlement with the federal regulators.</raw>
		<lemm>last year  freddie mac restate some $4 5 billion ( euro3 65 billion ) in earnings  oust top executive and be fine a record $125 million ( euro101 5 million ) in a settlement with the federal regulator</lemm>
		<bigrams> 133 2020 564 2021 263 259 2165 2166 2167 2168 2169 2025 2026 208 2032 2033 2171 2172 2173 976 2174 1870</bigrams>
	</sent>	<sent id="10">
		<raw>Its restatement of earnings, which mostly had been understated, prompted the regulators to examine Fannie Mae's accounting.</raw>
		<lemm>its restatement of earnings  which mostly have be understate  prompt the regulator to examine fannie mae s accounting</lemm>
		<bigrams> 2043 2046 0</bigrams>
	</sent></doc>