<?xml version="1.0" encoding="UTF_8"?>
<doc>	<sent id="0">
		<raw>In their first public response to regulators' allegations that the company manipulated its books, executives of mortgage funding giant Fannie Mae plan to defend its accounting and say the actions regulators have criticized involve interpretations of complicated rules.</raw>
		<lemm>in their first public response to regulator  allegation that the company manipulate its book  executive of mortgage funding giant fannie mae plan to defend its accounting and say the action regulator have criticize involve interpretation of complicated rule</lemm>
		<bigrams> 1419 1420 1422 1424 1427 57 1430 1431 0 1432 1436 1438 1439 1442</bigrams>
	</sent>	<sent id="1">
		<raw>"These accounting standards are highly complex and require determinations over which experts often disagree," Fannie Mae chairman and chief executive Franklin Raines says in written testimony prepared for delivery at a congressional hearing Wednesday and made available to The Washington Post.</raw>
		<lemm> these accounting standard be highly complex and require determination over which expert often disagree   fannie mae chairman and chief executive franklin raines say in written testimony prepare for delivery at a congressional hearing wednesday and make available to the washington post</lemm>
		<bigrams> 1444 1447 1450 1454 1455 1456 0 1457 481 482 1459 1460 1463 1464 1470 1471 1474 1477</bigrams>
	</sent>	<sent id="2">
		<raw>Some of the regulators' findings "involve highly detailed issues that I would not normally focus on in my role as CEO," Raines says.</raw>
		<lemm>some of the regulator  finding  involve highly detailed issue that i would not normally focus on in my role as ceo   raines say</lemm>
		<bigrams> 1479 1480 1481 1482 1483 1489 1496 1460</bigrams>
	</sent>	<sent id="3">
		<raw>Raines says the company strongly disagrees with the allegation that it willfully violated accounting rules to maximize executive bonuses in 1998, according to the testimony.</raw>
		<lemm>raines say the company strongly disagree with the allegation that it willfully violate accounting rule to maximize executive bonus in @card@  accord to the testimony</lemm>
		<bigrams> 1460 1497 1498 1502 1189 8 1505 1506 1508</bigrams>
	</sent>	<sent id="4">
		<raw>"What we want to demonstrate is that we intended to do the right thing and we took care to do the right thing," Raines says.</raw>
		<lemm> what we want to demonstrate be that we intend to do the right thing and we take care to do the right thing   raines say</lemm>
		<bigrams> 1522 1526 1522 1528 1460</bigrams>
	</sent>	<sent id="5">
		<raw>Some of the accounting involved inherently imprecise estimates of the way consumers would respond to changes in interest rates, Raines says.</raw>
		<lemm>some of the accounting involve inherently imprecise estimate of the way consumer would respond to change in interest rate  raines say</lemm>
		<bigrams> 1529 1530 1531 1532 1535 1536 1537 247 1540 1460</bigrams>
	</sent>	<sent id="6">
		<raw>"Given these imprecisions, Fannie Mae decided to use a range of possible outcomes."</raw>
		<lemm> give these imprecision  fannie mae decide to use a range of possible outcome </lemm>
		<bigrams> 1543 0 1544 1551</bigrams>
	</sent>	<sent id="7">
		<raw>In a report last month, regulators said Fannie manipulated its accounting to present a stable pattern of earnings and tolerated weak internal controls to obscure manipulations.</raw>
		<lemm>in a report last month  regulator say fannie manipulate its accounting to present a stable pattern of earnings and tolerate weak internal control to obscure manipulation</lemm>
		<bigrams> 1552 195 1553 1554 1555 1556 1561 1565 1566 1567 1570</bigrams>
	</sent>	<sent id="8">
		<raw>In 1998, regulators alleged, Fannie improperly delayed booking $200 million of expenses, enabling Raines and other top executives to receive their maximum bonuses, a total of $27.1 million.</raw>
		<lemm>in @card@  regulator allege  fannie improperly delay book $200 million of expense  enable raines and other top executive to receive their maximum bonus  a total of $27 1 million</lemm>
		<bigrams> 1571 1572 1573 1574 200 1575 1576 203 206 1577 208 213 1583 1584</bigrams>
	</sent>	<sent id="9">
		<raw>As a matter of policy, Fannie allowed itself considerable discretion to postpone some of its income or expenses each fiscal quarter, the regulators said.</raw>
		<lemm>as a matter of policy  fannie allow itself considerable discretion to postpone some of its income or expense each fiscal quarter  the regulator say</lemm>
		<bigrams> 1588 1589 1592 1600 1554</bigrams>
	</sent>	<sent id="10">
		<raw>The Office of Federal Housing Enterprise Oversight, Fannie's primary regulator, blamed Fannie's corporate culture and questioned the ability of Fannie's management to correct the problems.</raw>
		<lemm>the office of federal housing enterprise oversight  fannie s primary regulator  blame fannie s corporate culture and question the ability of fannie s management to correct the problem</lemm>
		<bigrams> 160 161 162 1602 1604 1605 1606 1608</bigrams>
	</sent>	<sent id="11">
		<raw>The agency accused Chief Financial Officer J. Timothy Howard of providing inadequate oversight and wearing multiple hats that contributed to a breakdown of checks and balances.</raw>
		<lemm>the agency accuse chief financial officer j timothy howard of provide inadequate oversight and wear multiple hat that contribute to a breakdown of check and balance</lemm>
		<bigrams> 1616 1617 487 488 489 490 491 1620 1621 1624 1625</bigrams>
	</sent>	<sent id="12">
		<raw>Along with presiding director Ann McLaughlin Korologos and OFHEO Director Armando Falcon Jr., Raines and Howard are scheduled to testify Wednesday before the House capital markets subcommittee.</raw>
		<lemm>along with preside director ann mclaughlin korologos and ofheo director armando falcon jr  raines and howard be schedule to testify wednesday before the house capital market subcommittee</lemm>
		<bigrams> 1637 1638 1639 1640 187 188 189 190 1642 1647 1649 1650 1651</bigrams>
	</sent>	<sent id="13">
		<raw>In prepared testimony, Howard says he believed Fannie's accounting was within the rules.</raw>
		<lemm>in prepared testimony  howard say he believe fannie s accounting be within the rule</lemm>
		<bigrams> 1653 1654 1655 1657</bigrams>
	</sent>	<sent id="14">
		<raw>"All of my judgments regarding accounting issues were made in openness and good faith, with the goal of providing investors with the most meaningful and understandable information possible," Howard says.</raw>
		<lemm> all of my judgment regard accounting issue be make in openness and good faith  with the goal of provide investor with the most meaningful and understandable information possible   howard say</lemm>
		<bigrams> 1663 1664 1665 1671 1675 1680 1681 1682 1655</bigrams>
	</sent>	<sent id="15">
		<raw>Raines' testimony says Fannie's auditor, KPMG LLP, concurred with Fannie's accounting and has not withdrawn its support.</raw>
		<lemm>raines  testimony say fannie s auditor  kpmg llp  concur with fannie s accounting and have not withdraw its support</lemm>
		<bigrams> 1683 1684 1555 409 410 411</bigrams>
	</sent>	<sent id="16">
		<raw>He says that before he certified the financial statements, they were reviewed by dozens of people inside the company.</raw>
		<lemm>he say that before he certify the financial statement  they be review by dozen of people inside the company</lemm>
		<bigrams> 109 1701</bigrams>
	</sent>	<sent id="17">
		<raw>Fannie faces investigations by the Justice Department and the Securities and Exchange Commission and litigation by shareholders.</raw>
		<lemm>fannie face investigation by the justice department and the securities and exchange commission and litigation by shareholder</lemm>
		<bigrams> 1703 1704 143 40</bigrams>
	</sent>	<sent id="18">
		<raw>In an agreement with OFHEO, it committed to change its accounting methods going forward.</raw>
		<lemm>in an agreement with ofheo  it commit to change its accounting method go forward</lemm>
		<bigrams> 375 1715 1716</bigrams>
	</sent>	<sent id="19">
		<raw>Whether it must also correct its past financial statements will be determined by the SEC.</raw>
		<lemm>whether it must also correct its past financial statement will be determine by the sec</lemm>
		<bigrams> 1718 1719 479 109</bigrams>
	</sent>	<sent id="20">
		<raw>For Raines and Howard, the stakes go beyond keeping their jobs.</raw>
		<lemm>for raines and howard  the stake go beyond keep their job</lemm>
		<bigrams> 1726 1727 1728</bigrams>
	</sent>	<sent id="21">
		<raw>Executives can face fines and prison for knowingly or willfully certifying false financial statements, and they can be compelled to give back incentive pay and gains from stock sales if past financial statements require correction.</raw>
		<lemm>executive can face fine and prison for knowingly or willfully certify false financial statement  and they can be compel to give back incentive pay and gain from stock sale if past financial statement require correction</lemm>
		<bigrams> 1733 1740 1741 1742 109 1748 1749 928 1754 479 109 1757 1758</bigrams>
	</sent>	<sent id="22">
		<raw>In 2002, against the backdrop of the accounting scandal at Enron Corp., Raines appeared before the committee as a spokesman for the cause of good corporate governance.</raw>
		<lemm>in @card@  against the backdrop of the accounting scandal at enron corp  raines appear before the committee as a spokesman for the cause of good corporate governance</lemm>
		<bigrams> 1763 1764 1765 1766 1775 1366</bigrams>
	</sent>	<sent id="23">
		<raw>"It is wholly irresponsible and unacceptable for corporate leaders to say they did not know or suggest it was not their duty to know about the operations and activities of their company," Raines testified on behalf of the Business Roundtable, a group of chief executives of large corporations.</raw>
		<lemm> it be wholly irresponsible and unacceptable for corporate leader to say they do not know or suggest it be not their duty to know about the operation and activity of their company   raines testify on behalf of the business roundtable  a group of chief executive of large corporation</lemm>
		<bigrams> 1777 1782 1802 1803 1808 481 1814</bigrams>
	</sent>	<sent id="24">
		<raw>In prepared testimony, Falcon tells a different story: "Fannie understood the rules and simply chose not to follow them."</raw>
		<lemm>in prepared testimony  falcon tell a different story   fannie understand the rule and simply choose not to follow them </lemm>
		<bigrams> 1653 1815 1816 1819 1820 1821 1825</bigrams>
	</sent>	<sent id="25">
		<raw>Falcon also says that auditor KPMG disagreed with Fannie Mae on the 1998 accounting that enabled executives to collect full bonuses instead of none.</raw>
		<lemm>falcon also say that auditor kpmg disagree with fannie mae on the @card@ accounting that enable executive to collect full bonus instead of none</lemm>
		<bigrams> 1830 1831 409 1833 0 1836 1839 1841 1842 214</bigrams>
	</sent></doc>