<?xml version="1.0" encoding="UTF_8"?>
<doc>	<sent id="0">
		<raw>Fannie Mae, accused by regulators of deliberately flouting accounting rules, said Monday that it could not meet a deadline for a quarterly financial report and may be required to record $9 billion of previously unreported losses if the Securities and Exchange Commission determines that its accounting was wrong.</raw>
		<lemm>fannie mae  accuse by regulator of deliberately flout accounting rule  say monday that it could not meet a deadline for a quarterly financial report and may be require to record $9 billion of previously unreported loss if the securities and exchange commission determine that its accounting be wrong</lemm>
		<bigrams> 0 1 6 7 8 9 10 21 22 29 30 33 34 40 41</bigrams>
	</sent>	<sent id="1">
		<raw>Such a correction would erase nearly 38 percent of the mortgage funding company's reported income since Jan. 1, 2001, when the key rule took effect.</raw>
		<lemm>such a correction would erase nearly @card@ percent of the mortgage funding company s report income since jan @card@  @card@  when the key rule take effect</lemm>
		<bigrams> 49 50 51 52 53 57 58 61 62 63 64 65 69 70 71</bigrams>
	</sent>	<sent id="2">
		<raw>The company faced a deadline late Monday to file a report with the SEC for the quarter ended Sept. 30 but said it was unable to do so because its auditor could not complete the required review of its financial statements.</raw>
		<lemm>the company face a deadline late monday to file a report with the sec for the quarter end sept @card@ but say it be unable to do so because its auditor could not complete the require review of its financial statement</lemm>
		<bigrams> 73 75 76 87 88 89 101 105 109</bigrams>
	</sent>	<sent id="3">
		<raw>In a news release, Fannie said its income for the third quarter fell $251 million, or 9 percent, to $2.4 billion from the third quarter of last year.</raw>
		<lemm>in a news release  fannie say its income for the third quarter fall $251 million  or @card@ percent  to $2 4 billion from the third quarter of last year</lemm>
		<bigrams> 112 113 114 119 120 121 122 53 127 128 119 133</bigrams>
	</sent>	<sent id="4">
		<raw>Fannie Mae's accounting has been under investigation by the Justice Department and the SEC, and it has become the subject of investor lawsuits.</raw>
		<lemm>fannie mae s accounting have be under investigation by the justice department and the sec  and it have become the subject of investor lawsuit</lemm>
		<bigrams> 0 143 154</bigrams>
	</sent>	<sent id="5">
		<raw>Regulators at the Office of Federal Housing Enterprise Oversight reported in September that they found pervasive accounting violations at Fannie.</raw>
		<lemm>regulator at the office of federal housing enterprise oversight report in september that they find pervasive accounting violation at fannie</lemm>
		<bigrams> 160 161 162 163 169 170 171</bigrams>
	</sent>	<sent id="6">
		<raw>The company was driven by a desire to make its earnings growth appear consistent, OFHEO Director Armando Falcon Jr. testified before Congress last month.</raw>
		<lemm>the company be drive by a desire to make its earnings growth appear consistent  ofheo director armando falcon jr testify before congress last month</lemm>
		<bigrams> 183 184 185 186 187 188 189 190 191 194 195</bigrams>
	</sent>	<sent id="7">
		<raw>In 1998, the company also improperly delayed booking $200 million of expenses, enabling top executives to receive their maximum bonuses instead of no bonuses, the agency alleged.</raw>
		<lemm>in @card@  the company also improperly delay booking $200 million of expense  enable top executive to receive their maximum bonus instead of no bonus  the agency allege</lemm>
		<bigrams> 198 199 200 201 202 203 206 207 208 213 214 220</bigrams>
	</sent>	<sent id="8">
		<raw>OFHEO accused Fannie of violating two accounting rules.</raw>
		<lemm>ofheo accuse fannie of violate two accounting rule</lemm>
		<bigrams> 221 222 225 226 8</bigrams>
	</sent>	<sent id="9">
		<raw>One, known as FAS 133, governs the treatment of complex financial instruments known as derivatives used to hedge against changes in interest rates.</raw>
		<lemm>one  know as fas @card@  govern the treatment of complex financial instrument know as derivative use to hedge against change in interest rate</lemm>
		<bigrams> 227 230 231 236 237 238 240 247</bigrams>
	</sent>	<sent id="10">
		<raw>Fannie said Monday that if its hedge accounting is invalidated, it could be required to retroactively report $13.5 billion of losses and $4.5 billion of gains, netting a $9 billion decrease in earnings since the beginning of 2001.</raw>
		<lemm>fannie say monday that if its hedge accounting be invalidate  it could be require to retroactively report $13 5 billion of loss and $4 5 billion of gain  net a $9 billion decrease in earnings since the beginning of @card@</lemm>
		<bigrams> 114 10 251 256 257 258 259 263 259 265 30 268 271</bigrams>
	</sent>	<sent id="11">
		<raw>There would be a corresponding $9 billion decrease in Fannie's regulatory capital, the cushion it is required to maintain against a potential financial downturn.</raw>
		<lemm>there would be a corresponding $9 billion decrease in fannie s regulatory capital  the cushion it be require to maintain against a potential financial downturn</lemm>
		<bigrams> 280 30 268 284 292 293</bigrams>
	</sent>	<sent id="12">
		<raw>As of June 30, the minimum was $31.2 billion and Fannie had $36.1 billion.</raw>
		<lemm>as of june @card@  the minimum be $31 2 billion and fannie have $36 1 billion</lemm>
		<bigrams> 296 300 301 306 307</bigrams>
	</sent>	<sent id="13">
		<raw>The company estimated the net cumulative loss if its accounting is wrong on the other rule, known as FAS 91, would be $26 million.</raw>
		<lemm>the company estimate the net cumulative loss if its accounting be wrong on the other rule  know as fas @card@  would be $26 million</lemm>
		<bigrams> 308 311 312 317 230 318 320</bigrams>
	</sent>	<sent id="14">
		<raw>In addition to the problems regulators cited on that rule, Fannie said Monday that it found a mistake in some of its accounting related to FAS 91.</raw>
		<lemm>in addition to the problem regulator cite on that rule  fannie say monday that it find a mistake in some of its accounting relate to fas @card@</lemm>
		<bigrams> 325 326 330 114 10 337 230</bigrams>
	</sent>	<sent id="15">
		<raw>The net effect of correcting that mistake will be to increase earnings for 2001 and 2002 and decrease them for 2003.</raw>
		<lemm>the net effect of correct that mistake will be to increase earnings for @card@ and @card@ and decrease them for @card@</lemm>
		<bigrams> 340 349</bigrams>
	</sent>	<sent id="16">
		<raw>The impact on 2003 will be insignificant and the overall effect of correcting the problem Fannie discovered will be a wash, Fannie said.</raw>
		<lemm>the impact on @card@ will be insignificant and the overall effect of correct the problem fannie discover will be a wash  fannie say</lemm>
		<bigrams> 364 366 367 370 114</bigrams>
	</sent>	<sent id="17">
		<raw>Fannie continues to assert that its accounting methods "are consistent with generally accepted accounting principles."</raw>
		<lemm>fannie continue to assert that its accounting method  be consistent with generally accept accounting principle </lemm>
		<bigrams> 371 375 380 381 382</bigrams>
	</sent>	<sent id="18">
		<raw>The company has long argued that FAS 133 produces a distorted picture of its earnings because the rule forces it to include unrealized gains and losses on its income statement.</raw>
		<lemm>the company have long argue that fas @card@ produce a distorted picture of its earnings because the rule force it to include unrealized gain and loss on its income statement</lemm>
		<bigrams> 385 230 388 391 396 400 401 406</bigrams>
	</sent>	<sent id="19">
		<raw>Fannie said its outside auditor, KPMG LLP, concurred with the interpretations it presented in recent letters to the SEC defending its accounting.</raw>
		<lemm>fannie say its outside auditor  kpmg llp  concur with the interpretation it present in recent letter to the sec defend its accounting</lemm>
		<bigrams> 114 408 409 410 411 418 420</bigrams>
	</sent>	<sent id="20">
		<raw>But Fannie also hinted that it may take time for KMPG to sign off on its financial statements again.</raw>
		<lemm>but fannie also hint that it may take time for kmpg to sign off on its financial statement again</lemm>
		<bigrams> 423 424 427 428 109</bigrams>
	</sent>	<sent id="21">
		<raw>The auditor's review "is subject to resolution of" the questions pending before the SEC and a separate review of OFHEO's findings being conducted by an outside law firm for Fannie's board of directors.</raw>
		<lemm>the auditor s review  be subject to resolution of  the question pend before the sec and a separate review of ofheo s finding be conduct by an outside law firm for fannie s board of director</lemm>
		<bigrams> 445 450 459 460</bigrams>
	</sent>	<sent id="22">
		<raw>The SEC resolution could be months away, SEC spokesman John Nester said.</raw>
		<lemm>the sec resolution could be month away  sec spokesman john nester say</lemm>
		<bigrams> 466 467 469 470 471 472 473 474</bigrams>
	</sent>	<sent id="23">
		<raw>If Fannie is required to correct past financial statements, chief executive Franklin D. Raines and chief financial officer J. Timothy Howard could be required to give up past bonuses and stock gains linked to the improper accounting.</raw>
		<lemm>if fannie be require to correct past financial statement  chief executive franklin d raines and chief financial officer j timothy howard could be require to give up past bonus and stock gain link to the improper accounting</lemm>
		<bigrams> 478 479 109 480 481 482 487 488 489 490 491 492 496 499 500 503</bigrams>
	</sent>	<sent id="24">
		<raw>Chartered by the government to provide a steady flow of funds for home mortgages, Fannie Mae is one of the nation's largest and most complex financial institutions, with a stock market value of about $68 billion and debts of $956.6 billion.</raw>
		<lemm>charter by the government to provide a steady flow of fund for home mortgage  fannie mae be one of the nation s large and most complex financial institution  with a stock market value of about $68 billion and debt of $956 6 billion</lemm>
		<bigrams> 510 515 516 0 236 526 530 531 535 539 540</bigrams>
	</sent>	<sent id="25">
		<raw>Missing the filing deadline does not necessarily trigger any regulatory response.</raw>
		<lemm>miss the filing deadline do not necessarily trigger any regulatory response</lemm>
		<bigrams> 543 547 550</bigrams>
	</sent>	<sent id="26">
		<raw>The SEC evaluates such situations on a case-by-case basis, spokesman Nester said.</raw>
		<lemm>the sec evaluate such situation on a case-by-case basis  spokesman nester say</lemm>
		<bigrams> 551 557 558 559 474</bigrams>
	</sent>	<sent id="27">
		<raw>Fannie's smaller mortgage funding rival, Freddie Mac, announced in January 2003 that it expected it would need to correct accounting from prior years.</raw>
		<lemm>fannie s small mortgage funding rival  freddie mac  announce in january @card@ that it expect it would need to correct accounting from prior year</lemm>
		<bigrams> 561 57 562 563 564 565 568 573 575 578</bigrams>
	</sent>	<sent id="28">
		<raw>The company, which has hired an army of consultants to help upgrade its accounting systems and has spent more than $370 million on accounting and legal expenses, has not resumed issuing quarterly financial statements on a timely basis and says it does not plan to do so until next year.</raw>
		<lemm>the company  which have hire an army of consultant to help upgrade its accounting system and have spend more than $370 million on accounting and legal expense  have not resume issue quarterly financial statement on a timely basis and say it do not plan to do so until next year</lemm>
		<bigrams> 588 590 597 602 606 607 21 109 610 618</bigrams>
	</sent>	<sent id="29">
		<raw>Fannie released its statement after the market closed.</raw>
		<lemm>fannie release its statement after the market close</lemm>
		<bigrams> 619 625</bigrams>
	</sent>	<sent id="30">
		<raw>Its stock closed at $70.20, down 21 cents.</raw>
		<lemm>its stock close at $70 20  down @card@ cent</lemm>
		<bigrams> 627 630 633</bigrams>
	</sent></doc>