<?xml version="1.0" encoding="UTF_8"?>
<doc>	<sent id="0">
		<raw>Fannie Mae, the housing-finance giant, for years has fended off critics who contend that the company is too big, too powerful and too risky.</raw>
		<lemm>fannie mae  the housing-finance giant  for year have fend off critic who contend that the company be too big  too powerful and too risky</lemm>
		<bigrams> 0 636</bigrams>
	</sent>	<sent id="1">
		<raw>But the Securities and Exchange Commission's Wednesday ruling, that Fannie Mae had seriously breached accounting rules, could touch off a chain reaction that results in stricter government controls, legislation limiting its growth, and possibly even a change in top management.</raw>
		<lemm>but the securities and exchange commission s wednesday ruling  that fannie mae have seriously breach accounting rule  could touch off a chain reaction that result in strict government control  legislation limit its growth  and possibly even a change in top management</lemm>
		<bigrams> 40 657 0 662 663 8 664 665 669 674 675 676 677 682 686</bigrams>
	</sent>	<sent id="2">
		<raw>Democratic and Republican lawmakers alike on Thursday demanded that senior executives, including the chief executive, Franklin D. Raines, return tens of millions of dollars in bonuses and other compensation that they had earned based on inaccurate financial statements that the company issued from 2001 until this year.</raw>
		<lemm>democratic and republican lawmaker alike on thursday demand that senior executive  include the chief executive  franklin d raines  return ten of million of dollar in bonus and other compensation that they have earn base on inaccurate financial statement that the company issue from @card@ until this year</lemm>
		<bigrams> 689 690 693 696 697 481 482 700 701 712 715 109 717</bigrams>
	</sent>	<sent id="3">
		<raw>Fannie Mae's board also met on Thursday to be briefed on the SEC's order that it restate earnings and declare losses of as much as $9 billion as a result of the accounting violations.</raw>
		<lemm>fannie mae s board also meet on thursday to be brief on the sec s order that it restate earnings and declare loss of as much as $9 billion as a result of the accounting violation</lemm>
		<bigrams> 0 723 724 734 737 30 171</bigrams>
	</sent>	<sent id="4">
		<raw>On Capitol Hill, lawmakers vowed to swiftly overhaul the oversight of the federally chartered company.</raw>
		<lemm>on capitol hill  lawmaker vow to swiftly overhaul the oversight of the federally chartered company</lemm>
		<bigrams> 749 750 751 754 759 760</bigrams>
	</sent>	<sent id="5">
		<raw>The board members concluded their unscheduled meeting early Thursday evening without deciding whether to keep or remove Raines after the announcement by the SEC's top accountant that the company had violated two rules.</raw>
		<lemm>the board member conclude their unscheduled meeting early thursday evening without decide whether to keep or remove raines after the announcement by the sec s top accountant that the company have violate two rule</lemm>
		<bigrams> 762 763 766 767 768 769 770 771 772 777 782 225 785</bigrams>
	</sent>	<sent id="6">
		<raw>That decision will now force the company to restate its earnings and take steps to significantly raise its capital level.</raw>
		<lemm>that decision will now force the company to restate its earnings and take step to significantly raise its capital level</lemm>
		<bigrams> 795 798 801</bigrams>
	</sent>	<sent id="7">
		<raw>Three board members, joined by Raines and other regulators, had attended a briefing at the commission by its chief accountant on Wednesday shortly before he announced his decision, people at the meeting said.</raw>
		<lemm>three board member  join by raines and other regulator  have attend a briefing at the commission by its chief accountant on wednesday shortly before he announce his decision  people at the meeting say</lemm>
		<bigrams> 802 762 803 816 819 825 828</bigrams>
	</sent>	<sent id="8">
		<raw>But people involved in the inquiry said that board members know that they cannot let the uncertainty hanging over Raines linger, both for the sake of the company and the markets, and predicted that a decision would be made soon.</raw>
		<lemm>but people involve in the inquiry say that board member know that they can let the uncertainty hang over raines linger  both for the sake of the company and the market  and predict that a decision would be make soon</lemm>
		<bigrams> 830 834 762 837 843 846 857 859</bigrams>
	</sent>	<sent id="9">
		<raw>Fannie Mae, which for years has been one of the most formidable political forces in Washington, maintained a low public profile.</raw>
		<lemm>fannie mae  which for year have be one of the most formidable political force in washington  maintain a low public profile</lemm>
		<bigrams> 0 864 865 868 871 872</bigrams>
	</sent>	<sent id="10">
		<raw>The company declined to comment further about the findings of the SEC staff or the remarks of lawmakers.</raw>
		<lemm>the company decline to comment further about the finding of the sec staff or the remark of lawmaker</lemm>
		<bigrams> 873 881</bigrams>
	</sent>	<sent id="11">
		<raw>Nor did it issue any statement in support of its senior management.</raw>
		<lemm>nor do it issue any statement in support of its senior management</lemm>
		<bigrams> 896</bigrams>
	</sent>	<sent id="12">
		<raw>In response to the findings of the commission, Democrats and Republicans called on Raines and other executives to return their bonuses.</raw>
		<lemm>in response to the finding of the commission  democrats and republicans call on raines and other executive to return their bonus</lemm>
		<bigrams> 899 902</bigrams>
	</sent>	<sent id="13">
		<raw>Over the last three years, Raines has made $14 million in salary and bonus and has taken home $25.6 million in incentive pay.</raw>
		<lemm>over the last three year  raines have make $14 million in salary and bonus and have take home $25 6 million in incentive pay</lemm>
		<bigrams> 911 912 913 916 917 923 924 925 926 928</bigrams>
	</sent>	<sent id="14">
		<raw>As of the end of last year, he held options on 1.9 million shares of Fannie Mae stock, valued at almost $12 million.</raw>
		<lemm>as of the end of last year  he hold option on @card@ million share of fannie mae stock  value at almost $12 million</lemm>
		<bigrams> 133 933 935 936 0 939 940 943 944</bigrams>
	</sent>	<sent id="15">
		<raw>Fannie Mae also paid almost $200,000 for Raines' use of company transportation in 2003.</raw>
		<lemm>fannie mae also pay almost $200 000 for raines  use of company transportation in @card@</lemm>
		<bigrams> 0 945 946 947 948 949 952 955</bigrams>
	</sent>	<sent id="16">
		<raw>Timothy Howard, the company's chief financial officer, made $4.3 million in salary and bonus over the last three years and received $7.4 million in incentive pay.</raw>
		<lemm>timothy howard  the company s chief financial officer  make $4 3 million in salary and bonus over the last three year and receive $7 4 million in incentive pay</lemm>
		<bigrams> 491 487 488 959 960 961 962 911 912 966 967 968 928</bigrams>
	</sent>	<sent id="17">
		<raw>At the end of last year, Howard held options on 607,699 shares with a value of $11.5 million.</raw>
		<lemm>at the end of last year  howard hold option on @card@ share with a value of $11 5 million</lemm>
		<bigrams> 133 969 970 933 971 975 976</bigrams>
	</sent>	<sent id="18">
		<raw>Fannie Mae's stock has fallen a bit since the end of 2003 when it was $75.06.</raw>
		<lemm>fannie mae s stock have fall a bit since the end of @card@ when it be $75 06</lemm>
		<bigrams> 0 982 985</bigrams>
	</sent>	<sent id="19">
		<raw>Thursday the shares closed at $69.30, down $1.39.</raw>
		<lemm>thursday the share close at $69 30  down $1 39</lemm>
		<bigrams> 988 990 993</bigrams>
	</sent>	<sent id="20">
		<raw>It is impossible to determine how many of the executives' options are exercisable at current prices.</raw>
		<lemm>it be impossible to determine how many of the executive  option be exercisable at current price</lemm>
		<bigrams> 1001 1006</bigrams>
	</sent>	<sent id="21">
		<raw>Securities lawyers said that it was murky whether a little-used provision of the landmark corporate law that Congress adopted after the scandals at Enron and other companies could force Raines and Howard to forfeit the bonuses and incentive pay they had received.</raw>
		<lemm>security lawyer say that it be murky whether a little-used provision of the landmark corporate law that congress adopt after the scandal at enron and other company could force raines and howard to forfeit the bonus and incentive pay they have receive</lemm>
		<bigrams> 1007 1008 1010 1013 1016 1017 1020 1027 1028 1029 928</bigrams>
	</sent>	<sent id="22">
		<raw>The provision, Section 304 of the Sarbanes-Oxley Act of 2002, only appears to apply to Fannie Mae starting in 2003, when it first filed stock registration documents with the commission.</raw>
		<lemm>the provision  section @card@ of the sarbanes-oxley act of @card@  only appear to apply to fannie mae start in @card@  when it first file stock registration document with the commission</lemm>
		<bigrams> 1039 1040 1043 0 1051 1054 1055 1056 1057</bigrams>
	</sent>	<sent id="23">
		<raw>The company, which as a congressionally created organization enjoys benefits that other public companies do not have, including an implicit financial guarantee from the Treasury and an exemption from state and local taxes, is exempt from federal securities laws.</raw>
		<lemm>the company  which as a congressionally create organization enjoy benefit that other public company do not have  include an implicit financial guarantee from the treasury and an exemption from state and local tax  be exempt from federal security law</lemm>
		<bigrams> 1061 1062 1063 1064 1068 1074 1075 1085 1090 1091</bigrams>
	</sent>	<sent id="24">
		<raw>It reached an agreement two years ago with the SEC to voluntarily comply with securities rules beginning in 2003.</raw>
		<lemm>it reach an agreement two year ago with the sec to voluntarily comply with security rule begin in @card@</lemm>
		<bigrams> 1095 1096 1097 1101 1104 1105</bigrams>
	</sent>	<sent id="25">
		<raw>Section 304, which has proven troublesome to apply because of its vagueness, also requires a finding of "misconduct," which the commission has not made.</raw>
		<lemm>section @card@  which have prove troublesome to apply because of its vagueness  also require a finding of  misconduct   which the commission have not make</lemm>
		<bigrams> 1040 1109 1114 1115</bigrams>
	</sent>	<sent id="26">
		<raw>That could change in coming months.</raw>
		<lemm>that could change in come month</lemm>
		<bigrams> 1124 1126</bigrams>
	</sent>	<sent id="27">
		<raw>Lawyers involved in the Fannie Mae investigation underway at the commission and at the Justice Department said that, now that the commission's chief accountant has ruled, the SEC will focus more sharply on the reasons for the violations and the conduct of top executives.</raw>
		<lemm>lawyer involve in the fannie mae investigation underway at the commission and at the justice department say that  now that the commission s chief accountant have rule  the sec will focus more sharply on the reason for the violation and the conduct of top executive</lemm>
		<bigrams> 1127 0 1129 1130 143 1134 816 208</bigrams>
	</sent>	<sent id="28">
		<raw>Raines and other company officials have acknowledged that they approved of the accounting treatment of derivatives and loan prepayments that were the subject of the chief accountant's report.</raw>
		<lemm>raines and other company official have acknowledge that they approve of the accounting treatment of derivative and loan prepayment that be the subject of the chief accountant s report</lemm>
		<bigrams> 1152 1158 1162 816</bigrams>
	</sent>	<sent id="29">
		<raw>But they have also challenged the conclusions of another agency, the Office of Federal Housing Enterprise Oversight, or OFHEO.</raw>
		<lemm>but they have also challenge the conclusion of another agency  the office of federal housing enterprise oversight  or ofheo</lemm>
		<bigrams> 1169 1174 160 161 162</bigrams>
	</sent>	<sent id="30">
		<raw>That agency precipitated the crisis at Fannie Mae when it found three months ago that Fannie Mae violated accounting rules as part of an effort to manipulate earnings and in at least one year, 1998, meet profit targets that would trigger larger bonuses for executives.</raw>
		<lemm>that agency precipitate the crisis at fannie mae when it find three month ago that fannie mae violate accounting rule as part of an effort to manipulate earnings and in at least one year  @card@  meet profit target that would trigger large bonus for executive</lemm>
		<bigrams> 1179 0 1184 1185 1186 0 1188 1189 8 1197 1201 1202 1203 1204 1205 1206 1209 1210 1211</bigrams>
	</sent>	<sent id="31">
		<raw>Although lawmakers stopped short of seeking the ouster of Raines and his top aides, some predicted their departure would likely be forced by the company's board.</raw>
		<lemm>although lawmaker stop short of seek the ouster of raines and his top aide  some predict their departure would likely be force by the company s board</lemm>
		<bigrams> 1214 1215 1216 1225 1230 1231</bigrams>
	</sent>	<sent id="32">
		<raw>"I think the board is well out front and ahead on that issue," said Rep. Richard H. Baker, R-La., who heads a subcommittee overseeing Fannie Mae.</raw>
		<lemm> i think the board be well out front and ahead on that issue   say rep richard h baker  r-la  who head a subcommittee oversee fannie mae</lemm>
		<bigrams> 1245 1246 1247 1248 1249 1250 1255 1256 0</bigrams>
	</sent>	<sent id="33">
		<raw>He said that as a result of the findings of the commission and OFHEO, "I think we'll have legislation on the president's desk by summer time."</raw>
		<lemm>he say that as a result of the finding of the commission and ofheo   i think we will have legislation on the president s desk by summer time </lemm>
		<bigrams> 1271</bigrams>
	</sent>	<sent id="34">
		<raw>Baker also sent a letter to the SEC asking it to examine $200 million in deferred expenses in 1998 and whether, as OFHEO concluded, it was done to meet earnings projections that allowed executives to win their maximum bonuses under an employee incentive program.</raw>
		<lemm>baker also send a letter to the sec ask it to examine $200 million in deferred expense in @card@ and whether  as ofheo conclude  it be do to meet earnings projection that allow executive to win their maximum bonus under an employee incentive program</lemm>
		<bigrams> 1272 1273 1276 1279 203 1281 1286 1291 1292 1295 213 1301 1302</bigrams>
	</sent>	<sent id="35">
		<raw>Even some of the company's strongest supporters appeared to be shaken in their confidence of its management as a result of the findings.</raw>
		<lemm>even some of the company s strong supporter appear to be shake in their confidence of its management as a result of the finding</lemm>
		<bigrams> 1305 1306</bigrams>
	</sent>	<sent id="36">
		<raw>"To the extent that any executive compensation was enhanced as a result of inaccurate accounting, which led to the achievement of particular earnings targets, it must be repaid to the corporation," said Rep. Barney Frank of Massachusetts, the senior Democrat on the House Financial Services Committee and one of the company's most vocal allies on Capitol Hill.</raw>
		<lemm> to the extent that any executive compensation be enhance as a result of inaccurate accounting  which lead to the achievement of particular earnings target  it must be repay to the corporation   say rep barney frank of massachusetts  the senior democrat on the house financial services committee and one of the company s most vocal ally on capitol hill</lemm>
		<bigrams> 1318 1323 1330 1331 1338 1246 1339 1340 1345 1348 1349 1350 1355 749</bigrams>
	</sent>	<sent id="37">
		<raw>"This didn't happen by accident.</raw>
		<lemm> this do n t happen by accident</lemm>
		<bigrams></bigrams>
	</sent>	<sent id="38">
		<raw>This is defective corporate governance."</raw>
		<lemm>this be defective corporate governance </lemm>
		<bigrams> 1365 1366</bigrams>
	</sent>	<sent id="39">
		<raw>In the Senate, meanwhile, Sen. Chuck Hagel, R-Neb., said he would reintroduce legislation that was not adopted this year but that would strengthen the government's oversight of Fannie Mae and Freddie Mac.</raw>
		<lemm>in the senate  meanwhile  sen chuck hagel  r-neb  say he would reintroduce legislation that be not adopt this year but that would strengthen the government s oversight of fannie mae and freddie mac</lemm>
		<bigrams> 1368 1369 1370 1371 1372 1373 1376 1377 1384 0 564</bigrams>
	</sent>	<sent id="40">
		<raw>The two companies, created by Congress, play a major role in the economy by buying mortgages from banks and then either holding them or selling them to investors as securities.</raw>
		<lemm>the two company  create by congress  play a major role in the economy by buy mortgage from bank and then either hold them or sell them to investor as security</lemm>
		<bigrams> 1391 1392 1395 1398 1403 1409</bigrams>
	</sent></doc>