<?xml version="1.0" encoding="UTF_8"?>
<doc>	<sent id="0">
		<raw>The staff of the Securities and Exchange Commission has ordered Fannie Mae, the nation's largest buyer of mortgages, to restate its earnings over the last four years after concluding that it had violated accounting rules on its treatment of derivatives and loans.</raw>
		<lemm>the staff of the securities and exchange commission have order fannie mae  the nation s large buyer of mortgage  to restate its earnings over the last four year after conclude that it have violate accounting rule on its treatment of derivative and loan</lemm>
		<bigrams> 40 4685 0 4686 4690 4691 1189 8</bigrams>
	</sent>	<sent id="1">
		<raw>The agency's findings, announced Wednesday evening by Donald T. Nicolaisen, its chief accountant, is a huge setback for the company and its chairman and chief executive, Franklin D. Raines.</raw>
		<lemm>the agency s finding  announce wednesday evening by donald t nicolaisen  its chief accountant  be a huge setback for the company and its chairman and chief executive  franklin d raines</lemm>
		<bigrams> 4698 4699 4700 816 4708 481 482</bigrams>
	</sent>	<sent id="2">
		<raw>Fannie said last month that if it was found to be in violation of the rules, it might have to report after-tax losses on its derivatives transactions of as much as $9 billion.</raw>
		<lemm>fannie say last month that if it be find to be in violation of the rule  it might have to report after-tax loss on its derivative transaction of as much as $9 billion</lemm>
		<bigrams> 114 4711 195 4719 4720 4722 30</bigrams>
	</sent>	<sent id="3">
		<raw>Fannie Mae, once the Federal National Mortgage Association before it became known by its nickname, was created by the federal government to promote home ownership.</raw>
		<lemm>fannie mae  once the federal national mortgage association before it become know by its nickname  be create by the federal government to promote home ownership</lemm>
		<bigrams> 0 4725 4726 4727 4731 4736 4738 4739</bigrams>
	</sent>	<sent id="4">
		<raw>It does so by buying mortgages from banks that issue them, allowing those banks to make further mortgages.</raw>
		<lemm>it do so by buy mortgage from bank that issue them  allow those bank to make further mortgage</lemm>
		<bigrams> 1403</bigrams>
	</sent>	<sent id="5">
		<raw>That huge secondary market helps keep interest rates low.</raw>
		<lemm>that huge secondary market help keep interest rate low</lemm>
		<bigrams> 4745 4746 4747 2828 4748 247 2831</bigrams>
	</sent>	<sent id="6">
		<raw>Fannie Mae, now privately owned, has become a giant in the process, with about $1 trillion in assets, and in the same league as Citigroup.</raw>
		<lemm>fannie mae  now privately own  have become a giant in the process  with about $1 trillion in asset  and in the same league as citigroup</lemm>
		<bigrams> 0 4759</bigrams>
	</sent>	<sent id="7">
		<raw>Chuck Greener, the company's top spokesman, said the commission's decision "will have a negative impact on our minimum capital position" but declined to quantify it.</raw>
		<lemm>chuck greener  the company s top spokesman  say the commission s decision  will have a negative impact on our minimum capital position  but decline to quantify it</lemm>
		<bigrams> 4766 4768 3988 4771 4774 4775</bigrams>
	</sent>	<sent id="8">
		<raw>"We are committed to taking the steps necessary to comply with our minimum capital requirement," Greener said.</raw>
		<lemm> we be commit to take the step necessary to comply with our minimum capital requirement   greener say</lemm>
		<bigrams> 4784 4774 4788 4789 4790</bigrams>
	</sent>	<sent id="9">
		<raw>He said that the company would also abide by the decision of the chief accountant.</raw>
		<lemm>he say that the company would also abide by the decision of the chief accountant</lemm>
		<bigrams> 4791 4792 4793 816</bigrams>
	</sent>	<sent id="10">
		<raw>Analysts have said that Fannie Mae could shore up its capital by selling some of its mortgage portfolio or by a securities offering.</raw>
		<lemm>analyst have say that fannie mae could shore up its capital by sell some of its mortgage portfolio or by a security offering</lemm>
		<bigrams> 0 4799 4800 2940 4806</bigrams>
	</sent>	<sent id="11">
		<raw>Nicolaisen said that the SEC investigation of Fannie Mae was continuing.</raw>
		<lemm>nicolaisen say that the sec investigation of fannie mae be continue</lemm>
		<bigrams> 4807 4808 0</bigrams>
	</sent>	<sent id="12">
		<raw>The Justice Department is also looking at the company's accounting.</raw>
		<lemm>the justice department be also look at the company s accounting</lemm>
		<bigrams> 143 4811</bigrams>
	</sent>	<sent id="13">
		<raw>For Raines and his top advisers, however, Wednesday's announcement could be ominous news.</raw>
		<lemm>for raines and his top adviser  however  wednesday s announcement could be ominous news</lemm>
		<bigrams> 4813 4814 4815 4818 4820</bigrams>
	</sent>	<sent id="14">
		<raw>Throughout the crisis at the company, Raines, a former budget director in the Clinton administration, has continued to enjoy the strong support of the company's board, which had retained its own lawyers who also had not found any wrongdoing by Raines or the senior management at the company.</raw>
		<lemm>throughout the crisis at the company  raines  a former budget director in the clinton administration  have continue to enjoy the strong support of the company s board  which have retain its own lawyer who also have not find any wrongdoing by raines or the senior management at the company</lemm>
		<bigrams> 1802 4823 4824 4826 4832 896</bigrams>
	</sent>	<sent id="15">
		<raw>But the board's confidence in Raines may now begin to erode with the findings of the commission, and particularly if it faces a significant restatement of earnings.</raw>
		<lemm>but the board s confidence in raines may now begin to erode with the finding of the commission  and particularly if it face a significant restatement of earnings</lemm>
		<bigrams> 4850 4858</bigrams>
	</sent>	<sent id="16">
		<raw>Rep. Michael G. Oxley, the Ohio Republican who heads the House Financial Services Committee, said on Wednesday that he would hold hearings on Fannie Mae after Congress returns next month.</raw>
		<lemm>rep michael g oxley  the ohio republican who head the house financial services committee  say on wednesday that he would hold hearing on fannie mae after congress return next month</lemm>
		<bigrams> 4859 4860 4861 4864 1348 1349 1350 4867 4870 4871 0 4874 4875 4876</bigrams>
	</sent>	<sent id="17">
		<raw>At an Oct. 6 hearing, Raines appeared confident that the company would be vindicated by the SEC and that it had been the victim of overzealous regulators at a different agency, the Office of Federal Housing Enterprise Oversight.</raw>
		<lemm>at an oct @card@ hearing  raines appear confident that the company would be vindicate by the sec and that it have be the victim of overzealous regulator at a different agency  the office of federal housing enterprise oversight</lemm>
		<bigrams> 4878 4879 4880 1766 4881 4791 4888 4889 160 161 162</bigrams>
	</sent>	<sent id="18">
		<raw>That agency, known as OFHEO, had concluded in a report a few weeks earlier that Fannie Mae deliberately violated accounting rules and engaged in "cookie jar" accounting, dipping into reserves or postponing the recognition of expenses.</raw>
		<lemm>that agency  know as ofheo  have conclude in a report a few week earlier that fannie mae deliberately violate accounting rule and engage in  cookie jar  accounting  dip into reserve or postpone the recognition of expense</lemm>
		<bigrams> 4890 4896 0 4898 1965 1189 8 3786 4902 4903</bigrams>
	</sent>	<sent id="19">
		<raw>The company did this, OFHEO contended, to smooth out quarterly earnings, meet financial projections and in 1998, at least, earn larger bonuses for its top executives.</raw>
		<lemm>the company do this  ofheo contend  to smooth out quarterly earnings  meet financial projection and in @card@  at least  earn large bonus for its top executive</lemm>
		<bigrams> 4912 4917 4918 4919 4920 4923 4924 1211 208</bigrams>
	</sent>	<sent id="20">
		<raw>But Raines repeatedly assured skeptical lawmakers at the hearing that Fannie Mae had complied with the accounting rules and that it would be exonerated.</raw>
		<lemm>but raines repeatedly assure skeptical lawmaker at the hearing that fannie mae have comply with the accounting rule and that it would be exonerate</lemm>
		<bigrams> 4928 4929 4930 4931 0 8</bigrams>
	</sent>	<sent id="21">
		<raw>Nicolaisen's statement did not address many allegations raised by OFHEO, like irregular accounting or manipulation of expenses and earnings to earn larger management bonuses.</raw>
		<lemm>nicolaisen s statement do not address many allegation raise by ofheo  like irregular accounting or manipulation of expense and earnings to earn large management bonus</lemm>
		<bigrams> 4941 4942 4943 4945 4946 4947 4924 4954 4955</bigrams>
	</sent>	<sent id="22">
		<raw>But he concluded that Fannie Mae had violated two accounting rules: one on accounting for the costs of prepayment of loans and another on the accounting treatment of derivatives that the company has used to reduce risks to its portfolio from changes in interest rates.</raw>
		<lemm>but he conclude that fannie mae have violate two accounting rule  one on accounting for the cost of prepayment of loan and another on the accounting treatment of derivative that the company have use to reduce risk to its portfolio from change in interest rate</lemm>
		<bigrams> 0 225 226 8 4957 1158 4970 247</bigrams>
	</sent>	<sent id="23">
		<raw>"Our review indicates that during the period under our review, from 2001 to mid-2004, Fannie Mae's accounting practices did not comply in material respects with the accounting requirements" of the two rules, Nicolaisen said in his statement.</raw>
		<lemm> our review indicate that during the period under our review  from @card@ to mid-2004  fannie mae s accounting practice do not comply in material respect with the accounting requirement  of the two rule  nicolaisen say in his statement</lemm>
		<bigrams> 4976 4986 0 1855 4991 4993 785 4995 4807</bigrams>
	</sent>	<sent id="24">
		<raw>At the heart of the dispute between Fannie Mae and its regulators is a complex accounting rule, known as SFAS 133, a statement of the Financial Accounting Standards Board.</raw>
		<lemm>at the heart of the dispute between fannie mae and its regulator be a complex accounting rule  know as sfas @card@  a statement of the financial accounting standards board</lemm>
		<bigrams> 0 5003 8 317 5005 5009 5010 5011</bigrams>
	</sent>	<sent id="25">
		<raw>That rule requires companies to account for derivative securities at market value but allows them to keep those changes from affecting earnings if the derivatives are used to hedge specified exposures.</raw>
		<lemm>that rule require company to account for derivative security at market value but allow them to keep those change from affect earnings if the derivative be use to hedge specified exposure</lemm>
		<bigrams> 5012 5013 5017 531 5027 5031 5032</bigrams>
	</sent>	<sent id="26">
		<raw>The report by OFHEO concluded that Fannie Mae rode roughshod over the rules, certifying that some hedges were "perfect hedges" when they were not, and in other cases treated as hedges investments that did not qualify for the treatment.</raw>
		<lemm>the report by ofheo conclude that fannie mae ride roughshod over the rule  certify that some hedge be  perfect hedge  when they be not  and in other case treat as hedge investment that do not qualify for the treatment</lemm>
		<bigrams> 1286 0 5033 5034 5036 5042 5048 5051</bigrams>
	</sent>	<sent id="27">
		<raw>In some cases, Fannie Mae's documentation of hedges was not adequate, and in other cases the documents were created retroactively, the report said.</raw>
		<lemm>in some case  fannie mae s documentation of hedge be not adequate  and in other case the document be create retroactively  the report say</lemm>
		<bigrams> 5057 0 5066 3730</bigrams>
	</sent>	<sent id="28">
		<raw>The statement by the chief accountant at the Securities and Exchange Commission did not go into the same amount of detail as the report by the housing regulator.</raw>
		<lemm>the statement by the chief accountant at the securities and exchange commission do not go into the same amount of detail as the report by the housing regulator</lemm>
		<bigrams> 816 40 5076</bigrams>
	</sent>	<sent id="29">
		<raw>But the statement appeared to support its conclusions when it noted that "among other things, Fannie Mae's methodology of assessing, measuring and documenting hedge ineffectiveness was inadequate and was not supported."</raw>
		<lemm>but the statement appear to support its conclusion when it note that  among other thing  fannie mae s methodology of assess  measure and document hedge ineffectiveness be inadequate and be not support </lemm>
		<bigrams> 5077 5087 0 5091 5094 5095</bigrams>
	</sent>	<sent id="30">
		<raw>In response to the findings of OFHEO, the company's board decided in September to increase its capital and change the way it accounts for deferring some expenses and hedging transactions.</raw>
		<lemm>in response to the finding of ofheo  the company s board decide in september to increase its capital and change the way it account for defer some expense and hedge transaction</lemm>
		<bigrams> 5100 5113</bigrams>
	</sent></doc>