<?xml version="1.0" encoding="UTF_8"?>
<doc>	<sent id="0">
		<raw>Breaking his public silence since a federal regulator issued a scathing report last month, Franklin D. Raines, the chairman and chief executive of Fannie Mae, is expected to tell lawmakers on Wednesday that his company properly applied accounting principles and never took steps to manipulate earnings or shade financial statements to enable top executives to receive large bonuses.</raw>
		<lemm>break his public silence since a federal regulator issue a scathing report last month  franklin d raines  the chairman and chief executive of fannie mae  be expect to tell lawmaker on wednesday that his company properly apply accounting principle and never take step to manipulate earnings or shade financial statement to enable top executive to receive large bonus</lemm>
		<bigrams> 5116 5117 1870 2279 2282 1552 195 5119 481 0 4240 5126 5127 3713 382 5130 795 1197 5133 109 207 208 5136 1211</bigrams>
	</sent>	<sent id="1">
		<raw>Raines and the company's chief financial officer, J. Timothy Howard, are expected to face tough questions from the House subcommittee that has been considering legislation to tighten the regulation of the company.</raw>
		<lemm>raines and the company s chief financial officer  j timothy howard  be expect to face tough question from the house subcommittee that have be consider legislation to tighten the regulation of the company</lemm>
		<bigrams> 487 488 489 490 491 5138 5139 5141 5143</bigrams>
	</sent>	<sent id="2">
		<raw>An advance text of his statement was provided to the committee, and in it Raines takes issue with the main conclusions of the report by the Office of Federal Housing Enterprise Oversight, which said that Fannie Mae misapplied accounting rules to manipulate earnings and maximize executive bonuses.</raw>
		<lemm>an advance text of his statement be provide to the committee  and in it raines take issue with the main conclusion of the report by the office of federal housing enterprise oversight  which say that fannie mae misapply accounting rule to manipulate earnings and maximize executive bonus</lemm>
		<bigrams> 5150 5157 5158 5161 160 161 162 0 5163 5164 8 1197 1505 1506</bigrams>
	</sent>	<sent id="3">
		<raw>"This is a serious allegation, and we strongly disagree with it," Raines said in his statement.</raw>
		<lemm> this be a serious allegation  and we strongly disagree with it   raines say in his statement</lemm>
		<bigrams> 5167 1498 1460</bigrams>
	</sent>	<sent id="4">
		<raw>"In fact, when I certify our financial statements, I certify that these documents 'fairly present in all material respects the financial condition, results of operations and cash flows,' of the company," he said.</raw>
		<lemm> in fact  when i certify our financial statement  i certify that these document  fairly present in all material respect the financial condition  result of operation and cash flow   of the company   he say</lemm>
		<bigrams> 109 5180 5181 4991 5184 5185 5188</bigrams>
	</sent>	<sent id="5">
		<raw>"We engage in a rigorous due diligence process before I ever put a pen to paper and make that certification."</raw>
		<lemm> we engage in a rigorous due diligence process before i ever put a pen to paper and make that certification </lemm>
		<bigrams> 5192 5193 5194 5198</bigrams>
	</sent>	<sent id="6">
		<raw>He said the company's application of one standard to account for hedge fund transactions was "careful, considered and thorough," and had been subjected to three years of review before it was put in place in 2001.</raw>
		<lemm>he say the company s application of one standard to account for hedge fund transaction be  careful  considered and thorough   and have be subject to three year of review before it be put in place in @card@</lemm>
		<bigrams> 5208 5211 5212 5215 912</bigrams>
	</sent>	<sent id="7">
		<raw>Raines also suggested that the company would try to persuade the Securities and Exchange Commission that the conclusions of the Office of Federal Housing Enterprise Oversight were wrong.</raw>
		<lemm>raines also suggest that the company would try to persuade the securities and exchange commission that the conclusion of the office of federal housing enterprise oversight be wrong</lemm>
		<bigrams> 5227 5228 4791 5230 40 160 161 162</bigrams>
	</sent>	<sent id="8">
		<raw>"The SEC will ultimately decide whether our policy was, or was not consistent with" generally accepted accounting principles, he said.</raw>
		<lemm> the sec will ultimately decide whether our policy be  or be not consistent with  generally accept accounting principle  he say</lemm>
		<bigrams> 5236 772 380 381 382</bigrams>
	</sent>	<sent id="9">
		<raw>Howard, who was singled out for criticism by the oversight office, will offer a similar defense, according to a text of his prepared testimony.</raw>
		<lemm>howard  who be single out for criticism by the oversight office  will offer a similar defense  accord to a text of his prepared testimony</lemm>
		<bigrams> 5249 5253 5254 1653</bigrams>
	</sent>	<sent id="10">
		<raw>"All of my judgments regarding accounting issues were made in openness and good faith, with the goal of providing investors with the most meaningful and understandable information possible," Howard says in the testimony.</raw>
		<lemm> all of my judgment regard accounting issue be make in openness and good faith  with the goal of provide investor with the most meaningful and understandable information possible   howard say in the testimony</lemm>
		<bigrams> 1663 1664 1665 1671 1675 1680 1681 1682 1655</bigrams>
	</sent>	<sent id="11">
		<raw>"When accounting issues arose I worked with the head of my accounting policy group, who I know to be knowledgeable and highly respected in the industry.</raw>
		<lemm> when accounting issue arise i work with the head of my accounting policy group  who i know to be knowledgeable and highly respect in the industry</lemm>
		<bigrams> 1665 5257 5261 5262 5270</bigrams>
	</sent>	<sent id="12">
		<raw>I also made certain that any accounting approaches we adopted were reviewed with our outside auditor."</raw>
		<lemm>i also make certain that any accounting approach we adopt be review with our outside auditor </lemm>
		<bigrams> 5274 5275 5278 408</bigrams>
	</sent></doc>