<?xml version="1.0" encoding="UTF_8"?>
<doc>	<sent id="0">
		<raw>From a compulsively neat desk inside a company that routinely jousts with powerful critics from the White House, Congress, the Federal Reserve and Wall Street, J. Timothy Howard has been the financial architect of one of the world's most formidable and most elegantly designed corporate money machines.</raw>
		<lemm>from a compulsively neat desk inside a company that routinely joust with powerful critic from the white house  congress  the federal reserve and wall street  j timothy howard have be the financial architect of one of the world s most formidable and most elegantly design corporate money machine</lemm>
		<bigrams> 2179 2180 2181 2186 2189 2192 2193 2195 1919 2198 490 491 2200 2207 2208 2209 2210</bigrams>
	</sent>	<sent id="1">
		<raw>He also holds a corporate title that in recent years has emerged as one of the most treacherous in American business: chief financial officer.</raw>
		<lemm>he also hold a corporate title that in recent year have emerge as one of the most treacherous in american business  chief financial officer</lemm>
		<bigrams> 2212 2215 2217 2224 2225 487 488</bigrams>
	</sent>	<sent id="2">
		<raw>The winds of scandal that uprooted Enron, WorldCom, Tyco and other companies often blew hardest through CFO suites.</raw>
		<lemm>the wind of scandal that uproot enron  worldcom  tyco and other company often blow hard through cfo suite</lemm>
		<bigrams> 2231 2232 2233 2235 2236 2237 2240</bigrams>
	</sent>	<sent id="3">
		<raw>Now, with controversy engulfing his employer, the mortgage giant Fannie Mae, Howard finds himself in legal and regulatory cross hairs that threaten to upend his career, throw the company's operations into turmoil and escalate a long-running battle between Fannie Mae and its enemies.</raw>
		<lemm>now  with controversy engulf his employer  the mortgage giant fannie mae  howard find himself in legal and regulatory cross hair that threaten to upend his career  throw the company s operation into turmoil and escalate a long-running battle between fannie mae and its enemy</lemm>
		<bigrams> 2243 1844 1431 0 2247 2248 2254 2255 2262 2271 0</bigrams>
	</sent>	<sent id="4">
		<raw>Eleven days ago, a federal regulator issued a scathing report that accused the company, and Howard in particular, of accounting and managerial lapses that presented a false public portrait of its financial well-being and enriched its executives.</raw>
		<lemm>eleven day ago  a federal regulator issue a scathing report that accuse the company  and howard in particular  of accounting and managerial lapse that present a false public portrait of its financial well-being and enrich its executive</lemm>
		<bigrams> 2275 2276 1870 2279 2282 2290 2294 2295 2297</bigrams>
	</sent>	<sent id="5">
		<raw>Then, late last week, amid a mounting tempest of congressional criticism, Fannie Mae became the subject of a criminal investigation by the Justice Department; that investigation is likely to take precedence over a continuing Securities and Exchange Commission inquiry.</raw>
		<lemm>then  late last week  amid a mount tempest of congressional criticism  fannie mae become the subject of a criminal investigation by the justice department  that investigation be likely to take precedence over a continue securities and exchange commission inquiry</lemm>
		<bigrams> 2303 1901 2304 2307 2310 2311 0 2312 1910 143 2319 2323 40 2121</bigrams>
	</sent>	<sent id="6">
		<raw>The stakes in all of this are large.</raw>
		<lemm>the stake in all of this be large</lemm>
		<bigrams></bigrams>
	</sent>	<sent id="7">
		<raw>Fannie Mae provides much of the glue that helps hold the American mortgage market together, and if the company encounters serious setbacks, the impact on homeowners and the world's financial markets could be unpleasant.</raw>
		<lemm>fannie mae provide much of the glue that help hold the american mortgage market together  and if the company encounter serious setback  the impact on homeowner and the world s financial market could be unpleasant</lemm>
		<bigrams> 0 2328 2329 2334 2337 1990 2338 2341 2342 2343 2348 2349</bigrams>
	</sent>	<sent id="8">
		<raw>Nor are the accusations of improprieties necessarily unique to Fannie Mae.</raw>
		<lemm>nor be the accusation of impropriety necessarily unique to fannie mae</lemm>
		<bigrams> 2355 2356 0</bigrams>
	</sent>	<sent id="9">
		<raw>Wall Street analysts say that if the same regulatory magnifying glass were used to examine the operations of most other sizable mortgage concerns in America, a case for dubious accounting could probably be made for many of them.</raw>
		<lemm>wall street analyst say that if the same regulatory magnifying glass be use to examine the operation of most other sizable mortgage concern in america  a case for dubious accounting could probably be make for many of them</lemm>
		<bigrams> 1919 2358 2359 2362 2363 2371 2372 2379 2380 2381</bigrams>
	</sent>	<sent id="10">
		<raw>Unlike the problems in recent financial scandals, issues raised by Fannie Mae's regulators appear largely to pertain to unwieldy accounting rules that are open to widely divergent interpretations, not to sham transactions designed to cloak corporate malfeasance.</raw>
		<lemm>unlike the problem in recent financial scandal  issue raise by fannie mae s regulator appear largely to pertain to unwieldy accounting rule that be open to widely divergent interpretation  not to sham transaction design to cloak corporate malfeasance</lemm>
		<bigrams> 2388 2389 2390 2391 0 2395 2396 2401 8 2406 2407 2410 2411 2414 2415</bigrams>
	</sent>	<sent id="11">
		<raw>More serious accounting problems may yet emerge, and the company has already been forced to consider outsized financial restatements as a result of the regulatory inquiry.</raw>
		<lemm>more serious accounting problem may yet emerge  and the company have already be force to consider outsized financial restatement as a result of the regulatory inquiry</lemm>
		<bigrams> 2417 2418 2419 2420 2421 2427 2428 2429 2432</bigrams>
	</sent>	<sent id="12">
		<raw>And as the Justice Department investigation of Fannie Mae continues, other problems may surface.</raw>
		<lemm>and as the justice department investigation of fannie mae continue  other problem may surface</lemm>
		<bigrams> 143 2435 0 2437 2419 2440</bigrams>
	</sent>	<sent id="13">
		<raw>Few longtime observers of Fannie Mae and of Howard expect that crimes will be found.</raw>
		<lemm>few longtime observer of fannie mae and of howard expect that crime will be find</lemm>
		<bigrams> 2442 0 2446</bigrams>
	</sent>	<sent id="14">
		<raw>"The guy is as honest as the day is long, and the targeting of Tim Howard is an unfortunate byproduct of larger events," said Martin D. Eakes, chief executive of the Self-Help Credit Union, a lender to low-income borrowers based in Durham, N. C., who has alternately worked closely with and battled Fannie Mae on various mortgage issues.</raw>
		<lemm> the guy be as honest as the day be long  and the target of tim howard be an unfortunate byproduct of large event   say martin d eakes  chief executive of the self-help credit union  a lender to low-income borrower base in durham  n c  who have alternately work closely with and battle fannie mae on various mortgage issue</lemm>
		<bigrams> 2461 2464 2466 2467 2468 2471 481 2473 2474 2479 2480 2483 2484 2488 2489 2493 0 2495 2496</bigrams>
	</sent>	<sent id="15">
		<raw>"This will never, ever be like Enron.</raw>
		<lemm> this will never  ever be like enron</lemm>
		<bigrams> 2499 2502</bigrams>
	</sent>	<sent id="16">
		<raw>Mark my words."</raw>
		<lemm>mark my word </lemm>
		<bigrams></bigrams>
	</sent>	<sent id="17">
		<raw>Maybe so.</raw>
		<lemm>maybe so</lemm>
		<bigrams></bigrams>
	</sent>	<sent id="18">
		<raw>But the confrontation between Fannie Mae and its critics already amounts to a clash of titans, both in Washington and New York, where Fannie Mae's lobbyists and its executives are accustomed to striding unencumbered through the halls of Congress, the financial byways of Wall Street and the finest dining rooms and clubs.</raw>
		<lemm>but the confrontation between fannie mae and its critic already amount to a clash of titan  both in washington and new york  where fannie mae s lobbyist and its executive be accustom to stride unencumbered through the hall of congress  the financial byway of wall street and the fine dining room and club</lemm>
		<bigrams> 0 2509 2510 2055 0 2527 2533 1919 2538 2539</bigrams>
	</sent>	<sent id="19">
		<raw>For at least the last decade, the company has been criticized in Congress and by Washington research groups.</raw>
		<lemm>for at least the last decade  the company have be criticize in congress and by washington research group</lemm>
		<bigrams> 2544 2552 2553</bigrams>
	</sent>	<sent id="20">
		<raw>Detractors accuse it of benefiting unfairly from its status as a quasi-public enterprise, of not truly meeting its mission of providing affordable housing and of being too loosely regulated.</raw>
		<lemm>detractor accuse it of benefit unfairly from its status as a quasi-public enterprise  of not truly meet its mission of provide affordable housing and of be too loosely regulate</lemm>
		<bigrams> 2554 2558 2564 2568 2572 2573 2577</bigrams>
	</sent>	<sent id="21">
		<raw>More recently, Fannie Mae's explosive growth has drawn the attention of Alan Greenspan, the Federal Reserve chairman, who raised concerns earlier this year that a collapse or trouble for the company posed threats to the economy.</raw>
		<lemm>more recently  fannie mae s explosive growth have draw the attention of alan greenspan  the federal reserve chairman  who raise concern earlier this year that a collapse or trouble for the company pose threat to the economy</lemm>
		<bigrams> 2579 0 2581 2588 2195 2590 2593 2594 2600 2601</bigrams>
	</sent>	<sent id="22">
		<raw>Greenspan advocated the complete privatization of the company, a view that has been pressed elsewhere in Washington as well.</raw>
		<lemm>greenspan advocate the complete privatization of the company  a view that have be press elsewhere in washington as well</lemm>
		<bigrams> 2603 2606 2613</bigrams>
	</sent>	<sent id="23">
		<raw>"It's a resistance to Fannie in Washington that is one part mortgage industry civil war, one part conservative ideological crusade to try to rein them in or force them to privatize," said Charles A. Gabriel Jr., senior Washington analyst at Prudential Securities.</raw>
		<lemm> it be a resistance to fannie in washington that be one part mortgage industry civil war  one part conservative ideological crusade to try to rein them in or force them to privatize   say charles a gabriel jr  senior washington analyst at prudential securities</lemm>
		<bigrams> 2620 2621 2622 2623 2624 2625 2620 2626 2627 2628 2639 2640 2643 2644 2645 2646 2649</bigrams>
	</sent>	<sent id="24">
		<raw>"Having faced down the mortgage industry civil war and the ideologues, what finally tripped them up is they ran afoul of the shifting zeitgeist on accounting."</raw>
		<lemm> have face down the mortgage industry civil war and the ideologue  what finally trip them up be they run afoul of the shift zeitgeist on accounting </lemm>
		<bigrams> 2622 2623 2624 2657 2663 2666</bigrams>
	</sent>	<sent id="25">
		<raw>Amid all of this, Howard and Fannie Mae's chief executive, Franklin D. Raines, have left a long trail of embittered opponents who have complained about high-handedness.</raw>
		<lemm>amid all of this  howard and fannie mae s chief executive  franklin d raines  have leave a long trail of embitter opponent who have complain about high-handedness</lemm>
		<bigrams> 0 481 482 2674 2677</bigrams>
	</sent>	<sent id="26">
		<raw>"They are a study of power in Washington," said Andrew M. Cuomo, who sparred with Fannie Mae on housing issues as a former secretary of the Department of Housing and Urban Development.</raw>
		<lemm> they be a study of power in washington   say andrew m cuomo  who spar with fannie mae on housing issue as a former secretary of the department of housing and urban development</lemm>
		<bigrams> 2686 2687 0 2694 2697 2703</bigrams>
	</sent>	<sent id="27">
		<raw>"Once the myth of invincibility is gone, the act crumbles."</raw>
		<lemm> once the myth of invincibility be go  the act crumble </lemm>
		<bigrams> 2712</bigrams>
	</sent>	<sent id="28">
		<raw>Although Fannie Mae and its executives have not been shy in the past about taking on their critics, neither Howard nor Raines has been available for interviews about the regulatory review and investigations of the company.</raw>
		<lemm>although fannie mae and its executive have not be shy in the past about take on their critic  neither howard nor raines have be available for interview about the regulatory review and investigation of the company</lemm>
		<bigrams> 2713 0 2723 2724 2731</bigrams>
	</sent>	<sent id="29">
		<raw>Both men are scheduled to testify on Wednesday before the House Financial Services Committee, and they will be thrust into the uncomfortable and unusual position of having to defend themselves and their actions.</raw>
		<lemm>both man be schedule to testify on wednesday before the house financial services committee  and they will be thrust into the uncomfortable and unusual position of have to defend themselves and their action</lemm>
		<bigrams> 1348 1349 1350 2742</bigrams>
	</sent>	<sent id="30">
		<raw>"This has become a big-time game," said Bert Ely, a banking analyst in Alexandria, Va., and a longtime Fannie Mae critic.</raw>
		<lemm> this have become a big-time game   say bert ely  a banking analyst in alexandria  va  and a longtime fannie mae critic</lemm>
		<bigrams> 2753 2754 2755 2756 2759 2762 2765 0 2766</bigrams>
	</sent>	<sent id="31">
		<raw>"It is one of the big power struggles under way right now.</raw>
		<lemm> it be one of the big power struggle under way right now</lemm>
		<bigrams> 2768 2769 2772</bigrams>
	</sent>	<sent id="32">
		<raw>One of things that makes it that way is all the tumult and disturbing news, and issues that will not be resolved for months."</raw>
		<lemm>one of thing that make it that way be all the tumult and disturbing news  and issue that will not be resolve for month </lemm>
		<bigrams> 2786</bigrams>
	</sent>	<sent id="33">
		<raw>Fannie Mae is a behemoth in the mortgage business.</raw>
		<lemm>fannie mae be a behemoth in the mortgage business</lemm>
		<bigrams> 0 2796</bigrams>
	</sent>	<sent id="34">
		<raw>It can borrow money more cheaply than its competitors in the mortgage business because investors, and lenders believe that there is an implicit guarantee that the government will offer financial support to Fannie Mae if the company ever swooned.</raw>
		<lemm>it can borrow money more cheaply than its competitor in the mortgage business because investor  and lender believe that there be an implicit guarantee that the government will offer financial support to fannie mae if the company ever swoon</lemm>
		<bigrams> 2799 2796 2810 2814 2818 2819 0 2822 2823</bigrams>
	</sent>	<sent id="35">
		<raw>And the company's vast operations have helped keep mortgage rates low.</raw>
		<lemm>and the company s vast operation have help keep mortgage rate low</lemm>
		<bigrams> 2825 2828 2829 2830 2831</bigrams>
	</sent>	<sent id="36">
		<raw>Rather than lending money to prospective homeowners, Fannie Mae buys mortgages from banks that issue them, allowing lenders to make further mortgages.</raw>
		<lemm>rather than lend money to prospective homeowner  fannie mae buy mortgage from bank that issue them  allow lender to make further mortgage</lemm>
		<bigrams> 2834 2837 2838 0 2839 1403 2843</bigrams>
	</sent>	<sent id="37">
		<raw>Fannie Mae's size, and its government backing, also allow home buyers in the United States to have mortgages with rates that are guaranteed for as long as 30 years, a financial benefit that is unavailable in most other countries, where banks typically recalculate mortgage rates monthly.</raw>
		<lemm>fannie mae s size  and its government backing  also allow home buyer in the united states to have mortgage with rate that be guarantee for as long as @card@ year  a financial benefit that be unavailable in most other country  where bank typically recalculate mortgage rate monthly</lemm>
		<bigrams> 0 2849 2850 2851 2852 2853 1976 2867 2870 2877 2878 2879 2830 2880</bigrams>
	</sent>	<sent id="38">
		<raw>Raines has been Fannie Mae's chief executive and corporate ambassador since 1999.</raw>
		<lemm>raines have be fannie mae s chief executive and corporate ambassador since @card@</lemm>
		<bigrams> 0 481 2883 2884 2885</bigrams>
	</sent>	<sent id="39">
		<raw>But Howard has a far longer tenure at the company and has overseen much of the machinery that has caused Fannie Mae's coffers to swell.</raw>
		<lemm>but howard have a far long tenure at the company and have oversee much of the machinery that have cause fannie mae s coffer to swell</lemm>
		<bigrams> 2889 2890 2893 2897 0</bigrams>
	</sent>	<sent id="40">
		<raw>As chief financial officer since 1990, Howard has worked alongside three chief executives and three chief operating officers.</raw>
		<lemm>as chief financial officer since @card@  howard have work alongside three chief executive and three chief operate officer</lemm>
		<bigrams> 487 488 2902 2885 2903 2905 2906 2907 481 2907 2909 2910</bigrams>
	</sent>	<sent id="41">
		<raw>During that time, Fannie Mae rebounded from a spate of financial turmoil to post earnings of $7.9 billion last year, a 71 percent leap from $4.6 billion in 2002.</raw>
		<lemm>during that time  fannie mae rebound from a spate of financial turmoil to post earnings of $7 9 billion last year  a @card@ percent leap from $4 6 billion in @card@</lemm>
		<bigrams> 2913 0 2914 2919 2922 2925 2926 2927 133 53 2929 2932 540</bigrams>
	</sent>	<sent id="42">
		<raw>Its loan losses have plunged over the last decade, and its mortgage portfolio has expanded to about $900 billion last year from about $200 billion in 1993.</raw>
		<lemm>its loan loss have plunge over the last decade  and its mortgage portfolio have expand to about $900 billion last year from about $200 billion in @card@</lemm>
		<bigrams> 2934 2544 2940 2946 2927 133 2949</bigrams>
	</sent>	<sent id="43">
		<raw>The financial fortress that Fannie Mae has become is largely the handiwork of Howard and a highly skilled team of deputies who surround him.</raw>
		<lemm>the financial fortress that fannie mae have become be largely the handiwork of howard and a highly skilled team of deputy who surround him</lemm>
		<bigrams> 2950 0 2958 2959</bigrams>
	</sent>	<sent id="44">
		<raw>As CFO, Howard introduced new methods of managing the company's debt and overseeing its funds, including deploying high-octane financial tools known as derivatives that companies of every stripe use to insulate their operations from risks and unforeseen economic shocks.</raw>
		<lemm>as cfo  howard introduce new method of manage the company s debt and oversee its fund  include deploy high-octane financial tool know as derivative that company of every stripe use to insulate their operation from risk and unforeseen economic shock</lemm>
		<bigrams> 2966 2967 2968 2969 2978 2979 2980 2981 2982 2983 2987 2988 2996 2997</bigrams>
	</sent>	<sent id="45">
		<raw>Howard's financial wizardry has won many admirers on Wall Street.</raw>
		<lemm>howard s financial wizardry have win many admirer on wall street</lemm>
		<bigrams> 2999 3002 3003 1919</bigrams>
	</sent>	<sent id="46">
		<raw>"In my experience, I would put him in the higher ranks of CFOs at financial companies," said Frederick N. Khedouri, a senior managing director at Bear Stearns, an investment bank that has extensive dealings with Fannie Mae.</raw>
		<lemm> in my experience  i would put him in the high rank of cfo at financial company   say frederick n khedouri  a senior managing director at bear stearns  an investment bank that have extensive dealings with fannie mae</lemm>
		<bigrams> 3008 3012 3017 1857 3018 3019 3020 3023 3024 3027 3030 3032 0</bigrams>
	</sent>	<sent id="47">
		<raw>"Senior executives who know what the risks are and how to manage the risks are extraordinarily valuable and rare.</raw>
		<lemm> senior executive who know what the risk be and how to manage the risk be extraordinarily valuable and rare</lemm>
		<bigrams> 696 3045</bigrams>
	</sent>	<sent id="48">
		<raw>Someone should think long and hard about who you would get who would be better at this than Tim."</raw>
		<lemm>someone should think long and hard about who you would get who would be good at this than tim </lemm>
		<bigrams> 3050 3056</bigrams>
	</sent>	<sent id="49">
		<raw>For all of Howard's intellectual abilities, his diplomatic skills are described as lacking by current and former colleagues, financial analysts, congressional aides and members of federal agencies that have worked with Fannie Mae.</raw>
		<lemm>for all of howard s intellectual ability  his diplomatic skill be describe as lack by current and former colleague  financial analyst  congressional aide and member of federal agency that have work with fannie mae</lemm>
		<bigrams> 3066 3069 3078 3079 3080 3081 3082 3086 0</bigrams>
	</sent>	<sent id="50">
		<raw>In that regard, he may be a mirror of Fannie Mae itself, a well-oiled, highly calibrated machine that has also attracted an unusual amount of enmity for being high-handed in its dealings with outsiders.</raw>
		<lemm>in that regard  he may be a mirror of fannie mae itself  a well-oiled  highly calibrate machine that have also attract an unusual amount of enmity for be high-handed in its dealings with outsider</lemm>
		<bigrams> 0 3098 3099 3100 3102 3105</bigrams>
	</sent>	<sent id="51">
		<raw>When he joined Fannie Mae as chief economist in 1982, Howard was among a cadre of new hires brought in by David O. Maxwell, then the chief executive.</raw>
		<lemm>when he join fannie mae as chief economist in @card@  howard be among a cadre of new hire bring in by david o maxwell  then the chief executive</lemm>
		<bigrams> 3116 0 3118 2903 3125 3126 481</bigrams>
	</sent>	<sent id="52">
		<raw>High, volatile interest rates had brutalized the company and brought it to its knees.</raw>
		<lemm>high  volatile interest rate have brutalize the company and bring it to its knee</lemm>
		<bigrams> 3134 3135 247</bigrams>
	</sent>	<sent id="53">
		<raw>The national housing market was in a crisis, and there was a sense of public mission among the new hires, that through the shrewd use of sophisticated financial tools and strategic thinking they would be able to resurrect the housing finance market.</raw>
		<lemm>the national housing market be in a crisis  and there be a sense of public mission among the new hire  that through the shrewd use of sophisticated financial tool and strategic thinking they would be able to resurrect the housing finance market</lemm>
		<bigrams> 3144 3145 3154 3155 3125 3160 3162 2982 3165 3173 3174</bigrams>
	</sent>	<sent id="54">
		<raw>That missionary zeal still pervades Fannie Mae.</raw>
		<lemm>that missionary zeal still pervade fannie mae</lemm>
		<bigrams> 3176 3177 3178 3179 0</bigrams>
	</sent>	<sent id="55">
		<raw>Financial analysts say the company's executives regard themselves as stewards of the housing market who have to fend off critics who might otherwise disrupt its sensitive operations.</raw>
		<lemm>financial analyst say the company s executive regard themselves as steward of the housing market who have to fend off critic who might otherwise disrupt its sensitive operation</lemm>
		<bigrams> 3080 2359 3181 3145 3189 3190 3193</bigrams>
	</sent>	<sent id="56">
		<raw>In 1987, Howard was promoted from chief economist to head of asset management, a position that allowed him to oversee the most profitable and complex area of Fannie Mae's business, its enormous mortgage portfolio.</raw>
		<lemm>in @card@  howard be promote from chief economist to head of asset management  a position that allow him to oversee the most profitable and complex area of fannie mae s business  its enormous mortgage portfolio</lemm>
		<bigrams> 2903 3118 3201 3212 0 3217 2940</bigrams>
	</sent>	<sent id="57">
		<raw>That job, said a former Fannie Mae employee, gave him "the keys to the kingdom."</raw>
		<lemm>that job  say a former fannie mae employee  give him  the key to the kingdom </lemm>
		<bigrams> 3219 3221 0 3222 3223</bigrams>
	</sent>	<sent id="58">
		<raw>Despite his monklike work habits, Howard is described by acquaintances as a family man, a devoted father heavily involved in his children's activities.</raw>
		<lemm>despite his monklike work habit  howard be describe by acquaintance as a family man  a devoted father heavily involve in his child s activity</lemm>
		<bigrams> 3230 3231 3232 3237 3240 3241 3242</bigrams>
	</sent>	<sent id="59">
		<raw>He owns an expensive home in the affluent Washington suburb of McLean, Va., where he hones his tennis game on his private court.</raw>
		<lemm>he own an expensive home in the affluent washington suburb of mclean  va  where he hone his tennis game on his private court</lemm>
		<bigrams> 3250 3253 3254 3257 3263 3267</bigrams>
	</sent>	<sent id="60">
		<raw>He is also a patron of the arts and has been an active supporter of the Washington National Opera, where he serves as vice president and treasurer.</raw>
		<lemm>he be also a patron of the art and have be an active supporter of the washington national opera  where he serve as vice president and treasurer</lemm>
		<bigrams> 3276 3278 3279 3284</bigrams>
	</sent>	<sent id="61">
		<raw>Within Fannie Mae, however, Howard has drawn a number of detractors.</raw>
		<lemm>within fannie mae  however  howard have draw a number of detractor</lemm>
		<bigrams> 3287 0 3288 3289</bigrams>
	</sent>	<sent id="62">
		<raw>He is regarded as aloof, according to several people who have interacted with him at the company.</raw>
		<lemm>he be regard as aloof  accord to several people who have interact with him at the company</lemm>
		<bigrams> 3295 3297</bigrams>
	</sent>	<sent id="63">
		<raw>They describe him as a sometimes unrelenting perfectionist, and someone who is unremitting in his oversight of his employees and their work, occasionally, in his early years as CFO, dressing down employees in front of their peers.</raw>
		<lemm>they describe him as a sometimes unrelenting perfectionist  and someone who be unremitting in his oversight of his employee and their work  occasionally  in his early year as cfo  dress down employee in front of their peer</lemm>
		<bigrams> 3307 3308 3319 3322 3324</bigrams>
	</sent>	<sent id="64">
		<raw>But others at the company say that he has grown into his job and that his management style softened, especially after he became vice chairman of Fannie Mae's board last year.</raw>
		<lemm>but other at the company say that he have grow into his job and that his management style soften  especially after he become vice chairman of fannie mae s board last year</lemm>
		<bigrams> 1857 3343 3344 3345 3349 3350 0 3352 133</bigrams>
	</sent>	<sent id="65">
		<raw>"I worked with Tim for a number of years and know him to be a person of extraordinarily high integrity," said John Buckley, a former senior vice president at Fannie Mae.</raw>
		<lemm> i work with tim for a number of year and know him to be a person of extraordinarily high integrity   say john buckley  a former senior vice president at fannie mae</lemm>
		<bigrams> 3362 3363 3364 3365 3366 3368 3369 3284 0</bigrams>
	</sent>	<sent id="66">
		<raw>Howard's assumption of his vice chairman's title last year brought him to the peak of his powers inside Fannie Mae.</raw>
		<lemm>howard s assumption of his vice chairman s title last year bring him to the peak of his power inside fannie mae</lemm>
		<bigrams> 3350 3376 133 3377 3382 3383 0</bigrams>
	</sent>	<sent id="67">
		<raw>He became a member of a four-member office of the chairman, a role that gives him a voice in corporate strategy, including the setting of Fannie Mae's earning goals.</raw>
		<lemm>he become a member of a four-member office of the chairman  a role that give him a voice in corporate strategy  include the setting of fannie mae s earn goal</lemm>
		<bigrams> 3386 3396 3397 0 3401</bigrams>
	</sent>	<sent id="68">
		<raw>He has also grown close to Raines, and their second-floor offices are connected by a small conference room.</raw>
		<lemm>he have also grow close to raines  and their second-floor office be connect by a small conference room</lemm>
		<bigrams> 3402 3403 3407 3412 3413</bigrams>
	</sent>	<sent id="69">
		<raw>By late last year, Howard had assembled an impressive portfolio of duties at Fannie Mae, essentially having responsibility for overseeing how the company makes its money, how it counts its money and how it audits that count.</raw>
		<lemm>by late last year  howard have assemble an impressive portfolio of duty at fannie mae  essentially have responsibility for oversee how the company make its money  how it count its money and how it audit that count</lemm>
		<bigrams> 2303 133 969 3418 0 3422 3429</bigrams>
	</sent>	<sent id="70">
		<raw>When a little-known and underfinanced regulatory agency assigned to monitor Fannie Mae's operations came calling earlier this year with pointed questions about how things were being run, Howard was asked to describe his wide-ranging duties.</raw>
		<lemm>when a little-known and underfinanced regulatory agency assign to monitor fannie mae s operation come call earlier this year with pointed question about how thing be be run  howard be ask to describe his wide-ranging duty</lemm>
		<bigrams> 3443 3444 3445 3448 0 3449 3450 3451 3454 3460 3466</bigrams>
	</sent>	<sent id="71">
		<raw>Howard answered with a laugh, according to a recent report prepared by the regulatory agency, the Office of Federal Housing Enterprise Oversight, known as Ofheo.</raw>
		<lemm>howard answer with a laugh  accord to a recent report prepare by the regulatory agency  the office of federal housing enterprise oversight  know as ofheo</lemm>
		<bigrams> 3467 3470 3472 3473 3444 160 161 162 3475</bigrams>
	</sent>	<sent id="72">
		<raw>In Washington's pecking order, Ofheo is low on the list, with a small staff and few resources.</raw>
		<lemm>in washington s peck order  ofheo be low on the list  with a small staff and few resource</lemm>
		<bigrams> 3478 3479 3485</bigrams>
	</sent>	<sent id="73">
		<raw>To critics, the fact that Fannie Mae is not overseen by a larger, more lushly funded regulator is a dangerous problem.</raw>
		<lemm>to critic  the fact that fannie mae be not oversee by a large  more lushly fund regulator be a dangerous problem</lemm>
		<bigrams> 0 3498 3499 3502</bigrams>
	</sent>	<sent id="74">
		<raw>"We've always maintained from the very beginning that there are important regulatory and safety and soundness issues there," said Beneva Schulte, a spokeswoman at FM Policy Focus, a Washington group that is funded by financial services companies and other groups and tracks Fannie Mae's operations.</raw>
		<lemm> we have always maintain from the very begin that there be important regulatory and safety and soundness issue there   say beneva schulte  a spokeswoman at fm policy focus  a washington group that be fund by financial service company and other group and track fannie mae s operation</lemm>
		<bigrams> 3505 3511 3516 3519 3520 3525 3526 3529 3534 3535 3539 0</bigrams>
	</sent>	<sent id="75">
		<raw>"There's no way they could keep meeting their earnings targets without going outside their charter into new lines of business or by being undercapitalized."</raw>
		<lemm> there be no way they could keep meet their earnings target without go outside their charter into new line of business or by be undercapitalize </lemm>
		<bigrams> 3544 3545 1331 3548 3549 3550 3555</bigrams>
	</sent>	<sent id="76">
		<raw>Ofheo's director, Armando Falcon Jr., began asking serious questions about Fannie Mae's accounting practices after critics said his agency failed to uncover accounting problems at Fannie Mae's sister agency, Freddie Mac.</raw>
		<lemm>ofheo s director  armando falcon jr  begin ask serious question about fannie mae s accounting practice after critic say his agency fail to uncover accounting problem at fannie mae s sister agency  freddie mac</lemm>
		<bigrams> 188 189 190 3563 3564 3565 3566 0 1855 3570 3573 3576 2418 0 3579 3580 564</bigrams>
	</sent>	<sent id="77">
		<raw>According to members of federal agencies and others who have interacted with Fannie Mae and Ofheo, Falcon bridled at Howard's and Raines' reluctance to provide his agency with timely, detailed and respectful replies to queries since he became Ofheo's director in 1999.</raw>
		<lemm>accord to member of federal agency and other who have interact with fannie mae and ofheo  falcon bridle at howard s and raines  reluctance to provide his agency with timely  detailed and respectful reply to query since he become ofheo s director in @card@</lemm>
		<bigrams> 3086 0 3584 3585 3590 3595 3598 3601 3603</bigrams>
	</sent>	<sent id="78">
		<raw>According to former Fannie Mae employees, Howard consolidated his power by guarding information and by rarely delegating authority.</raw>
		<lemm>accord to former fannie mae employee  howard consolidate his power by guard information and by rarely delegate authority</lemm>
		<bigrams> 3221 0 3222 3606 3607 3611 3614 3615</bigrams>
	</sent>	<sent id="79">
		<raw>He adopted the same posture toward Ofheo, according to an individual close to Falcon.</raw>
		<lemm>he adopt the same posture toward ofheo  accord to an individual close to falcon</lemm>
		<bigrams> 3619 3620 3621 3624</bigrams>
	</sent>	<sent id="80">
		<raw>The friction among Howard, Raines and Falcon became personal, said some who have witnessed their interactions.</raw>
		<lemm>the friction among howard  raines and falcon become personal  say some who have witness their interaction</lemm>
		<bigrams> 3627 3628 3629 3631 3632 3633</bigrams>
	</sent>	<sent id="81">
		<raw>It was as if "Frank and Tim had questioned Armando's manhood," said a financier who knows all three men.</raw>
		<lemm>it be as if  frank and tim have question armando s manhood   say a financier who know all three man</lemm>
		<bigrams> 3645 3648 3653</bigrams>
	</sent>	<sent id="82">
		<raw>An Ofheo spokeswoman acknowledged that there were problems between Fannie Mae and Ofheo but said her agency had maintained "an appropriate arm's-length relationship" with Fannie Mae.</raw>
		<lemm>an ofheo spokeswoman acknowledge that there be problem between fannie mae and ofheo but say her agency have maintain  an appropriate arm s-length relationship  with fannie mae</lemm>
		<bigrams> 3655 3656 0 3666 3667 3668 0</bigrams>
	</sent>	<sent id="83">
		<raw>Whatever the backdrop, the report on Fannie Mae released by Falcon's agency on Sept. 22 was caustic.</raw>
		<lemm>whatever the backdrop  the report on fannie mae release by falcon s agency on sept @card@ be caustic</lemm>
		<bigrams> 0 3675 89</bigrams>
	</sent>	<sent id="84">
		<raw>In strong language unusual in a regulatory report, it cited numerous examples of accounting irregularities and managerial conflicts that Ofheo examiners contended were used to doctor Fannie's earnings and inflate executive compensation.</raw>
		<lemm>in strong language unusual in a regulatory report  it cite numerous example of accounting irregularity and managerial conflict that ofheo examiner contend be use to doctor fannie s earnings and inflate executive compensation</lemm>
		<bigrams> 3685 3686 3688 3691 3692 3694 3696 3699 3700 3703 3706 1318</bigrams>
	</sent>	<sent id="85">
		<raw>"If other companies used Fannie Mae's logic in applying accounting principles, they could dictate the financial results they desired, and there would be no comparability of financial results between reporting entities even within the same industry," the report said in one passage.</raw>
		<lemm> if other company use fannie mae s logic in apply accounting principle  they could dictate the financial result they desire  and there would be no comparability of financial result between report entity even within the same industry   the report say in one passage</lemm>
		<bigrams> 3708 3709 0 3713 382 3715 3717 3717 3725 3726 3727 3730 3732</bigrams>
	</sent>	<sent id="86">
		<raw>The brunt of the report's accusations are directed at Howard, who Ofheo examiners described as the engineer of suspect accounting machinations.</raw>
		<lemm>the brunt of the report s accusation be direct at howard  who ofheo examiner describe as the engineer of suspect accounting machination</lemm>
		<bigrams> 3699 3742 3746 3747</bigrams>
	</sent>	<sent id="87">
		<raw>The report accuses Howard of wearing so many different corporate hats that financial controls and auditing practices were potentially neutered at Fannie Mae.</raw>
		<lemm>the report accuse howard of wear so many different corporate hat that financial control and auditing practice be potentially neuter at fannie mae</lemm>
		<bigrams> 3748 3749 3753 3754 3755 3757 3760 3763 0</bigrams>
	</sent>	<sent id="88">
		<raw>It also says Fannie Mae improperly disregarded accounting standards relating to loan originations and purchases as well as those related to derivatives used to hedge risk in its vast mortgage portfolio.</raw>
		<lemm>it also say fannie mae improperly disregard accounting standard relate to loan origination and purchase as well as those relate to derivative use to hedge risk in its vast mortgage portfolio</lemm>
		<bigrams> 1831 1555 0 3766 3767 3768 1444 3769 3771 240 3778 3781 2940</bigrams>
	</sent>	<sent id="89">
		<raw>The report accuses Fannie Mae of creating a "cookie jar" reserve that Howard could dip into at his discretion to determine the amount of income or expenses the company chose to recognize in any given period.</raw>
		<lemm>the report accuse fannie mae of create a  cookie jar  reserve that howard could dip into at his discretion to determine the amount of income or expense the company choose to recognize in any give period</lemm>
		<bigrams> 3748 222 0 3786 3787 492 3790 3799 3805</bigrams>
	</sent>	<sent id="90">
		<raw>And the report cites other apparent machinations beginning in 1998 that helped bolster executive compensation at Fannie Mae.</raw>
		<lemm>and the report cite other apparent machination begin in @card@ that help bolster executive compensation at fannie mae</lemm>
		<bigrams> 3806 3809 3810 3811 3812 1318 0</bigrams>
	</sent>	<sent id="91">
		<raw>Analysts and financiers say a few of the accusations merit closer scrutiny while most others do not rise to the level of being improprieties, much less crimes.</raw>
		<lemm>analyst and financier say a few of the accusation merit close scrutiny while most other do not rise to the level of be impropriety  much less crime</lemm>
		<bigrams> 3816 3819 3820 3821 3830 3831 3832</bigrams>
	</sent>	<sent id="92">
		<raw>Jonathan E. Gray, a financial analyst at Sanford C.</raw>
		<lemm>jonathan e gray  a financial analyst at sanford c </lemm>
		<bigrams> 3833 3834 3080 3837</bigrams>
	</sent>	<sent id="93">
		<raw>Bernstein&Co., said that while regulators might well have found important technical infractions of accounting rules, Falcon's motivations had to be considered.</raw>
		<lemm>bernstein&co  say that while regulator might well have find important technical infraction of accounting rule  falcon s motivation have to be consider</lemm>
		<bigrams> 3838 3841 3842 3845 3846 3847 8 3849</bigrams>
	</sent>	<sent id="94">
		<raw>"You have a gentlemen that was told he is not strong enough who now is both the prosecutor and judge," he said.</raw>
		<lemm> you have a gentleman that be tell he be not strong enough who now be both the prosecutor and judge   he say</lemm>
		<bigrams> 3859</bigrams>
	</sent>	<sent id="95">
		<raw>"The way to keep his job and keep his agency from being phased out was to be tough."</raw>
		<lemm> the way to keep his job and keep his agency from be phase out be to be tough </lemm>
		<bigrams></bigrams>
	</sent>	<sent id="96">
		<raw>Nonetheless, Gray said that there could be a significant problem if Fannie Mae had a "cookie jar" reserve.</raw>
		<lemm>nonetheless  gray say that there could be a significant problem if fannie mae have a  cookie jar  reserve</lemm>
		<bigrams> 3878 3879 3882 0 3786 3787</bigrams>
	</sent>	<sent id="97">
		<raw>But he dismissed most of the other criticisms in the report as immaterial.</raw>
		<lemm>but he dismiss most of the other criticism in the report as immaterial</lemm>
		<bigrams></bigrams>
	</sent>	<sent id="98">
		<raw>He said the accusation of problems with Fannie Mae's derivatives accounting might require more attention, but he and many others in the financial services industry said that the complex rules governing mortgage derivatives created enormous compliance and financial management headaches with which all CFOs were struggling.</raw>
		<lemm>he say the accusation of problem with fannie mae s derivative accounting might require more attention  but he and many other in the financial service industry say that the complex rule govern mortgage derivative create enormous compliance and financial management headache with which all cfo be struggle</lemm>
		<bigrams> 0 3895 3896 3897 3534 3905 3906 1956 3908 3909 3910 3911 3912 3913 3916 3917</bigrams>
	</sent>	<sent id="99">
		<raw>The accounting maneuvers that the report says were used to fatten management's wallets do focus an uncomfortable spotlight on Fannie Mae's lush compensation practices.</raw>
		<lemm>the accounting maneuver that the report say be use to fatten management s wallet do focus an uncomfortable spotlight on fannie mae s lush compensation practice</lemm>
		<bigrams> 3924 3730 3928 3935 0 3938 3939</bigrams>
	</sent>	<sent id="100">
		<raw>It also highlights the baronial ways of an organization funded in part by taxpayers and with a charter to help make housing available to low- and moderate-income Americans.</raw>
		<lemm>it also highlight the baronial way of an organization fund in part by taxpayer and with a charter to help make housing available to low- and moderate-income americans</lemm>
		<bigrams> 3940 3943 3946 3955 3956 3957 3961</bigrams>
	</sent>	<sent id="101">
		<raw>Raines earned about $20 million in total compensation last year, while Howard pulled in about $7.7 million.</raw>
		<lemm>raines earn about $20 million in total compensation last year  while howard pull in about $7 7 million</lemm>
		<bigrams> 3962 3965 3967 3968 133 3971 3975 3976</bigrams>
	</sent>	<sent id="102">
		<raw>Since January, Howard has also sold Fannie Mae stock worth about $6.95 million.</raw>
		<lemm>since january  howard have also sell fannie mae stock worth about $6 95 million</lemm>
		<bigrams> 3977 3978 3979 3980 0 939 3981 3984 3985</bigrams>
	</sent>	<sent id="103">
		<raw>A Fannie Mae spokesman said that Howard's stock sales were all scheduled in accordance with a routine sales plan adopted and filed with the SEC in February.</raw>
		<lemm>a fannie mae spokesman say that howard s stock sale be all schedule in accordance with a routine sale plan adopt and file with the sec in february</lemm>
		<bigrams> 0 3987 3988 1754 3995 3996 3997</bigrams>
	</sent>	<sent id="104">
		<raw>With congressional scrutiny mounting, and the Justice Department investigation now at hand, both Raines and Howard have something at stake that is perhaps more precious to them than money: their reputations.</raw>
		<lemm>with congressional scrutiny mount  and the justice department investigation now at hand  both raines and howard have something at stake that be perhaps more precious to them than money  their reputation</lemm>
		<bigrams> 4004 4005 143 2435</bigrams>
	</sent>	<sent id="105">
		<raw>In an unusual agreement with Ofheo reached last Friday, Fannie Mae said it would institute major changes in its accounting and management practices, including separating Howard's duties and instituting new auditing procedures.</raw>
		<lemm>in an unusual agreement with ofheo reach last friday  fannie mae say it would institute major change in its accounting and management practice  include separate howard s duty and institute new auditing procedure</lemm>
		<bigrams> 4025 4026 4027 4028 4029 0 2131 4030 4031 4032 4034 4035 4036 4037 4041 4042 4043</bigrams>
	</sent>	<sent id="106">
		<raw>The company also agreed to add $5 billion in fresh funds to its capital reserve within the next nine months, a move apparently intended to shore up its finances in advance of any financial restatements.</raw>
		<lemm>the company also agree to add $5 billion in fresh fund to its capital reserve within the next nine month  a move apparently intend to shore up its finance in advance of any financial restatement</lemm>
		<bigrams> 198 4044 4047 4048 4050 4052 4053 4055 4056 4059 4060 2429</bigrams>
	</sent>	<sent id="107">
		<raw>That move, however, has not kept investigations from continuing.</raw>
		<lemm>that move  however  have not keep investigation from continue</lemm>
		<bigrams> 4071 4074</bigrams>
	</sent>	<sent id="108">
		<raw>On Wednesday, Raines and Howard will have a chance to air their views before members of Congress.</raw>
		<lemm>on wednesday  raines and howard will have a chance to air their view before member of congress</lemm>
		<bigrams> 4077</bigrams>
	</sent>	<sent id="109">
		<raw>While the complicated nature of the allegations have circumscribed the executives' abilities to speak publicly about recent events, some analysts wonder why one of the most muscular players in Washington has largely fallen silent.</raw>
		<lemm>while the complicated nature of the allegation have circumscribe the executive  ability to speak publicly about recent event  some analyst wonder why one of the most muscular player in washington have largely fall silent</lemm>
		<bigrams> 4088 4093 4096 4099 4102 4106 4110 4111</bigrams>
	</sent>	<sent id="110">
		<raw>"People are shaking their heads, old-timers like me are shaking their heads and saying, 'What kind of game is Fannie playing here?"'</raw>
		<lemm> people be shake their head  old-timer like me be shake their head and say   what kind of game be fannie playing here  </lemm>
		<bigrams> 4115 4116 4125</bigrams>
	</sent>	<sent id="111">
		<raw>Ely said.</raw>
		<lemm>ely say</lemm>
		<bigrams> 4127</bigrams>
	</sent>	<sent id="112">
		<raw>"They have this circling-the-wagons mentality and are not giving anybody, including their investors, a sense of where this is going."</raw>
		<lemm> they have this circling-the-wagons mentality and be not give anybody  include their investor  a sense of where this be go </lemm>
		<bigrams> 4130 4133 4134</bigrams>
	</sent></doc>