<?xml version="1.0" encoding="UTF_8"?>
<doc>	<sent id="0">
		<raw>A new U. S. study will investigate genetic and environmental causes of breast cancer by enrolling 50,000 sisters of women already diagnosed with the disease.</raw>
		<lemm>a new u s study will investigate genetic and environmental cause of breast cancer by enroll @card@ sister of woman already diagnose with the disease</lemm>
		<bigrams> 2266 2270 2273 15 2277 2278 2280 2281</bigrams>
	</sent>	<sent id="1">
		<raw>The Sister Study, conducted by the National Institute of Environmental Health Sciences, part of the government's National Institutes of Health, is the largest study of its kind.</raw>
		<lemm>the sister study  conduct by the national institute of environmental health sciences  part of the government s national institutes of health  be the large study of its kind</lemm>
		<bigrams> 2283 2284 2285 2287 2288 2289 2293 147</bigrams>
	</sent>	<sent id="2">
		<raw>"By studying sisters who share the same genes, often had similar experiences and environments, and are at twice the risk of developing breast cancer, we have a better chance of learning what causes this disease," Dr. Dale Sandler, the study's principal investigator, said in a statement Monday.</raw>
		<lemm> by study sister who share the same gene  often have similar experience and environment  and be at twice the risk of develop breast cancer  we have a good chance of learn what cause this disease   dr dale sandler  the study s principal investigator  say in a statement monday</lemm>
		<bigrams> 2300 2306 2309 2316 15 2319 2324 2325 2326 2329 2330 2332</bigrams>
	</sent>	<sent id="3">
		<raw>The sisters who volunteer will donate blood, urine, toenails, even household dust, to help uncover how daily rituals and routines, as well as genetics, factor into breast cancer risk.</raw>
		<lemm>the sister who volunteer will donate blood  urine  toenail  even household dust  to help uncover how daily ritual and routine  as well as genetics  factor into breast cancer risk</lemm>
		<bigrams> 2336 2337 2338 2339 2340 2341 2343 2346 2353 15 1179</bigrams>
	</sent>	<sent id="4">
		<raw>"Genes are important, but they don't explain it all," said Sandler, chief of the epidemiology branch at the environmental health institute.</raw>
		<lemm> gene be important  but they do n t explain it all   say sandler  chief of the epidemiology branch at the environmental health institute</lemm>
		<bigrams> 2364 2365 2368 2287 2371</bigrams>
	</sent>	<sent id="5">
		<raw>"The truth is that only half of breast cancer cases can be attributed to known factors."</raw>
		<lemm> the truth be that only half of breast cancer case can be attribute to know factor </lemm>
		<bigrams> 15 2377 2382</bigrams>
	</sent>	<sent id="6">
		<raw>For instance, BRCA1 and BRCA2 are genes that normally limit cell growth.</raw>
		<lemm>for instance  brca1 and brca2 be gene that normally limit cell growth</lemm>
		<bigrams> 2384 2390 2391 2392</bigrams>
	</sent>	<sent id="7">
		<raw>Women who inherit an altered version of either gene have a higher risk of getting breast or ovarian cancer.</raw>
		<lemm>woman who inherit an altered version of either gene have a high risk of get breast or ovarian cancer</lemm>
		<bigrams> 2396 2399 1106 2402 1978</bigrams>
	</sent>	<sent id="8">
		<raw>BRCA1 and BRCA2, however, are implicated in just 5 percent to 10 percent of breast cancer cases.</raw>
		<lemm>brca1 and brca2  however  be implicate in just @card@ percent to @card@ percent of breast cancer case</lemm>
		<bigrams> 2404 334 334 15 2377</bigrams>
	</sent>	<sent id="9">
		<raw>Breast cancer is the second most commonly diagnosed cancer in women, after skin cancer.</raw>
		<lemm>breast cancer be the second most commonly diagnose cancer in woman  after skin cancer</lemm>
		<bigrams> 15 2412 2413 2416</bigrams>
	</sent>	<sent id="10">
		<raw>Some 215,990 American women will be diagnosed with breast cancer this year, according to the American Cancer Society.</raw>
		<lemm>some @card@ american woman will be diagnose with breast cancer this year  accord to the american cancer society</lemm>
		<bigrams> 2417 2418 15 2422 941 942</bigrams>
	</sent>	<sent id="11">
		<raw>The disease will kill about 40,110 American women in 2004, according to the Centers for Disease Control and Prevention.</raw>
		<lemm>the disease will kill about @card@ american woman in @card@  accord to the centers for disease control and prevention</lemm>
		<bigrams> 2417 2418 2428 2432</bigrams>
	</sent>	<sent id="12">
		<raw>To be eligible for the study, women need to be between 35 and 74 years old.</raw>
		<lemm>to be eligible for the study  woman need to be between @card@ and @card@ year old</lemm>
		<bigrams> 2436 2437 1256 2441</bigrams>
	</sent>	<sent id="13">
		<raw>Women who have not been diagnosed with breast cancer are eligible if a sister, living or dead, has had breast cancer.</raw>
		<lemm>woman who have not be diagnose with breast cancer be eligible if a sister  living or dead  have have breast cancer</lemm>
		<bigrams> 15 2445 15</bigrams>
	</sent>	<sent id="14">
		<raw>The women will be tracked for 10 years so researchers can study what links the few who get breast cancer compared with the majority who do not.</raw>
		<lemm>the woman will be track for @card@ year so researcher can study what link the few who get breast cancer compare with the majority who do not</lemm>
		<bigrams> 1256 2402 15 1478</bigrams>
	</sent></doc>