<?xml version="1.0" encoding="UTF_8"?>
<doc>	<sent id="0">
		<raw>A new type of drug shows growing promise as a more potent way for many breast cancer patients to significantly cut their risk of a recurrence, researchers reported Wednesday.</raw>
		<lemm>a new type of drug show grow promise as a more potent way for many breast cancer patient to significantly cut their risk of a recurrence  researcher report wednesday</lemm>
		<bigrams> 1 4 5 6 11 14 15 16 19 25 26 27</bigrams>
	</sent>	<sent id="1">
		<raw>The latest findings from a large international study also found that the drug, called an aromatase inhibitor, appears to sharply reduce the chances that many breast cancer patients will develop a new cancer in the other breast or have the cancer spread elsewhere.</raw>
		<lemm>the late finding from a large international study also find that the drug  call an aromatase inhibitor  appear to sharply reduce the chance that many breast cancer patient will develop a new cancer in the other breast or have the cancer spread elsewhere</lemm>
		<bigrams> 29 33 34 35 36 40 43 44 47 14 15 16 55 64 65</bigrams>
	</sent>	<sent id="2">
		<raw>The results were so strong that researchers recommended that most postmenopausal women struck by breast cancer should immediately begin taking an aromatase inhibitor as soon as they complete the standard regimen of surgery, radiation and, often, chemotherapy, instead first going on an older drug.</raw>
		<lemm>the result be so strong that researcher recommend that most postmenopausal woman strike by breast cancer should immediately begin take an aromatase inhibitor as soon as they complete the standard regimen of surgery  radiation and  often  chemotherapy  instead first go on an old drug</lemm>
		<bigrams> 72 76 77 15 82 83 43 92 95 98 99 100 101 105</bigrams>
	</sent>	<sent id="3">
		<raw>Other experts praised the findings as confirming that aromatase inhibitors should play an important role in treating breast cancer patients but said it remains unclear whether all eligible women should immediately begin an aromatase inhibitor.</raw>
		<lemm>other expert praise the finding as confirm that aromatase inhibitor should play an important role in treat breast cancer patient but say it remain unclear whether all eligible woman should immediately begin an aromatase inhibitor</lemm>
		<bigrams> 107 43 118 121 15 16 126 127 130 82 43</bigrams>
	</sent>	<sent id="4">
		<raw>Some patients might still first try the older drug, tamoxifen, they said.</raw>
		<lemm>some patient might still first try the old drug  tamoxifen  they say</lemm>
		<bigrams> 134 135 136 137 105 140</bigrams>
	</sent>	<sent id="5">
		<raw>"This is a very large study and it confirms there is a benefit and that aromatase inhibitors should become part of standard therapy," said JoAnne Zujewski of the National Cancer Institute.</raw>
		<lemm> this be a very large study and it confirm there be a benefit and that aromatase inhibitor should become part of standard therapy   say joanne zujewski of the national cancer institute</lemm>
		<bigrams> 147 43 157 160 161 162 163 167 168</bigrams>
	</sent>	<sent id="6">
		<raw>"But the exact timing of how one should use them remains unclear."</raw>
		<lemm> but the exact timing of how one should use them remain unclear </lemm>
		<bigrams> 171 126</bigrams>
	</sent>	<sent id="7">
		<raw>Before the development of aromatase inhibitors, women whose breast cancers were promoted by the hormone estrogen, which is true of most, were given tamoxifen to reduce their risk of recurrence.</raw>
		<lemm>before the development of aromatase inhibitor  woman whose breast cancer be promote by the hormone estrogen  which be true of most  be give tamoxifen to reduce their risk of recurrence</lemm>
		<bigrams> 43 183 184 185 15 191 199</bigrams>
	</sent>	<sent id="8">
		<raw>Tamoxifen blunts estrogen's effects.</raw>
		<lemm>tamoxifen blunt estrogen s effect</lemm>
		<bigrams> 204 205</bigrams>
	</sent>	<sent id="9">
		<raw>But tamoxifen can be taken only for five years and increases the risk of uterine cancer and blood clots that can cause strokes.</raw>
		<lemm>but tamoxifen can be take only for five year and increase the risk of uterine cancer and blood clot that can cause stroke</lemm>
		<bigrams> 215 221 224 228</bigrams>
	</sent>	<sent id="10">
		<raw>Aromatase inhibitors block the formation of estrogen in the first place and carry none of those risks.</raw>
		<lemm>aromatase inhibitor block the formation of estrogen in the first place and carry none of those risk</lemm>
		<bigrams> 43 229 236 239</bigrams>
	</sent>	<sent id="11">
		<raw>They do not, however, reduce the risk of osteoporosis, as tamoxifen does.</raw>
		<lemm>they do not  however  reduce the risk of osteoporosis  as tamoxifen do</lemm>
		<bigrams> 246</bigrams>
	</sent>	<sent id="12">
		<raw>But it's been unclear whether women should take tamoxifen first and then switch to an aromatase inhibitor, or simply take an aromatase inhibitor from the start.</raw>
		<lemm>but it have be unclear whether woman should take tamoxifen first and then switch to an aromatase inhibitor  or simply take an aromatase inhibitor from the start</lemm>
		<bigrams> 127 255 257 258 43 266 43</bigrams>
	</sent>	<sent id="13">
		<raw>The new findings are from a study involving 9,366 postmenopausal women with early, estrogen-sensitive breast cancer who took either tamoxifen or an aromatase inhibitor called Arimidex (known generically as anastrozole).</raw>
		<lemm>the new finding be from a study involve @card@ postmenopausal woman with early  estrogen-sensitive breast cancer who take either tamoxifen or an aromatase inhibitor call arimidex ( know generically as anastrozole )</lemm>
		<bigrams> 271 275 276 277 76 280 281 15 284 285 43 288 289 290 291 292 295</bigrams>
	</sent>	<sent id="14">
		<raw>The researchers had previously reported data from three years of study that showed Arimidex prevented more recurrences than tamoxifen.</raw>
		<lemm>the researcher have previously report datum from three year of study that show arimidex prevent more recurrence than tamoxifen</lemm>
		<bigrams> 299 300 303 308 309</bigrams>
	</sent>	<sent id="15">
		<raw>The new data found the benefits continued after five years and appeared to be even greater, the researchers said.</raw>
		<lemm>the new datum find the benefit continue after five year and appear to be even great  the researcher say</lemm>
		<bigrams> 314 315 318 215 324 326</bigrams>
	</sent>	<sent id="16">
		<raw>Tamoxifen cut the recurrence risk by about 50 percent; Arimidex appeared to reduce recurrence by an extra 26 percent, the researchers said.</raw>
		<lemm>tamoxifen cut the recurrence risk by about @card@ percent  arimidex appear to reduce recurrence by an extra @card@ percent  the researcher say</lemm>
		<bigrams> 327 330 334 335 336 337 341 334 326</bigrams>
	</sent>	<sent id="17">
		<raw>"We think women should start right away with an aromatase inhibitor," said Anthony Howell of the Christie Hospital in Manchester, England, who presented the findings at a meeting in San Antonio, Texas.</raw>
		<lemm> we think woman should start right away with an aromatase inhibitor   say anthony howell of the christie hospital in manchester  england  who present the finding at a meeting in san antonio  texas</lemm>
		<bigrams> 344 346 347 43 350 351 352 355 358 367 368</bigrams>
	</sent>	<sent id="18">
		<raw>"We think the benefit justifies offering this treatment as early as possible."</raw>
		<lemm> we think the benefit justify offer this treatment as early as possible </lemm>
		<bigrams> 370 371</bigrams>
	</sent>	<sent id="19">
		<raw>Other research presented at the meeting found that switching to Arimidex or another aromatase inhibitor, called Aromasin, was more effective than staying on tamoxifen for five years.</raw>
		<lemm>other research present at the meeting find that switch to arimidex or another aromatase inhibitor  call aromasin  be more effective than stay on tamoxifen for five year</lemm>
		<bigrams> 379 383 388 43 288 389 215</bigrams>
	</sent>	<sent id="20">
		<raw>"This data strengthens the thinking that tamoxifen is tending to die out as a treatment and is being replaced by these aromatase inhibitors," Howell said.</raw>
		<lemm> this data strengthen the thinking that tamoxifen be tend to die out as a treatment and be be replace by these aromatase inhibitor   howell say</lemm>
		<bigrams> 399 43 418 419</bigrams>
	</sent>	<sent id="21">
		<raw>But other experts said the data simply confirmed the study's earlier findings and that the results of other ongoing studies were needed before changing the standard recommendations.</raw>
		<lemm>but other expert say the datum simply confirm the study s early finding and that the result of other ongoing study be need before change the standard recommendation</lemm>
		<bigrams> 421 424 425 430 435 441</bigrams>
	</sent>	<sent id="22">
		<raw>"I would say that these results generally provide confirmation of what was previously seen in this trial but are not strikingly different," said Eric Winer of the Dana-Farber Cancer Institute in Boston.</raw>
		<lemm> i would say that these result generally provide confirmation of what be previously see in this trial but be not strikingly different   say eric winer of the dana-farber cancer institute in boston</lemm>
		<bigrams> 443 447 448 449 454 462 463 464 465 468 168</bigrams>
	</sent>	<sent id="23">
		<raw>Winer chaired a panel for the American Society of Clinical Oncology that last month recommended that aromatase inhibitors become part of the standard arsenal of drugs used to treat breast cancer, but that the exact strategy of how to use them remains unclear.</raw>
		<lemm>winer chair a panel for the american society of clinical oncology that last month recommend that aromatase inhibitor become part of the standard arsenal of drug use to treat breast cancer  but that the exact strategy of how to use them remain unclear</lemm>
		<bigrams> 471 477 480 483 484 43 485 157 486 488 121 15 493 126</bigrams>
	</sent>	<sent id="24">
		<raw>"We still should be careful not to rush to judgment as to what the best way should be to use these drugs," Winer said.</raw>
		<lemm> we still should be careful not to rush to judgment as to what the good way should be to use these drug   winer say</lemm>
		<bigrams> 511 516 517</bigrams>
	</sent>	<sent id="25">
		<raw>The new study was funded by AstraZeneca, which makes the drug, but Howell said the researchers had complete independence.</raw>
		<lemm>the new study be fund by astrazeneca  which make the drug  but howell say the researcher have complete independence</lemm>
		<bigrams> 518 419 528</bigrams>
	</sent>	<sent id="26">
		<raw>The National Health Research Institutes (NHRI) Wednesday established a strategic alliance with U. S.-based Bridge Pharmaceuticals on the research and development of cancer medicines.</raw>
		<lemm>the national health research institutes ( nhri ) wednesday establish a strategic alliance with u s -based bridge pharmaceuticals on the research and development of cancer medicine</lemm>
		<bigrams> 529 530 531 532 533 534 535 536 539 544 545 552</bigrams>
	</sent>	<sent id="27">
		<raw>The first cooperation project between the two sides will be the clinical development in Taiwan of two new cancer medicines, SR-13668 and SR-16158, NHRI officials said.</raw>
		<lemm>the first cooperation project between the two side will be the clinical development in taiwan of two new cancer medicine  sr-13668 and sr-16158  nhri official say</lemm>
		<bigrams> 553 554 558 563 568 55 552 569 572 573 574</bigrams>
	</sent>	<sent id="28">
		<raw>The two medicines have been tested on animals in the United States and have been shown to be effective in inhibiting the growth of cancer cells, the officials said.</raw>
		<lemm>the two medicine have be test on animal in the united states and have be show to be effective in inhibit the growth of cancer cell  the official say</lemm>
		<bigrams> 575 582 593 574</bigrams>
	</sent>	<sent id="29">
		<raw>The first phase of clinical trials on humans is expected to start next year in Taiwan, they said.</raw>
		<lemm>the first phase of clinical trial on human be expect to start next year in taiwan  they say</lemm>
		<bigrams> 596 598 605 606</bigrams>
	</sent>	<sent id="30">
		<raw>The SR-13668 is for oral consumption and can curb the AKT retroviral oncogene protein, which is extremely active in patients with malignant tumors, including breast cancer, lung cancer, prostate cancer, liver cancer, ovary cancer and colon cancer, according to the NHRI.</raw>
		<lemm>the sr-13668 be for oral consumption and can curb the akt retroviral oncogene protein  which be extremely active in patient with malignant tumor  include breast cancer  lung cancer  prostate cancer  liver cancer  ovary cancer and colon cancer  accord to the nhri</lemm>
		<bigrams> 613 619 620 621 624 629 630 631 15 632 633 634 635 636 637 638 639 641 642</bigrams>
	</sent>	<sent id="31">
		<raw>The SR-16158, meanwhile, is intended for the treatment of breast cancer.</raw>
		<lemm>the sr-16158  meanwhile  be intend for the treatment of breast cancer</lemm>
		<bigrams> 647 15</bigrams>
	</sent>	<sent id="32">
		<raw>Jacqueline Whang-Peng, director of the NHRI's Division of Cancer Research, said that compared with existing cancer medicines, the two drugs have produced better therapeutic results and less side effects.</raw>
		<lemm>jacqueline whang-peng  director of the nhri s division of cancer research  say that compare with exist cancer medicine  the two drug have produce well therapeutic result and less side effect</lemm>
		<bigrams> 654 655 660 661 665 552 667 670 671 672 675 676</bigrams>
	</sent>	<sent id="33">
		<raw>Compared with hormonal drugs, SR-16158 is less likely to trigger cardiovascular disease in patients, Whang-Peng said.</raw>
		<lemm>compare with hormonal drug  sr-16158 be less likely to trigger cardiovascular disease in patient  whang-peng say</lemm>
		<bigrams> 678 679 682 685 686 688 689</bigrams>
	</sent>	<sent id="34">
		<raw>She said the two new medicines will be available on the market three years from now at the earliest if the clinical trials proceed smoothly.</raw>
		<lemm>she say the two new medicine will be available on the market three year from now at the early if the clinical trial proceed smoothly</lemm>
		<bigrams> 568 691 696 303 598 703 704</bigrams>
	</sent>	<sent id="35">
		<raw>An underactive thyroid gland, a condition afflicting as many as 20 percent of older women, also apparently lessens a woman's chances of developing an aggressive form of breast cancer, according to a study that provides new evidence for a long-debated link.</raw>
		<lemm>an underactive thyroid gland  a condition afflict as many as @card@ percent of old woman  also apparently lessen a woman s chance of develop an aggressive form of breast cancer  accord to a study that provide new evidence for a long-debated link</lemm>
		<bigrams> 706 707 710 334 717 718 719 720 729 15 642 733 734 738</bigrams>
	</sent>	<sent id="36">
		<raw>Doctors at the University of Texas M. D. Anderson Cancer Center found that women who were diagnosed with hypothyroidism were less likely to have breast cancer, and those who did were likely to have a less-aggressive form of the disease.</raw>
		<lemm>doctor at the university of texas m d anderson cancer center find that woman who be diagnose with hypothyroidism be less likely to have breast cancer  and those who do be likely to have a less-aggressive form of the disease</lemm>
		<bigrams> 746 747 748 682 15 765</bigrams>
	</sent>	<sent id="37">
		<raw>The study spotlights the role that hormones besides estrogen play in development and progression of the hormone-sensitive cancer, said Dr. Massimo Cristofanilli, an associate professor of breast oncology and the lead author of the study.</raw>
		<lemm>the study spotlight the role that hormone besides estrogen play in development and progression of the hormone-sensitive cancer  say dr massimo cristofanilli  an associate professor of breast oncology and the lead author of the study</lemm>
		<bigrams> 767 772 773 774 781 782 783 784 785 788 790 794</bigrams>
	</sent>	<sent id="38">
		<raw>The results could help researchers develop new medications for treatment and prevention of breast cancer, he said.</raw>
		<lemm>the result could help researcher develop new medication for treatment and prevention of breast cancer  he say</lemm>
		<bigrams> 796 797 798 799 800 801 15</bigrams>
	</sent>	<sent id="39">
		<raw>"We have been focusing only on one hormone acting on the breast tissue, but there is a variety of other hormones that create the environment for the development of cancer," Cristofanilli said.</raw>
		<lemm> we have be focus only on one hormone act on the breast tissue  but there be a variety of other hormone that create the environment for the development of cancer   cristofanilli say</lemm>
		<bigrams> 813 814 817 828 829</bigrams>
	</sent>	<sent id="40">
		<raw>"Thyroid appears to be one of them."</raw>
		<lemm> thyroid appear to be one of them </lemm>
		<bigrams> 830</bigrams>
	</sent>	<sent id="41">
		<raw>Scientists long have been intrigued by the role of the thyroid gland in breast disease.</raw>
		<lemm>scientist long have be intrigue by the role of the thyroid gland in breast disease</lemm>
		<bigrams> 834 707 842</bigrams>
	</sent>	<sent id="42">
		<raw>More than a century ago, a doctor in Scotland fed thyroid hormone to women whose breast cancer had spread throughout their body.</raw>
		<lemm>more than a century ago  a doctor in scotland feed thyroid hormone to woman whose breast cancer have spread throughout their body</lemm>
		<bigrams> 846 851 852 853 184 185 15 858</bigrams>
	</sent>	<sent id="43">
		<raw>Since then, smaller studies on women with several thyroid conditions have generated conflicting results.</raw>
		<lemm>since then  small study on woman with several thyroid condition have generate conflicting result</lemm>
		<bigrams> 863 867 868 871 872</bigrams>
	</sent>	<sent id="44">
		<raw>The thyroid is a butterfly-shaped gland in the front of the neck that produces a variety of hormones regulating body metabolism.</raw>
		<lemm>the thyroid be a butterfly-shaped gland in the front of the neck that produce a variety of hormone regulate body metabolism</lemm>
		<bigrams> 875 883 884 885</bigrams>
	</sent>	<sent id="45">
		<raw>Thyroid hormones affect growth, fertility and the body's use of nutrients and oxygen.</raw>
		<lemm>thyroid hormone affect growth  fertility and the body s use of nutrient and oxygen</lemm>
		<bigrams> 853 886 887 888</bigrams>
	</sent>	<sent id="46">
		<raw>Hypothyroidism occurs when production of these vital hormones slows down.</raw>
		<lemm>hypothyroidism occur when production of these vital hormone slow down</lemm>
		<bigrams> 897 903 904</bigrams>
	</sent>	<sent id="47">
		<raw>Symptoms can include dry skin, weight gain, sensitivity to cold, forgetfulness and fertility problems.</raw>
		<lemm>symptom can include dry skin  weight gain  sensitivity to cold  forgetfulness and fertility problem</lemm>
		<bigrams> 908 909 910 911 912 915 918</bigrams>
	</sent>	<sent id="48">
		<raw>The cause is unknown, although some evidence points to an immune system malfunction, Cristofanilli noted.</raw>
		<lemm>the cause be unknown  although some evidence point to an immune system malfunction  cristofanilli note</lemm>
		<bigrams> 922 925 928 929 930 931</bigrams>
	</sent>	<sent id="49">
		<raw>The study was published Monday in the online journal Cancer, a publication of the American Cancer Society.</raw>
		<lemm>the study be publish monday in the online journal cancer  a publication of the american cancer society</lemm>
		<bigrams> 933 936 937 941 942</bigrams>
	</sent>	<sent id="50">
		<raw>Scientists compared 1,036 women who had been treated for breast cancer to 1,088 healthy women who had attended the hospital's screening clinics.</raw>
		<lemm>scientist compare @card@ woman who have be treat for breast cancer to @card@ healthy woman who have attend the hospital s screening clinic</lemm>
		<bigrams> 943 944 945 15 952 953 959</bigrams>
	</sent>	<sent id="51">
		<raw>Women with underactive thyroid glands had a 61 percent lower risk of having invasive breast cancer, or aggressive cancer that had spread into surrounding breast tissue or lymph nodes.</raw>
		<lemm>woman with underactive thyroid gland have a @card@ percent low risk of have invasive breast cancer  or aggressive cancer that have spread into surround breast tissue or lymph node</lemm>
		<bigrams> 706 707 334 963 964 967 15 970 975 817 978</bigrams>
	</sent>	<sent id="52">
		<raw>Cristofanilli noted that the women with underactive thyroid glands all were taking thyroid hormone replacements, which suggests it is not the thyroid hormone level itself that influences the growth of breast cancer.</raw>
		<lemm>cristofanilli note that the woman with underactive thyroid gland all be take thyroid hormone replacement  which suggest it be not the thyroid hormone level itself that influence the growth of breast cancer</lemm>
		<bigrams> 931 706 707 983 853 984 853 990 15</bigrams>
	</sent>	<sent id="53">
		<raw>He said doctors need to study whether the immune system response in these women is playing some role in slowing or preventing breast cancer.</raw>
		<lemm>he say doctor need to study whether the immune system response in these woman be play some role in slow or prevent breast cancer</lemm>
		<bigrams> 995 996 999 928 1002 1013 15</bigrams>
	</sent>	<sent id="54">
		<raw>"This is good news, because it indicates that the condition that brings out hypothyroidism is protective enough that it either delays or creates the possibility of developing a less aggressive form of the disease," he said.</raw>
		<lemm> this be good news  because it indicate that the condition that bring out hypothyroidism be protective enough that it either delay or create the possibility of develop a less aggressive form of the disease   he say</lemm>
		<bigrams> 1015 1026 1030 1036 729</bigrams>
	</sent>	<sent id="55">
		<raw>An Australian research suggests that taking oral contraceptives reduces the risk of breast cancer carrying breast cancer genes.</raw>
		<lemm>an australian research suggest that take oral contraceptive reduce the risk of breast cancer carry breast cancer gene</lemm>
		<bigrams> 1039 1040 1043 1044 1045 15 1046 1047 15 1048</bigrams>
	</sent>	<sent id="56">
		<raw>The study found those with an inherited mutation in the BRCA1 gene, a known risk factor for early onset breast cancer, were about four times less likely to develop the disease if they were taking oral contraceptives.</raw>
		<lemm>the study find those with an inherit mutation in the brca1 gene  a know risk factor for early onset breast cancer  be about four time less likely to develop the disease if they be take oral contraceptive</lemm>
		<bigrams> 1049 1053 1056 1059 1060 1063 1064 15 1067 1068 682 1043 1044</bigrams>
	</sent>	<sent id="57">
		<raw>The study was conducted by researchers from University of Melbourne on some 2,000 women under the age of 40, including 1,156 breast cancer patients in Australia, Canada and the United States.</raw>
		<lemm>the study be conduct by researcher from university of melbourne on some @card@ woman under the age of @card@  include @card@ breast cancer patient in australia  canada and the united states</lemm>
		<bigrams> 945 1088 1089 1090 15 16 1093 582</bigrams>
	</sent>	<sent id="58">
		<raw>The findings go against the researchers' original hypothesis that the pill would increase breast cancer in high risk groups.</raw>
		<lemm>the finding go against the researcher  original hypothesis that the pill would increase breast cancer in high risk group</lemm>
		<bigrams> 1095 1098 1099 1102 1103 1104 15 1106 1107</bigrams>
	</sent>	<sent id="59">
		<raw>"We really thought that oral contraceptives would be bad," John Hopper, director of the university's Center for Genetic Epidemiology, was quoted by Australian Associated Press as saying Wednesday.</raw>
		<lemm> we really think that oral contraceptive would be bad   john hopper  director of the university s center for genetic epidemiology  be quote by australian associated press as say wednesday</lemm>
		<bigrams> 1109 1044 1112 1115 1116 1117 1122 1127 1128 1131</bigrams>
	</sent>	<sent id="60">
		<raw>The study suggested young women who carried inherited variations of the BRCA1 or BRCA2 genes should not be discouraged from using oral contraceptives.</raw>
		<lemm>the study suggest young woman who carry inherit variation of the brca1 or brca2 gene should not be discourage from use oral contraceptive</lemm>
		<bigrams> 1132 1133 1134 1136 1137 1141 1148 1044</bigrams>
	</sent>	<sent id="61">
		<raw>"We don't believe that you can say oral contraceptive use is going to be the magic elixir yet but we do say that the use of oral contraceptives should not be contraindicated (in women with a high genetic breast cancer risk)," Hopper said.</raw>
		<lemm> we do n t believe that you can say oral contraceptive use be go to be the magic elixir yet but we do say that the use of oral contraceptive should not be contraindicate ( in woman with a high genetic breast cancer risk )   hopper say</lemm>
		<bigrams> 1157 1044 1158 1163 1164 1044 1172 1177 1178 15 1179 1180 1181 1182</bigrams>
	</sent>	<sent id="62">
		<raw>"There's no strong guidelines but, in general, women are being advised cautiously not to use oral contraceptives if they are carriers ... but that's not necessarily found in evidence," he said.</raw>
		<lemm> there be no strong guideline but  in general  woman be be advise cautiously not to use oral contraceptive if they be carrier   but that be not necessarily find in evidence   he say</lemm>
		<bigrams> 1185 1189 1191 1148 1044 1198</bigrams>
	</sent>	<sent id="63">
		<raw>"They definitely have the power to make life decisions about the use of oral contraceptives not worrying overly about the effect it may have on their breast cancer risks," he said.</raw>
		<lemm> they definitely have the power to make life decision about the use of oral contraceptive not worry overly about the effect it may have on their breast cancer risk   he say</lemm>
		<bigrams> 1207 1208 1044 1213 15 1179</bigrams>
	</sent>	<sent id="64">
		<raw>Local researchers have found that radiation therapy likely no longer leaves breast cancer patients at an increased risk of potentially deadly heart disease.</raw>
		<lemm>local researcher have find that radiation therapy likely no longer leave breast cancer patient at an increase risk of potentially deadly heart disease</lemm>
		<bigrams> 1223 1226 1227 1230 1231 15 16 1235 1237 1238 1239</bigrams>
	</sent>	<sent id="65">
		<raw>A study by researchers at the University of Texas M. D. Anderson Cancer Center shows the risk, significant in the 1960s and 1970s, has steadily declined over the past 25 years until it is now probably gone.</raw>
		<lemm>a study by researcher at the university of texas m d anderson cancer center show the risk  significant in the 1960s and 1970s  have steadily decline over the past @card@ year until it be now probably go</lemm>
		<bigrams> 746 747 1242 1244 1251 1255 1256 1261</bigrams>
	</sent>	<sent id="66">
		<raw>"To the best of our knowledge, radiation is safe for breast cancer patients," said Dr. Sharon Giordano, the study's lead author and a professor in M. D. Anderson's department of breast medical oncology.</raw>
		<lemm> to the good of our knowledge  radiation be safe for breast cancer patient   say dr sharon giordano  the study s lead author and a professor in m d anderson s department of breast medical oncology</lemm>
		<bigrams> 1265 15 16 1269 783 1270 1271 794 1282 1283</bigrams>
	</sent>	<sent id="67">
		<raw>"This is great news that should allow women to choose to have radiation without fear it could cause heart disease."</raw>
		<lemm> this be great news that should allow woman to choose to have radiation without fear it could cause heart disease </lemm>
		<bigrams> 1285 1289 1294 1295 1298 1299 1239</bigrams>
	</sent>	<sent id="68">
		<raw>But Giordano cautioned that long-term follow-up is needed because the effects of radiation near the heart may not show up until 15 years after treatment.</raw>
		<lemm>but giordano caution that long-term follow-up be need because the effect of radiation near the heart may not show up until @card@ year after treatment</lemm>
		<bigrams> 1301 1304 1310 1313 1256</bigrams>
	</sent>	<sent id="69">
		<raw>It has not been that long for some of the patients in the study.</raw>
		<lemm>it have not be that long for some of the patient in the study</lemm>
		<bigrams></bigrams>
	</sent>	<sent id="70">
		<raw>Giordano attributed the improvement to advances in technology and techniques that enable therapists to individualize radiation treatment, better targeting each patient's tumor.</raw>
		<lemm>giordano attribute the improvement to advance in technology and technique that enable therapist to individualize radiation treatment  well target each patient s tumor</lemm>
		<bigrams> 1328 1339 1342 1343 1344 1345</bigrams>
	</sent>	<sent id="71">
		<raw>In the past, she said, it really was "one size fits all."</raw>
		<lemm>in the past  she say  it really be  one size fit all </lemm>
		<bigrams> 1353 1354</bigrams>
	</sent>	<sent id="72">
		<raw>Doctors have been telling patients for years that radiation is much safer than it used to be, but the study is the first to offer evidence to support the position.</raw>
		<lemm>doctor have be tell patient for year that radiation be much safe than it use to be  but the study be the first to offer evidence to support the position</lemm>
		<bigrams> 1358 1363 1370</bigrams>
	</sent>	<sent id="73">
		<raw>The study was published in Wednesday's Journal of the National Cancer Institute.</raw>
		<lemm>the study be publish in wednesday s journal of the national cancer institute</lemm>
		<bigrams> 167 168</bigrams>
	</sent>	<sent id="74">
		<raw>Following surgery, close to 50 percent of women with breast cancer undergo radiation, which can cut the odds of cancer returning by two-thirds.</raw>
		<lemm>follow surgery  close to @card@ percent of woman with breast cancer undergo radiation  which can cut the odd of cancer return by two-third</lemm>
		<bigrams> 1380 1381 334 15 1385 1386 1392</bigrams>
	</sent>	<sent id="75">
		<raw>But studies in the '60s and '70s showed radiation for breast cancer also exposed the heart in women with left-sided tumors and increased their risk of heart attack and dying from heart disease.</raw>
		<lemm>but study in the  60s and  70s show radiation for breast cancer also expose the heart in woman with left-sided tumor and increase their risk of heart attack and die from heart disease</lemm>
		<bigrams> 1400 1401 15 1403 1404 1408 1412 1239</bigrams>
	</sent>	<sent id="76">
		<raw>It continued to be used because the benefit was greater than the risk.</raw>
		<lemm>it continue to be use because the benefit be great than the risk</lemm>
		<bigrams></bigrams>
	</sent>	<sent id="77">
		<raw>Giordano and colleagues studied the records of more than 27,000 women treated for breast cancer from 1973 to 1989, 13,998 with cancer in the left breast (near the heart) and 13,285 with cancer in the right breast.</raw>
		<lemm>giordano and colleague study the record of more than @card@ woman treat for breast cancer from @card@ to @card@  @card@ with cancer in the left breast ( near the heart ) and @card@ with cancer in the right breast</lemm>
		<bigrams> 1426 945 1432 15 1436 1440 1441 1442 1443 1447</bigrams>
	</sent>	<sent id="78">
		<raw>Of the women who underwent surgery in the 1970s, the death rate for heart disease among those with tumors on the left side was 13.1 percent.</raw>
		<lemm>of the woman who undergo surgery in the 1970s  the death rate for heart disease among those with tumor on the left side be @card@ percent</lemm>
		<bigrams> 1449 1454 1239 1457 1461 334</bigrams>
	</sent>	<sent id="79">
		<raw>It was 10.2 percent for those with right-breast cancer.</raw>
		<lemm>it be @card@ percent for those with right-breast cancer</lemm>
		<bigrams> 334 1467</bigrams>
	</sent>	<sent id="80">
		<raw>But during the 1980s, the risk declined by 6 percent annually in women with left-sided breast cancer compared with those with the disease on their right side, according to the study.</raw>
		<lemm>but during the 1980s  the risk decline by @card@ percent annually in woman with left-sided breast cancer compare with those with the disease on their right side  accord to the study</lemm>
		<bigrams> 1472 334 1475 1477 15 1478 1483 1484</bigrams>
	</sent>	<sent id="81">
		<raw>The heart disease death rate of both groups diagnosed during the decade was about 5.5 percent.</raw>
		<lemm>the heart disease death rate of both group diagnose during the decade be about @card@ percent</lemm>
		<bigrams> 1239 1485 1454 1489 334</bigrams>
	</sent>	<sent id="82">
		<raw>In an accompanying editorial, Dr. Jack Cuzick of London's Wolfson Institute of Preventive Medicine said follow-up is "essential" to obtain "definitive evidence" the risk has been completely eliminated.</raw>
		<lemm>in an accompanying editorial  dr jack cuzick of london s wolfson institute of preventive medicine say follow-up be  essential  to obtain  definitive evidence  the risk have be completely eliminate</lemm>
		<bigrams> 1495 1496 1497 1498 1503 1506 1507 1508 1512 1513 1517</bigrams>
	</sent>	<sent id="83">
		<raw>Giordano said the team has such follow-up plans.</raw>
		<lemm>giordano say the team have such follow-up plan</lemm>
		<bigrams> 1518 1523</bigrams>
	</sent>	<sent id="84">
		<raw>Olive oil can help fight breast cancer, a discovery that researchers said in a study out Sunday could guide the development of related treatment.</raw>
		<lemm>olive oil can help fight breast cancer  a discovery that researcher say in a study out sunday could guide the development of related treatment</lemm>
		<bigrams> 1524 1527 1528 15 326 1535 1536 1539</bigrams>
	</sent>	<sent id="85">
		<raw>"Our findings underpin epidemiological studies that show that the Mediterranean diet has significant protective effects against cancer, heart disease and ageing," said the study's lead author Javier Menendez, of Northwestern University's Feinberg medical school in Chicago.</raw>
		<lemm> our finding underpin epidemiological study that show that the mediterranean diet have significant protective effect against cancer  heart disease and age   say the study s lead author javier menendez  of northwestern university s feinberg medical school in chicago</lemm>
		<bigrams> 1541 1542 1543 1546 1549 1550 1553 1239 1556 794 1557 1558 1561 1563 1564</bigrams>
	</sent>	<sent id="86">
		<raw>Researchers showed in a series of laboratory experiments on breast cancer cells that oleic acid, found in olive oil, dramatically cuts the levels of a cancer-promoting gene called Her-2/neu (also known as erb B-2), according to Menendez.</raw>
		<lemm>researcher show in a series of laboratory experiment on breast cancer cell that oleic acid  find in olive oil  dramatically cut the level of a cancer-promoting gene call her-2/neu ( also know as erb b-2 )  accord to menendez</lemm>
		<bigrams> 1567 1572 15 593 1577 1578 1524 1580 1581 1585 1586 1587 1588 1589 1590 1593 1594 1595</bigrams>
	</sent>	<sent id="87">
		<raw>High levels of the gene occur in over a fifth of breast cancer patients and are associated with highly aggressive tumors that have a poor prognosis, according to findings reported in the January 10 Annals of Oncology.</raw>
		<lemm>high level of the gene occur in over a fifth of breast cancer patient and be associate with highly aggressive tumor that have a poor prognosis  accord to finding report in the january @card@ annals of oncology</lemm>
		<bigrams> 1597 1599 15 16 1609 1610 1613 1614 1616 1619 1620</bigrams>
	</sent>	<sent id="88">
		<raw>Oleic acid suppressed the gene, and other tests showed that it boosted an antibody treatment trastuzumab (Herceptin), which targets the gene and has helped to prolong the lives of many breast cancer patients, the researchers said.</raw>
		<lemm>oleic acid suppress the gene  and other test show that it boost an antibody treatment trastuzumab ( herceptin )  which target the gene and have help to prolong the life of many breast cancer patient  the researcher say</lemm>
		<bigrams> 1577 1623 1628 1632 1633 1634 1635 1636 14 15 16 326</bigrams>
	</sent>	<sent id="89">
		<raw>Menendez said the findings should not only help in understanding the molecular mechanisms by which individual dietary fatty acids regulate the malignant behavior of breast cancer cells, but also suggested eating oleic acid may help Herceptin work in breast cancer patients with the Her-2/neu gene.</raw>
		<lemm>menendez say the finding should not only help in understand the molecular mechanism by which individual dietary fatty acid regulate the malignant behavior of breast cancer cell  but also suggest eat oleic acid may help herceptin work in breast cancer patient with the her-2/neu gene</lemm>
		<bigrams> 1648 1656 1660 1661 1662 1663 1666 15 593 1670 1671 1672 1577 1673 1674 1675 1676 15 16 1679</bigrams>
	</sent>	<sent id="90">
		<raw>"To our knowledge this is the first report that a dietary monounsaturated fatty acid previously suggested to be protective against breast cancer significantly down-regulates the expression of Her-2/neu, cutting it by up to 46 percent.</raw>
		<lemm> to our knowledge this be the first report that a dietary monounsaturated fatty acid previously suggest to be protective against breast cancer significantly down-regulates the expression of her-2/neu  cut it by up to @card@ percent</lemm>
		<bigrams> 1682 1686 1687 1662 1688 1689 15 1693 1694 1699 334</bigrams>
	</sent>	<sent id="91">
		<raw>Her-2/neu is one of the most important oncogenes in breast cancer," said Menendez.</raw>
		<lemm>her-2/neu be one of the most important oncogene in breast cancer   say menendez</lemm>
		<bigrams> 1707 15 782 1709</bigrams>
	</sent>	<sent id="92">
		<raw>"In our tests, oleic acid's inhibition of Her-2/neu synergistically interacted with Herceptin-based immunotherapy by promoting the death of breast cancer cells exhibiting high levels of the oncogene.</raw>
		<lemm> in our test  oleic acid s inhibition of her-2/neu synergistically interact with herceptin-based immunotherapy by promote the death of breast cancer cell exhibit high level of the oncogene</lemm>
		<bigrams> 1712 1577 1716 1717 1720 15 593 1725 1726 1597</bigrams>
	</sent>	<sent id="93">
		<raw>"Additionally, alongside the sensitizing effect of oleic acid on the efficacy of Herceptin we found it increased the expression of a protein (p27Kip1), a tumor suppresser protein, which is implicated in the development of resistance to Herceptin treatment."</raw>
		<lemm> additionally  alongside the sensitize effect of oleic acid on the efficacy of herceptin we find it increase the expression of a protein ( p27kip1 )  a tumor suppresser protein  which be implicate in the development of resistance to herceptin treatment </lemm>
		<bigrams> 1728 1731 1577 1742 1743 1744 1747 1748 1754</bigrams>
	</sent>	<sent id="94">
		<raw>Menendez worked with Ruth Lupu, director of the Evanston Northwestern Health Research Institute's Breast Cancer Translational Program and Ramon Colomer, head of the Medical Oncology Division at Institut Catala d' Oncologia in Girona, Spain.</raw>
		<lemm>menendez work with ruth lupu  director of the evanston northwestern health research institute s breast cancer translational program and ramon colomer  head of the medical oncology division at institut catala d  oncologia in girona  spain</lemm>
		<bigrams> 1755 1758 1759 1761 1762 530 1763 15 1766 1767 1770 1771 1283 1774 1777 1782</bigrams>
	</sent>	<sent id="95">
		<raw>Scientists in the Netherlands say they have developed a powerful diagnostic tool, based on a telltale gene "signature," that could help breast-cancer patients avoid unnecessary follow-up treatment.</raw>
		<lemm>scientist in the netherlands say they have develop a powerful diagnostic tool  base on a telltale gene  signature   that could help breast-cancer patient avoid unnecessary follow-up treatment</lemm>
		<bigrams> 1785 1790 1791 1792 1796 1797 797 1800 1801 1802 1803 1804 1805</bigrams>
	</sent>	<sent id="96">
		<raw>The research, reported in next Saturday's issue of the British medical weekly The Lancet, is focussed on a condition called lymph-node negative breast cancer.</raw>
		<lemm>the research  report in next saturday s issue of the british medical weekly the lancet  be focus on a condition call lymph-node negative breast cancer</lemm>
		<bigrams> 1806 1808 1813 1814 1819 1820 1821 1822 15</bigrams>
	</sent>	<sent id="97">
		<raw>If diagnosed in time, up to 70 percent of women who are given surgery or radiotherapy for this disease are cured.</raw>
		<lemm>if diagnose in time  up to @card@ percent of woman who be give surgery or radiotherapy for this disease be cure</lemm>
		<bigrams> 334 1827</bigrams>
	</sent>	<sent id="98">
		<raw>The treatment usually entails follow-up care in the form of chemotherapy, powerful drugs that act on tumours, or hormone treatment.</raw>
		<lemm>the treatment usually entail follow-up care in the form of chemotherapy  powerful drug that act on tumour  or hormone treatment</lemm>
		<bigrams> 1835 1836 1837 1838 1842 1843 1849</bigrams>
	</sent>	<sent id="99">
		<raw>Such medication is routinely recommended as a precaution to prevent any recurrence of the cancer.</raw>
		<lemm>such medication be routinely recommend as a precaution to prevent any recurrence of the cancer</lemm>
		<bigrams> 1853</bigrams>
	</sent>	<sent id="100">
		<raw>Only about a third of all patients actually need the follow-up therapy, however, which can be aggressive with big side-effects.</raw>
		<lemm>only about a third of all patient actually need the follow-up therapy  however  which can be aggressive with big side-effect</lemm>
		<bigrams> 1867 1868 1871 1872 1877</bigrams>
	</sent>	<sent id="101">
		<raw>Dutch doctors believe that the new diagnostic can help pinpoint those women who are genetically more at risk of a recurrence than others, and this could spare low-risk patients from having to undergo unnecessary follow-up treatment.</raw>
		<lemm>dutch doctor believe that the new diagnostic can help pinpoint those woman who be genetically more at risk of a recurrence than other  and this could spare low-risk patient from have to undergo unnecessary follow-up treatment</lemm>
		<bigrams> 1878 1879 1880 1882 1893 1894 1895 1900 1804 1805</bigrams>
	</sent>	<sent id="102">
		<raw>They found a "signature" of protein markers, expressed by 76 genes, which were frequently found among 115 stored tumours taken from patients who had lymph-node negative breast cancer.</raw>
		<lemm>they find a  signature  of protein marker  express by @card@ gene  which be frequently find among @card@ store tumour take from patient who have lymph-node negative breast cancer</lemm>
		<bigrams> 1906 1907 1909 1912 1913 1914 1915 1916 1917 1821 1822 15</bigrams>
	</sent>	<sent id="103">
		<raw>The team then tested the "signature" on the genetic profile of 171 other cancer patients who had had initial treatment for their tumour and whose health had been carefully monitored over the next five years to see if the cancer had returned.</raw>
		<lemm>the team then test the  signature  on the genetic profile of @card@ other cancer patient who have have initial treatment for their tumour and whose health have be carefully monitor over the next five year to see if the cancer have return</lemm>
		<bigrams> 1928 16 1934 1940 1943 1946 215</bigrams>
	</sent>	<sent id="104">
		<raw>They found the "signature" was 93-percent accurate in predicting those who had had a recurrence within five years, although it was much less precise (48-percent accurate) in predicting patients whose disease did not return in that time.</raw>
		<lemm>they find the  signature  be 93-percent accurate in predict those who have have a recurrence within five year  although it be much less precise ( 48-percent accurate ) in predict patient whose disease do not return in that time</lemm>
		<bigrams> 1953 1957 1958 215 1959 1961 1962 1963 1964 1965 1966 1968 1969 1970</bigrams>
	</sent>	<sent id="105">
		<raw>Breast cancer, like ovarian cancer, is a "silent killer" of women.</raw>
		<lemm>breast cancer  like ovarian cancer  be a  silent killer  of woman</lemm>
		<bigrams> 15 1976 1977 1978 1980</bigrams>
	</sent>	<sent id="106">
		<raw>This is why doctors recommend regular mammary screenings and why they are so keen on getting a tool to help identify women who could be genetically at risk.</raw>
		<lemm>this be why doctor recommend regular mammary screenings and why they be so keen on get a tool to help identify woman who could be genetically at risk</lemm>
		<bigrams> 1984 1985 1986 1987 1998 1999</bigrams>
	</sent>	<sent id="107">
		<raw>The study is led by John Foekens of the Erasmus Medical Centre in Rotterdam.</raw>
		<lemm>the study be lead by john foekens of the erasmus medical centre in rotterdam</lemm>
		<bigrams> 2006 2009 2010</bigrams>
	</sent>	<sent id="108">
		<raw>Several previous studies have also identified gene "signatures" to test for breast cancer, although this is the largest by far.</raw>
		<lemm>several previous study have also identify gene  signature  to test for breast cancer  although this be the large by far</lemm>
		<bigrams> 2013 2014 2017 2018 1797 15 2022</bigrams>
	</sent>	<sent id="109">
		<raw>The problem though is that the proposed "signatures" either overlap or are different.</raw>
		<lemm>the problem though be that the propose  signature  either overlap or be different</lemm>
		<bigrams> 2028 2031 2032 2033</bigrams>
	</sent>	<sent id="110">
		<raw>At the moment, there is no global agreement as to what should be the common set of genes that should be incorporated in a standard test.</raw>
		<lemm>at the moment  there be no global agreement as to what should be the common set of gene that should be incorporate in a standard test</lemm>
		<bigrams> 2040 2044 2051</bigrams>
	</sent>	<sent id="111">
		<raw>Deficiencies in the ability of cells to repair damaged DNA are associated with an increased risk of breast cancer, researchers at Columbia University said Monday.</raw>
		<lemm>deficiency in the ability of cell to repair damaged dna be associate with an increase risk of breast cancer  researcher at columbia university say monday</lemm>
		<bigrams> 2058 2059 1235 15 2061 2063 2064 2065</bigrams>
	</sent>	<sent id="112">
		<raw>A latest study led by Regina Santella at the Columbia University School of Public Health is due to published in the Jan. 19 issue of the Journal of the National Cancer Institute.</raw>
		<lemm>a late study lead by regina santella at the columbia university school of public health be due to publish in the jan @card@ issue of the journal of the national cancer institute</lemm>
		<bigrams> 2067 2068 2070 2063 2073 2076 2082 2083 167 168</bigrams>
	</sent>	<sent id="113">
		<raw>DNA repair is the system of defenses designed to protect the integrity of the genome.</raw>
		<lemm>dna repair be the system of defense design to protect the integrity of the genome</lemm>
		<bigrams> 2085 2090</bigrams>
	</sent>	<sent id="114">
		<raw>Earlier studies have suggested that deficiency in cells' capacity for DNA repair contributes to the accumulation of DNA damage and accelerates the genetic changes leading to cancer.</raw>
		<lemm>early study have suggest that deficiency in cell  capacity for dna repair contribute to the accumulation of dna damage and accelerate the genetic change lead to cancer</lemm>
		<bigrams> 2097 2101 2085 2104 2109 2113 2114</bigrams>
	</sent>	<sent id="115">
		<raw>To evaluate whether weakened DNA repair capacity in the nucleotide excision pathway that fixes DNA alterations known as bulky DNA adducts is associated with breast cancer risk, Santella and colleagues analyzed cell lines generated from blood samples from pairs of sisters, in which one had been diagnosed with breast cancer but the other had not.</raw>
		<lemm>to evaluate whether weakened dna repair capacity in the nucleotide excision pathway that fix dna alteration know as bulky dna adduct be associate with breast cancer risk  santella and colleague analyze cell line generate from blood sample from pair of sister  in which one have be diagnose with breast cancer but the other have not</lemm>
		<bigrams> 2118 2119 2120 2085 2121 2124 2125 2128 2129 2130 2132 2133 15 1179 2135 2137 2138 2139 2140 2143 15</bigrams>
	</sent>	<sent id="116">
		<raw>They found that DNA repair capacity was lower in breast cancer patients than in the control subjects.</raw>
		<lemm>they find that dna repair capacity be low in breast cancer patient than in the control subject</lemm>
		<bigrams> 2085 2121 15 16 2160</bigrams>
	</sent>	<sent id="117">
		<raw>Deficient DNA repair capacity was associated with a twofold increase in the risk of breast cancer.</raw>
		<lemm>deficient dna repair capacity be associate with a twofold increase in the risk of breast cancer</lemm>
		<bigrams> 2161 2085 2121 2163 15</bigrams>
	</sent>	<sent id="118">
		<raw>In addition, when the data were stratified into quartiles of DNA repair capacity, the risk of breast cancer was three times higher among women with the poorest DNA repair capacity compared with those with the highest.</raw>
		<lemm>in addition  when the datum be stratify into quartile of dna repair capacity  the risk of breast cancer be three time high among woman with the poor dna repair capacity compare with those with the high</lemm>
		<bigrams> 2085 2121 15 2175 2176 2177 2178 2180 2085 2121 2181</bigrams>
	</sent>	<sent id="119">
		<raw>"These data support the hypothesis that deficient DNA repair capacity is associated with susceptibility to breast cancer and may be a valuable in vitro biomarker to identify high-risk subjects, especially in familial breast cancer families," researchers wrote in their paper.</raw>
		<lemm> these datum support the hypothesis that deficient dna repair capacity be associate with susceptibility to breast cancer and may be a valuable in vitro biomarker to identify high-risk subject  especially in familial breast cancer family   researcher write in their paper</lemm>
		<bigrams> 2184 2161 2085 2121 15 2195 2198 2199 2200 2203 15 2204 2205 2206</bigrams>
	</sent>	<sent id="120">
		<raw>"It is unclear at this time whether there are any interventions that could alter DNA repair capacity and what effect such interventions might have on risk," they said.</raw>
		<lemm> it be unclear at this time whether there be any intervention that could alter dna repair capacity and what effect such intervention might have on risk   they say</lemm>
		<bigrams> 2213 2218 2219 2085 2121 2225</bigrams>
	</sent>	<sent id="121">
		<raw>Other scientists remarked on the need for developing better laboratory tests for such studies.</raw>
		<lemm>other scientist remark on the need for develop good laboratory test for such study</lemm>
		<bigrams> 2230 2235 2236 2237</bigrams>
	</sent>	<sent id="122">
		<raw>"When DNA repair capacity can be measured easily and quickly, the scientific community will be able to clearly understand the role of DNA repair capacity in the development of cancer and possibly to develop interventions to reduce cancer incidence and mortality," they wrote in an editorial in the journal.</raw>
		<lemm> when dna repair capacity can be measure easily and quickly  the scientific community will be able to clearly understand the role of dna repair capacity in the development of cancer and possibly to develop intervention to reduce cancer incidence and mortality   they write in an editorial in the journal</lemm>
		<bigrams> 2085 2121 2243 2248 2253 2085 2121 2256 2258 2259</bigrams>
	</sent>	<sent id="123">
		<raw>A new U. S. study will investigate genetic and environmental causes of breast cancer by enrolling 50,000 sisters of women already diagnosed with the disease.</raw>
		<lemm>a new u s study will investigate genetic and environmental cause of breast cancer by enroll @card@ sister of woman already diagnose with the disease</lemm>
		<bigrams> 2266 2270 2273 15 2277 2278 2280 2281</bigrams>
	</sent>	<sent id="124">
		<raw>The Sister Study, conducted by the National Institute of Environmental Health Sciences, part of the government's National Institutes of Health, is the largest study of its kind.</raw>
		<lemm>the sister study  conduct by the national institute of environmental health sciences  part of the government s national institutes of health  be the large study of its kind</lemm>
		<bigrams> 2283 2284 2285 2287 2288 2289 2293 147</bigrams>
	</sent>	<sent id="125">
		<raw>"By studying sisters who share the same genes, often had similar experiences and environments, and are at twice the risk of developing breast cancer, we have a better chance of learning what causes this disease," Dr. Dale Sandler, the study's principal investigator, said in a statement Monday.</raw>
		<lemm> by study sister who share the same gene  often have similar experience and environment  and be at twice the risk of develop breast cancer  we have a good chance of learn what cause this disease   dr dale sandler  the study s principal investigator  say in a statement monday</lemm>
		<bigrams> 2300 2306 2309 2316 15 2319 2324 2325 2326 2329 2330 2332</bigrams>
	</sent>	<sent id="126">
		<raw>The sisters who volunteer will donate blood, urine, toenails, even household dust, to help uncover how daily rituals and routines, as well as genetics, factor into breast cancer risk.</raw>
		<lemm>the sister who volunteer will donate blood  urine  toenail  even household dust  to help uncover how daily ritual and routine  as well as genetics  factor into breast cancer risk</lemm>
		<bigrams> 2336 2337 2338 2339 2340 2341 2343 2346 2353 15 1179</bigrams>
	</sent>	<sent id="127">
		<raw>"Genes are important, but they don't explain it all," said Sandler, chief of the epidemiology branch at the environmental health institute.</raw>
		<lemm> gene be important  but they do n t explain it all   say sandler  chief of the epidemiology branch at the environmental health institute</lemm>
		<bigrams> 2364 2365 2368 2287 2371</bigrams>
	</sent>	<sent id="128">
		<raw>"The truth is that only half of breast cancer cases can be attributed to known factors."</raw>
		<lemm> the truth be that only half of breast cancer case can be attribute to know factor </lemm>
		<bigrams> 15 2377 2382</bigrams>
	</sent>	<sent id="129">
		<raw>For instance, BRCA1 and BRCA2 are genes that normally limit cell growth.</raw>
		<lemm>for instance  brca1 and brca2 be gene that normally limit cell growth</lemm>
		<bigrams> 2384 2390 2391 2392</bigrams>
	</sent>	<sent id="130">
		<raw>Women who inherit an altered version of either gene have a higher risk of getting breast or ovarian cancer.</raw>
		<lemm>woman who inherit an altered version of either gene have a high risk of get breast or ovarian cancer</lemm>
		<bigrams> 2396 2399 1106 2402 1978</bigrams>
	</sent>	<sent id="131">
		<raw>BRCA1 and BRCA2, however, are implicated in just 5 percent to 10 percent of breast cancer cases.</raw>
		<lemm>brca1 and brca2  however  be implicate in just @card@ percent to @card@ percent of breast cancer case</lemm>
		<bigrams> 2404 334 334 15 2377</bigrams>
	</sent>	<sent id="132">
		<raw>Breast cancer is the second most commonly diagnosed cancer in women, after skin cancer.</raw>
		<lemm>breast cancer be the second most commonly diagnose cancer in woman  after skin cancer</lemm>
		<bigrams> 15 2412 2413 2416</bigrams>
	</sent>	<sent id="133">
		<raw>Some 215,990 American women will be diagnosed with breast cancer this year, according to the American Cancer Society.</raw>
		<lemm>some @card@ american woman will be diagnose with breast cancer this year  accord to the american cancer society</lemm>
		<bigrams> 2417 2418 15 2422 941 942</bigrams>
	</sent>	<sent id="134">
		<raw>The disease will kill about 40,110 American women in 2004, according to the Centers for Disease Control and Prevention.</raw>
		<lemm>the disease will kill about @card@ american woman in @card@  accord to the centers for disease control and prevention</lemm>
		<bigrams> 2417 2418 2428 2432</bigrams>
	</sent>	<sent id="135">
		<raw>To be eligible for the study, women need to be between 35 and 74 years old.</raw>
		<lemm>to be eligible for the study  woman need to be between @card@ and @card@ year old</lemm>
		<bigrams> 2436 2437 1256 2441</bigrams>
	</sent>	<sent id="136">
		<raw>Women who have not been diagnosed with breast cancer are eligible if a sister, living or dead, has had breast cancer.</raw>
		<lemm>woman who have not be diagnose with breast cancer be eligible if a sister  living or dead  have have breast cancer</lemm>
		<bigrams> 15 2445 15</bigrams>
	</sent>	<sent id="137">
		<raw>The women will be tracked for 10 years so researchers can study what links the few who get breast cancer compared with the majority who do not.</raw>
		<lemm>the woman will be track for @card@ year so researcher can study what link the few who get breast cancer compare with the majority who do not</lemm>
		<bigrams> 1256 2402 15 1478</bigrams>
	</sent>	<sent id="138">
		<raw>Analyzing cells from milk ducts doesn't reliably detect breast cancer, U. S. researchers reported Tuesday, dashing hopes that the experimental technique could diagnose high-risk women sooner.</raw>
		<lemm>analyze cell from milk duct do n t reliably detect breast cancer  u s researcher report tuesday  dash hope that the experimental technique could diagnose high-risk woman sooner</lemm>
		<bigrams> 2138 2466 2469 2470 15 2471 26 2473 2474 2475 2478 2479 2480 2481 2482 2483</bigrams>
	</sent>	<sent id="139">
		<raw>Because most breast cancer starts in a milk duct, scientists had theorized that flushing those ducts with fluid might draw out cancerous cells even before they could be spotted on a mammogram.</raw>
		<lemm>because most breast cancer start in a milk duct  scientist have theorize that flush those duct with fluid might draw out cancerous cell even before they could be spot on a mammogram</lemm>
		<bigrams> 15 2486 2466 2489 2498 2499 2502 2503</bigrams>
	</sent>	<sent id="140">
		<raw>Mammograms work very well at detecting early breast cancer, but they're not perfect.</raw>
		<lemm>mammogram work very well at detect early breast cancer  but they be not perfect</lemm>
		<bigrams> 2510 2515 2516 15</bigrams>
	</sent>	<sent id="141">
		<raw>They don't work as well on the more dense breast tissue of women under 50, so scientists are testing alternatives like MRI scans to screen younger women at high risk of cancer because a close relative had it.</raw>
		<lemm>they do n t work as well on the more dense breast tissue of woman under @card@  so scientist be test alternative like mri scan to screen young woman at high risk of cancer because a close relative have it</lemm>
		<bigrams> 2523 817 2529 2530 2531 2532 2535 1134 1106 2541</bigrams>
	</sent>	<sent id="142">
		<raw>The milk duct technique, called ductal lavage, is among those experimental alternatives.</raw>
		<lemm>the milk duct technique  call ductal lavage  be among those experimental alternative</lemm>
		<bigrams> 2466 2545 2546 2547 2548 2552</bigrams>
	</sent>	<sent id="143">
		<raw>To test it, doctors at Chicago's Northwestern Memorial Hospital administered ductal lavage to 39 women just before their breasts were removed for known cancer.</raw>
		<lemm>to test it  doctor at chicago s northwestern memorial hospital administer ductal lavage to @card@ woman just before their breast be remove for know cancer</lemm>
		<bigrams> 2558 2559 2560 2561 2548 945 2570</bigrams>
	</sent>	<sent id="144">
		<raw>Doctors put an anesthetic on the nipple and inserted a threadlike catheter to flush milk ducts with fluid that dislodges and draws out cells.</raw>
		<lemm>doctor put an anesthetic on the nipple and insert a threadlike catheter to flush milk duct with fluid that dislodge and draw out cell</lemm>
		<bigrams> 2571 2580 2583 2466</bigrams>
	</sent>	<sent id="145">
		<raw>Ductal lavage signaled cancer in only a fraction of these women, lead researcher Dr. Seema Khan reported Tuesday in the Journal of the National Cancer Institute.</raw>
		<lemm>ductal lavage signal cancer in only a fraction of these woman  lead researcher dr seema khan report tuesday in the journal of the national cancer institute</lemm>
		<bigrams> 2548 2589 2590 2595 2596 2597 2598 2599 2600 2473 167 168</bigrams>
	</sent>	<sent id="146">
		<raw>The test uncovered clear cancer signs in just 13 percent of the cancerous breasts tested, and possible signs in 42 percent.</raw>
		<lemm>the test uncover clear cancer sign in just @card@ percent of the cancerous breast test  and possible sign in @card@ percent</lemm>
		<bigrams> 2603 2604 2605 2606 334 2609 2610 2613 334</bigrams>
	</sent>	<sent id="147">
		<raw>"Ductal lavage should not be recommended to high-risk women as a technique to detect cancer earlier than imaging modalities" she concluded.</raw>
		<lemm> ductal lavage should not be recommend to high-risk woman as a technique to detect cancer earlier than imaging modality  she conclude</lemm>
		<bigrams> 2548 2482 2622 2623 2626</bigrams>
	</sent>	<sent id="148">
		<raw>Among the problems: There are numerous milk ducts in the breast, and it's impossible to know in advance if ductal lavage produced cells from the one that contains cancer.</raw>
		<lemm>among the problem  there be numerous milk duct in the breast  and it be impossible to know in advance if ductal lavage produce cell from the one that contain cancer</lemm>
		<bigrams> 2632 2466 2548 2641 2642 2646</bigrams>
	</sent>	<sent id="149">
		<raw>And even when it did, Khan's research found the cells produced didn't always signal cancer.</raw>
		<lemm>and even when it do  khan s research find the cell produce do n t always signal cancer</lemm>
		<bigrams> 2654 2656 2659 2590</bigrams>
	</sent>	<sent id="150">
		<raw>The "meticulously performed" research supports an earlier, smaller study that found similar failures, noted Dr. Carol Fabian of the Kansas Medical Center in Kansas City, in an accompanying editorial.</raw>
		<lemm>the  meticulously perform  research support an early  small study that find similar failure  note dr carol fabian of the kansas medical center in kansas city  in an accompanying editorial</lemm>
		<bigrams> 2661 2662 2663 2666 863 2668 2669 2670 2671 2672 2673 2676 2677 2680 1495</bigrams>
	</sent>	<sent id="151">
		<raw>"Ductal lavage cannot be considered a sensitive screening tool," Fabian agreed.</raw>
		<lemm> ductal lavage can be consider a sensitive screening tool   fabian agree</lemm>
		<bigrams> 2548 2686 2687 2688 2689</bigrams>
	</sent>	<sent id="152">
		<raw>But other studies of ductal lavage are continuing, to see if the technique can be used to help evaluate women's risk of breast cancer.</raw>
		<lemm>but other study of ductal lavage be continue  to see if the technique can be use to help evaluate woman s risk of breast cancer</lemm>
		<bigrams> 2548 2695 2696 15</bigrams>
	</sent></doc>