<?xml version="1.0" encoding="UTF_8"?>
<doc>	<sent id="0">
		<raw>An underactive thyroid gland, a condition afflicting as many as 20 percent of older women, also apparently lessens a woman's chances of developing an aggressive form of breast cancer, according to a study that provides new evidence for a long-debated link.</raw>
		<lemm>an underactive thyroid gland  a condition afflict as many as @card@ percent of old woman  also apparently lessen a woman s chance of develop an aggressive form of breast cancer  accord to a study that provide new evidence for a long-debated link</lemm>
		<bigrams> 706 707 710 334 717 718 719 720 729 15 642 733 734 738</bigrams>
	</sent>	<sent id="1">
		<raw>Doctors at the University of Texas M. D. Anderson Cancer Center found that women who were diagnosed with hypothyroidism were less likely to have breast cancer, and those who did were likely to have a less-aggressive form of the disease.</raw>
		<lemm>doctor at the university of texas m d anderson cancer center find that woman who be diagnose with hypothyroidism be less likely to have breast cancer  and those who do be likely to have a less-aggressive form of the disease</lemm>
		<bigrams> 746 747 748 682 15 765</bigrams>
	</sent>	<sent id="2">
		<raw>The study spotlights the role that hormones besides estrogen play in development and progression of the hormone-sensitive cancer, said Dr. Massimo Cristofanilli, an associate professor of breast oncology and the lead author of the study.</raw>
		<lemm>the study spotlight the role that hormone besides estrogen play in development and progression of the hormone-sensitive cancer  say dr massimo cristofanilli  an associate professor of breast oncology and the lead author of the study</lemm>
		<bigrams> 767 772 773 774 781 782 783 784 785 788 790 794</bigrams>
	</sent>	<sent id="3">
		<raw>The results could help researchers develop new medications for treatment and prevention of breast cancer, he said.</raw>
		<lemm>the result could help researcher develop new medication for treatment and prevention of breast cancer  he say</lemm>
		<bigrams> 796 797 798 799 800 801 15</bigrams>
	</sent>	<sent id="4">
		<raw>"We have been focusing only on one hormone acting on the breast tissue, but there is a variety of other hormones that create the environment for the development of cancer," Cristofanilli said.</raw>
		<lemm> we have be focus only on one hormone act on the breast tissue  but there be a variety of other hormone that create the environment for the development of cancer   cristofanilli say</lemm>
		<bigrams> 813 814 817 828 829</bigrams>
	</sent>	<sent id="5">
		<raw>"Thyroid appears to be one of them."</raw>
		<lemm> thyroid appear to be one of them </lemm>
		<bigrams> 830</bigrams>
	</sent>	<sent id="6">
		<raw>Scientists long have been intrigued by the role of the thyroid gland in breast disease.</raw>
		<lemm>scientist long have be intrigue by the role of the thyroid gland in breast disease</lemm>
		<bigrams> 834 707 842</bigrams>
	</sent>	<sent id="7">
		<raw>More than a century ago, a doctor in Scotland fed thyroid hormone to women whose breast cancer had spread throughout their body.</raw>
		<lemm>more than a century ago  a doctor in scotland feed thyroid hormone to woman whose breast cancer have spread throughout their body</lemm>
		<bigrams> 846 851 852 853 184 185 15 858</bigrams>
	</sent>	<sent id="8">
		<raw>Since then, smaller studies on women with several thyroid conditions have generated conflicting results.</raw>
		<lemm>since then  small study on woman with several thyroid condition have generate conflicting result</lemm>
		<bigrams> 863 867 868 871 872</bigrams>
	</sent>	<sent id="9">
		<raw>The thyroid is a butterfly-shaped gland in the front of the neck that produces a variety of hormones regulating body metabolism.</raw>
		<lemm>the thyroid be a butterfly-shaped gland in the front of the neck that produce a variety of hormone regulate body metabolism</lemm>
		<bigrams> 875 883 884 885</bigrams>
	</sent>	<sent id="10">
		<raw>Thyroid hormones affect growth, fertility and the body's use of nutrients and oxygen.</raw>
		<lemm>thyroid hormone affect growth  fertility and the body s use of nutrient and oxygen</lemm>
		<bigrams> 853 886 887 888</bigrams>
	</sent>	<sent id="11">
		<raw>Hypothyroidism occurs when production of these vital hormones slows down.</raw>
		<lemm>hypothyroidism occur when production of these vital hormone slow down</lemm>
		<bigrams> 897 903 904</bigrams>
	</sent>	<sent id="12">
		<raw>Symptoms can include dry skin, weight gain, sensitivity to cold, forgetfulness and fertility problems.</raw>
		<lemm>symptom can include dry skin  weight gain  sensitivity to cold  forgetfulness and fertility problem</lemm>
		<bigrams> 908 909 910 911 912 915 918</bigrams>
	</sent>	<sent id="13">
		<raw>The cause is unknown, although some evidence points to an immune system malfunction, Cristofanilli noted.</raw>
		<lemm>the cause be unknown  although some evidence point to an immune system malfunction  cristofanilli note</lemm>
		<bigrams> 922 925 928 929 930 931</bigrams>
	</sent>	<sent id="14">
		<raw>The study was published Monday in the online journal Cancer, a publication of the American Cancer Society.</raw>
		<lemm>the study be publish monday in the online journal cancer  a publication of the american cancer society</lemm>
		<bigrams> 933 936 937 941 942</bigrams>
	</sent>	<sent id="15">
		<raw>Scientists compared 1,036 women who had been treated for breast cancer to 1,088 healthy women who had attended the hospital's screening clinics.</raw>
		<lemm>scientist compare @card@ woman who have be treat for breast cancer to @card@ healthy woman who have attend the hospital s screening clinic</lemm>
		<bigrams> 943 944 945 15 952 953 959</bigrams>
	</sent>	<sent id="16">
		<raw>Women with underactive thyroid glands had a 61 percent lower risk of having invasive breast cancer, or aggressive cancer that had spread into surrounding breast tissue or lymph nodes.</raw>
		<lemm>woman with underactive thyroid gland have a @card@ percent low risk of have invasive breast cancer  or aggressive cancer that have spread into surround breast tissue or lymph node</lemm>
		<bigrams> 706 707 334 963 964 967 15 970 975 817 978</bigrams>
	</sent>	<sent id="17">
		<raw>Cristofanilli noted that the women with underactive thyroid glands all were taking thyroid hormone replacements, which suggests it is not the thyroid hormone level itself that influences the growth of breast cancer.</raw>
		<lemm>cristofanilli note that the woman with underactive thyroid gland all be take thyroid hormone replacement  which suggest it be not the thyroid hormone level itself that influence the growth of breast cancer</lemm>
		<bigrams> 931 706 707 983 853 984 853 990 15</bigrams>
	</sent>	<sent id="18">
		<raw>He said doctors need to study whether the immune system response in these women is playing some role in slowing or preventing breast cancer.</raw>
		<lemm>he say doctor need to study whether the immune system response in these woman be play some role in slow or prevent breast cancer</lemm>
		<bigrams> 995 996 999 928 1002 1013 15</bigrams>
	</sent>	<sent id="19">
		<raw>"This is good news, because it indicates that the condition that brings out hypothyroidism is protective enough that it either delays or creates the possibility of developing a less aggressive form of the disease," he said.</raw>
		<lemm> this be good news  because it indicate that the condition that bring out hypothyroidism be protective enough that it either delay or create the possibility of develop a less aggressive form of the disease   he say</lemm>
		<bigrams> 1015 1026 1030 1036 729</bigrams>
	</sent></doc>