<?xml version="1.0" encoding="UTF_8"?>
<doc>	<sent id="0">
		<raw>References to creationism in drafts of a student biology book were replaced with the term "intelligent design" by the time it was published, a witness testified in a landmark trial over a school board's decision to include the concept in its curriculum.</raw>
		<lemm>reference to creationism in draft of a student biology book be replace with the term  intelligent design  by the time it be publish  a witness testify in a landmark trial over a school board s decision to include the concept in its curriculum</lemm>
		<bigrams> 3578 2476 3582 12 3588 3590 47</bigrams>
	</sent>	<sent id="1">
		<raw>Drafts of the textbook, "Of Pandas and People," written in 1987 were revised after the Supreme Court ruled in June of that year that states could not require schools to balance evolution with creationism in the classroom, said Barbara Forrest, a philosophy professor at Southeastern Louisiana University, in testimony Wednesday.</raw>
		<lemm>draft of the textbook   of pandas and people   write in @card@ be revise after the supreme court rule in june of that year that state could not require school to balance evolution with creationism in the classroom  say barbara forrest  a philosophy professor at southeastern louisiana university  in testimony wednesday</lemm>
		<bigrams> 3596 2831 3602 3608 3609 2870 2208 3612 3613 3616 3619 3620 3623</bigrams>
	</sent>	<sent id="2">
		<raw>Forrest reviewed drafts of the textbook as a witness for eight families who are trying to have the intelligent design concept removed from the Dover Area School District's biology curriculum.</raw>
		<lemm>forrest review draft of the textbook as a witness for eight family who be try to have the intelligent design concept remove from the dover area school district s biology curriculum</lemm>
		<bigrams> 3624 3625 2407 12 2687 3629 774 775 776 1519</bigrams>
	</sent>	<sent id="3">
		<raw>The families contend that teaching intelligent design effectively promotes the Bible's view of creation, violating the separation of church and state.</raw>
		<lemm>the family contend that teach intelligent design effectively promote the bible s view of creation  violate the separation of church and state</lemm>
		<bigrams> 3633 716 12 2417 2418 3636</bigrams>
	</sent>	<sent id="4">
		<raw>Intelligent design holds that life on Earth is so complex that it must have been the product of some higher force.</raw>
		<lemm>intelligent design hold that life on earth be so complex that it must have be the product of some high force</lemm>
		<bigrams> 12 97 3640</bigrams>
	</sent>	<sent id="5">
		<raw>Opponents of the concept say intelligent design is simply creationism stripped of overt religious references.</raw>
		<lemm>opponent of the concept say intelligent design be simply creationism strip of overt religious reference</lemm>
		<bigrams> 3642 2416 12 3644 3645 3648 3649</bigrams>
	</sent>	<sent id="6">
		<raw>Forrest outlined a chart of how many times the term "creation" was mentioned in the early drafts versus how many times the term "design" was mentioned in the published edition.</raw>
		<lemm>forrest outline a chart of how many time the term  creation  be mention in the early draft versus how many time the term  design  be mention in the publish edition</lemm>
		<bigrams> 3650 3656 3658 3663 3664 3656 3666 3668</bigrams>
	</sent>	<sent id="7">
		<raw>"They are virtually synonymous," she said.</raw>
		<lemm> they be virtually synonymous   she say</lemm>
		<bigrams> 3670</bigrams>
	</sent>	<sent id="8">
		<raw>Under the policy approved by Dover's school board in October 2004, students must hear a brief statement about intelligent design before classes on evolution.</raw>
		<lemm>under the policy approve by dover s school board in october @card@  student must hear a brief statement about intelligent design before class on evolution</lemm>
		<bigrams> 3672 47 2521 2676 3675 3676 2525 12</bigrams>
	</sent>	<sent id="9">
		<raw>The statement says Charles Darwin's theory is "not a fact" and has inexplicable "gaps."</raw>
		<lemm>the statement say charles darwin s theory be  not a fact  and have inexplicable  gap </lemm>
		<bigrams> 2532 3678 2265 2535</bigrams>
	</sent>	<sent id="10">
		<raw>Forrest also said that intelligent-design proponents have freely acknowledged that their cause is a religious one.</raw>
		<lemm>forrest also say that intelligent-design proponent have freely acknowledge that their cause be a religious one</lemm>
		<bigrams> 3679 1589 3681 3684 3688</bigrams>
	</sent>	<sent id="11">
		<raw>She cited a document from the Discovery Institute, a Seattle-based think tank that represents intelligent-design scholars, that says one of its goals is "to replace materialistic explanations with the theistic understanding that nature and human beings are created by God."</raw>
		<lemm>she cite a document from the discovery institute  a seattle-based think tank that represent intelligent-design scholar  that say one of its goal be  to replace materialistic explanation with the theistic understanding that nature and human being be create by god </lemm>
		<bigrams> 274 2983 288 3693 3694 3696 3700 3701 3704</bigrams>
	</sent>	<sent id="12">
		<raw>Under cross-examination by school board lawyer Richard Thompson, Forrest acknowledged that she had no evidence that board members who voted for the curriculum change had either seen or heard of the Discovery Institute document.</raw>
		<lemm>under cross-examination by school board lawyer richard thompson  forrest acknowledge that she have no evidence that board member who vote for the curriculum change have either see or hear of the discovery institute document</lemm>
		<bigrams> 47 528 3714 711 3715 3716 516 587 3721 274 3725</bigrams>
	</sent>	<sent id="13">
		<raw>The trial began Sept. 26 and is expected to last as long as five weeks.</raw>
		<lemm>the trial begin sept @card@ and be expect to last as long as five week</lemm>
		<bigrams> 3726 3727 413 3735</bigrams>
	</sent></doc>