<?xml version="1.0" encoding="UTF_8"?>
<doc>	<sent id="0">
		<raw>New barrages sounded in the evolution war Monday as lawyers for a group of parents challenged the teaching of intelligent design as nothing more than an old argument for God's hand wrapped in fancy new cloth.</raw>
		<lemm>new barrage sound in the evolution war monday as lawyer for a group of parent challenge the teaching of intelligent design as nothing more than an old argument for god s hand wrap in fancy new cloth</lemm>
		<bigrams> 3092 3093 3095 3096 3103 12 3108 3112 3115 3116</bigrams>
	</sent>	<sent id="1">
		<raw>"This clever tactical repackaging of creationism does not merit consideration," Witold Walczak, legal director of the Pennsylvania American Civil Liberties Union and a lawyer for the parents, told U. S. District Judge John E. Jones in opening arguments.</raw>
		<lemm> this clever tactical repackage of creationism do not merit consideration   witold walczak  legal director of the pennsylvania american civil liberties union and a lawyer for the parent  tell u s district judge john e jones in open argument</lemm>
		<bigrams> 3118 3119 3123 3124 3125 3126 3127 3128 245 246 247 3130 3131 2606 2607 2608 2609 3134</bigrams>
	</sent>	<sent id="2">
		<raw>"Intelligent design admits that it is not science unless science is redefined to include the supernatural."</raw>
		<lemm> intelligent design admit that it be not science unless science be redefin to include the supernatural </lemm>
		<bigrams> 12 3135 3137 3138</bigrams>
	</sent>	<sent id="3">
		<raw>This is, he added, "a 21st century version of creationism."</raw>
		<lemm>this be  he add   a 21st century version of creationism </lemm>
		<bigrams> 3146 3147</bigrams>
	</sent>	<sent id="4">
		<raw>Eleven parents from Dover, in central Pennsylvania, are seeking to block their school board from requiring that high school biology teachers read a four-paragraph statement to students that casts doubt on Darwin's theory of evolution.</raw>
		<lemm>eleven parent from dover  in central pennsylvania  be seek to block their school board from require that high school biology teacher read a four-paragraph statement to student that cast doubt on darwin s theory of evolution</lemm>
		<bigrams> 3149 3154 47 4 5 6 3163 3165 3168</bigrams>
	</sent>	<sent id="5">
		<raw>This mandatory statement notes that intelligent design offers an alternative theory for the origin and evolution of life, namely, that life in all of its complexity could not have arisen without the help of an intelligent hand.</raw>
		<lemm>this mandatory statement note that intelligent design offer an alternative theory for the origin and evolution of life  namely  that life in all of its complexity could not have arise without the help of an intelligent hand</lemm>
		<bigrams> 3172 3173 12 3174 3176 3181 3187 3190 3194</bigrams>
	</sent>	<sent id="6">
		<raw>The foremost advocates of intelligent design are silent on whether that intelligent hand belongs to God or some other intelligent force, even including a space alien.</raw>
		<lemm>the foremost advocate of intelligent design be silent on whether that intelligent hand belong to god or some other intelligent force  even include a space alien</lemm>
		<bigrams> 3196 12 3194 3202 2504 3209 3210 3213</bigrams>
	</sent>	<sent id="7">
		<raw>The school board, represented by the Thomas More Law Center, a conservative, religiously grounded nonprofit firm, took the position that the case was about freedom of speech.</raw>
		<lemm>the school board  represent by the thomas more law center  a conservative  religiously ground nonprofit firm  take the position that the case be about freedom of speech</lemm>
		<bigrams> 47 3214 1920 3217 3218 3219 3220 3221</bigrams>
	</sent>	<sent id="8">
		<raw>"There is in fact a controversy over Darwin's theory," Richard Thompson, chief counsel for the law center, said afterward during an impromptu news conference on the courthouse steps.</raw>
		<lemm> there be in fact a controversy over darwin s theory   richard thompson  chief counsel for the law center  say afterward during an impromptu news conference on the courthouse step</lemm>
		<bigrams> 3233 711 3234 1935 1920 2602 3236 3240 2805 3241</bigrams>
	</sent>	<sent id="9">
		<raw>"Clearly both theories have religious implications.</raw>
		<lemm> clearly both theory have religious implication</lemm>
		<bigrams> 3246</bigrams>
	</sent>	<sent id="10">
		<raw>But this is not about God."</raw>
		<lemm>but this be not about god </lemm>
		<bigrams></bigrams>
	</sent>	<sent id="11">
		<raw>Last year, however, Dover school board members, who voted 6-3 for the new policy, made it clear that they believed that the origin of life was guided by a heavenly hand.</raw>
		<lemm>last year  however  dover school board member  who vote @card@ for the new policy  make it clear that they believe that the origin of life be guide by a heavenly hand</lemm>
		<bigrams> 430 3250 3251 346 47 516 437 3253 3254 3262</bigrams>
	</sent>	<sent id="12">
		<raw>Several of them suggested that their views on evolution are far closer to Young Earth Creationism, which holds that God created the world 6,000 years ago and that Noah's flood covered Earth, than to intelligent design.</raw>
		<lemm>several of them suggest that their view on evolution be far closer to young earth creationism  which hold that god create the world @card@ year ago and that noah s flood cover earth  than to intelligent design</lemm>
		<bigrams> 3270 3273 3274 3278 3281 2726 1205 3286 3287 12</bigrams>
	</sent>	<sent id="13">
		<raw>One board member told a public meeting, in a remark he has since tried to deny, that the nation "was founded on Christianity, and our students should be taught as such."</raw>
		<lemm>one board member tell a public meeting  in a remark he have since try to deny  that the nation  be found on christianity  and our student should be teach as such </lemm>
		<bigrams> 3291 516 3292 2598 3297</bigrams>
	</sent>	<sent id="14">
		<raw>The war over the teaching of evolution is almost a century old, the first great shot having been fired in Dayton, Tenn., in the famous 1925 Scopes "monkey trial," in which the ACLU defended a teacher convicted of teaching evolution.</raw>
		<lemm>the war over the teaching of evolution be almost a century old  the first great shot have be fire in dayton  tenn  in the famous @card@ scopes  monkey trial   in which the aclu defend a teacher convict of teaching evolution</lemm>
		<bigrams> 3306 3308 3309 3314 2814 374 803 804 3316 3319 816</bigrams>
	</sent>	<sent id="15">
		<raw>Former presidential candidate and prairie populist Williams Jennings Bryan represented the school board.</raw>
		<lemm>former presidential candidate and prairie populist williams jennings bryan represent the school board</lemm>
		<bigrams> 3322 3323 3326 3327 3328 1096 3329 47</bigrams>
	</sent>	<sent id="16">
		<raw>Another shot sounded in 1987, when the Supreme Court prohibited the teaching of creationism in public schools, ruling that it was not science but religion, and violated the separation of church and state.</raw>
		<lemm>another shot sound in @card@  when the supreme court prohibit the teaching of creationism in public school  rule that it be not science but religion  and violate the separation of church and state</lemm>
		<bigrams> 3330 3331 2831 3333 471 3336</bigrams>
	</sent>	<sent id="17">
		<raw>Shortly after that Supreme Court ruling, intelligent design began to appear on the lecture circuit, championed by a small band of scientists and academics.</raw>
		<lemm>shortly after that supreme court ruling  intelligent design begin to appear on the lecture circuit  champion by a small band of scientist and academic</lemm>
		<bigrams> 2831 3345 3346 12 3347 3352 3353 3356</bigrams>
	</sent>	<sent id="18">
		<raw>Intelligent design advocates tend to concentrate their criticism on Darwinian theory; they have been far less successful at laying a foundation for a new scientific theory, which by definition must be testable.</raw>
		<lemm>intelligent design advocate tend to concentrate their criticism on darwinian theory  they have be far less successful at lay a foundation for a new scientific theory  which by definition must be testable</lemm>
		<bigrams> 12 3361 3362 3369 3371 3372 3377 206 3381</bigrams>
	</sent>	<sent id="19">
		<raw>This was a point hammered at Monday as the ACLU called its first witness, Kenneth R. Miller, a Brown University biology professor and author of a biology textbook used in nearly half the schools in the nation, including in Dover.</raw>
		<lemm>this be a point hammer at monday as the aclu call its first witness  kenneth r miller  a brown university biology professor and author of a biology textbook use in nearly half the school in the nation  include in dover</lemm>
		<bigrams> 3385 3388 3390 3391 3392 3393 3396 3397 3398 3402 3403 3405 3408</bigrams>
	</sent>	<sent id="20">
		<raw>Miller noted that virtually every prominent scientific organization in the United States has upheld Darwin's theory of evolution as an unshakeable pillar of science.</raw>
		<lemm>miller note that virtually every prominent scientific organization in the united states have uphold darwin s theory of evolution as an unshakeable pillar of science</lemm>
		<bigrams> 3410 3412 3413 3414 3415 3418 3421 3423</bigrams>
	</sent>	<sent id="21">
		<raw>Intelligent design, he emphasized, has not fared nearly as well.</raw>
		<lemm>intelligent design  he emphasize  have not fare nearly as well</lemm>
		<bigrams> 12 3429</bigrams>
	</sent>	<sent id="22">
		<raw>"Intelligent design is inherently religious.</raw>
		<lemm> intelligent design be inherently religious</lemm>
		<bigrams> 12 1492</bigrams>
	</sent>	<sent id="23">
		<raw>It is a form of creationism," Miller said during four hours of testimony that often came to resemble an extended college seminar.</raw>
		<lemm>it be a form of creationism   miller say during four hour of testimony that often come to resemble an extended college seminar</lemm>
		<bigrams> 3433 3434 3437 3442 3447 3448</bigrams>
	</sent>	<sent id="24">
		<raw>"If you invoke a spiritual force in science, I can't test or replicate it.</raw>
		<lemm> if you invoke a spiritual force in science  i ca n t test or replicate it</lemm>
		<bigrams> 3453 3458</bigrams>
	</sent>	<sent id="25">
		<raw>"Scientific theories are not hunches," he added.</raw>
		<lemm> scientific theory be not hunch   he add</lemm>
		<bigrams> 206</bigrams>
	</sent>	<sent id="26">
		<raw>"When we say 'theory,' we mean a strong, overarching explanation that ties together many facts and enables us to make testable predictions."</raw>
		<lemm> when we say  theory   we mean a strong  overarching explanation that tie together many fact and enable us to make testable prediction </lemm>
		<bigrams> 3467 3472 3473 3475 3476 3477 3479 3481 3482</bigrams>
	</sent>	<sent id="27">
		<raw>The school board's attorneys countered by arguing that several of the leading intelligent design theorists are respected scientists and professors.</raw>
		<lemm>the school board s attorney counter by argue that several of the lead intelligent design theorist be respected scientist and professor</lemm>
		<bigrams> 47 3484 3489 12 3490 3493</bigrams>
	</sent>	<sent id="28">
		<raw>And they said the school board merely makes students aware of another viewpoint.</raw>
		<lemm>and they say the school board merely make student aware of another viewpoint</lemm>
		<bigrams> 47 3496 3497 2292 2293 3498</bigrams>
	</sent>	<sent id="29">
		<raw>The board also mandated the placement in the school library of the book "Of Pandas and People."</raw>
		<lemm>the board also mandate the placement in the school library of the book  of pandas and people </lemm>
		<bigrams> 3499 3500 175</bigrams>
	</sent>	<sent id="30">
		<raw>The book makes the case for intelligent design, and the school board's attorneys made the case that it was sort of an alternative textbook.</raw>
		<lemm>the book make the case for intelligent design  and the school board s attorney make the case that it be sort of an alternative textbook</lemm>
		<bigrams> 3504 12 47 3506 3510</bigrams>
	</sent>	<sent id="31">
		<raw>But Miller rejoined in his testimony that it was nothing of the sort.</raw>
		<lemm>but miller rejoin in his testimony that it be nothing of the sort</lemm>
		<bigrams> 3512</bigrams>
	</sent>	<sent id="32">
		<raw>He pointed out many examples of outdated or distorted science in the book.</raw>
		<lemm>he point out many example of outdated or distorted science in the book</lemm>
		<bigrams> 3521 3526</bigrams>
	</sent>	<sent id="33">
		<raw>He said the errors were so numerous as to amount to an intentional misreading of science, designed to drive unwary students to reject evolutionary theory.</raw>
		<lemm>he say the error be so numerous as to amount to an intentional misread of science  design to drive unwary student to reject evolutionary theory</lemm>
		<bigrams> 3536 3538 3540 3541 3543 3544</bigrams>
	</sent>	<sent id="34">
		<raw>"The errors in the book are systematic," Miller said.</raw>
		<lemm> the error in the book be systematic   miller say</lemm>
		<bigrams> 3547 3434</bigrams>
	</sent>	<sent id="35">
		<raw>Both sides plan to call a long line of witnesses, from scientists to philosophers to local teachers and parents.</raw>
		<lemm>both side plan to call a long line of witness  from scientist to philosopher to local teacher and parent</lemm>
		<bigrams> 3548 3552 3560</bigrams>
	</sent>	<sent id="36">
		<raw>And, in a rare moment of agreement, they said the case is likely to eventually reach the Supreme Court.</raw>
		<lemm>and  in a rare moment of agreement  they say the case be likely to eventually reach the supreme court</lemm>
		<bigrams> 3564 3571 2831</bigrams>
	</sent></doc>