<?xml version="1.0" encoding="UTF_8"?>
<doc>	<sent id="0">
		<raw>When Casey Brown testified last week week, she embodied the pain and division the intelligent design controversy has wrought in Dover, just south of here.</raw>
		<lemm>when casey brown testify last week week  she embody the pain and division the intelligent design controversy have wrought in dover  just south of here</lemm>
		<bigrams> 1429 1430 1431 1432 1433 12 1442</bigrams>
	</sent>	<sent id="1">
		<raw>Brown sat stiffly on the witness stand, her mouth as tight as her gray ponytail, recounting how she had run for school board on the same ticket as the board members now facing her from the defense table.</raw>
		<lemm>brown sit stiffly on the witness stand  her mouth as tight as her gray ponytail  recount how she have run for school board on the same ticket as the board member now face her from the defense table</lemm>
		<bigrams> 1451 1452 1455 1463 1464 47 516 1479</bigrams>
	</sent>	<sent id="2">
		<raw>The board is being sued by 11 parents who say that intelligent design is creationism cloaked as science, is inherently religious and has no place in a ninth-grade biology class.</raw>
		<lemm>the board be be sue by @card@ parent who say that intelligent design be creationism cloak as science  be inherently religious and have no place in a ninth-grade biology class</lemm>
		<bigrams> 36 12 1487 1492 1497 309</bigrams>
	</sent>	<sent id="3">
		<raw>Brown said her political alliances and friendships had become strained in the last couple of years as some board members had pressed for changing the biology curriculum to teach creationism on par with evolution.</raw>
		<lemm>brown say her political alliance and friendship have become strain in the last couple of year as some board member have press for change the biology curriculum to teach creationism on par with evolution</lemm>
		<bigrams> 1498 1501 1506 1509 516 1519 1522</bigrams>
	</sent>	<sent id="4">
		<raw>They wanted to buy an intelligent design textbook, "Of Pandas and People," in place of the newest edition of the standard biology text.</raw>
		<lemm>they want to buy an intelligent design textbook   of pandas and people   in place of the new edition of the standard biology text</lemm>
		<bigrams> 12 1531 1536 1539 198</bigrams>
	</sent>	<sent id="5">
		<raw>Under cross-examination by Patrick Gillen, a soft-spoken defense lawyer, Brown was asked whether she recalled visiting the home of a board member and admiring a carving of the Last Supper.</raw>
		<lemm>under cross-examination by patrick gillen  a soft-spoken defense lawyer  brown be ask whether she recall visit the home of a board member and admire a carving of the last supper</lemm>
		<bigrams> 1543 1546 1547 1548 1551 1554 516 1562</bigrams>
	</sent>	<sent id="6">
		<raw>"The Lord's Last Supper, yes sir," Brown said.</raw>
		<lemm> the lord s last supper  yes sir   brown say</lemm>
		<bigrams> 1562 1566 1567 1568 1498</bigrams>
	</sent>	<sent id="7">
		<raw>"I had never seen such a beautiful carving."</raw>
		<lemm> i have never see such a beautiful carving </lemm>
		<bigrams> 1571 1575</bigrams>
	</sent>	<sent id="8">
		<raw>But she said she did not feel comfortable when the board member asked her if she was a born-again Christian.</raw>
		<lemm>but she say she do not feel comfortable when the board member ask her if she be a born-again christian</lemm>
		<bigrams> 1579 516 1581 1587</bigrams>
	</sent>	<sent id="9">
		<raw>She also said she felt disturbed when another board member, who was among those most insistent about teaching creationism, drove her home from a meeting and asked the same question.</raw>
		<lemm>she also say she feel disturb when another board member  who be among those most insistent about teach creationism  drive her home from a meeting and ask the same question</lemm>
		<bigrams> 1589 1591 1594 516 1522 1601</bigrams>
	</sent>	<sent id="10">
		<raw>Suddenly, his manner changing, Gillen pounced: These were Brown's friends, she was in their homes, in their cars, and she found it offensive to be asked about religion?</raw>
		<lemm>suddenly  his manner changing  gillen pounce  these be brown s friend  she be in their home  in their car  and she find it offensive to be ask about religion</lemm>
		<bigrams> 1613 1614 1615</bigrams>
	</sent>	<sent id="11">
		<raw>"Yes, I do, and I still do, sir," she said.</raw>
		<lemm> yes  i do  and i still do  sir   she say</lemm>
		<bigrams></bigrams>
	</sent>	<sent id="12">
		<raw>A bite in his voice, Gillen asked if she thought religion should not be discussed at all.</raw>
		<lemm>a bite in his voice  gillen ask if she think religion should not be discuss at all</lemm>
		<bigrams> 1645 1646 1648</bigrams>
	</sent>	<sent id="13">
		<raw>"I wouldn't presume to discuss religion within normal circumstances," she said, "except within my own family."</raw>
		<lemm> i would n t presume to discuss religion within normal circumstance   she say   except within my own family </lemm>
		<bigrams> 1656 1660 1661 1662 1663 1665 1666</bigrams>
	</sent>	<sent id="14">
		<raw>Brown and her husband quit the board the night members voted 6-3 for intelligent design.</raw>
		<lemm>brown and her husband quit the board the night member vote @card@ for intelligent design</lemm>
		<bigrams> 1673 1677 1678 437 12</bigrams>
	</sent>	<sent id="15">
		<raw>The trial presents a particular challenge for the journalists from science magazines.</raw>
		<lemm>the trial present a particular challenge for the journalist from science magazine</lemm>
		<bigrams> 1681 1684 1689</bigrams>
	</sent>	<sent id="16">
		<raw>In the courtroom hallway during a break last week, Celeste Biever, a reporter for NewScientist, was interviewing a courtroom regular, a bearded local pastor who says he considers evolution a lie.</raw>
		<lemm>in the courtroom hallway during a break last week  celeste biever  a reporter for newscientist  be interview a courtroom regular  a bearded local pastor who say he consider evolution a lie</lemm>
		<bigrams> 1691 1695 1432 1696 1697 1706 1709 1710 1714</bigrams>
	</sent>	<sent id="17">
		<raw>Biever asked, drawing a dotted line on her notepad.</raw>
		<lemm>biever ask  draw a dotted line on her notepad</lemm>
		<bigrams> 1717 1718 1721</bigrams>
	</sent>	<sent id="18">
		<raw>"Yeah, why not," the pastor said.</raw>
		<lemm> yeah  why not   the pastor say</lemm>
		<bigrams> 1729</bigrams>
	</sent>	<sent id="19">
		<raw>Later, out of the pastor's hearing, Biever said with fascination, "He thinks evolution is a bird turning into a fish turning into a rabbit", one straight line of common descent, instead of a tree with common roots.</raw>
		<lemm>later  out of the pastor s hearing  biever say with fascination   he think evolution be a bird turn into a fish turn into a rabbit   one straight line of common descent  instead of a tree with common root</lemm>
		<bigrams> 1733 1734 1738 1740 1744 1746 1747 1748 1751 1752 1757</bigrams>
	</sent>	<sent id="20">
		<raw>Biever was finding that she could not cover the trial the way she would a classic courtroom face-off.</raw>
		<lemm>biever be find that she could not cover the trial the way she would a classic courtroom face-off</lemm>
		<bigrams> 1770 1771</bigrams>
	</sent>	<sent id="21">
		<raw>When you put intelligent design up against evolution, she said, "It's not a head-on collision between two scientific arguments; it's orthogonal," with the opponents coming at each other from right angles.</raw>
		<lemm>when you put intelligent design up against evolution  she say   it be not a head-on collision between two scientific argument  it be orthogonal   with the opponent come at each other from right angle</lemm>
		<bigrams> 1774 12 1780 1783 1784 1789 1795</bigrams>
	</sent>	<sent id="22">
		<raw>"It's apples and oranges," Biever said.</raw>
		<lemm> it be apple and orange   biever say</lemm>
		<bigrams> 1799 1734</bigrams>
	</sent>	<sent id="23">
		<raw>Her readers do not take intelligent design seriously, she said, so she was striving for "local color."</raw>
		<lemm>her reader do not take intelligent design seriously  she say  so she be strive for  local color </lemm>
		<bigrams> 1803 12 1804 1811</bigrams>
	</sent>	<sent id="24">
		<raw>"We're not just science cheerleaders, and I don't want to overlook any valid argument for intelligent design," Biever said.</raw>
		<lemm> we be not just science cheerleader  and i do n t want to overlook any valid argument for intelligent design   biever say</lemm>
		<bigrams> 1814 1821 12 1823 1734</bigrams>
	</sent>	<sent id="25">
		<raw>"As far as I'm concerned, I haven't heard one yet."</raw>
		<lemm> as far as i be concern  i have n t hear one yet </lemm>
		<bigrams> 1832 1833</bigrams>
	</sent>	<sent id="26">
		<raw>As for the pastor, after four days of listening to science experts dismantling the case for intelligent design, he was unimpressed.</raw>
		<lemm>as for the pastor  after four day of listen to science expert dismantle the case for intelligent design  he be unimpressed</lemm>
		<bigrams> 1837 1842 1843 12</bigrams>
	</sent>	<sent id="27">
		<raw>"They're babblers," said the pastor, the Rev.</raw>
		<lemm> they be babbler   say the pastor  the rev </lemm>
		<bigrams> 1850</bigrams>
	</sent>	<sent id="28">
		<raw>Jim Grove, who leads a 40-member independent Baptist church outside of Dover.</raw>
		<lemm>jim grove  who lead a 40-member independent baptist church outside of dover</lemm>
		<bigrams> 1853 1858 1859 1860 1861</bigrams>
	</sent>	<sent id="29">
		<raw>"The more Ph.</raw>
		<lemm> the more ph </lemm>
		<bigrams></bigrams>
	</sent>	<sent id="30">
		<raw>D.'s you get, it seems like the further away from God you get."</raw>
		<lemm>d  s you get  it seem like the further away from god you get </lemm>
		<bigrams> 1870</bigrams>
	</sent>	<sent id="31">
		<raw>Dover school board members were well aware they were inviting a lawsuit over church-state issues when they voted last October that biology students should hear a statement telling them that there were gaps in the theory of evolution and that intelligent design was another theory the students should examine.</raw>
		<lemm>dover school board member be well aware they be invite a lawsuit over church-state issue when they vote last october that biology student should hear a statement tell them that there be gap in the theory of evolution and that intelligent design be another theory the student should examine</lemm>
		<bigrams> 346 47 516 1878 1885 1889 131 1892 1896 12 1902</bigrams>
	</sent>	<sent id="32">
		<raw>But board members forged ahead, having been assured that they would have the backing of the Thomas More Law Center, a nonprofit law firm dedicated to providing legal representation to Christians, and its chief counsel, Richard Thompson.</raw>
		<lemm>but board member forge ahead  have be assure that they would have the backing of the thomas more law center  a nonprofit law firm dedicate to provide legal representation to christian  and its chief counsel  richard thompson</lemm>
		<bigrams> 516 1907 1908 1920 1923 1924 1925 1928 1929 1935 1936 711</bigrams>
	</sent>	<sent id="33">
		<raw>In courtroom breaks Thompson occasionally sits next to board members and puts an arm around their shoulders.</raw>
		<lemm>in courtroom break thompson occasionally sit next to board member and put an arm around their shoulder</lemm>
		<bigrams> 1938 1939 1940 1941 1942 516 1948</bigrams>
	</sent>	<sent id="34">
		<raw>White-haired and dapper, he has said little in court, leaving most of the cross-examination to his two co-counselors.</raw>
		<lemm>white-haired and dapper  he have say little in court  leave most of the cross-examination to his two co-counselors</lemm>
		<bigrams> 1956 1958 1965</bigrams>
	</sent>	<sent id="35">
		<raw>But last week, he became the public face of the intelligent design movement, stepping into the ring of cameras and microphones outside the courthouse each afternoon, taking every question until, one after another, the reporters slipped away.</raw>
		<lemm>but last week  he become the public face of the intelligent design movement  step into the ring of camera and microphone outside the courthouse each afternoon  take every question until  one after another  the reporter slip away</lemm>
		<bigrams> 1432 1970 12 1972 1973 1980 1985 1986 1987 1994 1995</bigrams>
	</sent>	<sent id="36">
		<raw>As a former Michigan prosecutor who tried repeatedly to convict Dr. Jack Kevorkian, Thompson is comfortable in the spotlight.</raw>
		<lemm>as a former michigan prosecutor who try repeatedly to convict dr jack kevorkian  thompson be comfortable in the spotlight</lemm>
		<bigrams> 1997 1998 2001 2004 2005 2006 2007</bigrams>
	</sent>	<sent id="37">
		<raw>He failed in his prosecution of Kevorkian and eventually lost a bid for re-election; voters told pollsters they did not share his outrage over assisted suicide.</raw>
		<lemm>he fail in his prosecution of kevorkian and eventually lose a bid for re-election  voter tell pollster they do not share his outrage over assist suicide</lemm>
		<bigrams> 2019 2024 2025 2026 2034</bigrams>
	</sent>	<sent id="38">
		<raw>Thompson's major argument in defending the board is that intelligent design is not religion, but science.</raw>
		<lemm>thompson s major argument in defend the board be that intelligent design be not religion  but science</lemm>
		<bigrams> 2037 12</bigrams>
	</sent>	<sent id="39">
		<raw>He is, however, absolutely open about his own religious motivations.</raw>
		<lemm>he be  however  absolutely open about his own religious motivation</lemm>
		<bigrams> 2045 2046 2051</bigrams>
	</sent>	<sent id="40">
		<raw>During the lunch break on Thursday, Thompson said he founded the law center to defend Christians who he thought were losing the culture wars.</raw>
		<lemm>during the lunch break on thursday  thompson say he found the law center to defend christian who he think be lose the culture war</lemm>
		<bigrams> 2054 2057 2058 1920 2064 2071</bigrams>
	</sent>	<sent id="41">
		<raw>The center was initially financed by Thomas Monaghan, the founder of Domino's Pizza.</raw>
		<lemm>the center be initially finance by thomas monaghan  the founder of domino s pizza</lemm>
		<bigrams> 2075 2078</bigrams>
	</sent>	<sent id="42">
		<raw>Both men are Roman Catholics.</raw>
		<lemm>both man be roman catholics</lemm>
		<bigrams> 2088</bigrams>
	</sent>	<sent id="43">
		<raw>"There are two worldviews that are in conflict," Thompson said.</raw>
		<lemm> there be two worldviews that be in conflict   thompson say</lemm>
		<bigrams> 719 2089 2058</bigrams>
	</sent>	<sent id="44">
		<raw>"I do feel that even though Christians are 86 percent of the population, they have become second-class citizens."</raw>
		<lemm> i do feel that even though christian be @card@ percent of the population  they have become second-class citizen </lemm>
		<bigrams> 2093 2094 2097 2102 2103</bigrams>
	</sent></doc>