<?xml version="1.0" encoding="UTF_8"?>
<doc>	<sent id="0">
		<raw>After Super Mario swam the clear blue sea and someone beat someone else at foosball and a girl named Kate quoted the Gospel of John to explain why God is an unavoidable fact of life, they said grace.</raw>
		<lemm>after super mario swim the clear blue sea and someone beat someone else at foosball and a girl name kate quote the gospel of john to explain why god be an unavoidable fact of life  they say grace</lemm>
		<bigrams> 4031 4032 4035 4036 4039 4040 4041 4046 4047 4048 4059 4062</bigrams>
	</sent>	<sent id="1">
		<raw>"Dear Heavenly Father," 19-year-old Brandon Spangler said.</raw>
		<lemm> dear heavenly father   19-year-old brandon spangler say</lemm>
		<bigrams> 4063 4064 4065 4066 4067 4068</bigrams>
	</sent>	<sent id="2">
		<raw>"We just thank you for this day, for being with us on this wonderful Wednesday."</raw>
		<lemm> we just thank you for this day  for be with us on this wonderful wednesday </lemm>
		<bigrams> 4081</bigrams>
	</sent>	<sent id="3">
		<raw>Near the back of the dinner line in the basement of Dover-Bethany United Methodist Church, Ashley Ruppert stopped giggling.</raw>
		<lemm>near the back of the dinner line in the basement of dover-bethany united methodist church  ashley ruppert stop giggle</lemm>
		<bigrams> 4086 4091 4092 4093 4094 4095 4096 4097</bigrams>
	</sent>	<sent id="4">
		<raw>She closed her eyes.</raw>
		<lemm>she close her eye</lemm>
		<bigrams></bigrams>
	</sent>	<sent id="5">
		<raw>She had spent the morning in biology lab, building fat molecules out of beads and straws, and the afternoon playing video games beneath a bumper sticker that said "I don't have enough FAITH to believe in evolution."</raw>
		<lemm>she have spend the morning in biology lab  build fat molecule out of bead and straw  and the afternoon play video game beneath a bumper sticker that say  i do n t have enough faith to believe in evolution </lemm>
		<bigrams> 4105 4106 4107 4108 4115 4116 4117 4118 4121 4125</bigrams>
	</sent>	<sent id="6">
		<raw>She likes biology, but she doesn't believe in Darwin's theory of evolution.</raw>
		<lemm>she like biology  but she do n t believe in darwin s theory of evolution</lemm>
		<bigrams> 4129</bigrams>
	</sent>	<sent id="7">
		<raw>"There's too many holes," she says.</raw>
		<lemm> there be too many hole   she say</lemm>
		<bigrams> 4135</bigrams>
	</sent>	<sent id="8">
		<raw>We only have the beginning and the end.</raw>
		<lemm>we only have the beginning and the end</lemm>
		<bigrams></bigrams>
	</sent>	<sent id="9">
		<raw>God and science are at war in Dover, a small community of cornfields, mud-spattered pickup trucks and country churches in southern Pennsylvania, where last fall, the School Board decided students should hear a four-paragraph statement on intelligent design at the beginning of their ninth-grade lesson on evolution.</raw>
		<lemm>god and science be at war in dover  a small community of cornfield  mud-spattered pickup truck and country church in southern pennsylvania  where last fall  the school board decide student should hear a four-paragraph statement on intelligent design at the beginning of their ninth-grade lesson on evolution</lemm>
		<bigrams> 4146 4149 4150 4151 4154 4157 4160 47 4162 4163 3165 12 4168</bigrams>
	</sent>	<sent id="10">
		<raw>"Because Darwin's theory is a theory, it continues to be tested as new evidence is discovered," the statement says.</raw>
		<lemm> because darwin s theory be a theory  it continue to be test as new evidence be discover   the statement say</lemm>
		<bigrams> 630 2532</bigrams>
	</sent>	<sent id="11">
		<raw>"The theory is not a fact.</raw>
		<lemm> the theory be not a fact</lemm>
		<bigrams></bigrams>
	</sent>	<sent id="12">
		<raw>Gaps in the theory exist for which there is no evidence.</raw>
		<lemm>gap in the theory exist for which there be no evidence</lemm>
		<bigrams> 635</bigrams>
	</sent>	<sent id="13">
		<raw>.</raw>
		<lemm></lemm>
		<bigrams></bigrams>
	</sent>	<sent id="14">
		<raw>.</raw>
		<lemm></lemm>
		<bigrams></bigrams>
	</sent>	<sent id="15">
		<raw>.</raw>
		<lemm></lemm>
		<bigrams></bigrams>
	</sent>	<sent id="16">
		<raw>Intelligent design is an explanation of the origin of life that differs from Darwin's view."</raw>
		<lemm>intelligent design be an explanation of the origin of life that differ from darwin s view </lemm>
		<bigrams> 12</bigrams>
	</sent>	<sent id="17">
		<raw>The school district was sued by 11 parents, including Tammy Kitzmiller, a woman with blond feathered hair whose daughter Jessica chose to stand out in the hallway rather than listen when the statement was read in her biology class.</raw>
		<lemm>the school district be sue by @card@ parent  include tammy kitzmiller  a woman with blond feather hair whose daughter jessica choose to stand out in the hallway rather than listen when the statement be read in her biology class</lemm>
		<bigrams> 776 36 2792 4172 2620 4177 4178 4179 4180 4181 4182 4187 309</bigrams>
	</sent>	<sent id="18">
		<raw>"I feel that they have brought a religious idea into the classroom, and I object to that," Kitzmiller told a judge this week.</raw>
		<lemm> i feel that they have bring a religious idea into the classroom  and i object to that   kitzmiller tell a judge this week</lemm>
		<bigrams> 4198 4203</bigrams>
	</sent>	<sent id="19">
		<raw>"I do not think this is good science."</raw>
		<lemm> i do not think this be good science </lemm>
		<bigrams> 4207</bigrams>
	</sent>	<sent id="20">
		<raw>In a federal courtroom in Harrisburg, a landmark case is unfolding.</raw>
		<lemm>in a federal courtroom in harrisburg  a landmark case be unfold</lemm>
		<bigrams> 4208 4211</bigrams>
	</sent>	<sent id="21">
		<raw>It is about the meaning of the separation of church and state in a country where a recent Harris poll found that nearly two-thirds of adults believe human beings were created directly by God.</raw>
		<lemm>it be about the meaning of the separation of church and state in a country where a recent harris poll find that nearly two-third of adult believe human being be create directly by god</lemm>
		<bigrams> 4219 4220 4221 4223 4226 4227 4228</bigrams>
	</sent>	<sent id="22">
		<raw>It is about whether intelligent design is a new science or just a new way of talking about creationism.</raw>
		<lemm>it be about whether intelligent design be a new science or just a new way of talk about creationism</lemm>
		<bigrams> 704 12 4230 4234</bigrams>
	</sent>	<sent id="23">
		<raw>And everyone knows it is about more than just one small Pennsylvania town.</raw>
		<lemm>and everyone know it be about more than just one small pennsylvania town</lemm>
		<bigrams> 4239 4244 4245 40</bigrams>
	</sent>	<sent id="24">
		<raw>The lawyers are already talking about taking this case to the Supreme Court.</raw>
		<lemm>the lawyer be already talk about take this case to the supreme court</lemm>
		<bigrams> 4246 2831</bigrams>
	</sent>	<sent id="25">
		<raw>In Dover Township, a rough triangle of farmland dotted with red barns, pizza places and used car lots, they are talking, too.</raw>
		<lemm>in dover township  a rough triangle of farmland dot with red barn  pizza place and use car lot  they be talk  too</lemm>
		<bigrams> 4251 4254 4257 4260 4261 4262 4265 4266</bigrams>
	</sent>	<sent id="26">
		<raw>About why people in hot climates have darker skin than people in cold climates.</raw>
		<lemm>about why people in hot climate have dark skin than people in cold climate</lemm>
		<bigrams> 4273 4276 4280</bigrams>
	</sent>	<sent id="27">
		<raw>About the structure of the human eye and the minds of teenagers, because in some fundamental way, this case is about what a 13-year-old thinks when she looks through a microscope.</raw>
		<lemm>about the structure of the human eye and the mind of teenager  because in some fundamental way  this case be about what a 13-year-old think when she look through a microscope</lemm>
		<bigrams> 4284 4293 4297</bigrams>
	</sent>	<sent id="28">
		<raw>In Dover, there is no hard line between scientific questions and spiritual ones.</raw>
		<lemm>in dover  there be no hard line between scientific question and spiritual one</lemm>
		<bigrams> 4304 4307 4310</bigrams>
	</sent>	<sent id="29">
		<raw>This is a place where kids do their chemistry homework with Christian rock playing in the background.</raw>
		<lemm>this be a place where kid do their chemistry homework with christian rock play in the background</lemm>
		<bigrams> 4315 4318 4319</bigrams>
	</sent>	<sent id="30">
		<raw>If we're made up of atoms and there's a lot of space between the nucleus and the electrons, Ashley Ruppert wants to know why we're not full of holes.</raw>
		<lemm>if we be make up of atom and there be a lot of space between the nucleus and the electron  ashley ruppert want to know why we be not full of hole</lemm>
		<bigrams> 4335 4095 4336</bigrams>
	</sent>	<sent id="31">
		<raw>Up in Harrisburg, lawyers for the School Board say they are fighting for open-mindedness, for the right to ask any question.</raw>
		<lemm>up in harrisburg  lawyer for the school board say they be fight for open-mindedness  for the right to ask any question</lemm>
		<bigrams> 4344 47 4345</bigrams>
	</sent>	<sent id="32">
		<raw>They say Darwin's theory of evolution has become dogma, and that intelligent design is "science in its purest form," like Newton's experiments with gravity.</raw>
		<lemm>they say darwin s theory of evolution have become dogma  and that intelligent design be  science in its pure form   like newton s experiment with gravity</lemm>
		<bigrams> 2533 4356 12 4360 4361 4362</bigrams>
	</sent>	<sent id="33">
		<raw>"It shares the attitude of those who worked in the field of quantum mechanics, who posited the wave-particle duality, despite the fact that to some it smacked of the supernatural," Patrick Gillen, a lawyer for the School Board, told the judge.</raw>
		<lemm> it share the attitude of those who work in the field of quantum mechanic  who posit the wave-particle duality  despite the fact that to some it smack of the supernatural   patrick gillen  a lawyer for the school board  tell the judge</lemm>
		<bigrams> 4376 4381 4382 4391 1543 47 4392</bigrams>
	</sent>	<sent id="34">
		<raw>In the courtroom, the two sides are ranged like opposing armies.</raw>
		<lemm>in the courtroom  the two side be range like oppose army</lemm>
		<bigrams> 4397 4399 4400 4401</bigrams>
	</sent>	<sent id="35">
		<raw>Here you have the parents in suits and flowered skirts and their lawyers from the ACLU.</raw>
		<lemm>here you have the parent in suit and flowered skirt and their lawyer from the aclu</lemm>
		<bigrams> 4407</bigrams>
	</sent>	<sent id="36">
		<raw>Over there, the School Board members and their lawyers from the Thomas More Law Center, a Michigan firm whose stated purpose is "to be a sword and shield for people of faith."</raw>
		<lemm>over there  the school board member and their lawyer from the thomas more law center  a michigan firm whose stated purpose be  to be a sword and shield for people of faith </lemm>
		<bigrams> 47 516 1920 4415 4416 4417 4418</bigrams>
	</sent>	<sent id="37">
		<raw>Reporters sit in the jury box, because there is no jury in this trial, only a judge.</raw>
		<lemm>reporter sit in the jury box  because there be no jury in this trial  only a judge</lemm>
		<bigrams> 4427 4430</bigrams>
	</sent>	<sent id="38">
		<raw>The first to testify is Dr. Kenneth R. Miller, a professor at Brown University who co-wrote Biology, the textbook the kids in Dover use.</raw>
		<lemm>the first to testify be dr kenneth r miller  a professor at brown university who co-wrote biology  the textbook the kid in dover use</lemm>
		<bigrams> 4441 3392 3393 3396 4445 4450</bigrams>
	</sent>	<sent id="39">
		<raw>He says he started writing textbooks because he wanted teenagers to know that there are still things out there to discover, things in nature that are explained by natural processes.</raw>
		<lemm>he say he start write textbook because he want teenager to know that there be still thing out there to discover  thing in nature that be explain by natural process</lemm>
		<bigrams> 4452 4453 4457 4460 4465 3783</bigrams>
	</sent>	<sent id="40">
		<raw>Not ideas like intelligent design.</raw>
		<lemm>not idea like intelligent design</lemm>
		<bigrams> 4472 4473 12</bigrams>
	</sent>	<sent id="41">
		<raw>"Intelligent design is not science," Miller said.</raw>
		<lemm> intelligent design be not science   miller say</lemm>
		<bigrams> 12 4474 3434</bigrams>
	</sent>	<sent id="42">
		<raw>It is the theory that some things in nature are best explained by an intelligent cause, not natural selection.</raw>
		<lemm>it be the theory that some thing in nature be well explain by an intelligent cause  not natural selection</lemm>
		<bigrams> 4477 4479 2260</bigrams>
	</sent>	<sent id="43">
		<raw>But human beings are fallible, Miller says, and if you invoke a spiritual cause, a scientist cannot test it.</raw>
		<lemm>but human being be fallible  miller say  and if you invoke a spiritual cause  a scientist can test it</lemm>
		<bigrams> 4484 3434 4485</bigrams>
	</sent>	<sent id="44">
		<raw>You can't order it from a biological supply place or grow it in a petri dish or test it in a laboratory.</raw>
		<lemm>you ca n t order it from a biological supply place or grow it in a petri dish or test it in a laboratory</lemm>
		<bigrams> 3458 4496 4497 4502</bigrams>
	</sent>	<sent id="45">
		<raw>An idea like this might even stop kids from wanting to do scientific research.</raw>
		<lemm>an idea like this might even stop kid from want to do scientific research</lemm>
		<bigrams> 4472 4508 4509 4510 4514</bigrams>
	</sent>	<sent id="46">
		<raw>What's the point, Miller asks, if the only way we can explain the miracle of life is by pointing to a creator?</raw>
		<lemm>what be the point  miller ask  if the only way we can explain the miracle of life be by point to a creator</lemm>
		<bigrams> 4516 4517</bigrams>
	</sent>	<sent id="47">
		<raw>Miller believes in God, but he says there are questions science can answer and questions you might ask a priest, and they aren't the same thing.</raw>
		<lemm>miller believe in god  but he say there be question science can answer and question you might ask a priest  and they be n t the same thing</lemm>
		<bigrams> 4529 4533 4540</bigrams>
	</sent>	<sent id="48">
		<raw>"If I could solve the question of the meaning of my life by doing an experiment in my laboratory, I assure you I would run off and do it right now," he tells the judge.</raw>
		<lemm> if i could solve the question of the meaning of my life by do an experiment in my laboratory  i assure you i would run off and do it right now   he tell the judge</lemm>
		<bigrams> 4548 4565</bigrams>
	</sent>	<sent id="49">
		<raw>He starts to explain evolution.</raw>
		<lemm>he start to explain evolution</lemm>
		<bigrams> 4572</bigrams>
	</sent>	<sent id="50">
		<raw>Some genes have errors, and by comparing those errors, you can test genetic links.</raw>
		<lemm>some gene have error  and by compare those error  you can test genetic link</lemm>
		<bigrams> 4582 4583</bigrams>
	</sent>	<sent id="51">
		<raw>On a screen along the wall, a picture of apes appears.</raw>
		<lemm>on a screen along the wall  a picture of ape appear</lemm>
		<bigrams> 4585 4592</bigrams>
	</sent>	<sent id="52">
		<raw>The courtroom is quiet, but you can hear the echo.</raw>
		<lemm>the courtroom be quiet  but you can hear the echo</lemm>
		<bigrams></bigrams>
	</sent>	<sent id="53">
		<raw>In 1925, during the Scopes trial, they had chimpanzees doing tricks out on Main Street in Dayton, Tenn.</raw>
		<lemm>in @card@  during the scopes trial  they have chimpanzee do trick out on main street in dayton  tenn </lemm>
		<bigrams> 375 4607 3314</bigrams>
	</sent>	<sent id="54">
		<raw>The slide shows a chimpanzee, a gorilla and a human being.</raw>
		<lemm>the slide show a chimpanzee  a gorilla and a human be</lemm>
		<bigrams> 4610</bigrams>
	</sent>	<sent id="55">
		<raw>They all share the exact same set of genetic mistakes, Miller says.</raw>
		<lemm>they all share the exact same set of genetic mistake  miller say</lemm>
		<bigrams> 4624 4625 3434</bigrams>
	</sent>	<sent id="56">
		<raw>They're all primates.</raw>
		<lemm>they be all primate</lemm>
		<bigrams></bigrams>
	</sent>	<sent id="57">
		<raw>All came from Africa.</raw>
		<lemm>all come from africa</lemm>
		<bigrams></bigrams>
	</sent>	<sent id="58">
		<raw>Horses, cats and dogs don't have the same genetic mistakes we do.</raw>
		<lemm>horse  cat and dog do n t have the same genetic mistake we do</lemm>
		<bigrams> 4631 4624</bigrams>
	</sent>	<sent id="59">
		<raw>Matching mistakes spell common ancestry.</raw>
		<lemm>match mistake spell common ancestry</lemm>
		<bigrams> 4638 4639 4640 4641</bigrams>
	</sent>	<sent id="60">
		<raw>Twenty-five miles away in Dover, Ashley Ruppert flips through Miller's Biology.</raw>
		<lemm>twenty-five mile away in dover  ashley ruppert flip through miller s biology</lemm>
		<bigrams> 4642 4643 4645 4095 4646</bigrams>
	</sent>	<sent id="61">
		<raw>She is sitting at KT's restaurant across the street from the high school, eating french fries.</raw>
		<lemm>she be sit at kt s restaurant across the street from the high school  eat french fry</lemm>
		<bigrams> 4655 4 4659 4660 4661</bigrams>
	</sent>	<sent id="62">
		<raw>They haven't gotten to the section on evolution yet, but Ashley has already Googled Darwin and talked about intelligent design with her mom.</raw>
		<lemm>they have n t get to the section on evolution yet  but ashley have already googled darwin and talk about intelligent design with her mom</lemm>
		<bigrams> 4666 4671 4672 12</bigrams>
	</sent>	<sent id="63">
		<raw>"Why is it easier to believe that we evolved from monkeys than that we were created by a higher power?"</raw>
		<lemm> why be it easy to believe that we evolve from monkey than that we be create by a high power </lemm>
		<bigrams> 4688</bigrams>
	</sent>	<sent id="64">
		<raw>Beth Ruppert asks when she comes to take Ashley home.</raw>
		<lemm>beth ruppert ask when she come to take ashley home</lemm>
		<bigrams> 4689 4690 4694 4695</bigrams>
	</sent>	<sent id="65">
		<raw>"I don't get it."</raw>
		<lemm> i do n t get it </lemm>
		<bigrams></bigrams>
	</sent>	<sent id="66">
		<raw>She's not the only one.</raw>
		<lemm>she be not the only one</lemm>
		<bigrams></bigrams>
	</sent>	<sent id="67">
		<raw>In Dover, 100 people turn out for a junior varsity field hockey game on a Tuesday night and the cheerleaders stop practicing and stand at attention when the national anthem plays.</raw>
		<lemm>in dover  @card@ people turn out for a junior varsity field hockey game on a tuesday night and the cheerleader stop practicing and stand at attention when the national anthem play</lemm>
		<bigrams> 4697 4698 4699 4703 4704 4705 4706 724 4711 4712 4718 4719</bigrams>
	</sent>	<sent id="68">
		<raw>It's a place where kids race high-wheeled pickup trucks through muddy fields on weekends, a pastime known as muddin', and listen to the Doors and Aerosmith.</raw>
		<lemm>it be a place where kid race high-wheeled pickup truck through muddy field on weekend  a pastime know as muddin   and listen to the doors and aerosmith</lemm>
		<bigrams> 4720 4721 4722 4151 4725 4730</bigrams>
	</sent>	<sent id="69">
		<raw>"It's like it never got out of the past," says Brandon Miller, 17.</raw>
		<lemm> it be like it never get out of the past   say brandon miller  @card@</lemm>
		<bigrams> 4740 4742 4743 4744 4745</bigrams>
	</sent>	<sent id="70">
		<raw>But there are dissenters here.</raw>
		<lemm>but there be dissenter here</lemm>
		<bigrams></bigrams>
	</sent>	<sent id="71">
		<raw>In the high school parking lot one evening, Jeremy Naylor, the senior class president, gets talking about the lessons of ninth-grade biology.</raw>
		<lemm>in the high school parking lot one evening  jeremy naylor  the senior class president  get talk about the lesson of ninth-grade biology</lemm>
		<bigrams> 4 4749 4750 4751 4752 4753 4754 4757 4758 4759 4760 1497</bigrams>
	</sent>	<sent id="72">
		<raw>"We didn't really evolve from monkeys," he says.</raw>
		<lemm> we do n t really evolve from monkey   he say</lemm>
		<bigrams> 4764</bigrams>
	</sent>	<sent id="73">
		<raw>"It's a long process and what it says is it basically started out with, like, a puddle."</raw>
		<lemm> it be a long process and what it say be it basically start out with  like  a puddle </lemm>
		<bigrams> 4766 4772</bigrams>
	</sent>	<sent id="74">
		<raw>Jeremy isn't religious.</raw>
		<lemm>jeremy be n t religious</lemm>
		<bigrams></bigrams>
	</sent>	<sent id="75">
		<raw>He doesn't think intelligent design has any place in school.</raw>
		<lemm>he do n t think intelligent design have any place in school</lemm>
		<bigrams> 4781 12</bigrams>
	</sent>	<sent id="76">
		<raw>Ernie Seigle, an 18-year-old senior, agrees, even though he goes to church every Sunday before his 12-hour factory shift.</raw>
		<lemm>ernie seigle  an 18-year-old senior  agree  even though he go to church every sunday before his 12-hour factory shift</lemm>
		<bigrams> 4786 4789 4790 4791 2093 4795 4796 4800 4801</bigrams>
	</sent>	<sent id="77">
		<raw>He believes in the separation of church and state.</raw>
		<lemm>he believe in the separation of church and state</lemm>
		<bigrams></bigrams>
	</sent>	<sent id="78">
		<raw>""I don't need to be in church every day of the week," Ernie says.</raw>
		<lemm>  i do n t need to be in church every day of the week   ernie say</lemm>
		<bigrams> 4795 4806 4808 4809</bigrams>
	</sent>	<sent id="79">
		<raw>Dissent is never easy.</raw>
		<lemm>dissent be never easy</lemm>
		<bigrams> 4812</bigrams>
	</sent>	<sent id="80">
		<raw>In the courtroom, Bryan Rehm, a high school physics teacher and one of the parents suing the school district, says living in Dover has gotten harder.</raw>
		<lemm>in the courtroom  bryan rehm  a high school physics teacher and one of the parent sue the school district  say living in dover have get harder</lemm>
		<bigrams> 4813 4814 4 4816 4817 4818 776 2269 4819 4823</bigrams>
	</sent>	<sent id="81">
		<raw>"You used to be able to go out to any restaurant, sit down, not worry about who was next to you," he tells the judge.</raw>
		<lemm> you use to be able to go out to any restaurant  sit down  not worry about who be next to you   he tell the judge</lemm>
		<bigrams> 4833</bigrams>
	</sent>	<sent id="82">
		<raw>"You could walk down the street and say "Hi' to everybody and get a nice pleasant return.</raw>
		<lemm> you could walk down the street and say  hi  to everybody and get a nice pleasant return</lemm>
		<bigrams> 4843 4848 4854 4855</bigrams>
	</sent>	<sent id="83">
		<raw>Now people stare."</raw>
		<lemm>now people stare </lemm>
		<bigrams> 4857</bigrams>
	</sent>	<sent id="84">
		<raw>They sometimes call him an atheist now.</raw>
		<lemm>they sometimes call him an atheist now</lemm>
		<bigrams> 4859</bigrams>
	</sent>	<sent id="85">
		<raw>And worse.</raw>
		<lemm>and bad</lemm>
		<bigrams></bigrams>
	</sent>	<sent id="86">
		<raw>"They don't know me," he says.</raw>
		<lemm> they do n t know me   he say</lemm>
		<bigrams></bigrams>
	</sent>	<sent id="87">
		<raw>"They don't know that I'm the co-director of the children's choir at church or that I run the music halfway at the second service, or that, you know, my wife and I run Vacation Bible School.</raw>
		<lemm> they do n t know that i be the co-director of the child s choir at church or that i run the music halfway at the second service  or that  you know  my wife and i run vacation bible school</lemm>
		<bigrams> 4880 4883 4890 4891 4892</bigrams>
	</sent>	<sent id="88">
		<raw>Yet they have no problem going around calling me an atheist because my particular religious viewpoint doesn't agree with that of the School Board."</raw>
		<lemm>yet they have no problem go around call me an atheist because my particular religious viewpoint do n t agree with that of the school board </lemm>
		<bigrams> 4895 4896 4897 4903 4904 47</bigrams>
	</sent>	<sent id="89">
		<raw>At a School Board meeting last fall, Rehm says, one board member said something like: "Two-thousand years ago, somebody died on a cross, can't somebody stand up and take a stand for him?"</raw>
		<lemm>at a school board meeting last fall  rehm say  one board member say something like   two-thousand year ago  somebody die on a cross  ca n t somebody stand up and take a stand for him </lemm>
		<bigrams> 47 2462 4910 4160 4911 4912 3696 3291 516 4913 4914 1042 4915 4916 1205 4917 4918 4921 3458 4923</bigrams>
	</sent>	<sent id="90">
		<raw>The defense lawyers deny it.</raw>
		<lemm>the defense lawyer deny it</lemm>
		<bigrams> 1547 4930</bigrams>
	</sent>	<sent id="91">
		<raw>"It's one of those things that I couldn't believe," Rehm said.</raw>
		<lemm> it be one of those thing that i could n t believe   rehm say</lemm>
		<bigrams> 4934 4935 4912</bigrams>
	</sent>	<sent id="92">
		<raw>In Dover, it doesn't sound so strange.</raw>
		<lemm>in dover  it do n t sound so strange</lemm>
		<bigrams></bigrams>
	</sent>	<sent id="93">
		<raw>At the Salem United Church of Christ, the marquee says, "This church under same management for over two thousand years!"</raw>
		<lemm>at the salem united church of christ  the marquee say   this church under same management for over two thousand year </lemm>
		<bigrams> 4941 4942 4947 4955 4956</bigrams>
	</sent>	<sent id="94">
		<raw>A sign across the street reads: "We walk by the spirit, not by sight."</raw>
		<lemm>a sign across the street read   we walk by the spirit  not by sight </lemm>
		<bigrams> 4958 4959</bigrams>
	</sent>	<sent id="95">
		<raw>Up the road at the Lighthouse Baptist Church, where pamphlets assure you that hell is for real, Pastor Sterling Walsh Jr. says the evidence of the natural world points directly to a creator.</raw>
		<lemm>up the road at the lighthouse baptist church  where pamphlet assure you that hell be for real  pastor sterling walsh jr say the evidence of the natural world point directly to a creator</lemm>
		<bigrams> 4971 1860 4974 4980 4981 4982 4983 4984 4988 4989 4990</bigrams>
	</sent>	<sent id="96">
		<raw>Anyone can see it, even a child.</raw>
		<lemm>anyone can see it  even a child</lemm>
		<bigrams></bigrams>
	</sent>	<sent id="97">
		<raw>"If you grow up in a rural area like this, you just go out and see God," Walsh says.</raw>
		<lemm> if you grow up in a rural area like this  you just go out and see god   walsh say</lemm>
		<bigrams> 5000 5001 5006 5007 5008</bigrams>
	</sent>	<sent id="98">
		<raw>"It's obvious to everybody until we talk each other out of it.</raw>
		<lemm> it be obvious to everybody until we talk each other out of it</lemm>
		<bigrams></bigrams>
	</sent>	<sent id="99">
		<raw>It's obvious there must be something out there that's intelligent."</raw>
		<lemm>it be obvious there must be something out there that be intelligent </lemm>
		<bigrams></bigrams>
	</sent>	<sent id="100">
		<raw>On a table at the front of the church, there's a plastic bag full of buttons that say "I support Dover school board."</raw>
		<lemm>on a table at the front of the church  there be a plastic bag full of button that say  i support dover school board </lemm>
		<bigrams> 5028 5029 5033 346 47</bigrams>
	</sent>	<sent id="101">
		<raw>The board isn't asking them to teach intelligent design, Walsh says, just to mention it.</raw>
		<lemm>the board be n t ask them to teach intelligent design  walsh say  just to mention it</lemm>
		<bigrams> 716 12 5037 5008</bigrams>
	</sent>	<sent id="102">
		<raw>What people are really scared of, he says, is God.</raw>
		<lemm>what people be really scare of  he say  be god</lemm>
		<bigrams> 5043</bigrams>
	</sent>	<sent id="103">
		<raw>He opens his Bible to Romans, Chapter 1.</raw>
		<lemm>he open his bible to romans  chapter @card@</lemm>
		<bigrams> 5052 5053</bigrams>
	</sent>	<sent id="104">
		<raw>The page is dog-eared, highlighted, marked with ink.</raw>
		<lemm>the page be dog-ear  highlight  mark with ink</lemm>
		<bigrams> 5057 5058</bigrams>
	</sent>	<sent id="105">
		<raw>"That which can be known of God is manifest in them," he reads, "for the invisible things of God can be clearly seen in creation."</raw>
		<lemm> that which can be know of god be manifest in them   he read   for the invisible thing of god can be clearly see in creation </lemm>
		<bigrams> 5072 5076</bigrams>
	</sent>	<sent id="106">
		<raw>At a table in KT's, Ashley Ruppert is talking about the invisible things of nature, how our bodies are made up of cells and tiny bugs live on our skin.</raw>
		<lemm>at a table in kt s  ashley ruppert be talk about the invisible thing of nature  how our body be make up of cell and tiny bug live on our skin</lemm>
		<bigrams> 4095 5072 5091 5092</bigrams>
	</sent>	<sent id="107">
		<raw>In biology class, she was asked to look through a microscope and draw what she saw.</raw>
		<lemm>in biology class  she be ask to look through a microscope and draw what she see</lemm>
		<bigrams> 309</bigrams>
	</sent>	<sent id="108">
		<raw>She drew an amoeba and something called an Oscillatoria, a long green bacteria with stripes like a snake.</raw>
		<lemm>she draw an amoeba and something call an oscillatoria  a long green bacterium with stripe like a snake</lemm>
		<bigrams> 5108 5112 5113 5116</bigrams>
	</sent>	<sent id="109">
		<raw>She has read Genesis.</raw>
		<lemm>she have read genesis</lemm>
		<bigrams> 5119</bigrams>
	</sent>	<sent id="110">
		<raw>The earth without form, God moving over the water.</raw>
		<lemm>the earth without form  god move over the water</lemm>
		<bigrams> 5121 5122 5123 5124</bigrams>
	</sent>	<sent id="111">
		<raw>"It's real bleak," she says.</raw>
		<lemm> it be real bleak   she say</lemm>
		<bigrams> 5127</bigrams>
	</sent>	<sent id="112">
		<raw>"I prefer things that are solid."</raw>
		<lemm> i prefer thing that be solid </lemm>
		<bigrams> 5130</bigrams>
	</sent>	<sent id="113">
		<raw>And that makes her think that maybe there really is a difference, after all, between the questions you ask in biology and the ones you ask in church.</raw>
		<lemm>and that make her think that maybe there really be a difference  after all  between the question you ask in biology and the one you ask in church</lemm>
		<bigrams></bigrams>
	</sent>	<sent id="114">
		<raw>She knows that in science, there are rules governing gravity and atomic mass and the way hydrogen bonds with oxygen.</raw>
		<lemm>she know that in science  there be rule govern gravity and atomic mass and the way hydrogen bond with oxygen</lemm>
		<bigrams> 5151 5152 5155 5157 5158</bigrams>
	</sent>	<sent id="115">
		<raw>The rules don't change.</raw>
		<lemm>the rule do n t change</lemm>
		<bigrams></bigrams>
	</sent>	<sent id="116">
		<raw>You can ask a question and get an answer.</raw>
		<lemm>you can ask a question and get an answer</lemm>
		<bigrams></bigrams>
	</sent>	<sent id="117">
		<raw>She knows spiritual questions don't work that way.</raw>
		<lemm>she know spiritual question do n t work that way</lemm>
		<bigrams> 5168 5169</bigrams>
	</sent>	<sent id="118">
		<raw>"I have a friend who would read the Bible every day," Ashley says.</raw>
		<lemm> i have a friend who would read the bible every day   ashley say</lemm>
		<bigrams> 5177 5179 4806 5180 5181</bigrams>
	</sent>	<sent id="119">
		<raw>"She found the answer when she read.</raw>
		<lemm> she find the answer when she read</lemm>
		<bigrams></bigrams>
	</sent>	<sent id="120">
		<raw>Or what she thought was her answer."</raw>
		<lemm>or what she think be her answer </lemm>
		<bigrams></bigrams>
	</sent>	<sent id="121">
		<raw>Nothing like gravity.</raw>
		<lemm>nothing like gravity</lemm>
		<bigrams> 5189 5190</bigrams>
	</sent>	<sent id="122">
		<raw>When you drop a ball, it falls.</raw>
		<lemm>when you drop a ball  it fall</lemm>
		<bigrams></bigrams>
	</sent>	<sent id="123">
		<raw>It always falls.</raw>
		<lemm>it always fall</lemm>
		<bigrams> 5197</bigrams>
	</sent></doc>