<?xml version="1.0" encoding="UTF_8"?>
<doc>	<sent id="0">
		<raw>?WASHINGTON, A rule instructing high school?biology teachers to tell students that "intelligent design" is a viable scientific alternative to evolution faces its first challenge in a federal court this month.</raw>
		<lemm>washington  a rule instruct high school biology teacher to tell student that  intelligent design  be a viable scientific alternative to evolution face its first challenge in a federal court this month</lemm>
		<bigrams> 2 3 4 5 6 9 12 16 17 20 23 27</bigrams>
	</sent>	<sent id="1">
		<raw>?The suit was brought by a 11 parents in the Pennsylvania town of Dover who charge the school board is attempting to promote a religion, Christianity, in violation of the U. S. Constitution.</raw>
		<lemm>the suit be bring by a @card@ parent in the pennsylvania town of dover who charge the school board be attempt to promote a religion  christianity  in violation of the u s constitution</lemm>
		<bigrams> 36 40 47 54</bigrams>
	</sent>	<sent id="2">
		<raw>?The suit has made Dover, a town 100 miles west of Philadelphia with five elementary schools, one intermediate school and one high school, the first battleground in a national struggle over whether alternatives to evolution should be forced into high-school texts.</raw>
		<lemm>the suit have make dover  a town @card@ mile west of philadelphia with five elementary school  one intermediate school and one high school  the first battleground in a national struggle over whether alternative to evolution should be force into high-school text</lemm>
		<bigrams> 64 67 68 69 74 75 76 77 78 81 4 84 87 90 96</bigrams>
	</sent>	<sent id="3">
		<raw>?Intelligent design holds that the development of life on Earth cannot be explained solely on the basis of chemical or biological facts, and instead appears to have been guided a supreme intelligence.</raw>
		<lemm>intelligent design hold that the development of life on earth can be explain solely on the basis of chemical or biological fact  and instead appear to have be guide a supreme intelligence</lemm>
		<bigrams> 12 97 108 116 119 126</bigrams>
	</sent>	<sent id="4">
		<raw>?The town's school board last October passed a resolution requiring that students in a 9th grade biology course be told that evolution "is a theory, not a fact" and that "intelligent design is an explanation of the origin of life that differs" from evolution.</raw>
		<lemm>the town s school board last october pass a resolution require that student in a 9th grade biology course be tell that evolution  be a theory  not a fact  and that  intelligent design be an explanation of the origin of life that differ  from evolution</lemm>
		<bigrams> 47 130 131 132 135 140 141 142 12</bigrams>
	</sent>	<sent id="5">
		<raw>?They students were also invited to read a book, "Of Pandas and People," in the school library.</raw>
		<lemm>they student be also invite to read a book   of pandas and people   in the school library</lemm>
		<bigrams> 165 175</bigrams>
	</sent>	<sent id="6">
		<raw>?The book is published by the Foundation for Thought and Ethics, a Richardson, Texas, nonprofit organization that describes it as a "supplemental biology text for high school students."</raw>
		<lemm>the book be publish by the foundation for thought and ethics  a richardson  texas  nonprofit organization that describe it as a  supplemental biology text for high school student </lemm>
		<bigrams> 188 189 190 197 198 4 201</bigrams>
	</sent>	<sent id="7">
		<raw>The book presents intelligent design as a scientific theory.</raw>
		<lemm>the book present intelligent design as a scientific theory</lemm>
		<bigrams> 202 203 12 206</bigrams>
	</sent>	<sent id="8">
		<raw>Even President Bush weighed in on the national debate, telling Texas newspaper reporters last month that he thought "both sides ought to be taught ... so?people can understand what the debate is about."</raw>
		<lemm>even president bush weigh in on the national debate  tell texas newspaper reporter last month that he think  both side ought to be teach   so people can understand what the debate be about </lemm>
		<bigrams> 207 208 209 213 214 215 216 217 218 219 225</bigrams>
	</sent>	<sent id="9">
		<raw>?Many scientists call the concept of intelligent design non-scientific.</raw>
		<lemm>many scientist call the concept of intelligent design non-scientific</lemm>
		<bigrams> 238 239 12 244</bigrams>
	</sent>	<sent id="10">
		<raw>?American Civil Liberties Union lawyers representing the plaintiffs have sought to depict the Dover matter as part of a national effort to install intelligent design in classrooms as a scientific rebuttal of evolution.</raw>
		<lemm>american civil liberties union lawyer represent the plaintiff have seek to depict the dover matter as part of a national effort to install intelligent design in classroom as a scientific rebuttal of evolution</lemm>
		<bigrams> 245 246 247 248 249 258 263 266 12 270</bigrams>
	</sent>	<sent id="11">
		<raw>The Discovery Institute of Seattle, which calls itself "the nation's leading research organization and think tank on intelligent design," said the case pits "the ACLU against the local school board over its decision to introduce intelligent design into biology classes."</raw>
		<lemm>the discovery institute of seattle  which call itself  the nation s lead research organization and think tank on intelligent design   say the case pit  the aclu against the local school board over its decision to introduce intelligent design into biology class </lemm>
		<bigrams> 274 284 285 288 12 291 294 300 47 306 12 309</bigrams>
	</sent>	<sent id="12">
		<raw>?The institute says it supports scientists who are developing the emerging theory of intelligent design."</raw>
		<lemm>the institute say it support scientist who be develop the emerge theory of intelligent design </lemm>
		<bigrams> 311 314 320 12</bigrams>
	</sent>	<sent id="13">
		<raw>These include Charles Thaxton, a Peachtree City, Ga., man sometimes credited with coining the phrase "intelligent design."</raw>
		<lemm>these include charles thaxton  a peachtree city  ga  man sometimes credit with coin the phrase  intelligent design </lemm>
		<bigrams> 323 324 327 328 329 330 331 336 12</bigrams>
	</sent>	<sent id="14">
		<raw>Thaxton told lawyers in a deposition that he knew no one on the Dover school board and had nothing to do with the board's decision to incorporate the idea into the biology course.</raw>
		<lemm>thaxton tell lawyer in a deposition that he know no one on the dover school board and have nothing to do with the board s decision to incorporate the idea into the biology course</lemm>
		<bigrams> 337 338 346 47 142</bigrams>
	</sent>	<sent id="15">
		<raw>In arguing that the Dover school board is attempting to promote a religion, the parents cite cases as old as the 1925 Scopes Trial in Tennessee and as recent as a U. S. district court decision earlier this year against the Cobb County, Ga., school board's decision to place stickers disputing the theory of evolution on biology text books.</raw>
		<lemm>in argue that the dover school board be attempt to promote a religion  the parent cite case as old as the @card@ scopes trial in tennessee and as recent as a u s district court decision earlier this year against the cobb county  ga  school board s decision to place sticker dispute the theory of evolution on biology text book</lemm>
		<bigrams> 346 47 367 368 374 375 384 385 386 391 392 393 47 395 396 198 401</bigrams>
	</sent>	<sent id="16">
		<raw>But much of the legal jockeying leading up to the trial's Sept. 26 opening in the state capital of Harrisburg has gravitated to public statements purportedly made by members of the school board last year as they debated and then voted, 6-3, to include intelligent design in the biology course.</raw>
		<lemm>but much of the legal jockey lead up to the trial s sept @card@ opening in the state capital of harrisburg have gravitate to public statement purportedly make by member of the school board last year as they debate and then vote  @card@  to include intelligent design in the biology course</lemm>
		<bigrams> 405 406 413 414 417 424 425 426 47 130 430 437 440 12 142</bigrams>
	</sent>	<sent id="17">
		<raw>At that time, Bill Buckingham, chairman of the board's curriculum committee, was quoted as saying a textbook selected by science teachers for the course was "laced with Darwinism."</raw>
		<lemm>at that time  bill buckingham  chairman of the board s curriculum committee  be quote as say a textbook select by science teacher for the course be  lace with darwinism </lemm>
		<bigrams> 443 444 445 448 455 458</bigrams>
	</sent>	<sent id="18">
		<raw>Asked if he was promoting Christianity in the public school, Buckingham replied that "this country wasn't founded on Muslim beliefs or evolution" but "on Christianity, and our students should be taught as such," according to plaintiff's lawyers.</raw>
		<lemm>ask if he be promote christianity in the public school  buckingham reply that  this country be n t found on muslim belief or evolution  but  on christianity  and our student should be teach as such   accord to plaintiff s lawyer</lemm>
		<bigrams> 469 471 472 473 483</bigrams>
	</sent>	<sent id="19">
		<raw>He also proposed that the board buy "Of Pandas and People" as a supplementary biology text, but was voted down.</raw>
		<lemm>he also propose that the board buy  of pandas and people  as a supplementary biology text  but be vote down</lemm>
		<bigrams> 501 503 507 198</bigrams>
	</sent>	<sent id="20">
		<raw>The father of another school board member then donated money to buy 60 copies of the book, according to court documents.</raw>
		<lemm>the father of another school board member then donate money to buy @card@ copy of the book  accord to court document</lemm>
		<bigrams> 515 47 516 519 522 523 525 527</bigrams>
	</sent>	<sent id="21">
		<raw>?School board lawyers, without identifying Buckingham by name, say the plaintiffs based much of their case on newspaper accounts of a board member "who, wrestling with addiction to Oxycontin (a pain medication), occasionally allowed political opponents or reporters to put words in his mouth."</raw>
		<lemm>school board lawyer  without identify buckingham by name  say the plaintiff base much of their case on newspaper account of a board member  who  wrestle with addiction to oxycontin ( a pain medication )  occasionally allow political opponent or reporter to put word in his mouth </lemm>
		<bigrams> 47 528 529 530 531 534 535 536 541 516 550 553 554 555 556 557 558 563</bigrams>
	</sent>	<sent id="22">
		<raw>The board's lawyers said the plaintiffs had tried but failed to prove that "a cabal of zealots bent on a religious mission" had "ramrodded the curriculum change heedless of the science faculty or community."</raw>
		<lemm>the board s lawyer say the plaintiff have try but fail to prove that  a cabal of zealot bend on a religious mission  have  ramrodded the curriculum change heedless of the science faculty or community </lemm>
		<bigrams> 567 578 582 587 588 591</bigrams>
	</sent>	<sent id="23">
		<raw>Instead, the board's lawyers said, the change was thoroughly debated and board members concluded that "evolution is a theory (not a fact) and that components of the theory ... are contested on scientific grounds."</raw>
		<lemm>instead  the board s lawyer say  the change be thoroughly debate and board member conclude that  evolution be a theory ( not a fact ) and that component of the theory   be contest on scientific ground </lemm>
		<bigrams> 567 598 516 600 602 604 612</bigrams>
	</sent>	<sent id="24">
		<raw>(Story can end here.</raw>
		<lemm>( story can end here</lemm>
		<bigrams> 613</bigrams>
	</sent>	<sent id="25">
		<raw>Optional add follows.)</raw>
		<lemm>optional add follow )</lemm>
		<bigrams> 617 618 619</bigrams>
	</sent>	<sent id="26">
		<raw>"Because Darwin's Theory is a theory, it is still being tested as new evidence is discovered.</raw>
		<lemm> because darwin s theory be a theory  it be still be test as new evidence be discover</lemm>
		<bigrams> 630</bigrams>
	</sent>	<sent id="27">
		<raw>?The Theory is not a fact.</raw>
		<lemm>the theory be not a fact</lemm>
		<bigrams></bigrams>
	</sent>	<sent id="28">
		<raw>?Gaps in the Theory exist for which there is no evidence.</raw>
		<lemm>gap in the theory exist for which there be no evidence</lemm>
		<bigrams> 635</bigrams>
	</sent>	<sent id="29">
		<raw>A theory is defined as a well-tested explanation that unifies a broad range of observations.</raw>
		<lemm>a theory be define as a well-tested explanation that unify a broad range of observation</lemm>
		<bigrams> 645 650</bigrams>
	</sent>	<sent id="30">
		<raw>"Intelligent design is an explanation of the origin of life that differs from Darwin's view.</raw>
		<lemm> intelligent design be an explanation of the origin of life that differ from darwin s view</lemm>
		<bigrams> 12</bigrams>
	</sent>	<sent id="31">
		<raw>The reference book, 'Of Pandas and People,' is available for students to see if they would like to explore this view in an effort to gain an understanding of what intelligent design actually involves.</raw>
		<lemm>the reference book   of pandas and people   be available for student to see if they would like to explore this view in an effort to gain an understanding of what intelligent design actually involve</lemm>
		<bigrams> 656 666 12 680 681</bigrams>
	</sent>	<sent id="32">
		<raw>As is true with any theory, students are encouraged to keep an open mind."</raw>
		<lemm>as be true with any theory  student be encourage to keep an open mind </lemm>
		<bigrams> 687 693</bigrams>
	</sent></doc>