<?xml version="1.0" encoding="UTF_8"?>
<doc>	<sent id="0">
		<raw>The largest US science society, the American Association for the Advancement of Science (AAAS), urged a Pennsylvania federal court Friday to prohibit an anti-evolution doctrine known as "intelligent design" in biology classrooms.</raw>
		<lemm>the large us science society  the american association for the advancement of science ( aaas )  urge a pennsylvania federal court friday to prohibit an anti-evolution doctrine know as  intelligent design  in biology classroom</lemm>
		<bigrams> 2104 2105 2106 2108 2113 2114 2115 2116 2119 27 2120 2125 2126 12 2129</bigrams>
	</sent>	<sent id="1">
		<raw>The organization and the US National Center for Science Education issued a statement, supporting students' parents to sue the Dover school district, Pennsylvania, against its decision to include " intelligent design," which says life has a God-like creator, in the curriculum of ninth-grade biology classes.</raw>
		<lemm>the organization and the us national center for science education issue a statement  support student  parent to sue the dover school district  pennsylvania  against its decision to include  intelligent design   which say life have a god-like creator  in the curriculum of ninth-grade biology class</lemm>
		<bigrams> 2132 2133 2136 2137 2139 2140 2141 346 776 2145 440 12 2150 2154 1497 309</bigrams>
	</sent>	<sent id="2">
		<raw>The school district requires teachers to read a disclaimer prior to a unit on evolution.</raw>
		<lemm>the school district require teacher to read a disclaimer prior to a unit on evolution</lemm>
		<bigrams> 776 2158 2159 2161</bigrams>
	</sent>	<sent id="3">
		<raw>The disclaimer says that "intelligent design is an explanation of the origin of life that differs from Darwin's view."</raw>
		<lemm>the disclaimer say that  intelligent design be an explanation of the origin of life that differ from darwin s view </lemm>
		<bigrams> 2168 12</bigrams>
	</sent>	<sent id="4">
		<raw>It also notes that a reference book on intelligent design is available to students.</raw>
		<lemm>it also note that a reference book on intelligent design be available to student</lemm>
		<bigrams> 2170 656 12</bigrams>
	</sent>	<sent id="5">
		<raw>The parents and the American Civil Liberties Union (ACLU) said this policy violates the constitutional separation of church and state, which forbids teaching religion in public schools.</raw>
		<lemm>the parent and the american civil liberties union ( aclu ) say this policy violate the constitutional separation of church and state  which forbid teaching religion in public school</lemm>
		<bigrams> 245 246 247 2177 2178 2179 2180 2183 2186 2193 2194 471</bigrams>
	</sent>	<sent id="6">
		<raw>They also argued that intelligent design is unscientific and has no place in a science curriculum.</raw>
		<lemm>they also argue that intelligent design be unscientific and have no place in a science curriculum</lemm>
		<bigrams> 2198 12 1030</bigrams>
	</sent>	<sent id="7">
		<raw>"The Dover disclaimer brings religion straight into the science classroom," said Alan Leshner, chief executive officer for the AAAS.</raw>
		<lemm> the dover disclaimer bring religion straight into the science classroom   say alan leshner  chief executive officer for the aaas</lemm>
		<bigrams> 2202 2203 2204 2205 2207 2208 2209 2210 2211 2212 2213</bigrams>
	</sent>	<sent id="8">
		<raw>It misrepresents the state of knowledge about evolution, he said, and implies that a religious belief has a science base.</raw>
		<lemm>it misrepresent the state of knowledge about evolution  he say  and imply that a religious belief have a science base</lemm>
		<bigrams> 2226 2228</bigrams>
	</sent>	<sent id="9">
		<raw>And by referring students to a non-science text, the disclaimer "surely will confuse them about what is and is not science."</raw>
		<lemm>and by refer student to a non-science text  the disclaimer  surely will confuse them about what be and be not science </lemm>
		<bigrams> 2231 2233 2235</bigrams>
	</sent>	<sent id="10">
		<raw>"Intelligent design" holds that nature is so complex it must have been the work of an God-like creator rather than the result of natural selection, as argued by Charles Darwin in his 1859 Theory of Evolution.</raw>
		<lemm> intelligent design  hold that nature be so complex it must have be the work of an god-like creator rather than the result of natural selection  as argue by charles darwin in his @card@ theory of evolution</lemm>
		<bigrams> 12 97 2154 2256 2260 2265 2268</bigrams>
	</sent>	<sent id="11">
		<raw>The Dover school district said there are "gaps" in evolution, which it emphasizes is a theory rather than established fact, and that students have a right to consider other views on the origins of life.</raw>
		<lemm>the dover school district say there be  gap  in evolution  which it emphasize be a theory rather than established fact  and that student have a right to consider other view on the origin of life</lemm>
		<bigrams> 346 776 2269 2275 2277</bigrams>
	</sent>	<sent id="12">
		<raw>It also argued that it does not teach intelligent design directly but simply makes students aware of its existence as an alternative to evolution.</raw>
		<lemm>it also argue that it do not teach intelligent design directly but simply make student aware of its existence as an alternative to evolution</lemm>
		<bigrams> 2198 716 12 2288 2291 2292 2293</bigrams>
	</sent>	<sent id="13">
		<raw>It denied intelligent design is "religion in disguise", saying it is a scientific theory.</raw>
		<lemm>it deny intelligent design be  religion in disguise   say it be a scientific theory</lemm>
		<bigrams> 2299 12 2302 206</bigrams>
	</sent>	<sent id="14">
		<raw>Under the influence of conservative religious groups, educational boards of several states have allowed, or will allow the "intelligent design" doctrine to be taught in basic schools as a rival to the evolution theory.</raw>
		<lemm>under the influence of conservative religious group  educational board of several state have allow  or will allow the  intelligent design  doctrine to be teach in basic school as a rival to the evolution theory</lemm>
		<bigrams> 2307 2308 2309 2310 2311 12 2318 2321 2326</bigrams>
	</sent>	<sent id="15">
		<raw>The Pennsylvanian lawsuit, which is set to begin in a federal court on Sept. 26, will become a crucial sign in a new battle against the "intelligent design" movement, according to Eugenie Scott, executive director of the National Center for Science Education.</raw>
		<lemm>the pennsylvanian lawsuit  which be set to begin in a federal court on sept @card@  will become a crucial sign in a new battle against the  intelligent design  movement  accord to eugenie scott  executive director of the national center for science education</lemm>
		<bigrams> 2328 27 413 2339 2342 12 1972 2344 2346 2347 2348 2133 2136</bigrams>
	</sent>	<sent id="16">
		<raw>"If the parents win the upcoming case, it will definitely throw sand in the gears of the 'intelligent design' movement," Scott said.</raw>
		<lemm> if the parent win the upcoming case  it will definitely throw sand in the gear of the  intelligent design  movement   scott say</lemm>
		<bigrams> 2350 2353 2357 2358 12 1972 2362 2363</bigrams>
	</sent></doc>