<?xml version="1.0" encoding="UTF_8"?>
<doc>	<sent id="0">
		<raw>A US astronomer announced Friday he had discovered what could be a 10th planet in the outer reaches of the solar system nearly 15 billion kilometers (nine billion miles) from earth.</raw>
		<lemm>a us astronomer announce friday he have discover what could be a 10th planet in the outer reach of the solar system nearly @card@ billion kilometer ( nine billion mile ) from earth</lemm>
		<bigrams> 3138 392 393 679 3143 383 3145 3146 435 3147 3148 3149 3150 436 3151</bigrams>
	</sent>	<sent id="1">
		<raw>If confirmed, the discovery by Professor Mike Brown of the respected California Institute of Technology would be the first of a planet since Pluto was identified in 1930.</raw>
		<lemm>if confirm  the discovery by professor mike brown of the respected california institute of technology would be the first of a planet since pluto be identify in @card@</lemm>
		<bigrams> 3158 3159 3161 832 3162 3164 3165</bigrams>
	</sent>	<sent id="2">
		<raw>The body is "the 10th planet of the solar system," said Brown, a professor of planetary astronomy in a phone conference from CalTech in the town of Pasadena.</raw>
		<lemm>the body be  the 10th planet of the solar system   say brown  a professor of planetary astronomy in a phone conference from caltech in the town of pasadena</lemm>
		<bigrams> 679 383 3171 3172 501 3175</bigrams>
	</sent>	<sent id="3">
		<raw>"It's the farthest object ever discovered to orbit around the sun."</raw>
		<lemm> it be the farthest object ever discover to orbit around the sun </lemm>
		<bigrams> 3182 3183 3184 3186</bigrams>
	</sent>	<sent id="4">
		<raw>"It's definitely bigger than Pluto," he said of the body made up of ice and rock.</raw>
		<lemm> it be definitely big than pluto   he say of the body make up of ice and rock</lemm>
		<bigrams> 3189 3192</bigrams>
	</sent>	<sent id="5">
		<raw>The planet is a typical member of the Kuiper belt, but its sheer size in relation to the nine known planets means that it can only be classified as a planet, Brown said.</raw>
		<lemm>the planet be a typical member of the kuiper belt  but its sheer size in relation to the nine known planet mean that it can only be classify as a planet  brown say</lemm>
		<bigrams> 3195 2377 3198 489 490 3201 3208 651</bigrams>
	</sent>	<sent id="6">
		<raw>Currently about 97 times further from the sun than the Earth, the planet is the farthest-known object in the solar system, and the third brightest of the Kuiper belt objects.</raw>
		<lemm>currently about @card@ time further from the sun than the earth  the planet be the farthest-known object in the solar system  and the third bright of the kuiper belt object</lemm>
		<bigrams> 441 3216 383 3219 2377 3221</bigrams>
	</sent>	<sent id="7">
		<raw>But Brown conceded that the discovery would likely rekindle debate over the definition of "planet" and whether Pluto should still be regarded as one.</raw>
		<lemm>but brown concede that the discovery would likely rekindle debate over the definition of  planet  and whether pluto should still be regard as one</lemm>
		<bigrams> 3223 3225 3226 411 412 418</bigrams>
	</sent></doc>