<?xml version="1.0" encoding="UTF_8"?>
<doc>	<sent id="0">
		<raw>The astronomers who claim to have discovered the 10th planet in the solar system have made another intriguing announcement: it has a moon.</raw>
		<lemm>the astronomer who claim to have discover the 10th planet in the solar system have make another intriguing announcement  it have a moon</lemm>
		<bigrams> 679 383 4393 4394 4395</bigrams>
	</sent>	<sent id="1">
		<raw>While observing the new, so-called planet from Hawaii last month, a team of astronomers led by Michael Brown of the California Institute of Technology spotted a faint object trailing next to it.</raw>
		<lemm>while observe the new  so-called planet from hawaii last month  a team of astronomer lead by michael brown of the california institute of technology spot a faint object trail next to it</lemm>
		<bigrams> 4399 4400 4403 673 4407 4 832 4410 4412 4413 4414</bigrams>
	</sent>	<sent id="2">
		<raw>Because it was moving, astronomers ruled it was a moon and not a background star, which is stationary.</raw>
		<lemm>because it be move  astronomer rule it be a moon and not a background star  which be stationary</lemm>
		<bigrams> 4417 4418 4423</bigrams>
	</sent>	<sent id="3">
		<raw>The moon discovery is important because it can help scientists determine the new planet's mass.</raw>
		<lemm>the moon discovery be important because it can help scientist determine the new planet s mass</lemm>
		<bigrams> 4426 4429 4430 312</bigrams>
	</sent>	<sent id="4">
		<raw>In July, Brown announced the discovery of an icy, rocky object larger than Pluto in the Kuiper Belt, a disc of icy bodies beyond Neptune.</raw>
		<lemm>in july  brown announce the discovery of an icy  rocky object large than pluto in the kuiper belt  a disc of icy body beyond neptune</lemm>
		<bigrams> 4432 5 4433 4434 3978 2377 3302 4438 1652</bigrams>
	</sent>	<sent id="5">
		<raw>Brown labeled the object a planet and nicknamed it Xena after the lead character in the former TV series "Xena: Warrior Princess."</raw>
		<lemm>brown label the object a planet and nickname it xena after the lead character in the former tv series  xena  warrior princess </lemm>
		<bigrams> 4439 4444 4447 4448 1470 1471 1472</bigrams>
	</sent>	<sent id="6">
		<raw>By determining the moon's distance and orbit around Xena, scientists can calculate how heavy Xena is.</raw>
		<lemm>by determine the moon s distance and orbit around xena  scientist can calculate how heavy xena be</lemm>
		<bigrams> 3186 4454 4455 4460</bigrams>
	</sent>	<sent id="7">
		<raw>For example, the faster a moon goes around a planet, the more massive a planet is.</raw>
		<lemm>for example  the faster a moon go around a planet  the more massive a planet be</lemm>
		<bigrams> 4465 4466</bigrams>
	</sent>	<sent id="8">
		<raw>But the newly discovered moon, nicknamed Gabrielle after Xena's faithful traveling sidekick in the TV series, likely will not quell the debate over what exactly is a planet and whether Pluto should keep its status.</raw>
		<lemm>but the newly discover moon  nickname gabrielle after xena s faithful travel sidekick in the tv series  likely will not quell the debate over what exactly be a planet and whether pluto should keep its status</lemm>
		<bigrams> 4472 4473 3088 4474 4479 4480 4448 4483 418</bigrams>
	</sent>	<sent id="9">
		<raw>The problem is there is no official definition for a planet and setting standards like size limits potentially invites other objects to take the "planet" label.</raw>
		<lemm>the problem be there be no official definition for a planet and set standard like size limit potentially invite other object to take the  planet  label</lemm>
		<bigrams> 4498 4501 4502 4503 4504 4505 4506 4509</bigrams>
	</sent>	<sent id="10">
		<raw>Possessing a moon is not a criteria of planethood since Mercury and Venus are moonless planets.</raw>
		<lemm>possess a moon be not a criterion of planethood since mercury and venus be moonless planet</lemm>
		<bigrams> 4515 4516 4521</bigrams>
	</sent>	<sent id="11">
		<raw>Brown said he expected to find a moon orbiting Xena because many Kuiper Belt objects are paired with moons.</raw>
		<lemm>brown say he expect to find a moon orbit xena because many kuiper belt object be pair with moon</lemm>
		<bigrams> 651 4523 4524 4527 2377 3221</bigrams>
	</sent>	<sent id="12">
		<raw>The moon is about 155 miles wide and 60 times fainter than Xena, the farthest-known object in the solar system.</raw>
		<lemm>the moon be about @card@ mile wide and @card@ time faint than xena  the farthest-known object in the solar system</lemm>
		<bigrams> 3279 3940 441 4532 3216 383</bigrams>
	</sent>	<sent id="13">
		<raw>It is currently 9 billion miles away from the sun, or about three times Pluto's current distance from the sun.</raw>
		<lemm>it be currently @card@ billion mile away from the sun  or about three time pluto s current distance from the sun</lemm>
		<bigrams> 3587 435 436 437 449 450 453</bigrams>
	</sent>	<sent id="14">
		<raw>Scientists believe Xena's moon was formed when Kuiper Belt objects collided with one another.</raw>
		<lemm>scientist believe xena s moon be form when kuiper belt object collide with one another</lemm>
		<bigrams> 4536 4537 2377 3221 4541 2173</bigrams>
	</sent>	<sent id="15">
		<raw>The Earth's moon formed in a similar way when Earth crashed into an object the size of Mars.</raw>
		<lemm>the earth s moon form in a similar way when earth crash into an object the size of mars</lemm>
		<bigrams> 4544 4547 4550</bigrams>
	</sent>	<sent id="16">
		<raw>The moon was first spotted by a 10-meter telescope at the W. M. Keck Observatory in Hawaii on Sept. 10.</raw>
		<lemm>the moon be first spot by a 10-meter telescope at the w m keck observatory in hawaii on sept @card@</lemm>
		<bigrams> 2284 4556 4560 2833</bigrams>
	</sent>	<sent id="17">
		<raw>Scientists expect to learn more about the moon's composition during further observations with the Hubble Space Telescope in November.</raw>
		<lemm>scientist expect to learn more about the moon s composition during further observation with the hubble space telescope in november</lemm>
		<bigrams> 4563 4572 4573</bigrams>
	</sent>	<sent id="18">
		<raw>Brown planned to submit a paper describing the moon discovery to the Astrophysical Journal next week.</raw>
		<lemm>brown plan to submit a paper describe the moon discovery to the astrophysical journal next week</lemm>
		<bigrams> 4576 4580 4426 4583 4584 4585</bigrams>
	</sent>	<sent id="19">
		<raw>The International Astronomical Union, a group of scientists responsible for naming planets, is deciding on formal names for Xena and Gabrielle.</raw>
		<lemm>the international astronomical union  a group of scientist responsible for name planet  be decide on formal name for xena and gabrielle</lemm>
		<bigrams> 1501 1502 4588 4590 4594</bigrams>
	</sent></doc>