<?xml version="1.0" encoding="UTF_8"?>
<doc>	<sent id="0">
		<raw>So maybe Pluto is a planet after all.</raw>
		<lemm>so maybe pluto be a planet after all</lemm>
		<bigrams> 4933</bigrams>
	</sent>	<sent id="1">
		<raw>Astronomers in recent years were having doubts.</raw>
		<lemm>astronomer in recent year be have doubt</lemm>
		<bigrams> 3533</bigrams>
	</sent>	<sent id="2">
		<raw>Perhaps Pluto, small, distant and poorly observed, should be downgraded from true planet to a mere Kuiper Belt Object, or KBO, one of the thousands of icy bodies orbiting beyond Neptune that probably are leftovers from the creation of the outer solar system.</raw>
		<lemm>perhaps pluto  small  distant and poorly observe  should be downgrade from true planet to a mere kuiper belt object  or kbo  one of the thousand of icy body orbit beyond neptune that probably be leftover from the creation of the outer solar system</lemm>
		<bigrams> 4939 4940 4941 4944 691 4950 2377 3221 4953 3302 4955 4956 1652 2264 383</bigrams>
	</sent>	<sent id="3">
		<raw>"People were finding all these KBOs that were huge, literally half the size of Pluto or larger," said John Stansberry, an astronomer at the University of Arizona.</raw>
		<lemm> people be find all these kbos that be huge  literally half the size of pluto or large   say john stansberry  an astronomer at the university of arizona</lemm>
		<bigrams> 4971 4972 4976 1570 4977</bigrams>
	</sent>	<sent id="4">
		<raw>"But those supposed sizes were based on assumptions that KBOs have low albedos, similar to comets."</raw>
		<lemm> but those suppose size be base on assumption that kbos have low albedo  similar to comet </lemm>
		<bigrams> 4982 4991 4992</bigrams>
	</sent>	<sent id="5">
		<raw>Albedo is a measure of how much light an object reflects.</raw>
		<lemm>albedo be a measure of how much light an object reflect</lemm>
		<bigrams> 4999 3431</bigrams>
	</sent>	<sent id="6">
		<raw>The more light it reflects, the higher its albedo and the smaller its size needs to be.</raw>
		<lemm>the more light it reflect  the high its albedo and the small its size need to be</lemm>
		<bigrams> 5010</bigrams>
	</sent>	<sent id="7">
		<raw>In a report last week at a meeting of planetary scientists in Louisville, Ky., Stansberry said a recently discovered KBO, first estimated to be 932 miles in diameter, appeared in new observations to be no more than 435 miles wide.</raw>
		<lemm>in a report last week at a meeting of planetary scientist in louisville  ky  stansberry say a recently discover kbo  first estimate to be @card@ mile in diameter  appear in new observation to be no more than @card@ mile wide</lemm>
		<bigrams> 5012 1891 5015 5018 5019 5020 1237 5023 5024 5025 3279 5030 5032 3279 3940</bigrams>
	</sent>	<sent id="8">
		<raw>It was a matter of the albedo, 18 percent, instead of the assumed 4 percent for previous calculations.</raw>
		<lemm>it be a matter of the albedo  @card@ percent  instead of the assume @card@ percent for previous calculation</lemm>
		<bigrams> 5036 1045 5037 5040 1045 5043</bigrams>
	</sent>	<sent id="9">
		<raw>The measured object, designated 2002 AW197, is one of the largest nonplanet bodies in the solar system, and yet is only about 30 percent as large as the 1,400-mile-wide Pluto.</raw>
		<lemm>the measured object  designate @card@ aw197  be one of the large nonplanet body in the solar system  and yet be only about @card@ percent as large as the 1 400-mile-wide pluto</lemm>
		<bigrams> 5045 5046 5047 5048 5051 5052 383 1045 5059 5060</bigrams>
	</sent>	<sent id="10">
		<raw>The revised estimate is based on the first results from a survey of large Kuiper Belt Objects by the Spitzer Space Telescope, an infrared observatory in Earth orbit.</raw>
		<lemm>the revise estimate be base on the first result from a survey of large kuiper belt object by the spitzer space telescope  an infrared observatory in earth orbit</lemm>
		<bigrams> 5062 5064 4855 2377 3221 4776 4573 5073 5075</bigrams>
	</sent>	<sent id="11">
		<raw>As more KBO albedos are studied, astronomers should find out if the first object is typical, or an oddball, and if Pluto appears to be significantly different from these smaller objects.</raw>
		<lemm>as more kbo albedo be study  astronomer should find out if the first object be typical  or an oddball  and if pluto appear to be significantly different from these small object</lemm>
		<bigrams> 5078 5080 5086 5092 5094 3466</bigrams>
	</sent>	<sent id="12">
		<raw>A planned survey of 30 such objects, Stansberry said, "will help us determine what their compositions are, how they evolve, how massive they are, what their real size distributions and dynamics are, and how Pluto fits into the whole picture."</raw>
		<lemm>a planned survey of @card@ such object  stansberry say   will help us determine what their composition be  how they evolve  how massive they be  what their real size distribution and dynamics be  and how pluto fit into the whole picture </lemm>
		<bigrams> 5098 5101 5020 5104 5105 5114 5115 5120 5123</bigrams>
	</sent>	<sent id="13">
		<raw>Michael Shara, chairman of the astrophysics department at the Hayden Planetarium in New York, said the Spitzer telescope's infrared observations "appear rock-solid and a terrific piece of work."</raw>
		<lemm>michael shara  chairman of the astrophysics department at the hayden planetarium in new york  say the spitzer telescope s infrared observation  appear rock-solid and a terrific piece of work </lemm>
		<bigrams> 5124 5125 5128 5131 1574 5133 5134 5137 5138 5139 5142</bigrams>
	</sent>	<sent id="14">
		<raw>The planetarium, at the American Museum of Natural History, has had a leading role in reclassifying Pluto.</raw>
		<lemm>the planetarium  at the american museum of natural history  have have a lead role in reclassify pluto</lemm>
		<bigrams> 2961 2964 5149 5152</bigrams>
	</sent>	<sent id="15">
		<raw>In its exhibition hall, eight planets are prominently displayed, and the supposed ninth, Pluto, rates only a plaque, casting doubt on its status as a planet.</raw>
		<lemm>in its exhibition hall  eight planet be prominently display  and the suppose ninth  pluto  rate only a plaque  cast doubt on its status as a planet</lemm>
		<bigrams> 5154 5155 5156 5158 5161 5162 5163 5166 5167</bigrams>
	</sent>	<sent id="16">
		<raw>"We remain convinced that Pluto is not a planet, but one of the Kuiper Belt Objects," Shara said.</raw>
		<lemm> we remain convince that pluto be not a planet  but one of the kuiper belt object   shara say</lemm>
		<bigrams> 5170 2377 3221 5173 5174</bigrams>
	</sent>	<sent id="17">
		<raw>But, he allowed, the new observations could eventually restore Pluto's planetary status.</raw>
		<lemm>but  he allow  the new observation could eventually restore pluto s planetary status</lemm>
		<bigrams> 5032 1789 5177 5178 5179 709</bigrams>
	</sent></doc>