<?xml version="1.0" encoding="UTF_8"?>
<doc>	<sent id="0">
		<raw>When a group of Spanish astronomers reported in July that they had discovered a spectacular addition to the solar system, a bright ball of ice almost as big as Pluto sailing the depths of space out beyond Neptune, Dr. Michael Brown of Caltech chalked it up to coincidence and bad luck.</raw>
		<lemm>when a group of spanish astronomer report in july that they have discover a spectacular addition to the solar system  a bright ball of ice almost as big as pluto sail the depth of space out beyond neptune  dr michael brown of caltech chalk it up to coincidence and bad luck</lemm>
		<bigrams> 1628 1629 1635 383 1639 1641 1646 1652 1653 1654 4 1657 1664</bigrams>
	</sent>	<sent id="1">
		<raw>His own group had been tracking the object, now known as 2003 EL61, for months but had told no one.</raw>
		<lemm>his own group have be track the object  now know as @card@ el61  for month but have tell no one</lemm>
		<bigrams> 1673</bigrams>
	</sent>	<sent id="2">
		<raw>He sent the leader of the group, Dr. Jose-Luis Ortiz, of the Institute of Astrophysics of Andalusia, in Granada, a congratulatory e-mail message.</raw>
		<lemm>he send the leader of the group  dr jose-luis ortiz  of the institute of astrophysics of andalusia  in granada  a congratulatory e-mail message</lemm>
		<bigrams> 1685 1686 1687 1697 1698</bigrams>
	</sent>	<sent id="3">
		<raw>Now Brown has asked for an investigation of Ortiz's discovery, alleging a serious breach of scientific ethics.</raw>
		<lemm>now brown have ask for an investigation of ortiz s discovery  allege a serious breach of scientific ethic</lemm>
		<bigrams> 1707 1710 1713</bigrams>
	</sent>	<sent id="4">
		<raw>Archival records, he said, show that only a day before the discovery was reported, computers traced to Ortiz and his student Pablo Santos-Sanz visited a Web site containing data on where and when the Caltech group's telescope was pointed.</raw>
		<lemm>archival record  he say  show that only a day before the discovery be report  computer trace to ortiz and his student pablo santos-sanz visit a web site contain datum on where and when the caltech group s telescope be point</lemm>
		<bigrams> 1714 1716 1724 1725 1731 1732 1733 1736 1737 1738 1745</bigrams>
	</sent>	<sent id="5">
		<raw>The information in these observing logs could have been used to help find the object on the Spanish images, taken more than two years ago, or simply to confirm that both groups discovered the same object.</raw>
		<lemm>the information in these observe log could have be use to help find the object on the spanish image  take more than two year ago  or simply to confirm that both group discover the same object</lemm>
		<bigrams> 1754 1755 1759 1763 1764 1768 1769 1777</bigrams>
	</sent>	<sent id="6">
		<raw>Depending on what the Spanish astronomers did, their failure to mention the Caltech observations could be considered scientific dishonesty or even fraud, Brown suggests.</raw>
		<lemm>depend on what the spanish astronomer do  their failure to mention the caltech observation could be consider scientific dishonesty or even fraud  brown suggest</lemm>
		<bigrams> 1628 1788 1789 1791 1792 1795 1796 1797</bigrams>
	</sent>	<sent id="7">
		<raw>In comments for his Web site (www.gps.caltech.edu/(TILDE)mbrown/planetlila), which includes a detailed timeline of the events surrounding the July announcement, he writes: "It is not clear from the timeline precisely what Ortiz and Santos-Sanz knew and how they used the records that they accessed.</raw>
		<lemm>in comment for his web site (www gps caltech edu/(tilde)mbrown/planetlila)  which include a detailed timeline of the event surround the july announcement  he write   it be not clear from the timeline precisely what ortiz and santos-sanz know and how they use the record that they access</lemm>
		<bigrams> 1736 1801 1802 1803 1804 1809 1812 1815 1822 1826</bigrams>
	</sent>	<sent id="8">
		<raw>They were required by the standards of science, however, to acknowledge their use of our Web-based records."</raw>
		<lemm>they be require by the standard of science  however  to acknowledge their use of our web-based record </lemm>
		<bigrams> 1839 1847</bigrams>
	</sent>	<sent id="9">
		<raw>In an e-mail message to Dr. Brian Marsden of the Harvard-Smithsonian Center for Astrophysics, who is director of International Astronomical Union's Minor Planet Center, the clearinghouse for such discoveries, Brown wrote on Aug. 15, "I request that Ortiz et al.</raw>
		<lemm>in an e-mail message to dr brian marsden of the harvard-smithsonian center for astrophysics  who be director of international astronomical union s minor planet center  the clearinghouse for such discovery  brown write on aug @card@   i request that ortiz et al </lemm>
		<bigrams> 1698 1852 1853 1856 1501 1502 1865 1866 1872 1873 1876 1881 1882</bigrams>
	</sent>	<sent id="10">
		<raw>Ortiz did not respond to numerous e-mail messages and telephone calls.</raw>
		<lemm>ortiz do not respond to numerous e-mail message and telephone call</lemm>
		<bigrams> 1887 1698 1890</bigrams>
	</sent>	<sent id="11">
		<raw>Last week in an e-mail message to Brown, Ortiz neither admitted nor denied looking at the observing logs.</raw>
		<lemm>last week in an e-mail message to brown  ortiz neither admit nor deny look at the observe log</lemm>
		<bigrams> 1891 1698 1894 1895 1896 1899 1754</bigrams>
	</sent>	<sent id="12">
		<raw>Instead he criticized Brown's failure to report discoveries promptly to the Minor Planet Center, saying that his penchant for "hiding objects" had alienated other astronomers and harmed science.</raw>
		<lemm>instead he criticize brown s failure to report discovery promptly to the minor planet center  say that his penchant for  hiding object  have alienate other astronomer and harm science</lemm>
		<bigrams> 1903 1907 1908 1865 1866 1911 1916 1921</bigrams>
	</sent>	<sent id="13">
		<raw>"And remember," he said in the message, which Brown provided to The New York Times, "the only reason why we are now exchanging e-mail is because you did not report your object."</raw>
		<lemm> and remember   he say in the message  which brown provide to the new york times   the only reason why we be now exchange e-mail be because you do not report your object </lemm>
		<bigrams> 1928 1574 1930 1936</bigrams>
	</sent>	<sent id="14">
		<raw>But Jose Carlos del Toro Iniesta, director of the Andalusian institute, said in an e-mail message that he intended to investigate Brown's allegations, adding, "I beg your understanding in separating clearly the institute as a whole from its individual members: the researchers' actions are their sole responsibility."</raw>
		<lemm>but jose carlos del toro iniesta  director of the andalusian institute  say in an e-mail message that he intend to investigate brown s allegation  add   i beg your understanding in separate clearly the institute as a whole from its individual member  the researcher  action be their sole responsibility </lemm>
		<bigrams> 1944 1945 1946 1947 1948 1950 1951 1698 1957 1959 1966 1972 1975 1979</bigrams>
	</sent>	<sent id="15">
		<raw>The spectacular allegation has flummoxed the International Astronomical Union.</raw>
		<lemm>the spectacular allegation have flummox the international astronomical union</lemm>
		<bigrams> 1981 1501 1502</bigrams>
	</sent>	<sent id="16">
		<raw>Saying that he and his colleagues had never been fooled before, Marsden admitted that the IAU had no protocol for adjudicating such a dispute.</raw>
		<lemm>say that he and his colleague have never be fool before  marsden admit that the iau have no protocol for adjudicate such a dispute</lemm>
		<bigrams> 1992</bigrams>
	</sent>	<sent id="17">
		<raw>Dr. Robert Kirshner, a Harvard astronomer and the president of the American Astronomical Association, said, "I don't think we have a method, other than public tantrums, to resolve these problems."</raw>
		<lemm>dr robert kirshner  a harvard astronomer and the president of the american astronomical association  say   i do n t think we have a method  other than public tantrum  to resolve these problem </lemm>
		<bigrams> 2003 2004 2007 2011 2012 2013 2020</bigrams>
	</sent>	<sent id="18">
		<raw>The imbroglio illustrates the ethical dangers and pitfalls of doing science in the Internet age, where a little clicking can bring you a shocking amount of information about what your colleagues and rivals are up to.</raw>
		<lemm>the imbroglio illustrate the ethical danger and pitfall of do science in the internet age  where a little click can bring you a shocking amount of information about what your colleague and rival be up to</lemm>
		<bigrams> 2026 2029 2036 2040 2046</bigrams>
	</sent>	<sent id="19">
		<raw>There is a long history of astronomers jealously guarding the coordinates of some celestial phenomenon while they try to figure out what it is, and of others trying to get in on the action.</raw>
		<lemm>there be a long history of astronomer jealously guard the coordinate of some celestial phenomenon while they try to figure out what it be  and of other try to get in on the action</lemm>
		<bigrams> 2057 2059 2060 2066</bigrams>
	</sent>	<sent id="20">
		<raw>In 1930, when Pluto was discovered, the Lowell Observatory, home of the discoverer Clyde Tombaugh, withheld details of its location because they wanted to be the first to calculate its orbit.</raw>
		<lemm>in @card@  when pluto be discover  the lowell observatory  home of the discoverer clyde tombaugh  withhold detail of its location because they want to be the first to calculate its orbit</lemm>
		<bigrams> 2082 2083 2085 2086 2087 2088</bigrams>
	</sent>	<sent id="21">
		<raw>Matthew Holman, a Harvard planetary astronomer, said that in the old days when the logbooks were real books sitting by the telescope, some astronomers would write down fictitious coordinates and objects to cover their tracks.</raw>
		<lemm>matthew holman  a harvard planetary astronomer  say that in the old day when the logbook be real book sit by the telescope  some astronomer would write down fictitious coordinate and object to cover their track</lemm>
		<bigrams> 2098 2100 2101 2102 2105 2110 2111 2116 2117 2120</bigrams>
	</sent>	<sent id="22">
		<raw>With electronic records, Brown said, "It's important for scientists to discuss what's OK and what is not."</raw>
		<lemm>with electronic record  brown say   it be important for scientist to discuss what be ok and what be not </lemm>
		<bigrams> 2128 2129 651</bigrams>
	</sent>	<sent id="23">
		<raw>Richard Pogge, an Ohio State astronomer who uncovered the apparent breach, said that scientists had long lived mostly successfully by a kind of honor system.</raw>
		<lemm>richard pogge  an ohio state astronomer who uncover the apparent breach  say that scientist have long live mostly successfully by a kind of honor system</lemm>
		<bigrams> 2138 2141 2142 2147 2148 2149 2150 2151 2156</bigrams>
	</sent>	<sent id="24">
		<raw>Astronomers, he said, routinely serve on time allocation committees for telescopes and peer review panels without stealing one another's ideas.</raw>
		<lemm>astronomer  he say  routinely serve on time allocation committee for telescope and peer review panel without steal one another be idea</lemm>
		<bigrams> 2158 2159 2162 2163 2168 2169 2170 2171 2172 2173</bigrams>
	</sent>	<sent id="25">
		<raw>"It allows us to have an open, collaborative community," he said.</raw>
		<lemm> it allow us to have an open  collaborative community   he say</lemm>
		<bigrams> 2177 2180 2181</bigrams>
	</sent>	<sent id="26">
		<raw>The idea that someone could abuse that openness, he said, "goes to the whole idea of trust in our community."</raw>
		<lemm>the idea that someone could abuse that openness  he say   go to the whole idea of trust in our community </lemm>
		<bigrams> 2186 2187 2191 2193</bigrams>
	</sent>	<sent id="27">
		<raw>Brown, with his colleagues Dr. David L. Rabinowitz of Yale and Chadwick A. Trujillo of the Gemini Observatory in Hawaii, is currently famous as the discoverer of the "10th planet."</raw>
		<lemm>brown  with his colleague dr david l rabinowitz of yale and chadwick a trujillo of the gemini observatory in hawaii  be currently famous as the discoverer of the  10th planet </lemm>
		<bigrams> 2200 2201 532 533 528 2206 679</bigrams>
	</sent>	<sent id="28">
		<raw>Ortiz, who received his Ph.</raw>
		<lemm>ortiz  who receive his ph </lemm>
		<bigrams></bigrams>
	</sent>	<sent id="29">
		<raw>D. from the University of Granada in 1994 for work on the clouds of Jupiter and Saturn, is not as well known.</raw>
		<lemm>d from the university of granada in @card@ for work on the cloud of jupiter and saturn  be not as well know</lemm>
		<bigrams> 2228</bigrams>
	</sent>	<sent id="30">
		<raw>Glenn Orton, of Caltech's Jet Propulsion Laboratory, where Ortiz worked as a postdoctoral fellow, called him "an impressive worker" and said he had recommended him for several jobs over the past years.</raw>
		<lemm>glenn orton  of caltech s jet propulsion laboratory  where ortiz work as a postdoctoral fellow  call him  an impressive worker  and say he have recommend him for several job over the past year</lemm>
		<bigrams> 2229 2233 2234 2237 2240 2241 2245 2252 2255</bigrams>
	</sent>	<sent id="31">
		<raw>Since 2002, Ortiz and his colleagues have been looking for so-called trans-Neptunian objects in the outer solar system with a brace of small telescopes at the Sierra Nevada Observatory, in Granada.</raw>
		<lemm>since @card@  ortiz and his colleague have be look for so-called trans-neptunian object in the outer solar system with a brace of small telescope at the sierra nevada observatory  in granada</lemm>
		<bigrams> 2256 2257 2261 2262 2264 383 2269 2272 2273</bigrams>
	</sent>	<sent id="32">
		<raw>The EL61 object appears to have been their first big hit.</raw>
		<lemm>the el61 object appear to have be their first big hit</lemm>
		<bigrams> 2275 2276 2279 2280</bigrams>
	</sent>	<sent id="33">
		<raw>According to Ortiz, it was first spotted on July 25 by Santos-Sanz as a slow-moving object on images taken in March 2003.</raw>
		<lemm>accord to ortiz  it be first spot on july @card@ by santos-sanz as a slow-moving object on image take in march @card@</lemm>
		<bigrams> 2284 2287 2292 1764 2296</bigrams>
	</sent>	<sent id="34">
		<raw>He e-mailed this news to the Minor Planet Center on July 27, but it attracted no attention, partly because there was not enough information to tell other observers where to look for it.</raw>
		<lemm>he e-mailed this news to the minor planet center on july @card@  but it attract no attention  partly because there be not enough information to tell other observer where to look for it</lemm>
		<bigrams> 1865 1866 2287 2307 2311</bigrams>
	</sent>	<sent id="35">
		<raw>The next night Ortiz reported that his group had been able to trace the object on various old photographs back to 1955, enabling a group at the Astronomical Observatory of Mallorca to observe it.</raw>
		<lemm>the next night ortiz report that his group have be able to trace the object on various old photograph back to @card@  enable a group at the astronomical observatory of mallorca to observe it</lemm>
		<bigrams> 2320 2321 2322 2328 2329 2330 2333 2336</bigrams>
	</sent>	<sent id="36">
		<raw>After checking for themselves that the object was real, Marsden's team disseminated the details to the rest of the astronomical world on its Web site and by e-mail.</raw>
		<lemm>after check for themselves that the object be real  marsden s team disseminate the detail to the rest of the astronomical world on its web site and by e-mail</lemm>
		<bigrams> 2346 2349 857 1736</bigrams>
	</sent>	<sent id="37">
		<raw>The new body would have been a prize for any astronomer.</raw>
		<lemm>the new body would have be a prize for any astronomer</lemm>
		<bigrams> 2359 2360</bigrams>
	</sent>	<sent id="38">
		<raw>At the time it was the brightest and largest object, next to Pluto, yet found in the Kuiper belt, a ring of debris that stretches out beyond Neptune.</raw>
		<lemm>at the time it be the bright and large object  next to pluto  yet find in the kuiper belt  a ring of debris that stretch out beyond neptune</lemm>
		<bigrams> 2369 2370 2373 2374 2377 1652</bigrams>
	</sent>	<sent id="39">
		<raw>Except that it had already been discovered.</raw>
		<lemm>except that it have already be discover</lemm>
		<bigrams></bigrams>
	</sent>	<sent id="40">
		<raw>Brown had planned to report the object, which his team had discovered in December 2004 and nicknamed Santa, at a meeting last week.</raw>
		<lemm>brown have plan to report the object  which his team have discover in december @card@ and nickname santa  at a meeting last week</lemm>
		<bigrams> 2394 2397 2401 1891</bigrams>
	</sent>	<sent id="41">
		<raw>In fact, he had described it in abstracts sent to the American Astronomical Society, abstracts available to anyone with a computer and familiarity with astronomical jargon, only a week before, on July 20.</raw>
		<lemm>in fact  he have describe it in abstract send to the american astronomical society  abstract available to anyone with a computer and familiarity with astronomical jargon  only a week before  on july @card@</lemm>
		<bigrams> 2407 2011 2409 2410 2411 2420 2287</bigrams>
	</sent>	<sent id="42">
		<raw>Ortiz's report raised eyebrows at the astronomical union because he and his telescopes were relatively unknown and because two years had elapsed since the discovery pictures were taken.</raw>
		<lemm>ortiz s report raise eyebrow at the astronomical union because he and his telescope be relatively unknown and because two year have elapse since the discovery picture be take</lemm>
		<bigrams> 2426 2427 1502 2432 1768 2438 2440</bigrams>
	</sent>	<sent id="43">
		<raw>Struck by the similarity of the objects and the close timing of Ortiz's announcement, Marsden said he had told Brown that he was worried that a leak might have occurred.</raw>
		<lemm>strike by the similarity of the object and the close timing of ortiz s announcement  marsden say he have tell brown that he be worry that a leak might have occur</lemm>
		<bigrams> 2448 2451 2452 2453 2460</bigrams>
	</sent>	<sent id="44">
		<raw>In fact, Brown himself had inadvertently made such a leak possible.</raw>
		<lemm>in fact  brown himself have inadvertently make such a leak possible</lemm>
		<bigrams> 2463 2467 2469</bigrams>
	</sent>	<sent id="45">
		<raw>In the abstracts he referred to "Santa" by a code name, K40506A, which was the same code name his team had used in its observing logs.</raw>
		<lemm>in the abstract he refer to  santa  by a code name  k40506a  which be the same code name his team have use in its observe log</lemm>
		<bigrams> 2477 2478 2477 1754</bigrams>
	</sent>	<sent id="46">
		<raw>As a result, as Brown discovered to his horror the night of Ortiz's announcement, any astronomer who read the abstracts and typed "K40506A" into an Internet search program would be taken to a Web site containing the observing logs of Smarts, the Small and Moderate Aperture Research Telescope System.</raw>
		<lemm>as a result  as brown discover to his horror the night of ortiz s announcement  any astronomer who read the abstract and type  k40506a  into an internet search program would be take to a web site contain the observe log of smarts  the small and moderate aperture research telescope system</lemm>
		<bigrams> 2488 2500 2504 2505 2506 1736 1737 1754 2514 2515 2516 2517</bigrams>
	</sent>	<sent id="47">
		<raw>It was one of those telescopes, at the Cerro Tololo Inter-American Observatory in Chile, that Brown and his colleagues were using to track the object.</raw>
		<lemm>it be one of those telescope  at the cerro tololo inter-american observatory in chile  that brown and his colleague be use to track the object</lemm>
		<bigrams> 2522 2523 2524</bigrams>
	</sent>	<sent id="48">
		<raw>The telescope is one of four owned by a consortium of universities and operated by two observing assistants at the observatory.</raw>
		<lemm>the telescope be one of four own by a consortium of university and operate by two observe assistant at the observatory</lemm>
		<bigrams> 2540 2541</bigrams>
	</sent>	<sent id="49">
		<raw>The Web site, which is public, does not contain data obtained during observations but does tell where the telescope was pointed.</raw>
		<lemm>the web site  which be public  do not contain datum obtain during observation but do tell where the telescope be point</lemm>
		<bigrams> 1736 1738 2547</bigrams>
	</sent>	<sent id="50">
		<raw>Shaken by that news that his observations were so accessible, Brown hastily called a news conference to announce his ace in the hole, a new planet bigger than Pluto, at 7 p.m. on Friday, July 29, "Perhaps the single best time to announce news that you want no one to hear," as he put it on his Web site.</raw>
		<lemm>shake by that news that his observation be so accessible  brown hastily call a news conference to announce his ace in the hole  a new planet big than pluto  at @card@ p m on friday  july @card@   perhaps the single good time to announce news that you want no one to hear   as he put it on his web site</lemm>
		<bigrams> 2561 2562 2563 2566 312 2574 2577 2581 2287 2582 2585 2586 2587 1736</bigrams>
	</sent>	<sent id="51">
		<raw>In an e-mail message, he apologized to Ortiz ahead of time for being about to overshadow him.</raw>
		<lemm>in an e-mail message  he apologize to ortiz ahead of time for be about to overshadow him</lemm>
		<bigrams> 1698 2601</bigrams>
	</sent>	<sent id="52">
		<raw>Nevertheless questions lingered among minor planet astronomers about whether Ortiz's group might have helped themselves to Brown's observing logs, suspicions that Ortiz found irritating.</raw>
		<lemm>nevertheless question linger among minor planet astronomer about whether ortiz s group might have help themselves to brown s observe log  suspicion that ortiz find irritate</lemm>
		<bigrams> 2610 2611 2612 2613 1865 2614 2617 2619 1754 2624 2626 2627</bigrams>
	</sent>	<sent id="53">
		<raw>"I do not enjoy the distrust on our work and so much questioning," he wrote to Dr. Daniel Green of the astronomical union on Aug. 5 in an e-mail message, which Green provided to The New York Times.</raw>
		<lemm> i do not enjoy the distrust on our work and so much questioning   he write to dr daniel green of the astronomical union on aug @card@ in an e-mail message  which green provide to the new york times</lemm>
		<bigrams> 2637 2640 2641 1502 1876 1698 2645 1574 1930</bigrams>
	</sent>	<sent id="54">
		<raw>But now evidence has been offered that Ortiz and his group did access the observing logs.</raw>
		<lemm>but now evidence have be offer that ortiz and his group do access the observe log</lemm>
		<bigrams> 1754</bigrams>
	</sent>	<sent id="55">
		<raw>Prompted by questions by Rabinowitz of Yale, one of Brown's team members, Pogge, who maintains the Smarts telescope Web site, decided to investigate the traffic on the site.</raw>
		<lemm>prompt by question by rabinowitz of yale  one of brown s team member  pogge  who maintain the smarts telescope web site  decide to investigate the traffic on the site</lemm>
		<bigrams> 2658 2660 2661 2666 2667 1736 2668</bigrams>
	</sent>	<sent id="56">
		<raw>He found that computers from an unfamiliar address had visited the Web site eight times from July 26 to 28, when the Spanish group was making its announcement.</raw>
		<lemm>he find that computer from an unfamiliar address have visit the web site eight time from july @card@ to @card@  when the spanish group be make its announcement</lemm>
		<bigrams> 2678 1736 2682 2683 2287 2687</bigrams>
	</sent>	<sent id="57">
		<raw>Each time the computers went straight to pages deep within the site that described the Brown group's observations of K40506A.</raw>
		<lemm>each time the computer go straight to page deep within the site that describe the brown group s observation of k40506a</lemm>
		<bigrams> 2694 2695 2698 2699 2705</bigrams>
	</sent>	<sent id="58">
		<raw>The first three visits happened a few minutes apart early on July 26, a day and a half before the Ortiz group made its announcement.</raw>
		<lemm>the first three visit happen a few minute apart early on july @card@  a day and a half before the ortiz group make its announcement</lemm>
		<bigrams> 2709 2710 2711 2715 2716 2287 2723 2724</bigrams>
	</sent>	<sent id="59">
		<raw>Another cluster of hits came on the morning of the July 28 before the object was observed in Mallorca and Ortiz made his more complete report to the astronomical union.</raw>
		<lemm>another cluster of hit come on the morning of the july @card@ before the object be observe in mallorca and ortiz make his more complete report to the astronomical union</lemm>
		<bigrams> 2725 2728 2287 2737 2740 1502</bigrams>
	</sent>	<sent id="60">
		<raw>Pogge was able to trace the computers through the so-called IPP numbers, which the Internet assigns to each computer on it.</raw>
		<lemm>pogge be able to trace the computer through the so-called ipp number  which the internet assign to each computer on it</lemm>
		<bigrams> 2746 2747 2750</bigrams>
	</sent>	<sent id="61">
		<raw>Those numbers eventually led him to the Web site of the Andalusian Institute.</raw>
		<lemm>those number eventually lead him to the web site of the andalusian institute</lemm>
		<bigrams> 2757 2758 1736 1950</bigrams>
	</sent>	<sent id="62">
		<raw>Pogge said he gasped out loud when it popped up.</raw>
		<lemm>pogge say he gasp out loud when it pop up</lemm>
		<bigrams> 2762</bigrams>
	</sent>	<sent id="63">
		<raw>"I remember saying, 'Oh no, oh no, oh no,' over and over again," he said.</raw>
		<lemm> i remember say   oh no  oh no  oh no   over and over again   he say</lemm>
		<bigrams> 2770 2771</bigrams>
	</sent>	<sent id="64">
		<raw>Moreover, the IPP numbers of the intruders match the numbers on the e-mail messages Santos-Sanz and Ortiz sent to the Minor Planet office, according to Marsden.</raw>
		<lemm>moreover  the ipp number of the intruder match the number on the e-mail message santos-sanz and ortiz send to the minor planet office  accord to marsden</lemm>
		<bigrams> 2747 2783 1698 2788 2790 1865 2791 2792</bigrams>
	</sent>	<sent id="65">
		<raw>Pogge called Brown on Aug. 8.</raw>
		<lemm>pogge call brown on aug @card@</lemm>
		<bigrams> 2794 2795 1876</bigrams>
	</sent>	<sent id="66">
		<raw>Brown in turn sent an e-mail message to Ortiz asking for an explanation, but by then all of Spain seemed to be on vacation.</raw>
		<lemm>brown in turn send an e-mail message to ortiz ask for an explanation  but by then all of spain seem to be on vacation</lemm>
		<bigrams> 2799 1698 2801 2809</bigrams>
	</sent>	<sent id="67">
		<raw>It was not until early this month that Iniesta and Ortiz wrote back, the latter to say that he was still on vacation and saw no need to respond further until Sept. 15.</raw>
		<lemm>it be not until early this month that iniesta and ortiz write back  the latter to say that he be still on vacation and see no need to respond further until sept @card@</lemm>
		<bigrams> 2819 2820 2833</bigrams>
	</sent>	<sent id="68">
		<raw>In the absence of further information, exactly what Ortiz did with the observing logs is likely to remain a mystery.</raw>
		<lemm>in the absence of further information  exactly what ortiz do with the observe log be likely to remain a mystery</lemm>
		<bigrams> 2838 1754</bigrams>
	</sent>	<sent id="69">
		<raw>Were he and his colleagues only checking to see if Brown's object was the same as theirs to confirm their own discovery?</raw>
		<lemm>be he and his colleague only check to see if brown s object be the same as theirs to confirm their own discovery</lemm>
		<bigrams></bigrams>
	</sent>	<sent id="70">
		<raw>Both actions would violate scientific ethics but with varying degrees of seriousness, astronomers said.</raw>
		<lemm>both action would violate scientific ethic but with vary degree of seriousness  astronomer say</lemm>
		<bigrams> 2859 2860 2861 1713 2865 2868 2102</bigrams>
	</sent>	<sent id="71">
		<raw>John Huchra, an astronomer and the vice provost for research policy at Harvard, said that at some level it is all right to use knowledge of what a rival group is doing.</raw>
		<lemm>john huchra  an astronomer and the vice provost for research policy at harvard  say that at some level it be all right to use knowledge of what a rival group be do</lemm>
		<bigrams> 2869 2872 2875 2878 2886 2889</bigrams>
	</sent>	<sent id="72">
		<raw>"If you hear them give a talk at a conference, it's fair game," he said, "but if you found it in the trash bin or the copier, that's not kosher."</raw>
		<lemm> if you hear them give a talk at a conference  it be fair game   he say   but if you find it in the trash bin or the copier  that be not kosher </lemm>
		<bigrams> 2901 2907</bigrams>
	</sent>	<sent id="73">
		<raw>If you used tainted information to beat out the other group, he said, the director of the observatory (the only authority in this system) could forbid publication and banish you from the telescope.</raw>
		<lemm>if you use tainted information to beat out the other group  he say  the director of the observatory ( the only authority in this system ) could forbid publication and banish you from the telescope</lemm>
		<bigrams> 2914 2915 2923 2928 2929 2930 2931</bigrams>
	</sent>	<sent id="74">
		<raw>"If they were just confirming," he went on, "there's still a tinge here.</raw>
		<lemm> if they be just confirm   he go on   there be still a tinge here</lemm>
		<bigrams></bigrams>
	</sent>	<sent id="75">
		<raw>It's not kosher to point your telescope at somebody else's object, unless you ask."</raw>
		<lemm>it be not kosher to point your telescope at somebody else s object  unless you ask </lemm>
		<bigrams> 2950 2952</bigrams>
	</sent>	<sent id="76">
		<raw>Ben Oppenheimer, an astronomer and extrasolar planet hunter at the American Museum of Natural History, said that he thought it was unethical to use tainted information in any way, but added: "It's a borderline case, though, because the logs were public.</raw>
		<lemm>ben oppenheimer  an astronomer and extrasolar planet hunter at the american museum of natural history  say that he think it be unethical to use tainted information in any way  but add   it be a borderline case  though  because the log be public</lemm>
		<bigrams> 2955 2958 2959 2961 2964 2965 2914 2915 2976 2977</bigrams>
	</sent>	<sent id="77">
		<raw>I don't know why that information was so freely available."</raw>
		<lemm>i do n t know why that information be so freely available </lemm>
		<bigrams> 2987</bigrams>
	</sent>	<sent id="78">
		<raw>One complicating factor is that professionals like Brown tend to nurse their work along in private until they are ready to publish a major scientific paper.</raw>
		<lemm>one complicate factor be that professional like brown tend to nurse their work along in private until they be ready to publish a major scientific paper</lemm>
		<bigrams> 2988 2989 2992 2993 2994 2999 3008 3009</bigrams>
	</sent>	<sent id="79">
		<raw>This practice has sometimes created tension among the minor planet observers, including a large number of amateurs who take pride in spotting comets, uncharted asteroids and other objects before the professionals.</raw>
		<lemm>this practice have sometimes create tension among the minor planet observer  include a large number of amateur who take pride in spot comet  uncharted asteroid and other object before the professional</lemm>
		<bigrams> 3013 3014 3015 1865 3017 3018 3020 3024 3027 3028 3029</bigrams>
	</sent>	<sent id="80">
		<raw>In his response to Brown, Ortiz offered to collaborate with him on the naming of 2003 EL61 if Brown would change his secretive ways.</raw>
		<lemm>in his response to brown  ortiz offer to collaborate with him on the naming of @card@ el61 if brown would change his secretive way</lemm>
		<bigrams> 1894 3037 1673 3046 3047 3049</bigrams>
	</sent>	<sent id="81">
		<raw>Brown called Ortiz's e-mail message "astonishing."</raw>
		<lemm>brown call ortiz s e-mail message  astonishing </lemm>
		<bigrams> 3050 3051 1698 3053</bigrams>
	</sent>	<sent id="82">
		<raw>Regarding the practice of guarding his data, he said, "This is what every single scientist does every day of their lives."</raw>
		<lemm>regard the practice of guard his datum  he say   this be what every single scientist do every day of their life </lemm>
		<bigrams> 3064 3065 3068</bigrams>
	</sent>	<sent id="83">
		<raw>Marsden pointed out that Brown had advanced science while he was keeping his "Santa" object under observation.</raw>
		<lemm>marsden point out that brown have advanced science while he be keep his  santa  object under observation</lemm>
		<bigrams> 3072 3076 3082</bigrams>
	</sent>	<sent id="84">
		<raw>He discovered that it has a moon, nicknamed Rudolph, allowing him to calculate the object's mass, about one-third that of Pluto.</raw>
		<lemm>he discover that it have a moon  nickname rudolph  allow him to calculate the object s mass  about one-third that of pluto</lemm>
		<bigrams> 3088 3089 3090</bigrams>
	</sent>	<sent id="85">
		<raw>Moreover, he did report it, said Marsden, citing the abstracts.</raw>
		<lemm>moreover  he do report it  say marsden  cite the abstract</lemm>
		<bigrams> 3102 3103</bigrams>
	</sent>	<sent id="86">
		<raw>"I don't blame him for wanting to finish the job," Marsden said.</raw>
		<lemm> i do n t blame him for want to finish the job   marsden say</lemm>
		<bigrams> 3111 2452</bigrams>
	</sent>	<sent id="87">
		<raw>"You do the whole thing.</raw>
		<lemm> you do the whole thing</lemm>
		<bigrams> 3113</bigrams>
	</sent>	<sent id="88">
		<raw>That is how astronomy is done, or used to be done."</raw>
		<lemm>that be how astronomy be do  or use to be do </lemm>
		<bigrams></bigrams>
	</sent>	<sent id="89">
		<raw>Marsden, who is secretary of astronomical union's committee for naming small bodies, said that he would suggest to Brown that he propose names for both 2003 EL61 and its satellite.</raw>
		<lemm>marsden  who be secretary of astronomical union s committee for name small body  say that he would suggest to brown that he propose name for both @card@ el61 and its satellite</lemm>
		<bigrams> 1502 3125 3126 3127 3128 3131 1673</bigrams>
	</sent></doc>