<?xml version="1.0" encoding="UTF_8"?>
<doc>	<sent id="0">
		<raw>Between feedings and diaper changes of his newborn daughter, Michael E. Brown may yet find an 11th planet.</raw>
		<lemm>between feeding and diaper change of his newborn daughter  michael e brown may yet find an 11th planet</lemm>
		<bigrams> 3235 3239 3240 495 496 3241 3242 2374 3245</bigrams>
	</sent>	<sent id="1">
		<raw>Once conducted almost exclusively on cold, lonely nights, observational astronomy these days is often done under bright California sunshine.</raw>
		<lemm>once conduct almost exclusively on cold  lonely night  observational astronomy these day be often do under bright california sunshine</lemm>
		<bigrams> 3247 3248 3251 3252 3253 3254 3262 3263</bigrams>
	</sent>	<sent id="2">
		<raw>When he has a few spare minutes, Brown, a professor of planetary astronomy at the California Institute of Technology, downloads images taken during a previous night by a robotically driven telescope at Palomar Observatory 100 miles away.</raw>
		<lemm>when he have a few spare minute  brown  a professor of planetary astronomy at the california institute of technology  downloads image take during a previous night by a robotically drive telescope at palomar observatory @card@ mile away</lemm>
		<bigrams> 3266 3267 501 832 3268 3269 1764 3273 3276 3277 518 3278 3279 437</bigrams>
	</sent>	<sent id="3">
		<raw>Each night, the telescope scans a different swath of sky, photographing each patch three times, spaced an hour and a half apart.</raw>
		<lemm>each night  the telescope scan a different swath of sky  photograph each patch three time  space an hour and a half apart</lemm>
		<bigrams> 3282 3284 3287 3290 449 3291 3295</bigrams>
	</sent>	<sent id="4">
		<raw>In any one of the photographs, a planet or some other icy body at the edge of the solar system looks just like a star.</raw>
		<lemm>in any one of the photograph  a planet or some other icy body at the edge of the solar system look just like a star</lemm>
		<bigrams> 3302 383 3306</bigrams>
	</sent>	<sent id="5">
		<raw>Unlike a star, it moves between the exposures.</raw>
		<lemm>unlike a star  it move between the exposure</lemm>
		<bigrams></bigrams>
	</sent>	<sent id="6">
		<raw>Brown's computer programs flag potential discoveries for him to inspect.</raw>
		<lemm>brown s computer program flag potential discovery for him to inspect</lemm>
		<bigrams> 3318 3319 3320 3321</bigrams>
	</sent>	<sent id="7">
		<raw>He quickly dismisses almost all of them, double images caused by a bumping of the telescope, blurriness from whirls in the atmosphere or random noise.</raw>
		<lemm>he quickly dismiss almost all of them  double image cause by a bump of the telescope  blurriness from whirl in the atmosphere or random noise</lemm>
		<bigrams> 3326 3327 3331 3332 3336 3343</bigrams>
	</sent>	<sent id="8">
		<raw>But sometimes, like last Jan. 5, he spots a moving dot.</raw>
		<lemm>but sometimes  like last jan @card@  he spot a move dot</lemm>
		<bigrams> 3345 3346 3347 515 3352</bigrams>
	</sent>	<sent id="9">
		<raw>Brown had rewritten his software to look for slower-moving and more distant objects.</raw>
		<lemm>brown have rewrite his software to look for slower-moving and more distant object</lemm>
		<bigrams> 15</bigrams>
	</sent>	<sent id="10">
		<raw>On that morning, he was sitting in his Caltech office, unremarkable university turf sparsely decorated with a not-full bottle of Jack Daniel's, a dragon mobile, a dinosaur toothbrush, a Mr.</raw>
		<lemm>on that morning  he be sit in his caltech office  unremarkable university turf sparsely decorate with a not-full bottle of jack daniel s  a dragon mobile  a dinosaur toothbrush  a mr </lemm>
		<bigrams> 3367 3368 3369 3370 3371 3372 3375 3378 3382 3385</bigrams>
	</sent>	<sent id="11">
		<raw>Potato Head and other toys and knickknacks that long predated parenthood, and re-examining images from nearly a year and a half earlier, Oct. 21, 2003.</raw>
		<lemm>potato head and other toy and knickknack that long predate parenthood  and re-examine image from nearly a year and a half earlier  oct @card@  @card@</lemm>
		<bigrams> 3388 3395 3396 3399 3405 3406 3407 3408</bigrams>
	</sent>	<sent id="12">
		<raw>The first several candidates offered by the computer were the usual garbled images.</raw>
		<lemm>the first several candidate offer by the computer be the usual garble image</lemm>
		<bigrams> 3409 3410 3411 3415 3416</bigrams>
	</sent>	<sent id="13">
		<raw>Then he saw it: a bright, unmistakably round dot moving across the star field.</raw>
		<lemm>then he see it  a bright  unmistakably round dot move across the star field</lemm>
		<bigrams> 3419 3420 3421 3422 3423 3425</bigrams>
	</sent>	<sent id="14">
		<raw>He did a quick calculation.</raw>
		<lemm>he do a quick calculation</lemm>
		<bigrams> 3428</bigrams>
	</sent>	<sent id="15">
		<raw>Even if this new object reflected 100 percent of the sunlight that hit it, and nothing is perfectly reflective, it would still be almost as large as Pluto.</raw>
		<lemm>even if this new object reflect @card@ percent of the sunlight that hit it  and nothing be perfectly reflective  it would still be almost as large as pluto</lemm>
		<bigrams> 100 3431 3432 1045 3441 3443</bigrams>
	</sent>	<sent id="16">
		<raw>Without any additional data, Brown knew he had discovered what could be the 10th planet.</raw>
		<lemm>without any additional datum  brown know he have discover what could be the 10th planet</lemm>
		<bigrams> 3449 3450 3451 679</bigrams>
	</sent>	<sent id="17">
		<raw>He noted the time: 11:20 a.m. Brown knew that astrologers would ask because they had asked for that information after earlier discoveries of smaller objects in the Kuiper Bel.</raw>
		<lemm>he note the time  @card@ a m brown know that astrologer would ask because they have ask for that information after early discovery of small object in the kuiper bel</lemm>
		<bigrams> 3455 3451 1123 3460 3465 3466 3467</bigrams>
	</sent>	<sent id="18">
		<raw>He thought about a bet he had made with a friend, for five bottles of champagne, that he would discover something larger than Pluto by Jan. 1, 2005, a deadline that had passed five days earlier.</raw>
		<lemm>he think about a bet he have make with a friend  for five bottle of champagne  that he would discover something large than pluto by jan @card@  @card@  a deadline that have pass five day earlier</lemm>
		<bigrams> 3476 3479 3480 3481 515 3408 3488 3489 3490</bigrams>
	</sent>	<sent id="19">
		<raw>He sent her an e-mail message asking for a five-day extension.</raw>
		<lemm>he send her an e-mail message ask for a five-day extension</lemm>
		<bigrams> 1698 3493 3496</bigrams>
	</sent>	<sent id="20">
		<raw>Brown seems destined for future astronomy textbooks, either as the discoverer of the first new planet in 75 years or as the man who pushed Pluto out of the planetary pantheon.</raw>
		<lemm>brown seem destine for future astronomy textbook  either as the discoverer of the first new planet in @card@ year or as the man who push pluto out of the planetary pantheon</lemm>
		<bigrams> 3497 3498 3501 3502 3503 3505 312 128 3510 3512</bigrams>
	</sent>	<sent id="21">
		<raw>Astronomers have long argued over whether Pluto should be called a planet and speculated that ice balls larger than Pluto might be hiding in the Kuiper Belt, a ring of debris beyond the orbit of Neptune.</raw>
		<lemm>astronomer have long argue over whether pluto should be call a planet and speculate that ice ball large than pluto might be hide in the kuiper belt  a ring of debris beyond the orbit of neptune</lemm>
		<bigrams> 3513 418 335 3520 3521 2377 3525</bigrams>
	</sent>	<sent id="22">
		<raw>Several objects approaching the size of Pluto have been discovered in recent years.</raw>
		<lemm>several object approach the size of pluto have be discover in recent year</lemm>
		<bigrams> 3528 3529 3533</bigrams>
	</sent>	<sent id="23">
		<raw>Brown and two colleagues, David Rabinowitz of Yale and Chad Trujillo of the Gemini Observatory in Hawaii, were the first to point to something that is almost certainly larger than Pluto.</raw>
		<lemm>brown and two colleague  david rabinowitz of yale and chad trujillo of the gemini observatory in hawaii  be the first to point to something that be almost certainly large than pluto</lemm>
		<bigrams> 3535 3536 3537 3539 528 3542 3543</bigrams>
	</sent>	<sent id="24">
		<raw>"If people want to get rid of Pluto, I'm more than happy to get rid of Pluto and say this one isn't a planet, either," Brown said.</raw>
		<lemm> if people want to get rid of pluto  i be more than happy to get rid of pluto and say this one be n t a planet  either   brown say</lemm>
		<bigrams> 3545 3546 3546 42 3554 651</bigrams>
	</sent>	<sent id="25">
		<raw>"If culturally we would be willing to accept a scientific definition, that would be great," he continued.</raw>
		<lemm> if culturally we would be willing to accept a scientific definition  that would be great   he continue</lemm>
		<bigrams> 137</bigrams>
	</sent>	<sent id="26">
		<raw>"The only thing that would make me unhappy is if Pluto remained a planet, and this one was not one."</raw>
		<lemm> the only thing that would make me unhappy be if pluto remain a planet  and this one be not one </lemm>
		<bigrams> 3567 3573</bigrams>
	</sent>	<sent id="27">
		<raw>So far, little is known about the new planet, which carries the temporary designation of 2003 UB313.</raw>
		<lemm>so far  little be know about the new planet  which carry the temporary designation of @card@ ub313</lemm>
		<bigrams> 3577 312 3585 431</bigrams>
	</sent>	<sent id="28">
		<raw>It is currently 9 billion miles from the sun, at the farthest point of its 560-year orbit.</raw>
		<lemm>it be currently @card@ billion mile from the sun  at the farthest point of its 560-year orbit</lemm>
		<bigrams> 3587 435 436 3588 3590</bigrams>
	</sent>	<sent id="29">
		<raw>A couple of centuries from now, its elliptical trajectory will take it within 3.3 billion miles of the sun, closer than portions of Pluto's orbit.</raw>
		<lemm>a couple of century from now  its elliptical trajectory will take it within @card@ billion mile of the sun  close than portion of pluto s orbit</lemm>
		<bigrams> 3598 3603 435 436 3605</bigrams>
	</sent>	<sent id="30">
		<raw>And the orbit is surprisingly askew.</raw>
		<lemm>and the orbit be surprisingly askew</lemm>
		<bigrams> 3610</bigrams>
	</sent>	<sent id="31">
		<raw>While most of the solar system circles the Sun in a flat plane, the new planet's orbit is tilted about 45 degrees from the plane.</raw>
		<lemm>while most of the solar system circle the sun in a flat plane  the new planet s orbit be tilt about @card@ degree from the plane</lemm>
		<bigrams> 383 3612 3615 312 600</bigrams>
	</sent>	<sent id="32">
		<raw>Planet finding was not a career goal for Brown.</raw>
		<lemm>planet finding be not a career goal for brown</lemm>
		<bigrams> 3620 3624</bigrams>
	</sent>	<sent id="33">
		<raw>Until recently, he was among those who argued that nothing in the Kuiper Belt deserved to be called a planet, not even Pluto.</raw>
		<lemm>until recently  he be among those who argue that nothing in the kuiper belt deserve to be call a planet  not even pluto</lemm>
		<bigrams> 2377 3635 3639</bigrams>
	</sent>	<sent id="34">
		<raw>Brown, 40, grew up in Alabama, a child of the 1970s.</raw>
		<lemm>brown  @card@  grow up in alabama  a child of the 1970s</lemm>
		<bigrams> 3640 3641</bigrams>
	</sent>	<sent id="35">
		<raw>His father, an engineer at IBM, had moved to Huntsville to work on the giant Saturn rockets, which were being designed at NASA's Marshall Space Flight Center to carry astronauts to the moon.</raw>
		<lemm>his father  an engineer at ibm  have move to huntsville to work on the giant saturn rocket  which be be design at nasa s marshall space flight center to carry astronaut to the moon</lemm>
		<bigrams> 3661 3662 3670 3671 3672 3675</bigrams>
	</sent>	<sent id="36">
		<raw>When he was finishing his undergraduate degree in physics at Princeton, he thought he would pursue theoretical work in cosmology, devising ideas about how the universe came together.</raw>
		<lemm>when he be finish his undergraduate degree in physic at princeton  he think he would pursue theoretical work in cosmology  devise idea about how the universe come together</lemm>
		<bigrams> 3680 3687 3688 3689 3692 3693 3697 3698</bigrams>
	</sent>	<sent id="37">
		<raw>Then James Peebles, a physics professor at Princeton, mentioned to him how astronomy needed more observers actually looking at the sky.</raw>
		<lemm>then james peebles  a physics professor at princeton  mention to him how astronomy need more observer actually look at the sky</lemm>
		<bigrams> 3700 3703 3705 3709 3712 3713</bigrams>
	</sent>	<sent id="38">
		<raw>"That was it," Brown recalled.</raw>
		<lemm> that be it   brown recall</lemm>
		<bigrams> 3716</bigrams>
	</sent>	<sent id="39">
		<raw>"As soon as he said it, I was like, OK."</raw>
		<lemm> as soon as he say it  i be like  ok </lemm>
		<bigrams> 3721</bigrams>
	</sent>	<sent id="40">
		<raw>In graduate school at the University of California, Berkeley, he still planned to work on the far, far away, distant galaxies that blast out loud radio signals.</raw>
		<lemm>in graduate school at the university of california  berkeley  he still plan to work on the far  far away  distant galaxy that blast out loud radio signal</lemm>
		<bigrams> 3723 3726 3729 3731 444 3732 3733 3737 3738</bigrams>
	</sent>	<sent id="41">
		<raw>His thesis adviser, Hyron Spinrad, had his graduate students also work on comets, because he was interested in them and could not get help otherwise.</raw>
		<lemm>his thesis adviser  hyron spinrad  have his graduate student also work on comet  because he be interested in them and could not get help otherwise</lemm>
		<bigrams> 3740 3741 3742 3746 3747 3748 3757 3758</bigrams>
	</sent>	<sent id="42">
		<raw>Brown was captivated as well.</raw>
		<lemm>brown be captivate as well</lemm>
		<bigrams></bigrams>
	</sent>	<sent id="43">
		<raw>"I thought, this stuff is cool," he said.</raw>
		<lemm> i think  this stuff be cool   he say</lemm>
		<bigrams></bigrams>
	</sent>	<sent id="44">
		<raw>That brought his interests inside the solar system.</raw>
		<lemm>that bring his interest inside the solar system</lemm>
		<bigrams> 3770 383</bigrams>
	</sent>	<sent id="45">
		<raw>Later, Brown came across a tiny, little-used 24-inch telescope at the Lick Observatory outside San Jose, Calif. "You find the telescope first and then find your thesis program," he said.</raw>
		<lemm>later  brown come across a tiny  little-used 24-inch telescope at the lick observatory outside san jose  calif  you find the telescope first and then find your thesis program   he say</lemm>
		<bigrams> 3772 3773 3774 3777 3778 3779 3781 3782 3783 3784 3785 3787 3791</bigrams>
	</sent>	<sent id="46">
		<raw>His thesis topic turned out to be the volcanoes on Io, one of the moons of Jupiter, and how the gases from the volcanoes are swept up into Jupiter's magnetic fields, accelerated into orbit around Jupiter and then slammed back into Io at 125,000 miles per hour.</raw>
		<lemm>his thesis topic turn out to be the volcano on io  one of the moon of jupiter  and how the gas from the volcano be sweep up into jupiter s magnetic field  accelerate into orbit around jupiter and then slam back into io at @card@ mile per hour</lemm>
		<bigrams> 3793 3794 3798 3809 3810 3186 3813 3815 3279 3819 3820</bigrams>
	</sent>	<sent id="47">
		<raw>He entered the planet-searching business through a chance opportunity.</raw>
		<lemm>he enter the planet-searching business through a chance opportunity</lemm>
		<bigrams> 3824 3828</bigrams>
	</sent>	<sent id="48">
		<raw>When he arrived at Caltech a decade ago, the 48-inch Samuel Oschin Telescope at Palomar was just finishing up a large sky survey.</raw>
		<lemm>when he arrive at caltech a decade ago  the 48-inch samuel oschin telescope at palomar be just finish up a large sky survey</lemm>
		<bigrams> 3833 3836 3837 3838 3843 3844</bigrams>
	</sent>	<sent id="49">
		<raw>While many astronomers clamor to use Palomar's main 200-inch telescope, Brown realized he could easily get ample time on the smaller one.</raw>
		<lemm>while many astronomer clamor to use palomar s main 200-inch telescope  brown realize he could easily get ample time on the small one</lemm>
		<bigrams> 3846 3847 3849 3852 3853 3854 3855 3858 3859 3860 3861 3863</bigrams>
	</sent>	<sent id="50">
		<raw>So, just as he did at Lick, he looked for a project to fit the telescope.</raw>
		<lemm>so  just as he do at lick  he look for a project to fit the telescope</lemm>
		<bigrams></bigrams>
	</sent>	<sent id="51">
		<raw>The first Kuiper Belt object had been discovered a few years earlier, and Brown thought it would be useful to do a systematic sweep of the sky to look for others.</raw>
		<lemm>the first kuiper belt object have be discover a few year earlier  and brown think it would be useful to do a systematic sweep of the sky to look for other</lemm>
		<bigrams> 3874 2377 3221 3876 3879 3883</bigrams>
	</sent>	<sent id="52">
		<raw>In past centuries, the trick to discovering a planet was knowing exactly where to look.</raw>
		<lemm>in past century  the trick to discover a planet be know exactly where to look</lemm>
		<bigrams> 3888 3893</bigrams>
	</sent>	<sent id="53">
		<raw>Now, computers and automated telescopes have allowed a new strategy: look everywhere.</raw>
		<lemm>now  computer and automated telescope have allow a new strategy  look everywhere</lemm>
		<bigrams> 3897 3901 3902 3903</bigrams>
	</sent>	<sent id="54">
		<raw>Brown has a love of code names, so he and his colleagues decided that if they ever found something larger than Pluto, they would give it the code name Xena, after the television series.</raw>
		<lemm>brown have a love of code name  so he and his colleague decide that if they ever find something large than pluto  they would give it the code name xena  after the television series</lemm>
		<bigrams> 2477 3909 3913 75 3481 3916 2477 3920 1469</bigrams>
	</sent>	<sent id="55">
		<raw>It was also partly a nod to Planet X, a long-hypothesized massive planet in the outer solar system.</raw>
		<lemm>it be also partly a nod to planet x  a long-hypothesized massive planet in the outer solar system</lemm>
		<bigrams> 3923 3928 3931 3932 2264 383</bigrams>
	</sent>	<sent id="56">
		<raw>In 2002, Brown and Trujillo turned up their first big find: a Kuiper Belt object about 775 miles wide, or about as large as Pluto's moon, Charon.</raw>
		<lemm>in @card@  brown and trujillo turn up their first big find  a kuiper belt object about @card@ mile wide  or about as large as pluto s moon  charon</lemm>
		<bigrams> 1522 3934 2279 3937 2377 3221 3279 3940 3945</bigrams>
	</sent>	<sent id="57">
		<raw>They named it Quaoar, after a god in Native American mythology, and learned their first lesson in astronomical discovery: find a pronounceable name.</raw>
		<lemm>they name it quaoar  after a god in native american mythology  and learn their first lesson in astronomical discovery  find a pronounceable name</lemm>
		<bigrams> 3953 3954 3958 3961 3962 3964</bigrams>
	</sent>	<sent id="58">
		<raw>(Quaoar is pronounced KWAH-o-wahr.)</raw>
		<lemm>( quaoar be pronounced kwah-o-wahr )</lemm>
		<bigrams> 3965 3968 3969</bigrams>
	</sent>	<sent id="59">
		<raw>A year later, Brown, Trujillo and Rabinowitz of Yale found something stranger, an object larger than Quaoar and much farther out, 8 billion miles.</raw>
		<lemm>a year later  brown  trujillo and rabinowitz of yale find something stranger  an object large than quaoar and much farther out  @card@ billion mile</lemm>
		<bigrams> 3970 3772 3971 3974 75 3975 3978 3982 435 436</bigrams>
	</sent>	<sent id="60">
		<raw>And stranger yet, its 11,000-year orbit carried it out as far as 84 billion miles, far beyond anything else known in the solar system.</raw>
		<lemm>and stranger yet  its 11 000-year orbit carry it out as far as @card@ billion mile  far beyond anything else know in the solar system</lemm>
		<bigrams> 3985 3988 3989 3990 435 436 3995 3996 3997 3998 3999 383</bigrams>
	</sent>	<sent id="61">
		<raw>Initially, they excitedly thought it might be larger than Pluto and called it Xena for a few days.</raw>
		<lemm>initially  they excitedly think it might be large than pluto and call it xena for a few day</lemm>
		<bigrams> 4003</bigrams>
	</sent>	<sent id="62">
		<raw>But further measurements and calculations indicated it was probably no larger than three-quarters the diameter of Pluto.</raw>
		<lemm>but further measurement and calculation indicate it be probably no large than three-quarter the diameter of pluto</lemm>
		<bigrams> 4012</bigrams>
	</sent>	<sent id="63">
		<raw>When they announced the discovery last year, they gave it the name of Sedna, after an Inuit goddess.</raw>
		<lemm>when they announce the discovery last year  they give it the name of sedna  after an inuit goddess</lemm>
		<bigrams> 4023 7 4030</bigrams>
	</sent>	<sent id="64">
		<raw>The name was easily pronounceable, but it irritated some astronomers, especially amateur asteroid searchers, who felt Brown had again flouted the International Astronomical Union's naming rules.</raw>
		<lemm>the name be easily pronounceable  but it irritate some astronomer  especially amateur asteroid searcher  who feel brown have again flout the international astronomical union s name rule</lemm>
		<bigrams> 4031 4035 4036 4037 4038 4041 1501 1502 4045</bigrams>
	</sent>	<sent id="65">
		<raw>The rules prohibit discoverers from publicly announcing any name, even a tentative one, before the union approves it, a process that takes months to years.</raw>
		<lemm>the rule prohibit discoverer from publicly announce any name  even a tentative one  before the union approve it  a process that take month to year</lemm>
		<bigrams> 4047 4048 4051 4054 4057 4060 4065</bigrams>
	</sent>	<sent id="66">
		<raw>The critics wanted the union to rebuke Brown and reject the name.</raw>
		<lemm>the critic want the union to rebuke brown and reject the name</lemm>
		<bigrams> 4069 4073</bigrams>
	</sent>	<sent id="67">
		<raw>One amateur astronomer, Reiner M. Stoss, even proposed Sedna as a name for a small asteroid discovered earlier, to thwart Brown.</raw>
		<lemm>one amateur astronomer  reiner m stoss  even propose sedna as a name for a small asteroid discover earlier  to thwart brown</lemm>
		<bigrams> 4076 4077 4078 4081 4082 4083 4086 4087 4088 4091</bigrams>
	</sent>	<sent id="68">
		<raw>Brown acknowledged, "I consciously broke the rules," but he felt that the preliminary designation, 2003 VB12, was too obscure and confusing for a noteworthy addition to the solar system.</raw>
		<lemm>brown acknowledge   i consciously break the rule   but he feel that the preliminary designation  @card@ vb12  be too obscure and confusing for a noteworthy addition to the solar system</lemm>
		<bigrams> 4092 4095 4101 4102 4103 4111 383</bigrams>
	</sent>	<sent id="69">
		<raw>"I thought, this is stupid," he said.</raw>
		<lemm> i think  this be stupid   he say</lemm>
		<bigrams></bigrams>
	</sent>	<sent id="70">
		<raw>"This object needs to have a name before it goes public."</raw>
		<lemm> this object need to have a name before it go public </lemm>
		<bigrams> 4115 4119</bigrams>
	</sent>	<sent id="71">
		<raw>After Sedna, the astronomers also realized that there could be more discoveries lurking in their photographs.</raw>
		<lemm>after sedna  the astronomer also realize that there could be more discovery lurk in their photograph</lemm>
		<bigrams> 4122 4123 4127</bigrams>
	</sent>	<sent id="72">
		<raw>Brown finds that betting is an effective way to spur scientific progress.</raw>
		<lemm>brown find that betting be an effective way to spur scientific progress</lemm>
		<bigrams> 4130 4134 4137 4138</bigrams>
	</sent>	<sent id="73">
		<raw>He would have found the planet sooner or later, but late last year he realized that his best hope for winning the champagne bet was to sift through thousands of candidates in the old images.</raw>
		<lemm>he would have find the planet sooner or later  but late last year he realize that his good hope for win the champagne bet be to sift through thousand of candidate in the old image</lemm>
		<bigrams> 4139 4144 7 4148 4153 4161</bigrams>
	</sent>	<sent id="74">
		<raw>On Dec. 20, going through the images from the previous May, he discovered a new bright Kuiper Belt object.</raw>
		<lemm>on dec @card@  go through the image from the previous may  he discover a new bright kuiper belt object</lemm>
		<bigrams> 4163 4164 4168 4170 4171 2377 3221</bigrams>
	</sent>	<sent id="75">
		<raw>It was big, but not big enough.</raw>
		<lemm>it be big  but not big enough</lemm>
		<bigrams> 4175</bigrams>
	</sent>	<sent id="76">
		<raw>He gave that one the code name of Santa.</raw>
		<lemm>he give that one the code name of santa</lemm>
		<bigrams> 2477</bigrams>
	</sent>	<sent id="77">
		<raw>When he later discovered a moon around Santa, he gave the moon the code name Rudolph.</raw>
		<lemm>when he later discover a moon around santa  he give the moon the code name rudolph</lemm>
		<bigrams> 4182 4183 4184 2477 4188</bigrams>
	</sent>	<sent id="78">
		<raw>(When he discovered yet another Kuiper Belt object in April, he continued in the holiday vein and named that one Easter Bunny.</raw>
		<lemm>( when he discover yet another kuiper belt object in april  he continue in the holiday vein and name that one easter bunny</lemm>
		<bigrams> 4190 4191 4192 2377 3221 4197 4201 1487</bigrams>
	</sent>	<sent id="79">
		<raw>He even had a code name for his daughter before she was born.</raw>
		<lemm>he even have a code name for his daughter before she be bear</lemm>
		<bigrams> 2477</bigrams>
	</sent>	<sent id="80">
		<raw>The whiteboard in his office had a list of tasks labeled "TDBP", To Do Before Petunia.)</raw>
		<lemm>the whiteboard in his office have a list of task label  tdbp   to do before petunia )</lemm>
		<bigrams> 4215 4216 4220</bigrams>
	</sent>	<sent id="81">
		<raw>He spent Christmas through New Year's examining old images.</raw>
		<lemm>he spend christmas through new year s examine old image</lemm>
		<bigrams> 4222 4225 4228 4161</bigrams>
	</sent>	<sent id="82">
		<raw>Nothing turned up.</raw>
		<lemm>nothing turn up</lemm>
		<bigrams> 4229</bigrams>
	</sent>	<sent id="83">
		<raw>Then on Jan. 5, not Jan. 8 as he had said at his news conference, he finally found one he could call Xena.</raw>
		<lemm>then on jan @card@  not jan @card@ as he have say at his news conference  he finally find one he could call xena</lemm>
		<bigrams> 515 515 2566 4241 4242 4244 4245</bigrams>
	</sent>	<sent id="84">
		<raw>This time, Brown decided to play by the International Astronomical Union's rules and did not announce his real intended name for 2003 UB313, leading to rumors that he had officially proposed Xena.</raw>
		<lemm>this time  brown decide to play by the international astronomical union s rule and do not announce his real intended name for @card@ ub313  lead to rumor that he have officially propose xena</lemm>
		<bigrams> 4247 4248 1501 1502 4256 4257 431 4259 4264 4265</bigrams>
	</sent>	<sent id="85">
		<raw>Meanwhile, Brown, on family leave until the end of year, found a new set of data to work with: his daughter Lilah's sleeping and eating patterns.</raw>
		<lemm>meanwhile  brown  on family leave until the end of year  find a new set of datum to work with  his daughter lilah be sleep and eat pattern</lemm>
		<bigrams> 4266 4268 4273 4274 4279 4284</bigrams>
	</sent>	<sent id="86">
		<raw>In the hospital, he and his wife had, like many new parents, written down a record of feeding and sleeping times.</raw>
		<lemm>in the hospital  he and his wife have  like many new parent  write down a record of feed and sleep time</lemm>
		<bigrams> 1576 4289 4290 4291 4298</bigrams>
	</sent>	<sent id="87">
		<raw>Brown wrote a computer program to generate colorful charts from the information and put them online at lilahbrown.com.</raw>
		<lemm>brown write a computer program to generate colorful chart from the information and put them online at lilahbrown com</lemm>
		<bigrams> 1873 3318 4302 4303 4311</bigrams>
	</sent>	<sent id="88">
		<raw>Brown asked.</raw>
		<lemm>brown ask</lemm>
		<bigrams> 4312</bigrams>
	</sent>	<sent id="89">
		<raw>"Well, I guess, most people."</raw>
		<lemm> well  i guess  most people </lemm>
		<bigrams></bigrams>
	</sent>	<sent id="90">
		<raw>Black bars indicate the times that his wife, Diane Binney, is breast-feeding Lilah.</raw>
		<lemm>black bar indicate the time that his wife  diane binney  be breast-feed lilah</lemm>
		<bigrams> 4316 4317 4320 4321 4324</bigrams>
	</sent>	<sent id="91">
		<raw>Blue bars indicate when Brown is giving her a bottle.</raw>
		<lemm>blue bar indicate when brown be give her a bottle</lemm>
		<bigrams> 4325 4317</bigrams>
	</sent>	<sent id="92">
		<raw>Green bars indicate the hours Lilah is awake and content; red bars indicate the fussy times.</raw>
		<lemm>green bar indicate the hour lilah be awake and content  red bar indicate the fussy time</lemm>
		<bigrams> 4332 4317 4334 4338 4339 4317 4341</bigrams>
	</sent>	<sent id="93">
		<raw>Brown said he hoped to find a pattern in Lilah's sleep cycle, she has been waking up, on average, every 2.5 hours.</raw>
		<lemm>brown say he hope to find a pattern in lilah s sleep cycle  she have be wake up  on average  every @card@ hour</lemm>
		<bigrams> 651 4350 4357 1131 4358</bigrams>
	</sent>	<sent id="94">
		<raw>If one nap lasted only 1.5 hours, would that mean the next nap would last 3.5 hours, giving her parents a chance to rest?</raw>
		<lemm>if one nap last only @card@ hour  would that mean the next nap would last @card@ hour  give her parent a chance to rest</lemm>
		<bigrams> 4360 4361 4358 4364 4368 4369 4370 4371 4358 4372</bigrams>
	</sent>	<sent id="95">
		<raw>A chart with cloudlike splatter of data points gave the unfortunate answer.</raw>
		<lemm>a chart with cloudlike splatter of datum point give the unfortunate answer</lemm>
		<bigrams> 4380 4382 4383 4385</bigrams>
	</sent>	<sent id="96">
		<raw>"There is absolutely no correlation," Brown said.</raw>
		<lemm> there be absolutely no correlation   brown say</lemm>
		<bigrams> 4389 651</bigrams>
	</sent></doc>