<?xml version="1.0" encoding="UTF_8"?>
<doc>	<sent id="0">
		<raw>In the not-too-distant future, maps of the solar system may be redrawn to add another planet, or perhaps take one away.</raw>
		<lemm>in the not-too-distant future  map of the solar system may be redrawn to add another planet  or perhaps take one away</lemm>
		<bigrams> 658 659 383 661 666 667 670 671 672</bigrams>
	</sent>	<sent id="1">
		<raw>Last month, when scientists announced the discovery of a possible 10th planet, some 9 billion miles from the sun, they reignited a long-running debate about what a true planet is.</raw>
		<lemm>last month  when scientist announce the discovery of a possible 10th planet  some @card@ billion mile from the sun  they reignite a long-running debate about what a true planet be</lemm>
		<bigrams> 673 676 678 679 435 436 687 691</bigrams>
	</sent>	<sent id="2">
		<raw>They are grappling with whether the newly found celestial body, known for now as 2003 UB313, should be granted planetary status, and if it is not, whether Pluto, a like-size ice ball in a far orbit of the sun, should be stripped of the title.</raw>
		<lemm>they be grapple with whether the newly find celestial body  know for now as @card@ ub313  should be grant planetary status  and if it be not  whether pluto  a like-size ice ball in a far orbit of the sun  should be strip of the title</lemm>
		<bigrams> 698 699 700 701 431 708 709 418 715 335 718</bigrams>
	</sent>	<sent id="3">
		<raw>Astronomers are afire over the shake-up, and their musings have been lighting up the news media.</raw>
		<lemm>astronomer be afire over the shake-up  and their musing have be light up the news medium</lemm>
		<bigrams> 733</bigrams>
	</sent>	<sent id="4">
		<raw>But they aren't the only ones excited about the discovery.</raw>
		<lemm>but they be n t the only one excite about the discovery</lemm>
		<bigrams> 740</bigrams>
	</sent>	<sent id="5">
		<raw>Their mystical cousins, astrologers, have also been jolted; they are speculating about what it might mean for their cosmic readings and prophecies.</raw>
		<lemm>their mystical cousin  astrologer  have also be jolt  they be speculate about what it might mean for their cosmic reading and prophecy</lemm>
		<bigrams> 744 745 754 758</bigrams>
	</sent>	<sent id="6">
		<raw>After all, they, too, are students of the solar system.</raw>
		<lemm>after all  they  too  be student of the solar system</lemm>
		<bigrams> 383</bigrams>
	</sent>	<sent id="7">
		<raw>Astrologers often employ the maxim "as above, so below."</raw>
		<lemm>astrologer often employ the maxim  as above  so below </lemm>
		<bigrams> 767 768</bigrams>
	</sent>	<sent id="8">
		<raw>Now suddenly that which is "above" may be radically changed.</raw>
		<lemm>now suddenly that which be  above  may be radically change</lemm>
		<bigrams> 782</bigrams>
	</sent>	<sent id="9">
		<raw>"It's exciting," said Richard Brown, an astrologer from Toronto.</raw>
		<lemm> it be exciting   say richard brown  an astrologer from toronto</lemm>
		<bigrams> 784 785 786</bigrams>
	</sent>	<sent id="10">
		<raw>"I'm immediately on the Internet, and I'm just jumping up and down."</raw>
		<lemm> i be immediately on the internet  and i be just jump up and down </lemm>
		<bigrams></bigrams>
	</sent>	<sent id="11">
		<raw>Michael E. Brown (no relation to Richard), an astronomer and a member of the team that discovered 2003 UB313, said he has been peppered with inquiries from astrologers seeking to know the exact moment he made his observation.</raw>
		<lemm>michael e brown ( no relation to richard )  an astronomer and a member of the team that discover @card@ ub313  say he have be pepper with inquiry from astrologer seek to know the exact moment he make his observation</lemm>
		<bigrams> 495 496 802 807 812 431 813 820 825</bigrams>
	</sent>	<sent id="12">
		<raw>Brown, a professor of planetary astronomy at the California Institute of Technology, subsequently posted the time of discovery on his Web page for their benefit, he said, because he has always appreciated astrologers' enthusiasm for the heavens.</raw>
		<lemm>brown  a professor of planetary astronomy at the california institute of technology  subsequently post the time of discovery on his web page for their benefit  he say  because he have always appreciate astrologer  enthusiasm for the heaven</lemm>
		<bigrams> 501 832 835 836 844 851 852 853</bigrams>
	</sent>	<sent id="13">
		<raw>"The astronomical world frequently sits around and bickers," he said.</raw>
		<lemm> the astronomical world frequently sit around and bicker   he say</lemm>
		<bigrams> 857 858 859 860</bigrams>
	</sent>	<sent id="14">
		<raw>"It's nice to see a group sit around and take pleasure in new discoveries."</raw>
		<lemm> it be nice to see a group sit around and take pleasure in new discovery </lemm>
		<bigrams> 869 860 871 874</bigrams>
	</sent>	<sent id="15">
		<raw>If 2003 UB313 is a 10th planet, astrologers say it may have a profound influence over people's lives, and thus on the forecasts astrologers make.</raw>
		<lemm>if @card@ ub313 be a 10th planet  astrologer say it may have a profound influence over people s life  and thus on the forecast astrologer make</lemm>
		<bigrams> 431 679 877 878 884 893 894</bigrams>
	</sent>	<sent id="16">
		<raw>But its potency cannot be discerned until perhaps several years after the astronomical debate is settled, when astronomers have had time to chart its orbit.</raw>
		<lemm>but its potency can be discern until perhaps several year after the astronomical debate be settle  when astronomer have have time to chart its orbit</lemm>
		<bigrams> 901 902 905</bigrams>
	</sent>	<sent id="17">
		<raw>So astrologers are not inclined to do anything hasty.</raw>
		<lemm>so astrologer be not incline to do anything hasty</lemm>
		<bigrams> 923</bigrams>
	</sent>	<sent id="18">
		<raw>There will be no tearing up of charts, no hurriedly penciling in a new planet and certainly no crossing out of Pluto, a body that many astrologers hold near and dear.</raw>
		<lemm>there will be no tear up of chart  no hurriedly pencil in a new planet and certainly no cross out of pluto  a body that many astrologer hold near and dear</lemm>
		<bigrams> 932 312 942 943 944</bigrams>
	</sent>	<sent id="19">
		<raw>On the contrary, astrologers seem to have reached an unspoken consensus to take a wait-and-see approach.</raw>
		<lemm>on the contrary  astrologer seem to have reach an unspoken consensus to take a wait-and-see approach</lemm>
		<bigrams> 948 949 954 957</bigrams>
	</sent>	<sent id="20">
		<raw>Wait and see if there is a 10th planet.</raw>
		<lemm>wait and see if there be a 10th planet</lemm>
		<bigrams> 679</bigrams>
	</sent>	<sent id="21">
		<raw>Then wait and observe its influence on human life.</raw>
		<lemm>then wait and observe its influence on human life</lemm>
		<bigrams> 968</bigrams>
	</sent>	<sent id="22">
		<raw>Astrologers have been searching the sky for centuries for clues to how the positions of stars and planets could affect life on Earth.</raw>
		<lemm>astrologer have be search the sky for century for clue to how the position of star and planet could affect life on earth</lemm>
		<bigrams> 626 983 984</bigrams>
	</sent>	<sent id="23">
		<raw>Their celestial observations intrigued Chaucer, Shakespeare and even Galileo.</raw>
		<lemm>their celestial observation intrigue chaucer  shakespeare and even galileo</lemm>
		<bigrams> 988 989 990 991 993</bigrams>
	</sent>	<sent id="24">
		<raw>The profession still thrives, supported in no small part it seems by people who say they do not really believe in it, as evidenced by the enormous popularity of horoscopes in magazines, newspapers and on the Web.</raw>
		<lemm>the profession still thrive  support in no small part it seem by people who say they do not really believe in it  as evidence by the enormous popularity of horoscope in magazine  newspaper and on the web</lemm>
		<bigrams> 995 996 997 1001 1011 1018 1023</bigrams>
	</sent>	<sent id="25">
		<raw>Last year America Online's most popular search term was "horoscope."</raw>
		<lemm>last year america online s most popular search term be  horoscope </lemm>
		<bigrams> 7 1027 1028 1032 1033</bigrams>
	</sent>	<sent id="26">
		<raw>A Gallup Poll telephone survey conducted in June found that 25 percent of Americans believe that the position of the stars and planets can affect people's lives.</raw>
		<lemm>a gallup poll telephone survey conduct in june find that @card@ percent of americans believe that the position of the star and planet can affect people s life</lemm>
		<bigrams> 1037 1038 1039 1040 1043 1045 1048 1053</bigrams>
	</sent>	<sent id="27">
		<raw>"We like to think of ourselves as the second-oldest profession," said Richard Brown, the astrologer.</raw>
		<lemm> we like to think of ourselves as the second-oldest profession   say richard brown  the astrologer</lemm>
		<bigrams> 1061 1062 785 786</bigrams>
	</sent>	<sent id="28">
		<raw>Michael Brown said, "I think of it as entertainment," adding that his wife reads her horoscope in the newspaper each morning, though not because she believes the predictions will come true.</raw>
		<lemm>michael brown say   i think of it as entertainment   add that his wife read her horoscope in the newspaper each morning  though not because she believe the prediction will come true</lemm>
		<bigrams> 4 651 1069 1072 1078 1087</bigrams>
	</sent>	<sent id="29">
		<raw>But to some critics, the discovery of a potential 10th planet is just more evidence that astrology is humbug.</raw>
		<lemm>but to some critic  the discovery of a potential 10th planet be just more evidence that astrology be humbug</lemm>
		<bigrams> 1093 679</bigrams>
	</sent>	<sent id="30">
		<raw>If astrologers were able to detect the influences of planets on people's lives accurately, should they not have noticed the influence of a 10th planet long before astronomers detected it?</raw>
		<lemm>if astrologer be able to detect the influence of planet on people s life accurately  should they not have notice the influence of a 10th planet long before astronomer detect it</lemm>
		<bigrams> 1109 679 1115 1118</bigrams>
	</sent>	<sent id="31">
		<raw>"You would think astrologers would have noticed after 2,000 years of making predictions that every 20 years or so things would get messed up," said Phil Plait, an astronomer at Sonoma State University, in Rohnert Park, Calif. "And then someone would say, 'Maybe there's another planet out there."'</raw>
		<lemm> you would think astrologer would have notice after @card@ year of make prediction that every @card@ year or so thing would get mess up   say phil plait  an astronomer at sonoma state university  in rohnert park  calif  and then someone would say   maybe there be another planet out there  </lemm>
		<bigrams> 1121 1122 1123 128 1128 1131 128 1135 1136 1137 1140 1141 1145 1146 1149 1150 1154 1155 1156 667</bigrams>
	</sent>	<sent id="32">
		<raw>Astrologists argue that they have never asserted that the known planets and stars account for every last detail of human life.</raw>
		<lemm>astrologist argue that they have never assert that the know planet and star account for every last detail of human life</lemm>
		<bigrams> 1161 1164 1167 1169 1172 1173 968</bigrams>
	</sent>	<sent id="33">
		<raw>"We assume there are going to be other planets," said Deb McBride, an astrologer in Brooklyn.</raw>
		<lemm> we assume there be go to be other planet   say deb mcbride  an astrologer in brooklyn</lemm>
		<bigrams> 1182 1183 1184</bigrams>
	</sent>	<sent id="34">
		<raw>Leigh Oswald, an astrologer in London, said unknown forces may determine when scientists discover new planets.</raw>
		<lemm>leigh oswald  an astrologer in london  say unknown force may determine when scientist discover new planet</lemm>
		<bigrams> 1188 1191 1192 1193 1194 1195 1197 1198 312</bigrams>
	</sent>	<sent id="35">
		<raw>"A planet is discovered when it's appropriate for humanity to understand it," she said.</raw>
		<lemm> a planet be discover when it be appropriate for humanity to understand it   she say</lemm>
		<bigrams></bigrams>
	</sent>	<sent id="36">
		<raw>"In other words, when we are ready for it."</raw>
		<lemm> in other word  when we be ready for it </lemm>
		<bigrams></bigrams>
	</sent>	<sent id="37">
		<raw>Throughout history, when faced with the addition of a new planet, many astrologers have duly figured out how to use it in their calculations.</raw>
		<lemm>throughout history  when face with the addition of a new planet  many astrologer have duly figure out how to use it in their calculation</lemm>
		<bigrams> 1218 312 1225 942 1227</bigrams>
	</sent>	<sent id="38">
		<raw>Pluto, the most recently discovered planet, is so tightly woven into astrological charts, to lose it would be unthinkable, Oswald said.</raw>
		<lemm>pluto  the most recently discover planet  be so tightly weave into astrological chart  to lose it would be unthinkable  oswald say</lemm>
		<bigrams> 1237 1238 1241 1244 1251 1252</bigrams>
	</sent>	<sent id="39">
		<raw>"It's been observed to have a huge influence on people's lives."</raw>
		<lemm> it have be observe to have a huge influence on people s life </lemm>
		<bigrams> 1257</bigrams>
	</sent>	<sent id="40">
		<raw>Because Pluto is an outer planet, it operates on a level that affects humanity as a whole as well as individuals, astrologers say.</raw>
		<lemm>because pluto be an outer planet  it operate on a level that affect humanity as a whole as well as individual  astrologer say</lemm>
		<bigrams> 1262 1270 1276 878</bigrams>
	</sent>	<sent id="41">
		<raw>(The farther out a planet is, theoretically, the more global its effects.)</raw>
		<lemm>( the farther out a planet be  theoretically  the more global its effect )</lemm>
		<bigrams> 1287</bigrams>
	</sent>	<sent id="42">
		<raw>Named for the Greek god of the underworld, Pluto brings about unexpected changes.</raw>
		<lemm>name for the greek god of the underworld  pluto bring about unexpected change</lemm>
		<bigrams> 1290 1293 1294 1297</bigrams>
	</sent>	<sent id="43">
		<raw>"It's usually dark," McBride said.</raw>
		<lemm> it be usually dark   mcbride say</lemm>
		<bigrams> 1299 1300 1301</bigrams>
	</sent>	<sent id="44">
		<raw>"It's usually a huge upheaval in someone's life."</raw>
		<lemm> it be usually a huge upheaval in someone s life </lemm>
		<bigrams> 1303</bigrams>
	</sent>	<sent id="45">
		<raw>That upheaval, in a person's health, family or career, is generally followed by a rebuilding, a resurrection, she said.</raw>
		<lemm>that upheaval  in a person s health  family or career  be generally follow by a rebuilding  a resurrection  she say</lemm>
		<bigrams> 1311 1316</bigrams>
	</sent>	<sent id="46">
		<raw>Pluto is in Sagittarius right now, which to astrologers means it is exerting an influence on larger social forces like religions, ideologies and cultural traditions.</raw>
		<lemm>pluto be in sagittarius right now  which to astrologer mean it be exert an influence on large social force like religion  ideology and cultural tradition</lemm>
		<bigrams> 1325 1330 1336 1337 1338 1339 1340 1343</bigrams>
	</sent>	<sent id="47">
		<raw>"When you put Pluto in a sign like Sagittarius, you start getting religious wars, differences in cultures," McBride said.</raw>
		<lemm> when you put pluto in a sign like sagittarius  you start get religious war  difference in culture   mcbride say</lemm>
		<bigrams> 1346 1349 1350 1353 1354 1355 1356 1359 1301</bigrams>
	</sent>	<sent id="48">
		<raw>Astrologers are especially eager to learn 2003 UB313's permanent name, because in their business, a celestial object's name is essential to its interpretation.</raw>
		<lemm>astrologer be especially eager to learn @card@ ub313 s permanent name  because in their business  a celestial object s name be essential to its interpretation</lemm>
		<bigrams> 1361 1364 431 1367 1373</bigrams>
	</sent>	<sent id="49">
		<raw>"Naming is important, particularly when a name has a mythological charge to it," said Barry Perlman, a San Francisco astrologer.</raw>
		<lemm> naming be important  particularly when a name have a mythological charge to it   say barry perlman  a san francisco astrologer</lemm>
		<bigrams> 1383 1388 1392 1393 1396 1397</bigrams>
	</sent>	<sent id="50">
		<raw>"You're connecting it to a lineage of cultural traditions."</raw>
		<lemm> you be connect it to a lineage of cultural tradition </lemm>
		<bigrams> 1343</bigrams>
	</sent>	<sent id="51">
		<raw>Even though a planet's name is chosen by mere mortals, astrologers do not consider the choice a matter of chance.</raw>
		<lemm>even though a planet s name be choose by mere mortal  astrologer do not consider the choice a matter of chance</lemm>
		<bigrams> 1406 1412 1413</bigrams>
	</sent>	<sent id="52">
		<raw>Rather, they see it arising from an alignment of unseen forces that affect the collective human unconscious.</raw>
		<lemm>rather  they see it arise from an alignment of unseen force that affect the collective human unconscious</lemm>
		<bigrams> 1431 1435 1436</bigrams>
	</sent>	<sent id="53">
		<raw>They find it no accident that Pluto, for example, was discovered in 1930, in the era of the rise of Nazism and the development of the atomic bomb.</raw>
		<lemm>they find it no accident that pluto  for example  be discover in @card@  in the era of the rise of nazism and the development of the atomic bomb</lemm>
		<bigrams> 1457</bigrams>
	</sent>	<sent id="54">
		<raw>Michael Brown has been informally calling the possible new planet Xena, after the title character from the cult television series "Xena: Warrior Princess."</raw>
		<lemm>michael brown have be informally call the possible new planet xena  after the title character from the cult television series  xena  warrior princess </lemm>
		<bigrams> 4 1459 1462 312 1463 1465 1468 1469 1470 1471 1472</bigrams>
	</sent>	<sent id="55">
		<raw>(He has given equally playful nicknames to other planetary bodies he has discovered, including Santa, Easter Bunny and Flying Dutchman.)</raw>
		<lemm>( he have give equally playful nickname to other planetary body he have discover  include santa  easter bunny and flying dutchman )</lemm>
		<bigrams> 1475 1476 1477 1481 1484 1485 1486 1487 1490 1491</bigrams>
	</sent>	<sent id="56">
		<raw>The official name of 2003 UB313 has yet to be determined, however.</raw>
		<lemm>the official name of @card@ ub313 have yet to be determine  however</lemm>
		<bigrams> 1493 431 1498</bigrams>
	</sent>	<sent id="57">
		<raw>First, the International Astronomical Union, which has the last word in naming celestial objects, has to decide if it is a planet, something that is unlikely to happen before 2006, Brown said.</raw>
		<lemm>first  the international astronomical union  which have the last word in name celestial object  have to decide if it be a planet  something that be unlikely to happen before @card@  brown say</lemm>
		<bigrams> 1501 1502 1507 1510 1373 1515 1522 651</bigrams>
	</sent>	<sent id="58">
		<raw>He would not reveal the name his team has nominated, but allowed that it is neither Xena nor the name of any Greek or Roman god.</raw>
		<lemm>he would not reveal the name his team have nominate  but allow that it be neither xena nor the name of any greek or roman god</lemm>
		<bigrams> 1533 1540</bigrams>
	</sent>	<sent id="59">
		<raw>With or without a new planet, some astrologers say they already have plenty to study, because they believe that celestial bodies, from the moon to the billions of stars, can be incorporated into readings.</raw>
		<lemm>with or without a new planet  some astrologer say they already have plenty to study  because they believe that celestial body  from the moon to the billion of star  can be incorporate into reading</lemm>
		<bigrams> 312 878 700</bigrams>
	</sent>	<sent id="60">
		<raw>"There's a whole treasure trove that we haven't used," said John Cook, an astrologer from New York City.</raw>
		<lemm> there be a whole treasure trove that we have n t use   say john cook  an astrologer from new york city</lemm>
		<bigrams> 1563 1564 1569 1570 1571 1574 1575</bigrams>
	</sent>	<sent id="61">
		<raw>Like many astrologers, Cook is fascinated by the work of astronomers, but he knows the feeling is rarely mutual.</raw>
		<lemm>like many astrologer  cook be fascinate by the work of astronomer  but he know the feeling be rarely mutual</lemm>
		<bigrams> 1576 942 1577 1590</bigrams>
	</sent>	<sent id="62">
		<raw>"Every time people meet an astronomer, they ask them what their sun sign is, and they hate that," Cook said with a chuckle.</raw>
		<lemm> every time people meet an astronomer  they ask them what their sun sign be  and they hate that   cook say with a chuckle</lemm>
		<bigrams> 1591 1592 1593 1601 1608</bigrams>
	</sent>	<sent id="63">
		<raw>But Michael Brown, a Gemini, doesn't mind.</raw>
		<lemm>but michael brown  a gemini  do n t mind</lemm>
		<bigrams> 4</bigrams>
	</sent>	<sent id="64">
		<raw>"I'm happy that they're thinking about the solar system," he said, "even if I don't agree."</raw>
		<lemm> i be happy that they be think about the solar system   he say   even if i do n t agree </lemm>
		<bigrams> 383 1621</bigrams>
	</sent></doc>