<?xml version="1.0" encoding="UTF_8"?>
<doc>	<sent id="0">
		<raw>When a Caltech astronomer, Michael Brown, announced last year that his team had found a distant object three-fourths the size of Pluto orbiting the sun, he declined to call it a planet, and he even suggested that Pluto should not be considered a planet either.</raw>
		<lemm>when a caltech astronomer  michael brown  announce last year that his team have find a distant object three-fourth the size of pluto orbit the sun  he decline to call it a planet  and he even suggest that pluto should not be consider a planet either</lemm>
		<bigrams> 2 3 4 5 6 7 15 16 21 34 42</bigrams>
	</sent>	<sent id="1">
		<raw>There was, he said, just no good scientific rationale for considering either of those distant bodies in the same league as the eight indisputable planets that circle the sun at closer range.</raw>
		<lemm>there be  he say  just no good scientific rationale for consider either of those distant body in the same league as the eight indisputable planet that circle the sun at close range</lemm>
		<bigrams> 49 50 53 57 65 66 72</bigrams>
	</sent>	<sent id="2">
		<raw>Now Brown has found something orbiting the sun that's bigger than Pluto and even farther away.</raw>
		<lemm>now brown have find something orbit the sun that be big than pluto and even farther away</lemm>
		<bigrams> 75 76 84 85</bigrams>
	</sent>	<sent id="3">
		<raw>He's changed his mind and proposed that Pluto keep its designation, and that the new object, an extremely big lump of ice and rock, should also be deemed a planet.</raw>
		<lemm>he have change his mind and propose that pluto keep its designation  and that the new object  an extremely big lump of ice and rock  should also be deem a planet</lemm>
		<bigrams> 93 100 103 104</bigrams>
	</sent>	<sent id="4">
		<raw>There was still no good scientific rationale for the judgment, he admitted, but this was a case where habit, 75 years of calling Pluto a planet, should trump any scientific definition.</raw>
		<lemm>there be still no good scientific rationale for the judgment  he admit  but this be a case where habit  @card@ year of call pluto a planet  should trump any scientific definition</lemm>
		<bigrams> 49 50 127 128 131 137</bigrams>
	</sent>	<sent id="5">
		<raw>There is no real debate that the four terrestrial planets, Mercury, Venus, Earth and Mars, and the four gaseous giants, Jupiter, Saturn, Uranus and Neptune, deserve their status as planets.</raw>
		<lemm>there be no real debate that the four terrestrial planet  mercury  venus  earth and mars  and the four gaseous giant  jupiter  saturn  uranus and neptune  deserve their status as planet</lemm>
		<bigrams> 140 143 144 145 146 147 152 153 154 155 156 159</bigrams>
	</sent>	<sent id="6">
		<raw>But scientists have long been uneasy about including Pluto, an icy ball, smaller than our moon, whose orbit is more eccentric than the others and tilts in a different plane.</raw>
		<lemm>but scientist have long be uneasy about include pluto  an icy ball  small than our moon  whose orbit be more eccentric than the other and tilt in a different plane</lemm>
		<bigrams> 171 174 175 179 180 192</bigrams>
	</sent>	<sent id="7">
		<raw>Try as they might, scientists could not come up with a definition that would retain Pluto as a planet without requiring that scads of other objects be deemed planets as well.</raw>
		<lemm>try as they might  scientist could not come up with a definition that would retain pluto as a planet without require that scad of other object be deem planet as well</lemm>
		<bigrams> 196 197 206 207 210 211 218</bigrams>
	</sent>	<sent id="8">
		<raw>Nor could they satisfy the legions of space enthusiasts who remain certain from their grade-school lessons that there are nine planets, no more, no less.</raw>
		<lemm>nor could they satisfy the legion of space enthusiast who remain certain from their grade-school lesson that there be nine planet  no more  no less</lemm>
		<bigrams> 228 231 235 239</bigrams>
	</sent>	<sent id="9">
		<raw>So now Brown proposes that scientists give up the battle and accept a cultural definition of what a planet is.</raw>
		<lemm>so now brown propose that scientist give up the battle and accept a cultural definition of what a planet be</lemm>
		<bigrams> 245 247 255</bigrams>
	</sent>	<sent id="10">
		<raw>It's either the nine planets we learned about in grade school, or those nine plus any newfound object orbiting the sun that turns out to be bigger than Pluto.</raw>
		<lemm>it be either the nine planet we learn about in grade school  or those nine plus any newfound object orbit the sun that turn out to be big than pluto</lemm>
		<bigrams> 239 269 273 276 277</bigrams>
	</sent>	<sent id="11">
		<raw>He opts for the latter approach on the theory that most people, deep down, accept that definition.</raw>
		<lemm>he opt for the latter approach on the theory that most people  deep down  accept that definition</lemm>
		<bigrams> 285 292</bigrams>
	</sent>	<sent id="12">
		<raw>This definition would also, of course, qualify Brown for the historical footnotes as the discoverer of a new planet.</raw>
		<lemm>this definition would also  of course  qualify brown for the historical footnote as the discoverer of a new planet</lemm>
		<bigrams> 298 299 302 303 306 312</bigrams>
	</sent>	<sent id="13">
		<raw>Our own preference is to take a cleaner way out by dropping Pluto from the planetary ranks.</raw>
		<lemm>our own preference be to take a clean way out by drop pluto from the planetary rank</lemm>
		<bigrams> 320 324 328</bigrams>
	</sent>	<sent id="14">
		<raw>Scientists may well discover many more ice balls bigger than Pluto, and it's a safe bet that few in our culture want to memorize the names of 20 or more planets.</raw>
		<lemm>scientist may well discover many more ice ball big than pluto  and it be a safe bet that few in our culture want to memorize the name of @card@ or more planet</lemm>
		<bigrams> 329 330 331 332 335 336 339 345</bigrams>
	</sent>	<sent id="15">
		<raw>Far better to downgrade Pluto to the status of an icy sphere that was once mistakenly deemed a planet because we had not yet discovered its compatriots on the dark fringes of the solar system.</raw>
		<lemm>far well to downgrade pluto to the status of an icy sphere that be once mistakenly deem a planet because we have not yet discover its compatriot on the dark fringe of the solar system</lemm>
		<bigrams> 355 358 364 368 374 379 383</bigrams>
	</sent></doc>