<?xml version="1.0" encoding="UTF_8"?>
<doc>	<sent id="0">
		<raw>Add a tenth planet to the solar system, or possibly subtract one.</raw>
		<lemm>add a tenth planet to the solar system  or possibly subtract one</lemm>
		<bigrams> 386 383 390 391</bigrams>
	</sent>	<sent id="1">
		<raw>Astronomers announced Friday that they have found a lump of rock and ice that is larger than Pluto and the farthest known object in the solar system.</raw>
		<lemm>astronomer announce friday that they have find a lump of rock and ice that be large than pluto and the farthest know object in the solar system</lemm>
		<bigrams> 392 393 405 406 383</bigrams>
	</sent>	<sent id="2">
		<raw>The discovery will likely rekindle debate over the definition of "planet" and whether Pluto still merits the designation.</raw>
		<lemm>the discovery will likely rekindle debate over the definition of  planet  and whether pluto still merit the designation</lemm>
		<bigrams> 411 412 418 419 420</bigrams>
	</sent>	<sent id="3">
		<raw>The new object, as yet unnamed, but temporarily known as 2003 UB313, is now 9 billion miles away from the sun, or 97 times as far away as the Earth and about three times Pluto's current distance from the sun.</raw>
		<lemm>the new object  as yet unnamed  but temporarily know as @card@ ub313  be now @card@ billion mile away from the sun  or @card@ time as far away as the earth and about three time pluto s current distance from the sun</lemm>
		<bigrams> 100 425 428 431 435 436 437 441 444 449 450 453</bigrams>
	</sent>	<sent id="4">
		<raw>Its 560-year elliptical orbit brings it as close as 3.3 billion miles.</raw>
		<lemm>its 560-year elliptical orbit bring it as close as @card@ billion mile</lemm>
		<bigrams> 456 457 458 435 436</bigrams>
	</sent>	<sent id="5">
		<raw>Pluto's orbit ranges between 2.7 billion and 4.6 billion miles.</raw>
		<lemm>pluto s orbit range between @card@ billion and @card@ billion mile</lemm>
		<bigrams> 464 435 435 436</bigrams>
	</sent>	<sent id="6">
		<raw>The astronomers do not have an exact size for the new planet, but its brightness and distance tell them that it is larger than Pluto, the smallest of the nine known planets.</raw>
		<lemm>the astronomer do not have an exact size for the new planet  but its brightness and distance tell them that it be large than pluto  the small of the nine known planet</lemm>
		<bigrams> 475 312 482 489 490</bigrams>
	</sent>	<sent id="7">
		<raw>"It is guaranteed bigger than Pluto," said Michael E. Brown, a professor of planetary astronomy at Caltech and a member of the team that made the discovery.</raw>
		<lemm> it be guarantee big than pluto   say michael e brown  a professor of planetary astronomy at caltech and a member of the team that make the discovery</lemm>
		<bigrams> 492 493 494 495 496 501</bigrams>
	</sent>	<sent id="8">
		<raw>The discovery was made Jan. 8 at Palomar Observatory in California.</raw>
		<lemm>the discovery be make jan @card@ at palomar observatory in california</lemm>
		<bigrams> 514 515 518</bigrams>
	</sent>	<sent id="9">
		<raw>Brown and the other members of the team, Chadwick A. Trujillo of the Gemini Observatory in Hawaii and David L. Rabinowitz of Yale, then found that they had, unknowingly, taken images of the planet, using the observatory's 48-inch telescope, as far back as 2003.</raw>
		<lemm>brown and the other member of the team  chadwick a trujillo of the gemini observatory in hawaii and david l rabinowitz of yale  then find that they have  unknowingly  take image of the planet  use the observatory s 48-inch telescope  as far back as @card@</lemm>
		<bigrams> 523 528 532 533 540 541 544 549 551</bigrams>
	</sent>	<sent id="10">
		<raw>Last year, the same team announced the discovery of a distant body they named Sedna, which, until the latest discovery, had held the title of farthest known object in the solar system.</raw>
		<lemm>last year  the same team announce the discovery of a distant body they name sedna  which  until the late discovery  have hold the title of farthest know object in the solar system</lemm>
		<bigrams> 7 555 57 560 565 405 406 383</bigrams>
	</sent>	<sent id="11">
		<raw>What is most surprising is that the orbit of the planet is sharply skewed to most of the rest of the solar system.</raw>
		<lemm>what be most surprising be that the orbit of the planet be sharply skew to most of the rest of the solar system</lemm>
		<bigrams> 580 383</bigrams>
	</sent>	<sent id="12">
		<raw>The orbits of the most of the planets lie close to the same plane as Earth's, known as the ecliptic plane.</raw>
		<lemm>the orbit of the most of the planet lie close to the same plane as earth s  know as the ecliptic plane</lemm>
		<bigrams> 587 588 596</bigrams>
	</sent>	<sent id="13">
		<raw>The orbit of 2003 UB313 is tilted by 44 degrees.</raw>
		<lemm>the orbit of @card@ ub313 be tilt by @card@ degree</lemm>
		<bigrams> 431 600</bigrams>
	</sent>	<sent id="14">
		<raw>"That blows my mind," said Harold Levison of the Southwest Research Institute in Boulder, Colo., who was not involved in the discovery.</raw>
		<lemm> that blow my mind   say harold levison of the southwest research institute in boulder  colo  who be not involve in the discovery</lemm>
		<bigrams> 604 605 606 609 610 613</bigrams>
	</sent>	<sent id="15">
		<raw>"Getting something up that high is very hard."</raw>
		<lemm> get something up that high be very hard </lemm>
		<bigrams> 619</bigrams>
	</sent>	<sent id="16">
		<raw>The new planet could have been easily discovered much sooner if anyone had looked at that part of the sky.</raw>
		<lemm>the new planet could have be easily discover much sooner if anyone have look at that part of the sky</lemm>
		<bigrams> 312 626 630 631 632</bigrams>
	</sent>	<sent id="17">
		<raw>"It's because no one looks that far off the ecliptic," Brown said.</raw>
		<lemm> it be because no one look that far off the ecliptic   brown say</lemm>
		<bigrams> 645 650 651</bigrams>
	</sent>	<sent id="18">
		<raw>"No one expects to have an inclination that high."</raw>
		<lemm> no one expect to have an inclination that high </lemm>
		<bigrams> 652</bigrams>
	</sent></doc>