<?xml version="1.0" encoding="UTF_8"?>
<doc>	<sent id="0">
		<raw>A Chinese couple has donated 600,000 dollars to the tsunami relief effort as China's public contributions topped 12 million dollars Sunday, state media said.</raw>
		<lemm>a chinese couple have donate @card@ dollar to the tsunami relief effort as china s public contribution top @card@ million dollar sunday  state medium say</lemm>
		<bigrams> 622 625 626 173 174 632 633 634 228 229 635 636 637 638</bigrams>
	</sent>	<sent id="1">
		<raw>The Red Cross Society of China said the couple, who refused to give their names, made their contribution on Friday, Xinhua news agency reported.</raw>
		<lemm>the red cross society of china say the couple  who refuse to give their name  make their contribution on friday  xinhua news agency report</lemm>
		<bigrams> 640 641 644 653 658 659 660 661</bigrams>
	</sent>	<sent id="2">
		<raw>The first two million dollars of donations collected have already been given to Indonesia, Sri Lanka, Thailand and the Maldives, Red Cross spokesman Wang Xiaohua said.</raw>
		<lemm>the first two million dollar of donation collect have already be give to indonesia  sri lanka  thailand and the maldives  red cross spokesman wang xiaohua say</lemm>
		<bigrams> 662 663 229 666 673 674 675 678 640 679 680 681 682</bigrams>
	</sent>	<sent id="3">
		<raw>Additional relief materials including medicine, water and clothes would be airlifted to the disaster-hit countries soon, he added.</raw>
		<lemm>additional relief material include medicine  water and clothes would be airlift to the disaster-hit country soon  he add</lemm>
		<bigrams> 683 684 685 686 687 690 695 696</bigrams>
	</sent>	<sent id="4">
		<raw>Among other notable donations has been 1.8 million dollars by China's State Development Bank and 120,000 dollars by the Industrial and Commercial Bank of China.</raw>
		<lemm>among other notable donation have be @card@ million dollar by china s state development bank and @card@ dollar by the industrial and commercial bank of china</lemm>
		<bigrams> 701 228 229 708 709 626 715</bigrams>
	</sent>	<sent id="5">
		<raw>The Chinese government has pledged 83 million dollars in relief aid and is forgiving four million dollars in government loans to Sri Lanka, one of the 11 countries battered by the tsunami.</raw>
		<lemm>the chinese government have pledge @card@ million dollar in relief aid and be forgive four million dollar in government loan to sri lanka  one of the @card@ country batter by the tsunami</lemm>
		<bigrams> 718 248 228 229 722 726 727 229 729 674 732 33 735</bigrams>
	</sent></doc>