<?xml version="1.0" encoding="UTF_8"?>
<doc>	<sent id="0">
		<raw>President George W. Bush Saturday urged Americans to contribute to charities responding to the tsunami disaster, saying he had extended a tax benefit for Americans who support such groups.</raw>
		<lemm>president george w bush saturday urge americans to contribute to charity respond to the tsunami disaster  say he have extend a tax benefit for americans who support such group</lemm>
		<bigrams> 60 61 62 63 64 65 70 13 73 79</bigrams>
	</sent>	<sent id="1">
		<raw>The world is "seeing the good heart of America in an outpouring of generosity here at home," Bush said in his weekly radio address.</raw>
		<lemm>the world be  see the good heart of america in an outpouring of generosity here at home   bush say in his weekly radio address</lemm>
		<bigrams> 91 102 103 107 108</bigrams>
	</sent>	<sent id="2">
		<raw>"Private citizens are showing their compassion in creative and inspiring ways."</raw>
		<lemm> private citizen be show their compassion in creative and inspiring way </lemm>
		<bigrams> 109 118</bigrams>
	</sent>	<sent id="3">
		<raw>He noted that he had recruited two former presidents, his father, George Bush, and Bill Clinton, "to encourage contributions both large and small, directly to the organizations with recovery efforts underway in the disaster area.</raw>
		<lemm>he note that he have recruit two former president  his father  george bush  and bill clinton   to encourage contribution both large and small  directly to the organization with recovery effort underway in the disaster area</lemm>
		<bigrams> 123 124 125 128 129 132 135 140 145 146 150</bigrams>
	</sent>	<sent id="4">
		<raw>"To encourage support for these groups, I have signed legislation allowing Americans to deduct from their 2004 federal income tax cash contributions made to tsunami relief efforts this month.</raw>
		<lemm> to encourage support for these group  i have sign legislation allow americans to deduct from their @card@ federal income tax cash contribution make to tsunami relief effort this month</lemm>
		<bigrams> 151 158 159 160 165 166 167 168 169 170 173 174</bigrams>
	</sent>	<sent id="5">
		<raw>I urge all Americans to contribute as they are able."</raw>
		<lemm>i urge all americans to contribute as they be able </lemm>
		<bigrams></bigrams>
	</sent>	<sent id="6">
		<raw>Americans who contribute a certain portion of their income to charity can avoid paying taxes on that amount.</raw>
		<lemm>americans who contribute a certain portion of their income to charity can avoid pay tax on that amount</lemm>
		<bigrams> 187 194 195</bigrams>
	</sent>	<sent id="7">
		<raw>Under the new law donations made to tsunami relief this January can still be deducted on tax returns filed for calender year 2004.</raw>
		<lemm>under the new law donation make to tsunami relief this january can still be deduct on tax return file for calender year @card@</lemm>
		<bigrams> 201 202 30 173 211 212 215 216</bigrams>
	</sent></doc>