<?xml version="1.0" encoding="UTF_8"?>
<doc>	<sent id="0">
		<raw>US President George W. Bush has donated 10,000 dollars from his personal funds to the relief effort of tsunami-hit nations, White House spokesman Scott McClellan said Wednesday.</raw>
		<lemm>us president george w bush have donate @card@ dollar from his personal fund to the relief effort of tsunami-hit nation  white house spokesman scott mcclellan say wednesday</lemm>
		<bigrams> 852 60 61 62 625 626 857 174 862 863 864 865 866 867 868 869</bigrams>
	</sent>	<sent id="1">
		<raw>McClellan, White House press secretary, said Bush has written checks totaling 10,000 dollars to several organizations listed on a Web site set up to direct Americans to various charities collecting private contributions for tsunami relief.</raw>
		<lemm>mcclellan  white house press secretary  say bush have write check total @card@ dollar to several organization list on a web site set up to direct americans to various charity collect private contribution for tsunami relief</lemm>
		<bigrams> 870 864 871 872 873 874 876 877 878 626 880 881 885 886 890 557 891 892 893 173</bigrams>
	</sent>	<sent id="2">
		<raw>However, McClellan did not identify the charity organizations to which Bush contributed.</raw>
		<lemm>however  mcclellan do not identify the charity organization to which bush contribute</lemm>
		<bigrams> 895 899 903</bigrams>
	</sent>	<sent id="3">
		<raw>Bush has pledged that the United States will contribute an aid of 350 million dollars to help the tsunami-struck nations in South Asia and Southeast Asia.</raw>
		<lemm>bush have pledge that the united states will contribute an aid of @card@ million dollar to help the tsunami-struck nation in south asia and southeast asia</lemm>
		<bigrams> 906 228 229 915 755 919</bigrams>
	</sent>	<sent id="4">
		<raw>Bush has been under criticism for responding slowly to the tsunami disaster that has killed over 150,000 people.</raw>
		<lemm>bush have be under criticism for respond slowly to the tsunami disaster that have kill over @card@ people</lemm>
		<bigrams> 924 13 931</bigrams>
	</sent></doc>