<?xml version="1.0" encoding="UTF_8"?>
<doc>	<sent id="0">
		<raw>As federal officials pursue a wide-ranging investigation into the activities of Washington lobbyist Jack Abramoff, his arrest on fraud charges in the purchase of a Florida casino boat company has increasingly focused attention on a little-known congressman from rural Ohio.</raw>
		<lemm>as federal official pursue a wide-ranging investigation into the activity of washington lobbyist jack abramoff  his arrest on fraud charge in the purchase of a florida casino boat company have increasingly focus attention on a little-known congressman from rural ohio</lemm>
		<bigrams> 6462 6463 6466 409 429 94 6472 6475 6476 6477 6480 6481 6484 6487</bigrams>
	</sent>	<sent id="1">
		<raw>Rep. Robert W. Ney, R-Ohio, placed comments in the Congressional Record favorable to Abramoff's 2000 purchase of the casino boat company, SunCruz Casinos.</raw>
		<lemm>rep robert w ney  r-ohio  place comment in the congressional record favorable to abramoff s @card@ purchase of the casino boat company  suncruz casinos</lemm>
		<bigrams> 2327 2328 2329 1671 6488 6489 4481 6491 1252 6476 6477 6494 6495</bigrams>
	</sent>	<sent id="2">
		<raw>Two years later, Ney sponsored legislation to reopen a casino for a Texas Indian tribe that Abramoff represented.</raw>
		<lemm>two year later  ney sponsor legislation to reopen a casino for a texas indian tribe that abramoff represent</lemm>
		<bigrams> 2622 5539 6496 6497 6498 6501 589 1191</bigrams>
	</sent>	<sent id="3">
		<raw>Ney approved a 2002 license for an Israeli telecommunications company to install antennas for the House.</raw>
		<lemm>ney approve a @card@ license for an israeli telecommunication company to install antenna for the house</lemm>
		<bigrams> 6502 6504 6507 6508 6510</bigrams>
	</sent>	<sent id="4">
		<raw>The company later paid Abramoff $280,000 for lobbying.</raw>
		<lemm>the company later pay abramoff $280 000 for lobbying</lemm>
		<bigrams> 6513 6514 1684 6515 6516</bigrams>
	</sent>	<sent id="5">
		<raw>It also donated $50,000 to a charity that Abramoff sometimes used to secretly pay for some of his lobbying activities.</raw>
		<lemm>it also donate $50 000 to a charity that abramoff sometimes use to secretly pay for some of his lobby activity</lemm>
		<bigrams> 6518 6519 3175 6522 6523 6526 3994</bigrams>
	</sent>	<sent id="6">
		<raw>Meanwhile, Ney accepted many favors from Abramoff, among them campaign contributions, dinners at the lobbyist's downtown restaurant, skybox fund-raisers, including one at his MCI Center box here, and a golfing trip to Scotland in August 2002.</raw>
		<lemm>meanwhile  ney accept many favors from abramoff  among them campaign contribution  dinner at the lobbyist s downtown restaurant  skybox fund-raiser  include one at his mci center box here  and a golf trip to scotland in august @card@</lemm>
		<bigrams> 6528 6529 6530 6531 2550 3195 6535 6538 6539 6540 6541 6542 6545 6546 1664 2394</bigrams>
	</sent>	<sent id="7">
		<raw>If statements made by Abramoff to tribal officials and in an e-mail are to be believed, Ney sought the Scotland trip after he agreed to help Abramoff's Texas Indian clients.</raw>
		<lemm>if statement make by abramoff to tribal official and in an e-mail be to be believe  ney seek the scotland trip after he agree to help abramoff s texas indian client</lemm>
		<bigrams> 6550 3988 6555 6556 2602 3957 6501 4993</bigrams>
	</sent>	<sent id="8">
		<raw>Abramoff then arranged for his charity to pay for the trip, according to documents released by a Senate committee investigating the lobbyist.</raw>
		<lemm>abramoff then arrange for his charity to pay for the trip  accord to document release by a senate committee investigate the lobbyist</lemm>
		<bigrams> 6566 6567 1104 6568</bigrams>
	</sent>	<sent id="9">
		<raw>Ney is under investigation by Florida federal prosecutors looking into Abramoff's acquisition of SunCruz, according to sources familiar with the investigation who spoke on the condition of anonymity.</raw>
		<lemm>ney be under investigation by florida federal prosecutor look into abramoff s acquisition of suncruz  accord to source familiar with the investigation who speak on the condition of anonymity</lemm>
		<bigrams> 6572 6573 6574 6579 6581</bigrams>
	</sent>	<sent id="10">
		<raw>Abramoff and his business partner Adam Kidan were indicted in August on fraud charges related to the purchase.</raw>
		<lemm>abramoff and his business partner adam kidan be indict in august on fraud charge relate to the purchase</lemm>
		<bigrams> 6590 6591 6592 6472 6595</bigrams>
	</sent>	<sent id="11">
		<raw>Ney declined to be interviewed.</raw>
		<lemm>ney decline to be interview</lemm>
		<bigrams> 6597</bigrams>
	</sent>	<sent id="12">
		<raw>He has said his actions benefiting Abramoff had nothing to do with the favors he received.</raw>
		<lemm>he have say his action benefit abramoff have nothing to do with the favors he receive</lemm>
		<bigrams> 6601 3939</bigrams>
	</sent>	<sent id="13">
		<raw>He said he was misled by Abramoff and his associates.</raw>
		<lemm>he say he be mislead by abramoff and his associate</lemm>
		<bigrams></bigrams>
	</sent>	<sent id="14">
		<raw>"I am absolutely outraged by the dishonest and duplicitous words and actions of Jack Abramoff," Ney said last year when Abramoff's statements about Ney first came up in e-mails released by the Senate Indian Affairs Committee.</raw>
		<lemm> i be absolutely outrage by the dishonest and duplicitous word and action of jack abramoff   ney say last year when abramoff s statement about ney first come up in e-mails release by the senate indian affairs committee</lemm>
		<bigrams> 6606 6611 94 6614 3323 6615 183 6619 6620 4903 1139 1140 1141</bigrams>
	</sent>	<sent id="15">
		<raw>"As the testimony at both committee hearings has revealed, Jack Abramoff repeatedly lied to advance his own financial interests."</raw>
		<lemm> as the testimony at both committee hearing have reveal  jack abramoff repeatedly lie to advance his own financial interest </lemm>
		<bigrams> 6625 6627 94 6628 6629 6633</bigrams>
	</sent>	<sent id="16">
		<raw>Abramoff, whose attorneys declined to comment for this article, has publicly denied that he misled Ney.</raw>
		<lemm>abramoff  whose attorney decline to comment for this article  have publicly deny that he mislead ney</lemm>
		<bigrams> 6634 6635 6636 6642 6644</bigrams>
	</sent>	<sent id="17">
		<raw>This spring, Ney hired a prominent Washington criminal defense lawyer, Mark Tuohey, to handle inquiries from the Justice Department and congressional investigators pursuing the widening scandal.</raw>
		<lemm>this spring  ney hire a prominent washington criminal defense lawyer  mark tuohey  to handle inquiry from the justice department and congressional investigator pursue the widening scandal</lemm>
		<bigrams> 6646 6647 6649 6650 6651 6652 6653 6654 6657 4270 6660 6661 6664</bigrams>
	</sent>	<sent id="18">
		<raw>Tuohey has not returned phone calls in recent weeks to discuss his client.</raw>
		<lemm>tuohey have not return phone call in recent week to discuss his client</lemm>
		<bigrams> 6666 130 6669</bigrams>
	</sent>	<sent id="19">
		<raw>A six-term congressman from rural eastern Ohio, Ney, 51, does not have a national profile.</raw>
		<lemm>a six-term congressman from rural eastern ohio  ney  @card@  do not have a national profile</lemm>
		<bigrams> 6672 6673 6674 6675 6676 6680</bigrams>
	</sent>	<sent id="20">
		<raw>A former teacher and public safety director for his hometown of Bellaire, Ney was an Ohio legislator in 1994 when he defeated the Democratic incumbent in the congressional district once represented by Wayne Hays (D).</raw>
		<lemm>a former teacher and public safety director for his hometown of bellaire  ney be an ohio legislator in @card@ when he defeat the democratic incumbent in the congressional district once represent by wayne hays ( d )</lemm>
		<bigrams> 6681 6683 6684 6688 6691 6696 6698 6703 6704</bigrams>
	</sent>	<sent id="21">
		<raw>But to members of Congress, Ney is known as the mayor of Capitol Hill.</raw>
		<lemm>but to member of congress  ney be know as the mayor of capitol hill</lemm>
		<bigrams> 6709 138</bigrams>
	</sent>	<sent id="22">
		<raw>Ney is House Administration Committee chairman, a powerful position that doles out budgets, equipment, offices and parking spaces to House members.</raw>
		<lemm>ney be house administration committee chairman  a powerful position that dole out budget  equipment  office and parking space to house member</lemm>
		<bigrams> 2333 2334 65 6716 6721 6722 6724 2763</bigrams>
	</sent>	<sent id="23">
		<raw>These perks are used by House Republican leaders to keep their rank and file in line.</raw>
		<lemm>these perk be use by house republican leader to keep their rank and file in line</lemm>
		<bigrams> 6730 3964</bigrams>
	</sent>	<sent id="24">
		<raw>Ney became chairman of the committee thanks to his political patron, Rep. Tom DeLay, R-Texas, who recently stepped down as House majority leader after he was indicted on a charge of conspiracy to violate a Texas campaign law.</raw>
		<lemm>ney become chairman of the committee thanks to his political patron  rep tom delay  r-texas  who recently step down as house majority leader after he be indict on a charge of conspiracy to violate a texas campaign law</lemm>
		<bigrams> 6736 6737 6738 6740 6741 1706 25 1707 6744 22 23 6756 6757</bigrams>
	</sent>	<sent id="25">
		<raw>Shortly after Ney arrived in the House in 1994, he became a part of DeLay's Retain Our Majority Program (ROMP), a fund-raising effort in which GOP colleagues donated to Republicans such as Ney in districts without a safe majority.</raw>
		<lemm>shortly after ney arrive in the house in @card@  he become a part of delay s retain our majority program ( romp )  a fund-raising effort in which gop colleague donate to republican such as ney in district without a safe majority</lemm>
		<bigrams> 6759 6767 6768 6769 6770 6772 6775 6776 6782 6784</bigrams>
	</sent>	<sent id="26">
		<raw>After lines were redrawn to make Ney's district more Republican, he returned the favor, donating to other vulnerable House Republicans.</raw>
		<lemm>after line be redrawn to make ney s district more republican  he return the favor  donate to other vulnerable house republicans</lemm>
		<bigrams> 6789 6797 6800 291</bigrams>
	</sent>	<sent id="27">
		<raw>That helped him earn his chairmanship in 2001, leapfrogging over a colleague with more seniority.</raw>
		<lemm>that help him earn his chairmanship in @card@  leapfrog over a colleague with more seniority</lemm>
		<bigrams> 6805</bigrams>
	</sent>	<sent id="28">
		<raw>Ney and Abramoff, whom DeLay once described as "one of my closest and dearest friends," crossed paths as early as 1996.</raw>
		<lemm>ney and abramoff  whom delay once describe as  one of my close and dear friend   cross path as early as @card@</lemm>
		<bigrams> 6818 6819 6820</bigrams>
	</sent>	<sent id="29">
		<raw>That year Ney took a trip to Montenegro sponsored by a foundation that had links to Abramoff, who was a lobbyist for Montenegro.</raw>
		<lemm>that year ney take a trip to montenegro sponsor by a foundation that have link to abramoff  who be a lobbyist for montenegro</lemm>
		<bigrams> 6825 6826 6829</bigrams>
	</sent>	<sent id="30">
		<raw>A few years later, Ney paid some unusual attention to another Abramoff client, the Florida gambling boat company SunCruz, which was headquartered more than 1,000 miles outside of Ney's congressional district.</raw>
		<lemm>a few year later  ney pay some unusual attention to another abramoff client  the florida gambling boat company suncruz  which be headquarter more than @card@ mile outside of ney s congressional district</lemm>
		<bigrams> 5539 6496 6834 6836 6837 6838 1257 1258 6477 6494 6844 6845 6698</bigrams>
	</sent>	<sent id="31">
		<raw>Abramoff and his business partner were trying to buy the cruise ship fleet from Konstantinos "Gus" Boulis, but Boulis was demanding unwelcome additional terms.</raw>
		<lemm>abramoff and his business partner be try to buy the cruise ship fleet from konstantinos  gus  boulis  but boulis be demand unwelcome additional term</lemm>
		<bigrams> 6590 2637 6851 6854 6855 6860 6861 6862</bigrams>
	</sent>	<sent id="32">
		<raw>In March 2000, Ney used the Congressional Record to assail Boulis.</raw>
		<lemm>in march @card@  ney use the congressional record to assail boulis</lemm>
		<bigrams> 6864 2604 6865 4481 6868</bigrams>
	</sent>	<sent id="33">
		<raw>"On the Ohio River we have gaming interests that run clean operations and provide quality entertainment," Ney wrote.</raw>
		<lemm> on the ohio river we have gaming interest that run clean operation and provide quality entertainment   ney write</lemm>
		<bigrams> 6869 4941 6874 6875 6877 6878 6879 6880</bigrams>
	</sent>	<sent id="34">
		<raw>"I don't want to see the actions of one bad apple in Florida, or anywhere else to affect the business aspect of this industry or hurt any innocent casino patron in our country."</raw>
		<lemm> i do n t want to see the action of one bad apple in florida  or anywhere else to affect the business aspect of this industry or hurt any innocent casino patron in our country </lemm>
		<bigrams> 6884 6885 6889 6893 6899 6900</bigrams>
	</sent>	<sent id="35">
		<raw>Ney's remarks were orchestrated by Michael Scanlon, a former DeLay spokesman who had just been hired to work for Abramoff at Preston Gates&Ellis LLP.</raw>
		<lemm>ney s remark be orchestrate by michael scanlon  a former delay spokesman who have just be hire to work for abramoff at preston gates&ellis llp</lemm>
		<bigrams> 943 2582 5586 682 6913</bigrams>
	</sent>	<sent id="36">
		<raw>Scanlon had approached Ney through his chief of staff, Neil Volz, according to sources who spoke on the condition of anonymity.</raw>
		<lemm>scanlon have approach ney through his chief of staff  neil volz  accord to source who speak on the condition of anonymity</lemm>
		<bigrams> 6915 6919 6920 6921</bigrams>
	</sent>	<sent id="37">
		<raw>Volz has repeatedly declined to be interviewed.</raw>
		<lemm>volz have repeatedly decline to be interview</lemm>
		<bigrams> 6925</bigrams>
	</sent>	<sent id="38">
		<raw>A few months later, Boulis agreed in principle to sell SunCruz to Abramoff and Kidan for $147.5 million.</raw>
		<lemm>a few month later  boulis agree in principle to sell suncruz to abramoff and kidan for $147 5 million</lemm>
		<bigrams> 3143 6927 6928 6933 6938 672</bigrams>
	</sent>	<sent id="39">
		<raw>The deal closed in the fall.</raw>
		<lemm>the deal close in the fall</lemm>
		<bigrams> 6940</bigrams>
	</sent>	<sent id="40">
		<raw>But Abramoff and Kidan failed to make good on a $23 million payment owed to Boulis, court records show.</raw>
		<lemm>but abramoff and kidan fail to make good on a $23 million payment owe to boulis  court record show</lemm>
		<bigrams> 6943 6945 6948 6949 6950 6953 6954 265</bigrams>
	</sent>	<sent id="41">
		<raw>When Boulis was being difficult in the negotiations, Ney again made an official statement, this time heaping praise on Kidan.</raw>
		<lemm>when boulis be be difficult in the negotiation  ney again make an official statement  this time heap praise on kidan</lemm>
		<bigrams> 6958 6963 6966 6967</bigrams>
	</sent>	<sent id="42">
		<raw>"Since my previous statement, I have come to learn that SunCruz Casino now finds itself under new ownership and, more importantly, that its new owner has a renowned reputation for honesty and integrity," Ney said in the Congressional Record on Oct. 26, 2000.</raw>
		<lemm> since my previous statement  i have come to learn that suncruz casino now find itself under new ownership and  more importantly  that its new owner have a renowned reputation for honesty and integrity   ney say in the congressional record on oct @card@  @card@</lemm>
		<bigrams> 6972 6976 6982 6988 6991 6996 3323 4481 6129 280</bigrams>
	</sent>	<sent id="43">
		<raw>"The new owner, Mr. Adam Kidan, is most well known for his successful enterprise, Dial-a-Mattress, but he is also well known as a solid individual and a respected member of his community.</raw>
		<lemm> the new owner  mr adam kidan  be most well know for his successful enterprise  dial-a-mattress  but he be also well know as a solid individual and a respected member of his community</lemm>
		<bigrams> 6988 6998 6999 6592 7002 7004 7005 7007 7002 7009 7012</bigrams>
	</sent>	<sent id="44">
		<raw>"While Mr. Kidan certainly has his hands full in his efforts to clean up SunCruz's reputation, his track record as a businessman and as a citizen lead me to believe that he will easily transform SunCruz from a questionable enterprise to an upstanding establishment that the gaming community can be proud of."</raw>
		<lemm> while mr kidan certainly have his hand full in his effort to clean up suncruz s reputation  his track record as a businessman and as a citizen lead me to believe that he will easily transform suncruz from a questionable enterprise to an upstanding establishment that the gaming community can be proud of </lemm>
		<bigrams> 7015 7016 7020 7028 7032 7038 7039 7042 7045 7048</bigrams>
	</sent>	<sent id="45">
		<raw>But Kidan's "track record" included a string of lawsuits, judgments, liens, bankruptcies and failed businesses.</raw>
		<lemm>but kidan s  track record  include a string of lawsuit  judgment  lien  bankruptcy and failed business</lemm>
		<bigrams> 7028 7053 7055 7056 7057 7060</bigrams>
	</sent>	<sent id="46">
		<raw>His Dial-a-Mattress franchise in the District of Columbia was in bankruptcy.</raw>
		<lemm>his dial-a-mattress franchise in the district of columbia be in bankruptcy</lemm>
		<bigrams> 7062</bigrams>
	</sent>	<sent id="47">
		<raw>He had filed personal bankruptcy, and he had surrendered his law license in New York after he was accused of fraud.</raw>
		<lemm>he have file personal bankruptcy  and he have surrender his law license in new york after he be accuse of fraud</lemm>
		<bigrams> 7068 7069 7072 799</bigrams>
	</sent>	<sent id="48">
		<raw>And one of his mentors, Anthony Moscatiello, was alleged by law enforcement to be an accountant for New York's Gambino crime family.</raw>
		<lemm>and one of his mentor  anthony moscatiello  be allege by law enforcement to be an accountant for new york s gambino crime family</lemm>
		<bigrams> 7078 7079 7084 799 7091 7092</bigrams>
	</sent>	<sent id="49">
		<raw>Ney later said he did not know about Kidan's background.</raw>
		<lemm>ney later say he do not know about kidan s background</lemm>
		<bigrams> 7093 7094</bigrams>
	</sent>	<sent id="50">
		<raw>Four months after Ney's remarks in the Congressional Record, Boulis was murdered in Fort Lauderdale.</raw>
		<lemm>four month after ney s remark in the congressional record  boulis be murder in fort lauderdale</lemm>
		<bigrams> 7098 4481 7101 7105</bigrams>
	</sent>	<sent id="51">
		<raw>Police did not make any arrests in the case until September, when they charged four men in the slaying, including Moscatiello and a business associate of Moscatiello's whom Kidan had paid $250,000 as catering consultants.</raw>
		<lemm>police do not make any arrest in the case until september  when they charge four man in the slaying  include moscatiello and a business associate of moscatiello s whom kidan have pay $250 000 as catering consultant</lemm>
		<bigrams> 7115 7116 7119 7120 7123 7129 3591 7132</bigrams>
	</sent>	<sent id="52">
		<raw>Five weeks after the Boulis killing, SunCruz officials, including Kidan, threw a $1,000-a-head fund-raiser for Ney at Abramoff's skybox at the MCI Center, according to Abramoff's fund-raising log.</raw>
		<lemm>five week after the boulis killing  suncruz official  include kidan  throw a $1 000-a-head fund-raiser for ney at abramoff s skybox at the mci center  accord to abramoff s fund-raising log</lemm>
		<bigrams> 7133 7136 7137 7138 7139 7140 7141 7143 7144 6545 3560 7151</bigrams>
	</sent>	<sent id="53">
		<raw>In early 2002, Volz left his post as Ney's chief of staff to join Abramoff's lobbying team.</raw>
		<lemm>in early @card@  volz leave his post as ney s chief of staff to join abramoff s lobby team</lemm>
		<bigrams> 5660 7152 7153 7157 7158</bigrams>
	</sent>	<sent id="54">
		<raw>Soon after, in March 2002, Ney agreed to sponsor legislation that would benefit the Tigua tribe of El Paso, an Abramoff and Scanlon client.</raw>
		<lemm>soon after  in march @card@  ney agree to sponsor legislation that would benefit the tigua tribe of el paso  an abramoff and scanlon client</lemm>
		<bigrams> 6864 2604 3130 6498 3211 3056 4523 7165</bigrams>
	</sent>	<sent id="55">
		<raw>They wanted Ney's help to reopen the Tiguas' casino, which the state of Texas had shut down.</raw>
		<lemm>they want ney s help to reopen the tiguas  casino  which the state of texas have shut down</lemm>
		<bigrams> 7167 7171</bigrams>
	</sent>	<sent id="56">
		<raw>He's going to do Tigua," Abramoff told Scanlon in a March 20, 2002, e-mail.</raw>
		<lemm>he be go to do tigua   abramoff tell scanlon in a march @card@  @card@  e-mail</lemm>
		<bigrams> 7179 3094 7180 6864 280 3874</bigrams>
	</sent>	<sent id="57">
		<raw>Six days later Abramoff directed tribal officials to make three contributions totaling $32,000 to Ney's campaign and political action committees.</raw>
		<lemm>six day later abramoff direct tribal official to make three contribution total $32 000 to ney s campaign and political action committee</lemm>
		<bigrams> 3127 5934 3144 7183 7184 3988 7185 7186 7187 3138 3139 35 36</bigrams>
	</sent>	<sent id="58">
		<raw>A Ney spokesman recently said that money has been donated to Ohio charities.</raw>
		<lemm>a ney spokesman recently say that money have be donate to ohio charity</lemm>
		<bigrams> 7189 7190 7191 7196</bigrams>
	</sent>	<sent id="59">
		<raw>On June 7, 2002, Abramoff sent an e-mail to Tigua consultant Marc Schwartz wrote that "our friend" had "asked if we could help (as in cover) a Scotland golf trip for him and some staff."</raw>
		<lemm>on june @card@  @card@  abramoff send an e-mail to tigua consultant marc schwartz write that  our friend  have  ask if we could help ( as in cover ) a scotland golf trip for him and some staff </lemm>
		<bigrams> 3873 280 4945 6298 3877 7199 3157 7200 6142 7208 7212 7214 1664</bigrams>
	</sent>	<sent id="60">
		<raw>The e-mail does not name "our friend," but Schwartz testified in the Senate last fall that it was Ney.</raw>
		<lemm>the e-mail do not name  our friend   but schwartz testify in the senate last fall that it be ney</lemm>
		<bigrams> 3907 7223 2719</bigrams>
	</sent>	<sent id="61">
		<raw>Abramoff, wrote that "the trip will be quite expensive (we did this for another member, you know who) 2 years ago."</raw>
		<lemm>abramoff  write that  the trip will be quite expensive ( we do this for another member  you know who ) @card@ year ago </lemm>
		<bigrams> 3880 3889 3890 3896 7227 7228 3901</bigrams>
	</sent>	<sent id="62">
		<raw>He was referring to an earlier Scotland golf trip that Abramoff had arranged in 2000 for DeLay.</raw>
		<lemm>he be refer to an early scotland golf trip that abramoff have arrange in @card@ for delay</lemm>
		<bigrams> 7231 7214 1664</bigrams>
	</sent>	<sent id="63">
		<raw>Abramoff suggested to Schwartz that the tribe send $50,000 to a charity he directed, the Capital Athletic Foundation, which would pay for the trip "as an educational mission."</raw>
		<lemm>abramoff suggest to schwartz that the tribe send $50 000 to a charity he direct  the capital athletic foundation  which would pay for the trip  as an educational mission </lemm>
		<bigrams> 3169 7237 7238 3175 3244 3245 3153 7244</bigrams>
	</sent>	<sent id="64">
		<raw>Ney later stated on disclosure forms filed with the House that the August 2002 trip cost $3,200 and was paid for by the National Center for Public Policy Research, a conservative advocacy group on whose board Abramoff served.</raw>
		<lemm>ney later state on disclosure form file with the house that the august @card@ trip cost $3 200 and be pay for by the national center for public policy research  a conservative advocacy group on whose board abramoff serve</lemm>
		<bigrams> 7093 7245 7248 7249 2394 473 3809 7250 7251 2355 2358 2359 7256 7257 7260 7261 7262</bigrams>
	</sent>	<sent id="65">
		<raw>The Washington Post reported last year that the trip was actually paid for by the Capital Athletic Foundation, which reported in tax records that it spent $150,225 on the trip.</raw>
		<lemm>the washington post report last year that the trip be actually pay for by the capital athletic foundation  which report in tax record that it spend $150 225 on the trip</lemm>
		<bigrams> 2955 7263 2953 183 7265 3244 3245 3248 7270 7271</bigrams>
	</sent>	<sent id="66">
		<raw>Ney has said he was misled by Abramoff about who paid for the trip.</raw>
		<lemm>ney have say he be mislead by abramoff about who pay for the trip</lemm>
		<bigrams></bigrams>
	</sent>	<sent id="67">
		<raw>"In April, 2002, I was approached by Mr. Abramoff, who I believed to be a respected member of the community, and asked to go on a trip to Scotland which Mr. Abramoff said would help support a charitable organization, that he founded, through meetings he organized with Scottish Parliament officials," Ney said in a statement last November.</raw>
		<lemm> in april  @card@  i be approach by mr abramoff  who i believe to be a respected member of the community  and ask to go on a trip to scotland which mr abramoff say would help support a charitable organization  that he found  through meeting he organize with scottish parliament official   ney say in a statement last november</lemm>
		<bigrams> 7276 1022 7012 1022 802 7290 7291 7292 7293 7301 7302 7303 3323 2526 7304</bigrams>
	</sent>	<sent id="68">
		<raw>Ney's report to Congress listed as a purpose of the trip: "speech to Scottish Parliamentarians."</raw>
		<lemm>ney s report to congress list as a purpose of the trip   speech to scottish parliamentarians </lemm>
		<bigrams> 7306 7309 7310</bigrams>
	</sent>	<sent id="69">
		<raw>However, there is no record of Ney's speech in the Scottish Parliament's register of official visits kept by the external liaison office, which is available on the Web.</raw>
		<lemm>however  there be no record of ney s speech in the scottish parliament s register of official visit keep by the external liaison office  which be available on the web</lemm>
		<bigrams> 7301 7319 7320 7323 7324</bigrams>
	</sent>	<sent id="70">
		<raw>In addition, at the time of Ney's trip, the Scottish Parliament was out for its August recess, spokeswoman Sally Coyne said.</raw>
		<lemm>in addition  at the time of ney s trip  the scottish parliament be out for its august recess  spokeswoman sally coyne say</lemm>
		<bigrams> 7301 7337 7338 7339 7340 7341</bigrams>
	</sent>	<sent id="71">
		<raw>Ney is not the first public official who has come under scrutiny by investigators for the Scotland trip.</raw>
		<lemm>ney be not the first public official who have come under scrutiny by investigator for the scotland trip</lemm>
		<bigrams> 7342 7343 2602</bigrams>
	</sent>	<sent id="72">
		<raw>David Safavian, then chief of staff at the General Services Administration, also went on the trip with Ney, Abramoff and former Christian Coalition leader Ralph Reed Jr. Safavian, who went on to become the chief White House procurement officer, was indicted this month on charges that he lied to investigators looking into the Scotland trip when he said that Abramoff had no business before the his agency.</raw>
		<lemm>david safavian  then chief of staff at the general services administration  also go on the trip with ney  abramoff and former christian coalition leader ralph reed jr safavian  who go on to become the chief white house procurement officer  be indict this month on charge that he lie to investigator look into the scotland trip when he say that abramoff have no business before the his agency</lemm>
		<bigrams> 1652 1649 1650 7349 7350 7352 4133 1862 7353 7354 1859 7355 7356 7362 7363 7364 7365 7372 2602</bigrams>
	</sent>	<sent id="73">
		<raw>The trip, Ney said in his statement last year, had nothing to do with legislation for the tribe.</raw>
		<lemm>the trip  ney say in his statement last year  have nothing to do with legislation for the tribe</lemm>
		<bigrams> 7378 3323 2526 183</bigrams>
	</sent>	<sent id="74">
		<raw>"I want to be absolutely clear that at no point, ever, was I made even remotely aware that any Indian tribe played any role in this trip," Ney said in his statement.</raw>
		<lemm> i want to be absolutely clear that at no point  ever  be i make even remotely aware that any indian tribe play any role in this trip   ney say in his statement</lemm>
		<bigrams> 7384 7389 7393 3400 3401 589 3405 7378 3323</bigrams>
	</sent>	<sent id="75">
		<raw>Ney said he supported the Tigua legislation at Abramoff's request after the lobbyist told him the provision was supported by Sen. Christopher J. Dodd, D-Conn., who was sponsoring the election reform bill that would carry the Tigua provision.</raw>
		<lemm>ney say he support the tigua legislation at abramoff s request after the lobbyist tell him the provision be support by sen christopher j dodd  d-conn  who be sponsor the election reform bill that would carry the tigua provision</lemm>
		<bigrams> 3323 7394 2679 3360 3361 3362 3363 3109 3110 7403 7405</bigrams>
	</sent>	<sent id="76">
		<raw>"I then (in July 2002) personally asked Senator Dodd about this provision and he expressed no knowledge of it," Ney said.</raw>
		<lemm> i then ( in july @card@ ) personally ask senator dodd about this provision and he express no knowledge of it   ney say</lemm>
		<bigrams> 5925 7409 7410 7411 7412 7413 3323</bigrams>
	</sent>	<sent id="77">
		<raw>"In short, I had been misled by Jack Abramoff.</raw>
		<lemm> in short  i have be mislead by jack abramoff</lemm>
		<bigrams> 94</bigrams>
	</sent>	<sent id="78">
		<raw>I then asked Jack Abramoff why Senator Dodd was apparently not supporting it and Mr. Abramoff told me that someone had lied to him.</raw>
		<lemm>i then ask jack abramoff why senator dodd be apparently not support it and mr abramoff tell me that someone have lie to him</lemm>
		<bigrams> 7425 94 7413 1022 3094</bigrams>
	</sent>	<sent id="79">
		<raw>The matter was then closed from my perspective."</raw>
		<lemm>the matter be then close from my perspective </lemm>
		<bigrams></bigrams>
	</sent>	<sent id="80">
		<raw>However, the Tiguas say no one told them the matter was closed.</raw>
		<lemm>however  the tiguas say no one tell them the matter be close</lemm>
		<bigrams> 7447 7450</bigrams>
	</sent>	<sent id="81">
		<raw>Tigua consultant Schwartz later testified to the Senate Indian Affairs Committee that Ney remained a strong supporter of the Tigua legislation and Abramoff long after his conversation with Dodd.</raw>
		<lemm>tigua consultant schwartz later testify to the senate indian affairs committee that ney remain a strong supporter of the tigua legislation and abramoff long after his conversation with dodd</lemm>
		<bigrams> 3877 3878 7453 7454 1139 1140 1141 7457 7458 7394 7461</bigrams>
	</sent>	<sent id="82">
		<raw>Schwartz said that in August 2002, a month after Ney's reported conversation with Dodd and around the time of the Scotland trip, Abramoff arranged for Ney to meet with Tigua representatives in his office.</raw>
		<lemm>schwartz say that in august @card@  a month after ney s report conversation with dodd and around the time of the scotland trip  abramoff arrange for ney to meet with tigua representative in his office</lemm>
		<bigrams> 7467 2394 7469 2602 1665 1700 7475</bigrams>
	</sent>	<sent id="83">
		<raw>Before the meeting, "in an e-mail to me, Abramoff mentioned that Congressman Ney didn't want his trip to Scotland brought up, as he would show his appreciation to the Tribe later," Schwartz testified.</raw>
		<lemm>before the meeting   in an e-mail to me  abramoff mention that congressman ney do n t want his trip to scotland bring up  as he would show his appreciation to the tribe later   schwartz testify</lemm>
		<bigrams> 7482 7485 7488 7490 7494 7495 3907</bigrams>
	</sent>	<sent id="84">
		<raw>The meeting lasted more than 90 minutes, two tribal members testified at the Senate hearing.</raw>
		<lemm>the meeting last more than @card@ minute  two tribal member testify at the senate hearing</lemm>
		<bigrams> 7496 7498 7499 7500 7501 7502 2670</bigrams>
	</sent>	<sent id="85">
		<raw>The tribal leaders who attended the meeting were pleased and impressed with the outcome, Schwartz said.</raw>
		<lemm>the tribal leader who attend the meeting be please and impress with the outcome  schwartz say</lemm>
		<bigrams> 2886 7511 7467</bigrams>
	</sent>	<sent id="86">
		<raw>"During that meeting, Congressman Ney was very animated about Mr. Abramoff's skill and repute as a leader in the lobbying circles," Schwartz testified.</raw>
		<lemm> during that meeting  congressman ney be very animate about mr abramoff s skill and repute as a leader in the lobby circle   schwartz testify</lemm>
		<bigrams> 7514 7485 1022 7524 7525 3907</bigrams>
	</sent>	<sent id="87">
		<raw>"We were told about the impending success of Mr. Abramoff's legislative plan and how much Congressman Ney wanted to help to restore the Tribe's ability to conduct gaming on their reservation."</raw>
		<lemm> we be tell about the impending success of mr abramoff s legislative plan and how much congressman ney want to help to restore the tribe s ability to conduct gaming on their reservation </lemm>
		<bigrams> 7529 1022 7532 7536 7485 7537 7543</bigrams>
	</sent>	<sent id="88">
		<raw>Two months later, on Oct. 8, after the election bill came out of a House-Senate conference committee without a Tigua provision, Ney held a conference call with tribal officials and told them of his "disbelief that Dodd had gone back on his word" to support the provision, Schwartz testified.</raw>
		<lemm>two month later  on oct @card@  after the election bill come out of a house-senate conference committee without a tigua provision  ney hold a conference call with tribal official and tell them of his  disbelief that dodd have go back on his word  to support the provision  schwartz testify</lemm>
		<bigrams> 3142 3143 6129 7547 7548 3121 3122 7550 7405 7552 7553 7555 3988 7563 7567 3907</bigrams>
	</sent>	<sent id="89">
		<raw>Ney also expressed his continued support for the Tiguas, tribal officials said.</raw>
		<lemm>ney also express his continued support for the tiguas  tribal official say</lemm>
		<bigrams> 7568 7569 7572 7574 3988 4064</bigrams>
	</sent>	<sent id="90">
		<raw>Ney responded to Schwartz's testimony by saying, "I, like these Indian tribes and other members of Congress, was duped by Jack Abramoff."</raw>
		<lemm>ney respond to schwartz s testimony by say   i  like these indian tribe and other member of congress  be dupe by jack abramoff </lemm>
		<bigrams> 7575 589 94</bigrams>
	</sent>	<sent id="91">
		<raw>Ney later said he was very angry at Abramoff and Scanlon, who he said had misled him about Dodd.</raw>
		<lemm>ney later say he be very angry at abramoff and scanlon  who he say have mislead him about dodd</lemm>
		<bigrams> 7093 7094</bigrams>
	</sent>	<sent id="92">
		<raw>Ney has called Abramoff and Scanlon's activities in the Tigua episode "nefarious."</raw>
		<lemm>ney have call abramoff and scanlon s activity in the tigua episode  nefarious </lemm>
		<bigrams> 7595 7596 7597</bigrams>
	</sent>	<sent id="93">
		<raw>Abramoff shot back by referring to the conference call when he spoke to the New York Times Magazine this spring.</raw>
		<lemm>abramoff shoot back by refer to the conference call when he speak to the new york times magazine this spring</lemm>
		<bigrams> 7598 7599 7555 799 800 7605</bigrams>
	</sent>	<sent id="94">
		<raw>"It's crazy" for Ney to say he was duped, Abramoff said.</raw>
		<lemm> it be crazy  for ney to say he be dupe  abramoff say</lemm>
		<bigrams> 7610 802</bigrams>
	</sent>	<sent id="95">
		<raw>In the late 1990s, members of Congress became increasingly frustrated at the lack of cell phone coverage inside the Capitol and its nearby office buildings.</raw>
		<lemm>in the late 1990s  member of congress become increasingly frustrate at the lack of cell phone coverage inside the capitol and its nearby office building</lemm>
		<bigrams> 7611 7612 7613 7614 7615 7618 7619 7620 7625 7626</bigrams>
	</sent>	<sent id="96">
		<raw>The House decided to let the major wireless companies select, and pay for, a company to install antennas for cellular phones.</raw>
		<lemm>the house decide to let the major wireless company select  and pay for  a company to install antenna for cellular phone</lemm>
		<bigrams> 7627 7632 7633 7634 6510 7638</bigrams>
	</sent>	<sent id="97">
		<raw>In 1999, AT&T Wireless had asked LGC Wireless of San Jose to work with the House bureaucracy to put the antennas and repeaters into House buildings.</raw>
		<lemm>in @card@  at&t wireless have ask lgc wireless of san jose to work with the house bureaucracy to put the antenna and repeater into house building</lemm>
		<bigrams> 7639 7640 7642 7643 7646 7648 7657</bigrams>
	</sent>	<sent id="98">
		<raw>The project was one of the largest of its kind, worth more than $3 million.</raw>
		<lemm>the project be one of the large of its kind  worth more than $3 million</lemm>
		<bigrams> 7661 5076</bigrams>
	</sent>	<sent id="99">
		<raw>At the time, LGC was the world's leading provider of such equipment and had wired the headquarters of most cellular phone companies, including Nextel and AT&T.</raw>
		<lemm>at the time  lgc be the world s lead provider of such equipment and have wire the headquarters of most cellular phone company  include nextel and at&t</lemm>
		<bigrams> 7664 7669 7638 7680 7681 7682</bigrams>
	</sent>	<sent id="100">
		<raw>During the next year, LGC worked with the architect of the Capitol and the House Information Resources office to develop a plan.</raw>
		<lemm>during the next year  lgc work with the architect of the capitol and the house information resources office to develop a plan</lemm>
		<bigrams> 7686 7687 7688 7691 7692 7693</bigrams>
	</sent>	<sent id="101">
		<raw>Then Foxcom Wireless, an Israeli start-up telecommunications firm, entered the picture.</raw>
		<lemm>then foxcom wireless  an israeli start-up telecommunication firm  enter the picture</lemm>
		<bigrams> 7699 7701 7702 7703 7704</bigrams>
	</sent>	<sent id="102">
		<raw>Foxcom, which has since moved headquarters from Jerusalem to Vienna, Va., and been renamed MobileAccess Networks, lobbied for the job.</raw>
		<lemm>foxcom  which have since move headquarters from jerusalem to vienna  va  and be rename mobileaccess networks  lobby for the job</lemm>
		<bigrams> 7709 7710 7715 7718 7719 7720</bigrams>
	</sent>	<sent id="103">
		<raw>In early 2001, Ney took charge of the House Administration Committee, which was ultimately responsible for the antenna job.</raw>
		<lemm>in early @card@  ney take charge of the house administration committee  which be ultimately responsible for the antenna job</lemm>
		<bigrams> 5660 2604 6826 7722 2333 2334 7724 7725</bigrams>
	</sent>	<sent id="104">
		<raw>Sometime that year, exactly when is unclear, Foxcom donated $50,000 to the Capitol Athletic Foundation, Abramoff's charity.</raw>
		<lemm>sometime that year  exactly when be unclear  foxcom donate $50 000 to the capitol athletic foundation  abramoff s charity</lemm>
		<bigrams> 7727 7731 7732 6519 3175 7733 3245 7734</bigrams>
	</sent>	<sent id="105">
		<raw>Foxcom officials have declined to be interviewed about the donation or the wireless project.</raw>
		<lemm>foxcom official have decline to be interview about the donation or the wireless project</lemm>
		<bigrams> 7736 7744</bigrams>
	</sent>	<sent id="106">
		<raw>A spokesman for Foxcom, now MobileAccess, referred all questions Monday to Ney's committee.</raw>
		<lemm>a spokesman for foxcom  now mobileaccess  refer all question monday to ney s committee</lemm>
		<bigrams> 7748 7751</bigrams>
	</sent>	<sent id="107">
		<raw>Also that same year, a decision was delayed on the antennas, which caught House staff by surprise.</raw>
		<lemm>also that same year  a decision be delay on the antenna  which catch house staff by surprise</lemm>
		<bigrams> 7762 7763</bigrams>
	</sent>	<sent id="108">
		<raw>"We were really surprised, given all the work we put in with LGC in designing the system," said Henry F. "Bud" Collins Jr., the senior network systems engineer for the House.</raw>
		<lemm> we be really surprise  give all the work we put in with lgc in design the system   say henry f  bud  collins jr  the senior network system engineer for the house</lemm>
		<bigrams> 7767 7768 7778 7779 7780 7781 7782 7783 7786 7787 7788</bigrams>
	</sent>	<sent id="109">
		<raw>"Then, all of a sudden this other company showed up.</raw>
		<lemm> then  all of a sudden this other company show up</lemm>
		<bigrams> 7796</bigrams>
	</sent>	<sent id="110">
		<raw>We had to go through this whole thing again."</raw>
		<lemm>we have to go through this whole thing again </lemm>
		<bigrams> 7801</bigrams>
	</sent>	<sent id="111">
		<raw>LGC Chief Operating Officer Alex Gray wrote Ney to complain about the "highly politicized selection process" that favored the Israeli company despite the House's "Buy American" posture.</raw>
		<lemm>lgc chief operating officer alex gray write ney to complain about the  highly politicized selection process  that favor the israeli company despite the house s  buy american  posture</lemm>
		<bigrams> 7803 7804 7805 7806 7807 7808 7809 7813 7814 7815 7819 7820 7824 7825</bigrams>
	</sent>	<sent id="112">
		<raw>"Only Foxcom was permitted a full and fair hearing on the merits of its proposal, essentially a 'back room' deal based on political expediency alone," Gray wrote.</raw>
		<lemm> only foxcom be permit a full and fair hearing on the merit of its proposal  essentially a  back room  deal base on political expediency alone   gray write</lemm>
		<bigrams> 7833 7838 7841 7842 7843 7845 7846 7847 7808</bigrams>
	</sent>	<sent id="113">
		<raw>Assistant House Counsel Carolyn Betz, replying on behalf of Ney, said in a letter to LGC that in the fall of 2001 the major wireless companies were receiving ballots to vote on who should get the contract.</raw>
		<lemm>assistant house counsel carolyn betz  reply on behalf of ney  say in a letter to lgc that in the fall of @card@ the major wireless company be receive ballot to vote on who should get the contract</lemm>
		<bigrams> 7848 7849 7850 7851 7852 3323 7632 7633 7860</bigrams>
	</sent>	<sent id="114">
		<raw>In a letter to Betz, LGC president and chief executive Ian Sugarbroad called the election process "deeply flawed and unfair."</raw>
		<lemm>in a letter to betz  lgc president and chief executive ian sugarbroad call the election process  deeply flawed and unfair </lemm>
		<bigrams> 7868 7869 879 7872 7873 7874 7875 7876 7877</bigrams>
	</sent>	<sent id="115">
		<raw>He said each wireless company was sent a ballot and allowed to vote for LGC, Foxcom or "no preference."</raw>
		<lemm>he say each wireless company be send a ballot and allow to vote for lgc  foxcom or  no preference </lemm>
		<bigrams> 7633 7888</bigrams>
	</sent>	<sent id="116">
		<raw>There were no details on the bid proposals, such as cost, security features, band capacity or critical performance metrics, Sugarbroad said.</raw>
		<lemm>there be no detail on the bid proposal  such as cost  security feature  band capacity or critical performance metric  sugarbroad say</lemm>
		<bigrams> 7894 7897 7898 7899 7900 7903 7904 7905 7906</bigrams>
	</sent>	<sent id="117">
		<raw>Brian Walsh, Ney's spokesman, provided The Post redacted copies of the ballots.</raw>
		<lemm>brian walsh  ney s spokesman  provide the post redact copy of the ballot</lemm>
		<bigrams> 7907 7908 7909 7912 7913</bigrams>
	</sent>	<sent id="118">
		<raw>Three show checkmarks in a box next to Foxcom.</raw>
		<lemm>three show checkmarks in a box next to foxcom</lemm>
		<bigrams> 7916 7917 7920</bigrams>
	</sent>	<sent id="119">
		<raw>The other three ballots are marked "no preference."</raw>
		<lemm>the other three ballot be mark  no preference </lemm>
		<bigrams> 7924</bigrams>
	</sent>	<sent id="120">
		<raw>But representatives of all six companies said they voted no preference, according to interviews and documents.</raw>
		<lemm>but representative of all six company say they vote no preference  accord to interview and document</lemm>
		<bigrams> 7932 7933 7936</bigrams>
	</sent>	<sent id="121">
		<raw>Five of them were interviewed by The Post, and the sixth made its preference known in a letter obtained by The Post.</raw>
		<lemm>five of them be interview by the post  and the sixth make its preference know in a letter obtain by the post</lemm>
		<bigrams> 7944 7947 7949</bigrams>
	</sent>	<sent id="122">
		<raw>Spokesmen for the companies, Cingular, Nextel, Sprint, Verizon Wireless, AT&T Wireless and Voicestream, said they remained neutral because both LGC and Foxcom were considered capable of doing the job.</raw>
		<lemm>spokesman for the company  cingular  nextel  sprint  verizon wireless  at&t wireless and voicestream  say they remain neutral because both lgc and foxcom be consider capable of do the job</lemm>
		<bigrams> 7950 7951 7952 7953 7954 7955 7640 7958 7960 7966</bigrams>
	</sent>	<sent id="123">
		<raw>Walsh said those statements are "an absolute contradiction to the documentation."</raw>
		<lemm>walsh say those statement be  an absolute contradiction to the documentation </lemm>
		<bigrams> 7970 7974</bigrams>
	</sent>	<sent id="124">
		<raw>Ney awarded the license to Foxcom on Nov. 26, 2002, Walsh said.</raw>
		<lemm>ney award the license to foxcom on nov @card@  @card@  walsh say</lemm>
		<bigrams> 7977 2729 280 7981 7970</bigrams>
	</sent>	<sent id="125">
		<raw>He declined to make public a copy of documents relating to the agreement, noting that the Freedom of Information Act does not apply to Congress.</raw>
		<lemm>he decline to make public a copy of document relate to the agreement  note that the freedom of information act do not apply to congress</lemm>
		<bigrams> 5973 7986 7987 7991</bigrams>
	</sent>	<sent id="126">
		<raw>He noted that the work was paid for by the wireless companies and not by Congress, and he pointed out that the Senate also chose Foxcom.</raw>
		<lemm>he note that the work be pay for by the wireless company and not by congress  and he point out that the senate also choose foxcom</lemm>
		<bigrams> 7633 8001 8002 8003</bigrams>
	</sent>	<sent id="127">
		<raw>LGC had no right to appeal.</raw>
		<lemm>lgc have no right to appeal</lemm>
		<bigrams></bigrams>
	</sent>	<sent id="128">
		<raw>"This is not a traditional House procurement and, thus, House procurement policies do not apply," Betz stated in her letter to LGC.</raw>
		<lemm> this be not a traditional house procurement and  thus  house procurement policy do not apply   betz state in her letter to lgc</lemm>
		<bigrams> 8010 7364 8013 7364 8014 8016 8017</bigrams>
	</sent>	<sent id="129">
		<raw>Collins, the House engineer who has since retired, said, "It almost seemed like the cards were stacked for them."</raw>
		<lemm>collins  the house engineer who have since retire  say   it almost seem like the card be stack for them </lemm>
		<bigrams> 8021 8023 8024 8026 8027</bigrams>
	</sent>	<sent id="130">
		<raw>After the contract was awarded, Foxcom listed Abramoff as its lobbyist.</raw>
		<lemm>after the contract be award  foxcom list abramoff as its lobbyist</lemm>
		<bigrams> 8033 8034 3251</bigrams>
	</sent>	<sent id="131">
		<raw>Over the next two years, Foxcom paid Abramoff's team $280,000.</raw>
		<lemm>over the next two year  foxcom pay abramoff s team $280 000</lemm>
		<bigrams> 8038 2622 8039 8040 1684 8042 6516</bigrams>
	</sent>	<sent id="132">
		<raw>Researcher Alice Crites and database editor Derek Willis contributed to this report.</raw>
		<lemm>researcher alice crites and database editor derek willis contribute to this report</lemm>
		<bigrams> 8043 8044 8047 8048 8049 8050</bigrams>
	</sent></doc>