<?xml version="1.0" encoding="UTF_8"?>
<doc>	<sent id="0">
		<raw>Two former high-level U. S. Interior Department officials clashed before a Senate committee Wednesday over whether one of them, while still in his government post, sought to pressure Interior Secretary Gale A. Norton on behalf of controversial lobbyist Jack Abramoff's tribal clients.</raw>
		<lemm>two former high-level u s interior department official clash before a senate committee wednesday over whether one of them  while still in his government post  seek to pressure interior secretary gale a norton on behalf of controversial lobbyist jack abramoff s tribal client</lemm>
		<bigrams> 1094 1095 1096 1098 1099 1100 1104 1105 1108 1114 1115 1118 1119 1120 1127 429 94 1129</bigrams>
	</sent>	<sent id="1">
		<raw>J. Steven Griles, Interior's former deputy secretary, told the Senate Indian Affairs Committee that he had no special relationship with Abramoff and gave him no special access, as the lobbyist has claimed in e-mails and at least one interview.</raw>
		<lemm>j steven griles  interior s former deputy secretary  tell the senate indian affairs committee that he have no special relationship with abramoff and give him no special access  as the lobbyist have claim in e-mails and at least one interview</lemm>
		<bigrams> 1130 1131 1132 1134 1135 1136 1139 1140 1141 1144 1148 1157 1158</bigrams>
	</sent>	<sent id="2">
		<raw>"That is outrageous .</raw>
		<lemm> that be outrageous</lemm>
		<bigrams></bigrams>
	</sent>	<sent id="3">
		<raw>.</raw>
		<lemm></lemm>
		<bigrams></bigrams>
	</sent>	<sent id="4">
		<raw>.</raw>
		<lemm></lemm>
		<bigrams></bigrams>
	</sent>	<sent id="5">
		<raw>But much of Griles' testimony was disputed by the man seated beside him at the witness table, former Interior Department counsel Michael Rosetti.</raw>
		<lemm>but much of griles  testimony be dispute by the man seat beside him at the witness table  former interior department counsel michael rosetti</lemm>
		<bigrams> 1163 1168 1169 1173 1174 1175 1098 1176 1177 1178</bigrams>
	</sent>	<sent id="6">
		<raw>Griles' efforts to insinuate himself into Norton's decision-making sessions on behalf of an Indian tribe Abramoff represented so worried him, Rosetti told senators, that he confronted the deputy secretary before two other officials and asked, "What was he doing?</raw>
		<lemm>griles  effort to insinuate himself into norton s decision-making session on behalf of an indian tribe abramoff represent so worry him  rosetti tell senator  that he confront the deputy secretary before two other official and ask   what be he do</lemm>
		<bigrams> 1179 1186 589 1190 1191 1196 1197 1135</bigrams>
	</sent>	<sent id="7">
		<raw>The public dispute between the two offered a dramatic close to hearings that have explored the complex web of influence, money and access Abramoff wove as one of Washington most well-connected lobbyists.</raw>
		<lemm>the public dispute between the two offer a dramatic close to hearing that have explore the complex web of influence  money and access abramoff weave as one of washington most well-connected lobbyist</lemm>
		<bigrams> 1211 1214 1217 1223 1226 1229 1230 1236</bigrams>
	</sent>	<sent id="8">
		<raw>Abramoff has been indicted in federal court on six counts of fraud and conspiracy for his role in the 2000 purchase of a fleet of Florida gambling boats.</raw>
		<lemm>abramoff have be indict in federal court on six count of fraud and conspiracy for his role in the @card@ purchase of a fleet of florida gambling boat</lemm>
		<bigrams> 1240 1243 1252 1257 1258</bigrams>
	</sent>	<sent id="9">
		<raw>He has pleaded not guilty.</raw>
		<lemm>he have plead not guilty</lemm>
		<bigrams></bigrams>
	</sent>	<sent id="10">
		<raw>Wednesday's hearing focused on whether Abramoff, when working for the Coushatta Tribe of Louisiana, relied on Griles to influence the Interior Department to block a rival tribe from opening a casino that would compete with the Coushattas' gaming business.</raw>
		<lemm>wednesday s hearing focus on whether abramoff  when work for the coushatta tribe of louisiana  rely on griles to influence the interior department to block a rival tribe from open a casino that would compete with the coushattas  gaming business</lemm>
		<bigrams> 1264 1267 1272 1275 1098 1286 1293 1296 1297</bigrams>
	</sent>	<sent id="11">
		<raw>Rosetti recounted an incident in which, he said, Griles gave him a binder filled with letters and documents critical of the bid by the Jenna Band of the Choctaw Tribe to build a casino one hour from the Coushattas' $300-million-a-year casino.</raw>
		<lemm>rosetti recount an incident in which  he say  griles give him a binder fill with letter and document critical of the bid by the jenna band of the choctaw tribe to build a casino one hour from the coushattas  $300-million-a-year casino</lemm>
		<bigrams> 1298 1305 1306 1309 1314 1319 1322 1325 1326 1328 1329</bigrams>
	</sent>	<sent id="12">
		<raw>Griles, Rosetti said, wanted him to make sure Norton saw the file.</raw>
		<lemm>griles  rosetti say  want him to make sure norton see the file</lemm>
		<bigrams> 1330 1331 1332 1336 1337 1338</bigrams>
	</sent>	<sent id="13">
		<raw>Rosetti said he had to press Griles to learn that the folder had been compiled by Abramoff.</raw>
		<lemm>rosetti say he have to press griles to learn that the folder have be compile by abramoff</lemm>
		<bigrams> 1331 1342</bigrams>
	</sent>	<sent id="14">
		<raw>Griles denied that he said the binder came from Abramoff, and said he never knew who had put it on his desk.</raw>
		<lemm>griles deny that he say the binder come from abramoff  and say he never know who have put it on his desk</lemm>
		<bigrams> 1350 1354 1359</bigrams>
	</sent>	<sent id="15">
		<raw>He also denied published reports that he was pressuring Interior officials on Abramoff's behalf as he was negotiating with the lobbyist for a job.</raw>
		<lemm>he also deny publish report that he be pressure interior official on abramoff s behalf as he be negotiate with the lobbyist for a job</lemm>
		<bigrams> 1367 1368 1369 1118 1372</bigrams>
	</sent>	<sent id="16">
		<raw>Griles said he was surprised when Abramoff introduced him to a partner in Greenberg Traurig, the lobbying company Abramoff worked for, who offered him a job at the end of a brief meeting.</raw>
		<lemm>griles say he be surprise when abramoff introduce him to a partner in greenberg traurig  the lobbying company abramoff work for  who offer him a job at the end of a brief meeting</lemm>
		<bigrams> 1382 1386 697 1393 1394 688 1402</bigrams>
	</sent>	<sent id="17">
		<raw>Griles said the offer "raised alarms with me," and he reported the incident to the Interior Department's ethics officer.</raw>
		<lemm>griles say the offer  raise alarm with me   and he report the incident to the interior department s ethic officer</lemm>
		<bigrams> 1382 1404 1405 1098 1416</bigrams>
	</sent>	<sent id="18">
		<raw>While in office, Griles had been investigated, but was never charged, with maintaining close ties to his previous employer, a lobbying company, and its clients.</raw>
		<lemm>while in office  griles have be investigate  but be never charge  with maintain close tie to his previous employer  a lobbying company  and its client</lemm>
		<bigrams> 1419 1425 1428 1429 1433 1393</bigrams>
	</sent>	<sent id="19">
		<raw>A statement issued Wednesday by Abramoff's spokesman, Andrew Blum, described the lobbyist as having been put "into the impossible position of not being able to defend himself in the public arena until the proper authorities have had a chance to review all accusations."</raw>
		<lemm>a statement issue wednesday by abramoff s spokesman  andrew blum  describe the lobbyist as have be put  into the impossible position of not be able to defend himself in the public arena until the proper authority have have a chance to review all accusation </lemm>
		<bigrams> 1440 1441 1444 1445 1446 1453 1459 1463</bigrams>
	</sent>	<sent id="20">
		<raw>In a statement issued Wednesday night, the Interior Department said that its inspector general is "reviewing all aspects of Mr. Abramoff's contacts with the department, both direct contacts and those which may have been conducted by surrogates."</raw>
		<lemm>in a statement issue wednesday night  the interior department say that its inspector general be  review all aspect of mr abramoff s contact with the department  both direct contact and those which may have be conduct by surrogate </lemm>
		<bigrams> 1440 1441 1472 1098 1474 1477 1022 1487</bigrams>
	</sent>	<sent id="21">
		<raw>That review, the statement said, "precludes further comment on these issues."</raw>
		<lemm>that review  the statement say   preclude further comment on these issue </lemm>
		<bigrams> 1499 1500</bigrams>
	</sent>	<sent id="22">
		<raw>The statement noted that Sen. John McCain, R-Ariz., chairman of the Indian Affairs Committee, said Wednesday there was no evidence of any wrongdoing by Norton.</raw>
		<lemm>the statement note that sen john mccain  r-ariz  chairman of the indian affairs committee  say wednesday there be no evidence of any wrongdoing by norton</lemm>
		<bigrams> 1506 1509 1510 1511 1512 1140 1141 1515 1516</bigrams>
	</sent>	<sent id="23">
		<raw>The statement added that "despite Mr. Abramoff's efforts, the department ultimately issued a ruling contrary to the position he was advocating on behalf of his tribal client."</raw>
		<lemm>the statement add that  despite mr abramoff s effort  the department ultimately issue a ruling contrary to the position he be advocate on behalf of his tribal client </lemm>
		<bigrams> 1526 1528 1022 1531 1532 1535 1129</bigrams>
	</sent>	<sent id="24">
		<raw>The Abramoff investigation is one of several ethical headaches confronting the GOP that Democrats have charged add up to a culture of corruption in official Washington, most recently the indictment of Vice President Dick Cheney's chief of staff, I. Lewis "Scooter" Libby, in connection with the probe of the leak of a covert CIA officer's identity.</raw>
		<lemm>the abramoff investigation be one of several ethical headache confront the gop that democrats have charge add up to a culture of corruption in official washington  most recently the indictment of vice president dick cheney s chief of staff  i lewis  scooter  libby  in connection with the probe of the leak of a covert cia officer s identity</lemm>
		<bigrams> 1543 1544 1545 1546 1550 1558 1564 1565 1566 1571 1572 1581 1582</bigrams>
	</sent>	<sent id="25">
		<raw>But Republican lawmakers have been watching the Abramoff scandal unfold in the media and before the Indian Affairs Committee with particular dread, because the lobbyist had extensive connections with party officials and because his relentless pursuit of profit, documented in a string of e-mails between Abramoff and his one-time partner, Michael Scanlon, that the committee has released, casts an unflattering light on the role of lobbyists.</raw>
		<lemm>but republican lawmaker have be watch the abramoff scandal unfold in the medium and before the indian affairs committee with particular dread  because the lobbyist have extensive connection with party official and because his relentless pursuit of profit  document in a string of e-mails between abramoff and his one-time partner  michael scanlon  that the committee have release  cast an unflattering light on the role of lobbyist</lemm>
		<bigrams> 1586 1590 1591 1140 1141 1598 1602 1604 1608 1611 1619 1620 943 1624 1627</bigrams>
	</sent>	<sent id="26">
		<raw>Investigations into his activities have led to one indictment of a onetime government official; the former head of procurement for the General Services Administration, David Safavian, has been charged with making false statements and obstruction of justice in connection with a golf trip Abramoff took in 2002 with Rep. Bob Ney, R-Ohio, and others.</raw>
		<lemm>investigation into his activity have lead to one indictment of a onetime government official  the former head of procurement for the general services administration  david safavian  have be charge with make false statement and obstruction of justice in connection with a golf trip abramoff take in @card@ with rep bob ney  r-ohio  and other</lemm>
		<bigrams> 1638 1640 1641 1644 1649 1650 1651 1652 1656 1657 1664 1665 1666 1669 1670 1671</bigrams>
	</sent>	<sent id="27">
		<raw>McCain's hearings have focused on Abramoff's dealings with six tribes.</raw>
		<lemm>mccain s hearing have focus on abramoff s dealings with six tribe</lemm>
		<bigrams> 1679</bigrams>
	</sent>	<sent id="28">
		<raw>According to McCain, the tribes paid Abramoff and Scanlon at least $66 million to advance gaming and other interests.</raw>
		<lemm>accord to mccain  the tribe pay abramoff and scanlon at least $66 million to advance gaming and other interest</lemm>
		<bigrams> 1683 1684 1687 1688 1690</bigrams>
	</sent>	<sent id="29">
		<raw>McCain's hearings and newspaper accounts have raised questions about trips Abramoff arranged for lawmakers, including Ney and Rep. Tom DeLay, R-Texas.</raw>
		<lemm>mccain s hearing and newspaper account have raise question about trip abramoff arrange for lawmaker  include ney and rep tom delay  r-texas</lemm>
		<bigrams> 1695 1698 1665 1700 1702 1703 1706 25 1707</bigrams>
	</sent>	<sent id="30">
		<raw>DeLay has asked the House ethics committee to look into his own travels and insists that he did nothing wrong.</raw>
		<lemm>delay have ask the house ethic committee to look into his own travel and insist that he do nothing wrong</lemm>
		<bigrams> 63 64 1718</bigrams>
	</sent></doc>