<?xml version="1.0" encoding="UTF_8"?>
<doc>	<sent id="0">
		<raw>The closing of the Speaking Rock Casino near El Paso in February 2002 was one of John Cornyn's proudest moments as Texas attorney general.</raw>
		<lemm>the closing of the speaking rock casino near el paso in february @card@ be one of john cornyn s proud moment as texas attorney general</lemm>
		<bigrams> 4519 4520 4521 4522 4523 4525 4527 4530 4533 821</bigrams>
	</sent>	<sent id="1">
		<raw>His determination to shut down the Tigua Indian tribe's casino because it was opened in violation of state law earned the Texas Republican kudos and pledges of support from Christian political organizers, backing that proved helpful as Cornyn made his successful run for the U. S. Senate that year.</raw>
		<lemm>his determination to shut down the tigua indian tribe s casino because it be open in violation of state law earn the texas republican kudos and pledge of support from christian political organizer  back that prove helpful as cornyn make his successful run for the u s senate that year</lemm>
		<bigrams> 4539 589 4545 4546 2296 4548 4555 4556 4557 4560 4563 4566</bigrams>
	</sent>	<sent id="2">
		<raw>House Majority Leader Tom DeLay, R-Sugar Land, for weeks has been in an all-out political war, defending himself from allegations of ethical lapses, many of them connected directly or indirectly to the battle over tribal casinos.</raw>
		<lemm>house majority leader tom delay  r-sugar land  for week have be in an all-out political war  defend himself from allegation of ethical lapse  many of them connect directly or indirectly to the battle over tribal casino</lemm>
		<bigrams> 22 23 24 25 4570 4571 4576 4577 4578 4580 4581 4583 4590</bigrams>
	</sent>	<sent id="3">
		<raw>But Cornyn's role in the casino controversy is only beginning to draw attention.</raw>
		<lemm>but cornyn s role in the casino controversy be only begin to draw attention</lemm>
		<bigrams> 4592 4597</bigrams>
	</sent>	<sent id="4">
		<raw>The shuttering of the Speaking Rock Casino is being explored by investigators for the Senate Indian Affairs Committee, as well as a federal multi-agency task force and grand jury that are examining the actions of Washington lobbyist Jack Abramoff and public relations associate Mike Scanlon.</raw>
		<lemm>the shuttering of the speaking rock casino be be explore by investigator for the senate indian affairs committee  as well as a federal multi-agency task force and grand jury that be examine the action of washington lobbyist jack abramoff and public relation associate mike scanlon</lemm>
		<bigrams> 4519 4520 1139 1140 1141 4609 4610 4611 108 409 429 94 1944 4619 4620 4621</bigrams>
	</sent>	<sent id="5">
		<raw>Abramoff and Scanlon had many Indian gaming clients, including the Tigua Ysleta de Sur Pueblo, as the Tigua are known.</raw>
		<lemm>abramoff and scanlon have many indian gaming client  include the tigua ysleta de sur pueblo  as the tigua be know</lemm>
		<bigrams> 4623 4624 4625 4626 4628 4629 4630 4631</bigrams>
	</sent>	<sent id="6">
		<raw>The lobbyists are at the center of a fraud and fund-raising scandal that has embroiled DeLay.</raw>
		<lemm>the lobbyist be at the center of a fraud and fund-raising scandal that have embroil delay</lemm>
		<bigrams> 4639 4642</bigrams>
	</sent>	<sent id="7">
		<raw>Cornyn, elected senator in 2002, was supported in his anti-Speaking Rock effort by a grassroots campaign led by conservative Christian lobbyist Ralph Reed, who organized pastors around the state to oppose gaming and back the attorney general.</raw>
		<lemm>cornyn  elect senator in @card@  be support in his anti-speaking rock effort by a grassroots campaign lead by conservative christian lobbyist ralph reed  who organize pastor around the state to oppose gaming and back the attorney general</lemm>
		<bigrams> 4643 4644 4648 4649 4652 4653 4656 4657 4658 1859 4661 4662 4666 821</bigrams>
	</sent>	<sent id="8">
		<raw>Senate investigators discovered that Abramoff hired Reed to block gaming expansion in Texas and Louisiana, and that the $4 million that Reed was paid actually came from Abramoff's Indian gaming clients.</raw>
		<lemm>senate investigator discover that abramoff hire reed to block gaming expansion in texas and louisiana  and that the $4 million that reed be pay actually come from abramoff s indian gaming client</lemm>
		<bigrams> 2899 2900 4669 4670 4671 4672 4677 4681 4682 4624 4625</bigrams>
	</sent>	<sent id="9">
		<raw>Then, Abramoff and Scanlon secured the Tigua as a client on the day the casino was closed and charged them $4.2 million for a campaign to reopen it through federal legislation.</raw>
		<lemm>then  abramoff and scanlon secure the tigua as a client on the day the casino be close and charge them $4 2 million for a campaign to reopen it through federal legislation</lemm>
		<bigrams> 4685 3019 400 4698</bigrams>
	</sent>	<sent id="10">
		<raw>In an interview, Cornyn said he was "unaware" of Reed's role in Texas although he knew Reed from GOP political circles.</raw>
		<lemm>in an interview  cornyn say he be  unaware  of reed s role in texas although he know reed from gop political circle</lemm>
		<bigrams> 4700 4701 4706 4709 4712 4713</bigrams>
	</sent>	<sent id="11">
		<raw>"I, of course, had filed the lawsuit earlier on.</raw>
		<lemm> i  of course  have file the lawsuit earlier on</lemm>
		<bigrams> 4720</bigrams>
	</sent>	<sent id="12">
		<raw>That was already a done deal," Cornyn said.</raw>
		<lemm>that be already a do deal   cornyn say</lemm>
		<bigrams> 4725 4701</bigrams>
	</sent>	<sent id="13">
		<raw>"It was nice to receive that support, but it didn't have much to do with what we were already doing."</raw>
		<lemm> it be nice to receive that support  but it do n t have much to do with what we be already do </lemm>
		<bigrams></bigrams>
	</sent>	<sent id="14">
		<raw>Cornyn's office filed the lawsuit, charging the tribe with violating the anti-gambling terms of a law giving them federal recognition, in September 1999.</raw>
		<lemm>cornyn s office file the lawsuit  charge the tribe with violate the anti-gambling term of a law give them federal recognition  in september @card@</lemm>
		<bigrams> 4740 4741 4746 4749 4752 4755</bigrams>
	</sent>	<sent id="15">
		<raw>"I never met with him," Cornyn said of Reed, dismissing e-mail traffic in 2001 and 2002 between Reed and Abramoff that suggests a close alliance with the Texas attorney general during the lengthy court decisions and appeals.</raw>
		<lemm> i never meet with him   cornyn say of reed  dismiss e-mail traffic in @card@ and @card@ between reed and abramoff that suggest a close alliance with the texas attorney general during the lengthy court decision and appeal</lemm>
		<bigrams> 4757 4701 4761 4762 4763 4769 4533 821 4774 4775</bigrams>
	</sent>	<sent id="16">
		<raw>"I'm sure my name has been taken in vain before, so I'm not surprised," said the Texas senator.</raw>
		<lemm> i be sure my name have be take in vain before  so i be not surprise   say the texas senator</lemm>
		<bigrams> 4789 4790</bigrams>
	</sent>	<sent id="17">
		<raw>"Maybe lobbyists were engaged in self-promotion.</raw>
		<lemm> maybe lobbyist be engage in self-promotion</lemm>
		<bigrams> 4791</bigrams>
	</sent>	<sent id="18">
		<raw>I was doing my duty to enforce the law."</raw>
		<lemm>i be do my duty to enforce the law </lemm>
		<bigrams></bigrams>
	</sent>	<sent id="19">
		<raw>Cornyn said that he does not recall any contact with Abramoff and did not know that the lobbyist contributed $1,000 to his 2002 campaign.</raw>
		<lemm>cornyn say that he do not recall any contact with abramoff and do not know that the lobbyist contribute $1 000 to his @card@ campaign</lemm>
		<bigrams> 4701 4807 4808 4809 4810</bigrams>
	</sent>	<sent id="20">
		<raw>Despite Cornyn's image as a gaming foe, he received $6,250 in contributions for his 2002 race from Las Vegas casino interests, according to the Center for Responsive Politics, which compiled data from the Federal Election Commission.</raw>
		<lemm>despite cornyn s image as a gaming foe  he receive $6 250 in contribution for his @card@ race from las vegas casino interest  accord to the center for responsive politics  which compile datum from the federal election commission</lemm>
		<bigrams> 4811 4815 4817 4818 4822 4825 4826 4827 4161 4829 4832 115 116</bigrams>
	</sent>	<sent id="21">
		<raw>Some of the contributions were made at the same time Cornyn was pushing to close the Tigua casino.</raw>
		<lemm>some of the contribution be make at the same time cornyn be push to close the tigua casino</lemm>
		<bigrams> 4839 3373</bigrams>
	</sent>	<sent id="22">
		<raw>Asked whether he opposes gambling, Cornyn replied: "No, not if it's in compliance with the law.</raw>
		<lemm>ask whether he oppose gambling  cornyn reply   no  not if it be in compliance with the law</lemm>
		<bigrams> 4843 4846 4847 4848</bigrams>
	</sent>	<sent id="23">
		<raw>It's legal to gamble in Nevada, and it's not legal to gamble in Texas."</raw>
		<lemm>it be legal to gamble in nevada  and it be not legal to gamble in texas </lemm>
		<bigrams></bigrams>
	</sent>	<sent id="24">
		<raw>During the 2002 campaign, Cornyn attended a fund-raiser at the home of Las Vegas entertainer Wayne Newton in an event organized by Sen. John Ensign, R-Nev.</raw>
		<lemm>during the @card@ campaign  cornyn attend a fund-raiser at the home of las vegas entertainer wayne newton in an event organize by sen john ensign  r-nev</lemm>
		<bigrams> 4810 4863 4864 4825 4869 4870 4871 4874 1509 4876 4877</bigrams>
	</sent>	<sent id="25">
		<raw>The contributions at the May 29 event are a small part of the $9.8 million that Cornyn received in the 2002 race.</raw>
		<lemm>the contribution at the may @card@ event be a small part of the $9 8 million that cornyn receive in the @card@ race</lemm>
		<bigrams> 4880 4881 4883 4885 4886 4888 4822</bigrams>
	</sent>	<sent id="26">
		<raw>Asked about Abramoff's alleged double-dealings with the Tigua, Cornyn said, "Without prejudging, I find it somewhat disturbing."</raw>
		<lemm>ask about abramoff s alleged double-dealing with the tigua  cornyn say   without prejudge  i find it somewhat disturbing </lemm>
		<bigrams> 4893 4895 4701 4896 4897 4902</bigrams>
	</sent>	<sent id="27">
		<raw>In a series of e-mails released by the Senate Indian Affairs Committee, Cornyn's name appears numerous times in communications among Reed, Abramoff and Scanlon.</raw>
		<lemm>in a series of e-mails release by the senate indian affairs committee  cornyn s name appear numerous time in communication among reed  abramoff and scanlon</lemm>
		<bigrams> 4903 1139 1140 1141 4904 4906 4907 4908 4911 4912 4913</bigrams>
	</sent>	<sent id="28">
		<raw>As a result, he has drawn some criticism.</raw>
		<lemm>as a result  he have draw some criticism</lemm>
		<bigrams></bigrams>
	</sent>	<sent id="29">
		<raw>"Cornyn is getting a pass that he doesn't deserve," said Melanie Sloan, executive director of Citizens for Responsibility and Ethics in Washington, referring to the lack of attention to the senator's involvement.</raw>
		<lemm> cornyn be get a pass that he do n t deserve   say melanie sloan  executive director of citizens for responsibility and ethics in washington  refer to the lack of attention to the senator s involvement</lemm>
		<bigrams> 4923 248 249 250 251 4928</bigrams>
	</sent>	<sent id="30">
		<raw>"My concern is that he's working with Ralph Reed, who's being paid by Indian gaming interests," Sloan said.</raw>
		<lemm> my concern be that he be work with ralph reed  who be be pay by indian gaming interest   sloan say</lemm>
		<bigrams> 1859 4624 4941 4942 4943</bigrams>
	</sent>	<sent id="31">
		<raw>On Nov. 12, 2001, Abramoff and Reed discussed strategy for supporting Cornyn.</raw>
		<lemm>on nov @card@  @card@  abramoff and reed discuss strategy for support cornyn</lemm>
		<bigrams> 2729 280 4945 4946 4947 4950</bigrams>
	</sent>	<sent id="32">
		<raw>Reed writes Abramoff: "Great work.</raw>
		<lemm>reed write abramoff   great work</lemm>
		<bigrams> 4951 4952 4953 4954</bigrams>
	</sent>	<sent id="33">
		<raw>Get me details so I can alert Cornyn and let him know what we are doing to help him."</raw>
		<lemm>get me detail so i can alert cornyn and let him know what we be do to help him </lemm>
		<bigrams> 4960</bigrams>
	</sent>	<sent id="34">
		<raw>Cornyn said he had no contact with Reed.</raw>
		<lemm>cornyn say he have no contact with reed</lemm>
		<bigrams> 4701</bigrams>
	</sent>	<sent id="35">
		<raw>Reed, former executive director of the Christian Coalition, was hired by Abramoff, an old friend, who was working at the Greenberg Traurig law firm.</raw>
		<lemm>reed  former executive director of the christian coalition  be hire by abramoff  an old friend  who be work at the greenberg traurig law firm</lemm>
		<bigrams> 4970 4971 251 1862 4977 697 4980 4981</bigrams>
	</sent>	<sent id="36">
		<raw>The firm forced him out a year ago when it discovered Abramoff had hidden at least $10 million from Indian clients.</raw>
		<lemm>the firm force him out a year ago when it discover abramoff have hide at least $10 million from indian client</lemm>
		<bigrams> 4982 3901 4988 4991 4992 4993</bigrams>
	</sent>	<sent id="37">
		<raw>Reed's company, Century Strategies, was paid by Scanlon's companies.</raw>
		<lemm>reed s company  century strategies  be pay by scanlon s company</lemm>
		<bigrams> 4994 4995</bigrams>
	</sent>	<sent id="38">
		<raw>Reed denies knowing that he was being paid by Indian tribes.</raw>
		<lemm>reed deny know that he be be pay by indian tribe</lemm>
		<bigrams> 4998 4999 589</bigrams>
	</sent>	<sent id="39">
		<raw>"Jack hired Ralph to organize a grassroots coalition to close one casino and prevent another casino from opening," said Lisa Baron, Reed's spokeswoman, "which was in line with Ralph's philosophical views and grassroots business."</raw>
		<lemm> jack hire ralph to organize a grassroots coalition to close one casino and prevent another casino from opening   say lisa baron  reed s spokeswoman   which be in line with ralph s philosophical view and grassroots business </lemm>
		<bigrams> 5000 5001 5005 5007 5008 5011 5012 5015 5016 5017 5018 5025 5028</bigrams>
	</sent>	<sent id="40">
		<raw>However, in an e-mail sent Jan. 7, 2002, there is the suggestion that Reed knew who he was working for.</raw>
		<lemm>however  in an e-mail send jan @card@  @card@  there be the suggestion that reed know who he be work for</lemm>
		<bigrams> 5030 5031 5032 280 5036</bigrams>
	</sent>	<sent id="41">
		<raw>Reed wrote Abramoff: "Hope these developments help with client."</raw>
		<lemm>reed write abramoff   hope these development help with client </lemm>
		<bigrams> 4951 4952 5038 5041</bigrams>
	</sent>	<sent id="42">
		<raw>"We are proud of the work we did in closing the casino," Baron said.</raw>
		<lemm> we be proud of the work we do in close the casino   baron say</lemm>
		<bigrams> 5049 5050</bigrams>
	</sent>	<sent id="43">
		<raw>"We did not know of any specific clients or any specific interests involved.</raw>
		<lemm> we do not know of any specific client or any specific interest involve</lemm>
		<bigrams> 5053 5056 5057</bigrams>
	</sent>	<sent id="44">
		<raw>We are in the business of closing casinos.</raw>
		<lemm>we be in the business of close casino</lemm>
		<bigrams> 5059</bigrams>
	</sent>	<sent id="45">
		<raw>Reed is well-connected politically.</raw>
		<lemm>reed be well-connected politically</lemm>
		<bigrams> 5061</bigrams>
	</sent>	<sent id="46">
		<raw>A former Georgia GOP chairman, he was the Southeast regional campaign chairman for the Bush-Cheney 2004 presidential campaign.</raw>
		<lemm>a former georgia gop chairman  he be the southeast regional campaign chairman for the bush-cheney @card@ presidential campaign</lemm>
		<bigrams> 5062 5063 5064 5067 5068 5069 5071 5072 5073</bigrams>
	</sent>	<sent id="47">
		<raw>The Louisiana Coushattas paid Reed $3 million, fearing casino competition from another tribe in Louisiana and the expansion of gaming in Texas, which would probably draw gamblers away.</raw>
		<lemm>the louisiana coushattas pay reed $3 million  fear casino competition from another tribe in louisiana and the expansion of gaming in texas  which would probably draw gambler away</lemm>
		<bigrams> 3562 5074 4158 5075 5076 5077 5078 5079 5082 5089 5090 5091 5092</bigrams>
	</sent>	<sent id="48">
		<raw>The Louisiana Coushattas, who paid Abramoff and Scanlon more than $30 million, have sued Abramoff, Scanlon, and Greenberg Traurig, accusing them of a variety of abuses, including fraud, overbilling and negligence.</raw>
		<lemm>the louisiana coushattas  who pay abramoff and scanlon more than $30 million  have sue abramoff  scanlon  and greenberg traurig  accuse them of a variety of abuse  include fraud  overbil and negligence</lemm>
		<bigrams> 3562 1684 5095 5098 5099 697 5101 5107 5108 5109</bigrams>
	</sent></doc>