<?xml version="1.0" encoding="UTF_8"?>
<doc>	<sent id="0">
		<raw>The tribal officials testified before the Senate Indian Affairs Committee, which is investigating the lobbying activities of Jack Abramoff and Michael Scanlon, a former spokesman for Rep. Tom DeLay, R-Texas.</raw>
		<lemm>the tribal official testify before the senate indian affairs committee  which be investigate the lobby activity of jack abramoff and michael scanlon  a former spokesman for rep tom delay  r-texas</lemm>
		<bigrams> 3988 3989 1139 1140 1141 3994 94 943 941 1706 25 1707</bigrams>
	</sent>	<sent id="1">
		<raw>The two are accused of diverting millions of dollars from Indian tribes for personal use.</raw>
		<lemm>the two be accuse of divert million of dollar from indian tribe for personal use</lemm>
		<bigrams> 4002 589 4007</bigrams>
	</sent>	<sent id="2">
		<raw>The Coushattas, who paid Abramoff and Scanlon $36 million in fees over three years, told the panel they feel betrayed by the lobbyists.</raw>
		<lemm>the coushattas  who pay abramoff and scanlon $36 million in fee over three year  tell the panel they feel betray by the lobbyist</lemm>
		<bigrams> 1684 4009 4010 4013 4014 4017</bigrams>
	</sent>	<sent id="3">
		<raw>"While Indian country has seen many con-men through history, few were as skilled as Mr Abramoff and Mr. Scanlon at creating and preying upon insecurities,"said Kevin Stickey, chairman of the Coushatta tribe, which runs the casino resort near Kinder, La.</raw>
		<lemm> while indian country have see many con-man through history  few be as skilled as mr abramoff and mr scanlon at create and prey upon insecurities said kevin stickey  chairman of the coushatta tribe  which run the casino resort near kinder  la </lemm>
		<bigrams> 4020 4023 4024 1022 1968 4036 4037 4038 4039 4040 4041 1272 4045 4046 4047 4048</bigrams>
	</sent>	<sent id="4">
		<raw>"They exaggerated political threats, and they exaggerated economic threats."</raw>
		<lemm> they exaggerate political threat  and they exaggerate economic threat </lemm>
		<bigrams> 4050 4051 4053 4054</bigrams>
	</sent>	<sent id="5">
		<raw>Scanlon and Abramoff, who once boasted of a close working relationship with DeLay, have denied wrongdoing.</raw>
		<lemm>scanlon and abramoff  who once boast of a close work relationship with delay  have deny wrongdoing</lemm>
		<bigrams> 4058 4059 4062</bigrams>
	</sent>	<sent id="6">
		<raw>Coushatta officials said that in 2001 they paid Scanlon's company, Capital Campaign Strategies, $870,000 to set up a grass-roots political organization in Texas to lobby against gambling.</raw>
		<lemm>coushatta official say that in @card@ they pay scanlon s company  capital campaign strategies  $870 000 to set up a grass-roots political organization in texas to lobby against gambling</lemm>
		<bigrams> 4063 4064 3190 4068 4069 4070 4071 4072 4075 4076</bigrams>
	</sent>	<sent id="7">
		<raw>They said Scanlon had written them that "with the Enron and Continental Airlines debacles hitting the Houston area, they are desperate for revenue.</raw>
		<lemm>they say scanlon have write them that  with the enron and continental airlines debacle hit the houston area  they be desperate for revenue</lemm>
		<bigrams> 4081 4090 4091 4092 4095</bigrams>
	</sent>	<sent id="8">
		<raw>... We have never before seen such a pro-gaming atmosphere in Texas."</raw>
		<lemm>  we have never before see such a pro-gaming atmosphere in texas </lemm>
		<bigrams> 4105</bigrams>
	</sent>	<sent id="9">
		<raw>Enron filed for bankruptcy amid financial scandal and the airline was hurt by a drop in travel after the Sept. 11, 2001, attacks.</raw>
		<lemm>enron file for bankruptcy amid financial scandal and the airline be hurt by a drop in travel after the sept @card@  @card@  attack</lemm>
		<bigrams> 4107 4110 4111 4112 279 280 4123</bigrams>
	</sent>	<sent id="10">
		<raw>The Texas Legislature was considering, but never approved, gambling.</raw>
		<lemm>the texas legislature be consider  but never approve  gambling</lemm>
		<bigrams> 4124 4128 4129</bigrams>
	</sent>	<sent id="11">
		<raw>The Coushatta paid the firm run by former Christian Coalition director Ralph Reed to drum up opposition to gambling among ministers and other social conservatives in Texas.</raw>
		<lemm>the coushatta pay the firm run by former christian coalition director ralph reed to drum up opposition to gambling among minister and other social conservative in texas</lemm>
		<bigrams> 4130 4131 4133 1862 4134 4135 1859 4141 4142 4145</bigrams>
	</sent>	<sent id="12">
		<raw>According to tribal officials, the Coushatta funneled $400,000 in funds through third parties, who then paid Reed.</raw>
		<lemm>accord to tribal official  the coushatta funnel $400 000 in fund through third party  who then pay reed</lemm>
		<bigrams> 3988 4148 4149 4150 4154 4158</bigrams>
	</sent>	<sent id="13">
		<raw>The lobbyists also worked against the tribe's interest, according to a Senate investigation that uncovered an e-mail from Abramoff to an associate in which he suggested trying to obtain the business of the Alabama Coushatta, who wanted to open a rival casino in Texas.</raw>
		<lemm>the lobbyist also work against the tribe s interest  accord to a senate investigation that uncover an e-mail from abramoff to an associate in which he suggest try to obtain the business of the alabama coushatta  who want to open a rival casino in texas</lemm>
		<bigrams> 3747 4159 4161 4162 4170 4176 4179</bigrams>
	</sent>	<sent id="14">
		<raw>Scanlon charged the Coushatta of Louisiana $1.3 million to set up a data base and then paid $104,000 to another firm to construct the computer file.</raw>
		<lemm>scanlon charge the coushatta of louisiana $1 3 million to set up a datum base and then pay $104 000 to another firm to construct the computer file</lemm>
		<bigrams> 4180 4182 4183 4184 4186 4189 4190 4192 4197</bigrams>
	</sent>	<sent id="15">
		<raw>Sen. John McCain, R-Ariz, chairman of the Indian Affairs Committee, said Scanlon's accounting records showed that he also skimmed $115,000 from the Indian fees to pay for his wedding, which ultimately never took place.</raw>
		<lemm>sen john mccain  r-ariz  chairman of the indian affairs committee  say scanlon s accounting record show that he also skim $115 000 from the indian fee to pay for his wedding  which ultimately never take place</lemm>
		<bigrams> 1509 1510 1511 1512 1140 1141 1515 4081 4199 265 4200 4201 4202 4203 4207 4208 3431</bigrams>
	</sent>	<sent id="16">
		<raw>He diverted $1.4 million to pay for work on his house and personal expenses, the committee found.</raw>
		<lemm>he divert $1 4 million to pay for work on his house and personal expense  the committee find</lemm>
		<bigrams> 4210 4211 4212 4218 4220</bigrams>
	</sent>	<sent id="17">
		<raw>The committee heard conflicting testimony about whether Abramoff persuaded former Deputy Secretary of the Interior, Steven Griles, to intervene on behalf of the Coushattas to prevent the competing Jenna Choctaws tribe from opening a casino in Louisiana.</raw>
		<lemm>the committee hear conflicting testimony about whether abramoff persuade former deputy secretary of the interior  steven griles  to intervene on behalf of the coushattas to prevent the compete jenna choctaws tribe from open a casino in louisiana</lemm>
		<bigrams> 4221 4222 4223 1267 4225 4226 1134 1135 4228 1131 4235 4236 4237</bigrams>
	</sent>	<sent id="18">
		<raw>Griles told the committee he had not participated in the case.</raw>
		<lemm>griles tell the committee he have not participate in the case</lemm>
		<bigrams> 4238</bigrams>
	</sent>	<sent id="19">
		<raw>But Michael Rosetti, former counsel to Interior Secretary Gale Norton, told the senators he repeatedly had to rebuff Griles' efforts to intervene.</raw>
		<lemm>but michael rosetti  former counsel to interior secretary gale norton  tell the senator he repeatedly have to rebuff griles  effort to intervene</lemm>
		<bigrams> 1178 4243 4244 1119 1120 4247 4248 4254 1179</bigrams>
	</sent>	<sent id="20">
		<raw>Griles acknowledged meeting with Abramoff several times.</raw>
		<lemm>griles acknowledge meeting with abramoff several time</lemm>
		<bigrams> 4255 4256 4258 4259</bigrams>
	</sent>	<sent id="21">
		<raw>McCain said he hoped to introduce legislation next week to address some of the abuses.</raw>
		<lemm>mccain say he hope to introduce legislation next week to address some of the abuse</lemm>
		<bigrams> 2226 4262 4263 4264</bigrams>
	</sent>	<sent id="22">
		<raw>Abramoff and Scanlon are also being investigated by the Justice Department.</raw>
		<lemm>abramoff and scanlon be also be investigate by the justice department</lemm>
		<bigrams> 4270</bigrams>
	</sent>	<sent id="23">
		<raw>And Abramoff has been indicted in Florida in a separate case involving his ownership of a cruise ship company.</raw>
		<lemm>and abramoff have be indict in florida in a separate case involve his ownership of a cruise ship company</lemm>
		<bigrams> 4274 4275 2637 2638</bigrams>
	</sent></doc>