<?xml version="1.0" encoding="UTF_8"?>
<doc>	<sent id="0">
		<raw>Gumen kidnapped a Catholic archbishop in Iraq's main northern city of Mosul Monday in what the Vatican condemned as a "terrorist act" as persistent violence dogged the run-up to landmark January 30 elections.</raw>
		<lemm>gumen kidnap a catholic archbishop in iraq s main northern city of mosul monday in what the vatican condemn as a  terrorist act  as persistent violence dog the run-up to landmark january @card@ election</lemm>
		<bigrams> 338 27 343 344 347 352 356 359 360 365 366 367</bigrams>
	</sent>	<sent id="1">
		<raw>Deputy Prime Minister Barham Saleh said his US-backed interim government was "prepared for the worst" as insurgent attacks killed dozens of people in the space of 48 hours.</raw>
		<lemm>deputy prime minister barham saleh say his us-backed interim government be  prepare for the bad  as insurgent attack kill dozen of people in the space of @card@ hour</lemm>
		<bigrams> 368 369 370 371 372 375 376 383 384 385 392</bigrams>
	</sent>	<sent id="2">
		<raw>Archbishop Basile Georges Casmoussa, 66, leader of Mosul's Syrian Catholic community, was seized by gunmen at around 5 pm (1400 GMT) as he was about to enter his car, local priest Father Faraj told AFP.</raw>
		<lemm>archbishop basile georges casmoussa  @card@  leader of mosul s syrian catholic community  be seize by gunman at around @card@ pm ( @card@ gmt ) as he be about to enter his car  local priest father faraj tell afp</lemm>
		<bigrams> 28 393 394 395 396 26 400 407 408 409 410 411 412 420 421 422 423 424 425</bigrams>
	</sent>	<sent id="3">
		<raw>The kidnappers then tossed him into the trunk of their vehicle before speeding away, said the priest, who follows the rival Chaldean rite.</raw>
		<lemm>the kidnapper then toss him into the trunk of their vehicle before speed away  say the priest  who follow the rival chaldean rite</lemm>
		<bigrams> 438 439 446 447</bigrams>
	</sent>	<sent id="4">
		<raw>The Chaldean patriarch in Baghdad, Emmanuel Delly, said Casmoussa "was abducted outside his home as he was returning from a pastoral visit in the diocese of Mosul".</raw>
		<lemm>the chaldean patriarch in baghdad  emmanuel delly  say casmoussa  be abduct outside his home as he be return from a pastoral visit in the diocese of mosul </lemm>
		<bigrams> 448 451 452 453 454 457 465</bigrams>
	</sent>	<sent id="5">
		<raw>"He was abducted and taken off in a car.</raw>
		<lemm> he be abduct and take off in a car</lemm>
		<bigrams></bigrams>
	</sent>	<sent id="6">
		<raw>We don't know who took him, nor the reason why," Delly told the missionary news agency Misna by telephone.</raw>
		<lemm>we do n t know who take him  nor the reason why   delly tell the missionary news agency misna by telephone</lemm>
		<bigrams> 487 490 491 492</bigrams>
	</sent>	<sent id="7">
		<raw>"We gave the news to the Vatican and now we are doing everything possible to trace him and we hope we can save him."</raw>
		<lemm> we give the news to the vatican and now we be do everything possible to trace him and we hope we can save him </lemm>
		<bigrams> 505</bigrams>
	</sent>	<sent id="8">
		<raw>Vatican spokesman Joaquin Navarro Valls said the Holy See "condemns in the firmest manner this terrorist act and demands that Monsignor Casmoussa be rapidly returned safe and well to his ministry".</raw>
		<lemm>vatican spokesman joaquin navarro valls say the holy see  condemn in the firm manner this terrorist act and demand that monsignor casmoussa be rapidly return safe and well to his ministry </lemm>
		<bigrams> 516 517 518 519 520 522 523 526 356 533 535 536</bigrams>
	</sent>	<sent id="9">
		<raw>The motive of the abuction was not immediately clear but it came amid mounting sectarian violence in the run-up to this month's election.</raw>
		<lemm>the motive of the abuction be not immediately clear but it come amid mount sectarian violence in the run-up to this month s election</lemm>
		<bigrams> 548 552 553 554 555</bigrams>
	</sent>	<sent id="10">
		<raw>The home of the Chaldean patriarch was attacked late last year prompting condemnation from Pope John Paul II.</raw>
		<lemm>the home of the chaldean patriarch be attack late last year prompt condemnation from pope john paul ii</lemm>
		<bigrams> 448 565 566 567 568 569 572 573 574</bigrams>
	</sent>	<sent id="11">
		<raw>In Baghdad, a spokesman for one of the main Christian political parties suggested the abuction might be an attempt to intimidate the community into staying at home on polling day.</raw>
		<lemm>in baghdad  a spokesman for one of the main christian political party suggest the abuction might be an attempt to intimidate the community into stay at home on polling day</lemm>
		<bigrams> 580 581 582 583 585 599</bigrams>
	</sent>	<sent id="12">
		<raw>"It could be an attack on Christians who are willing to participate in the elections," said Assyrian Democratic Movement spokesman William Warda.</raw>
		<lemm> it could be an attack on christian who be willing to participate in the election   say assyrian democratic movement spokesman william warda</lemm>
		<bigrams> 611 612 613 614 615 616 617</bigrams>
	</sent>	<sent id="13">
		<raw>Iraq's fledgling security forces, which are to take the lead role on polling day, took the brunt of a flurry of attacks around Iraq on Monday.</raw>
		<lemm>iraq s fledgling security force  which be to take the lead role on polling day  take the brunt of a flurry of attack around iraq on monday</lemm>
		<bigrams> 619 620 626 599 628 634 123</bigrams>
	</sent>	<sent id="14">
		<raw>North of Baghdad, some 20 rebels ambushed an army checkpoint near Baquba, sprayed gunfire and lobbed rocket-propelled grenades, killing seven soldiers and a security guard, army officers told AFP.</raw>
		<lemm>north of baghdad  some @card@ rebel ambush an army checkpoint near baquba  spray gunfire and lob rocket-propel grenade  kill seven soldier and a security guard  army officer tell afp</lemm>
		<bigrams> 641 642 645 646 647 648 649 652 653 654 655 656 660 661 662 663 425</bigrams>
	</sent>	<sent id="15">
		<raw>A soldier was knelt in morning prayer in a tiny sentry post when insurgents came up from behind and decapitated him.</raw>
		<lemm>a soldier be kneel in morning prayer in a tiny sentry post when insurgent come up from behind and decapitate him</lemm>
		<bigrams> 669 672 673 676</bigrams>
	</sent>	<sent id="16">
		<raw>Another three were burnt to death in a vehicle, the officers said.</raw>
		<lemm>another three be burn to death in a vehicle  the officer say</lemm>
		<bigrams> 683 692</bigrams>
	</sent>	<sent id="17">
		<raw>The killings came after the Iraqi army arrested around 60 people in sweeps in the town of Bohrouz, south of Baquba, where the insurgency has popular support, said local resident Akeel Mateb.</raw>
		<lemm>the killing come after the iraqi army arrest around @card@ people in sweep in the town of bohrouz  south of baquba  where the insurgency have popular support  say local resident akeel mateb</lemm>
		<bigrams> 694 696 697 698 407 699 705 712 713 714 715 716 717</bigrams>
	</sent>	<sent id="18">
		<raw>The Al-Qaeda-linked group of Iraq's most wanted man Abu Musab al-Zarqawi claimed responsibility for the attack in a statement posted on the Internet.</raw>
		<lemm>the al-qaeda-linked group of iraq s most wanted man abu musab al-zarqawi claim responsibility for the attack in a statement post on the internet</lemm>
		<bigrams> 719 723 724 725 726 727 728 733</bigrams>
	</sent>	<sent id="19">
		<raw>In another attack, seven policemen were killed and 15 wounded in a suicide bombing outside a police station in Baiji, home to Iraq's largest oil refinery, a senior police officer said.</raw>
		<lemm>in another attack  seven policeman be kill and @card@ wound in a suicide bombing outside a police station in baiji  home to iraq s large oil refinery  a senior police officer say</lemm>
		<bigrams> 738 739 740 745 748 749 752 755 759 760 763 764 692</bigrams>
	</sent>	<sent id="20">
		<raw>In the village of Al-Dawr, just outside Saddam Hussein's hometown of Tikrit, one officer was killed and another wounded, police said.</raw>
		<lemm>in the village of al-dawr  just outside saddam hussein s hometown of tikrit  one officer be kill and another wounded  police say</lemm>
		<bigrams> 770 771 776 777 780 781 782</bigrams>
	</sent>	<sent id="21">
		<raw>In Al-Shurqat, south of Mosul, one policeman was killed and two wounded in another attack on a police station, while the body of a second officer was found riddled with bullets on a roadside.</raw>
		<lemm>in al-shurqat  south of mosul  one policeman be kill and two wound in another attack on a police station  while the body of a second officer be find riddle with bullet on a roadside</lemm>
		<bigrams> 784 785 786 788 738 752 795 797</bigrams>
	</sent>	<sent id="22">
		<raw>Amid the violence, the deputy prime minister acknowledged that polling day was likely to be mired in violence but argued an "imperfect" poll was better than none at all.</raw>
		<lemm>amid the violence  the deputy prime minister acknowledge that polling day be likely to be mire in violence but argue an  imperfect  poll be good than none at all</lemm>
		<bigrams> 368 369 806 599 820</bigrams>
	</sent>	<sent id="23">
		<raw>"I hope elections will go smoothly but we are prepared for the worst," Saleh told AFP.</raw>
		<lemm> i hope election will go smoothly but we be prepare for the bad   saleh tell afp</lemm>
		<bigrams> 828 831 834 835 425</bigrams>
	</sent>	<sent id="24">
		<raw>The top US commander in Iraq, General George W. Casey, gave a similarly gloomy prognosis, saying that election day violence was unavoidable despite the coalition's best efforts.</raw>
		<lemm>the top us commander in iraq  general george w casey  give a similarly gloomy prognosis  say that election day violence be unavoidable despite the coalition s good effort</lemm>
		<bigrams> 837 838 840 841 842 843 844 847 848 849 852 853 856 861</bigrams>
	</sent>	<sent id="25">
		<raw>With much riding on their performance, Iraqi security forces went on the offensive, killing 35 rebels and arresting 64 in the space of 48 hours in the formerly rebel-held city of Fallujah, west of Baghdad, the government said.</raw>
		<lemm>with much ride on their performance  iraqi security force go on the offensive  kill @card@ rebel and arrest @card@ in the space of @card@ hour in the formerly rebel-held city of fallujah  west of baghdad  the government say</lemm>
		<bigrams> 863 867 868 620 869 872 873 641 876 392 880 881 883 887</bigrams>
	</sent>	<sent id="26">
		<raw>West of Fallujah, a suicide bomber blew up a vehicle packed with explosives in the city of Ramadi, causing US casualties, a marine spokesman said without elaborating.</raw>
		<lemm>west of fallujah  a suicide bomber blow up a vehicle pack with explosive in the city of ramadi  cause us casualty  a marine spokesman say without elaborate</lemm>
		<bigrams> 889 890 893 899 900 901 904 905 906 907</bigrams>
	</sent>	<sent id="27">
		<raw>Two beheaded corpses of Iraqi soldiers were also found in the city, security sources said.</raw>
		<lemm>two behead corpse of iraqi soldier be also find in the city  security source say</lemm>
		<bigrams> 908 909 912 913 915 916 917</bigrams>
	</sent>	<sent id="28">
		<raw>In Mosul, the US military said it had killed seven insurgents in the space of 24 hours.</raw>
		<lemm>in mosul  the us military say it have kill seven insurgent in the space of @card@ hour</lemm>
		<bigrams> 920 921 655 925 392</bigrams>
	</sent>	<sent id="29">
		<raw>Outside Iraq, members of the country's huge emigre community began registering for this month's election in 14 countries around the globe in what organisers hailed as one of the largest operations of its kind.</raw>
		<lemm>outside iraq  member of the country s huge emigre community begin register for this month s election in @card@ country around the globe in what organiser hail as one of the large operation of its kind</lemm>
		<bigrams> 927 928 931 932 933 934 938 939 944 948</bigrams>
	</sent></doc>