<?xml version="1.0" encoding="UTF_8"?>
<doc>	<sent id="0">
		<raw>Iraq's Christian parties complain they lack funding and are living in danger ahead of landmark parliamentary elections scheduled for January 30.</raw>
		<lemm>iraq s christian party complain they lack funding and be live in danger ahead of landmark parliamentary election schedule for january @card@</lemm>
		<bigrams> 1951 1952 1955 1959 1962 1963 1964 366</bigrams>
	</sent>	<sent id="1">
		<raw>Already the victims of several church bombings since August, the country's 700,000 Christians, who make up just three percent of Iraq's 26 million people, are struggling to get their message across.</raw>
		<lemm>already the victim of several church bombing since august  the country s @card@ christian  who make up just three percent of iraq s @card@ million people  be struggle to get their message across</lemm>
		<bigrams> 1970 975 1971 1081 1268 1978 116 1979 1986</bigrams>
	</sent>	<sent id="2">
		<raw>"Governmental parties are able to reach out to the public through the media because they have greater financial resources," says Odeesho Toma, a member of the Assyrian Patriotic Party, which is running on a coalition list with Kurdish parties.</raw>
		<lemm> governmental party be able to reach out to the public through the medium because they have great financial resource   say odeesho toma  a member of the assyrian patriotic party  which be run on a coalition list with kurdish party</lemm>
		<bigrams> 1987 2001 2002 2003 2004 2005 2007 2008 2013 2016</bigrams>
	</sent>	<sent id="3">
		<raw>Because of its lack of financial clout, the party's Shara (the Truth) radio broadcasts in Kurdistan, but its frequency has trouble making it to Baghdad.</raw>
		<lemm>because of its lack of financial clout  the party s shara ( the truth ) radio broadcast in kurdistan  but its frequency have trouble make it to baghdad</lemm>
		<bigrams> 2021 2026 2029 2030 2031 2039</bigrams>
	</sent>	<sent id="4">
		<raw>"We have to hold meetings and symposiums for our people in the north to urge them to vote for the list we are part of," Toma says.</raw>
		<lemm> we have to hold meeting and symposium for our people in the north to urge them to vote for the list we be part of   toma say</lemm>
		<bigrams> 2046 2062</bigrams>
	</sent>	<sent id="5">
		<raw>Even for parties with deeper pockets, like the Assyrian Democratic Movement, television advertising is too costly.</raw>
		<lemm>even for party with deep pocket  like the assyrian democratic movement  television advertising be too costly</lemm>
		<bigrams> 2067 2068 613 614 2070 2071</bigrams>
	</sent>	<sent id="6">
		<raw>"We are facing financial troubles, and huge amounts of money are required if we want to make use of satellite TV stations in our campaign," says William Warda, the head of the culture and information bureau in the Assyrian Democratic Movement.</raw>
		<lemm> we be face financial trouble  and huge amount of money be require if we want to make use of satellite tv station in our campaign   say william warda  the head of the culture and information bureau in the assyrian democratic movement</lemm>
		<bigrams> 2076 2077 2080 2088 2091 2092 2094 2095 617 2102 613 614</bigrams>
	</sent>	<sent id="7">
		<raw>"Considering the fact that members of the next parliament will only keep their posts for no longer than 11 months, it's not worth spending all that money," he adds.</raw>
		<lemm> consider the fact that member of the next parliament will only keep their post for no long than @card@ month  it be not worth spending all that money   he add</lemm>
		<bigrams> 2108 2118 2121</bigrams>
	</sent>	<sent id="8">
		<raw>The few posters of Christian parties on display bear no symbols other than the map of Iraq.</raw>
		<lemm>the few poster of christian party on display bear no symbol other than the map of iraq</lemm>
		<bigrams> 1951 2132</bigrams>
	</sent>	<sent id="9">
		<raw>"For a prosperous Iraq for the unity of our Chaldean-Syriac-Assyrian people, vote for list number 148 of the Democratic Coalition of the Two Rivers", one poster reads.</raw>
		<lemm> for a prosperous iraq for the unity of our chaldean-syriac-assyrian people  vote for list number @card@ of the democratic coalition of the two rivers   one poster read</lemm>
		<bigrams> 2142 2147 2148 2150 2151 2153 2156 2157 2158 2159</bigrams>
	</sent>	<sent id="10">
		<raw>Another poster shows Iraq's map in white and the ancient symbol of a sun engulfing a star and two rivers springing near the northern, restive, city of Mosul in tribute to the Tigris and the Euphrates rivers.</raw>
		<lemm>another poster show iraq s map in white and the ancient symbol of a sun engulf a star and two river spring near the northern  restive  city of mosul in tribute to the tigris and the euphrates river</lemm>
		<bigrams> 2160 2161 2162 2168 2171 2175 2176 2177 2180 2181 2188</bigrams>
	</sent>	<sent id="11">
		<raw>Unlike big governmental partithan one million.</raw>
		<lemm>unlike big governmental partithan one million</lemm>
		<bigrams> 2189 2190 2191 2192 2193</bigrams>
	</sent>	<sent id="12">
		<raw>Some television stations run by Christian parties are working from abroad and apparently addressing Iraqi Christian communities there, like the Surayah TV of the Bethnarhain Patriotic Union based in Stockholm, Sweden and Assyrians based in Chicago.</raw>
		<lemm>some television station run by christian party be work from abroad and apparently address iraqi christian community there  like the surayah tv of the bethnarhain patriotic union base in stockholm  sweden and assyrians base in chicago</lemm>
		<bigrams> 2195 2196 1951 2204 2205 34 21 2209 2212 2213 2214 2217 2220</bigrams>
	</sent></doc>