<?xml version="1.0" encoding="UTF_8"?>
<doc>	<sent id="0">
		<raw>The former archbishop of Canterbury launched a campaign Monday to assure the future of Iraq's Assyrian community, which he said is facing persecution.</raw>
		<lemm>the former archbishop of canterbury launch a campaign monday to assure the future of iraq s assyrian community  which he say be face persecution</lemm>
		<bigrams> 2404 2407 2409 2415 2419</bigrams>
	</sent>	<sent id="1">
		<raw>George Carey said the Assyrians were the victims of systematic ethnic cleansing, which had worsened considerably since the fall of Iraqi President Saddam Hussein.</raw>
		<lemm>george carey say the assyrians be the victim of systematic ethnic cleansing  which have worsen considerably since the fall of iraqi president saddam hussein</lemm>
		<bigrams> 2420 2421 2425 2426 2430 2431 2434 2435 771</bigrams>
	</sent>	<sent id="2">
		<raw>The mainly Christian community has faced relentless persecution for hundreds of years from the largely Muslim population living alongside them.</raw>
		<lemm>the mainly christian community have face relentless persecution for hundred of year from the largely muslim population live alongside them</lemm>
		<bigrams> 2437 21 2440 2441 2447 2448 2449 2450</bigrams>
	</sent>	<sent id="3">
		<raw>"In recent months and years churches and monasteries have been attacked and people have been killed," said Carey, who launched the campaign with Assyrian leaders at the House of Lords.</raw>
		<lemm> in recent month and year church and monastery have be attack and people have be kill   say carey  who launch the campaign with assyrian leader at the house of lords</lemm>
		<bigrams> 2453 2456 2462 2463 2470</bigrams>
	</sent>	<sent id="4">
		<raw>"In one case a young man was kidnapped and beheaded.</raw>
		<lemm> in one case a young man be kidnap and behead</lemm>
		<bigrams> 2477 2480</bigrams>
	</sent>	<sent id="5">
		<raw>We are talking about terrible atrocities, which would undermine any community," he said.</raw>
		<lemm>we be talk about terrible atrocity  which would undermine any community   he say</lemm>
		<bigrams> 2488 2491</bigrams>
	</sent>	<sent id="6">
		<raw>"These are issues of human rights and abuse of people which we have to be aware of.</raw>
		<lemm> these be issue of human right and abuse of people which we have to be aware of</lemm>
		<bigrams> 2499</bigrams>
	</sent>	<sent id="7">
		<raw>"It is systematic violence against Assyrian people, driving them out of their homes and pillaging them.</raw>
		<lemm> it be systematic violence against assyrian people  drive them out of their home and pillage them</lemm>
		<bigrams> 2507 2510 2511</bigrams>
	</sent>	<sent id="8">
		<raw>It is putting pressure upon them to get them to leave."</raw>
		<lemm>it be put pressure upon them to get them to leave </lemm>
		<bigrams> 2517 2518</bigrams>
	</sent>	<sent id="9">
		<raw>Carey said the Assyrians were also seen as an easy target because they are Christians in a mainly Muslim country.</raw>
		<lemm>carey say the assyrians be also see as an easy target because they be christian in a mainly muslim country</lemm>
		<bigrams> 2421 2521 2524 2527 2528</bigrams>
	</sent>	<sent id="10">
		<raw>The Assyrian civilization, which has existed since 3,000 B. C., has one of the oldest Christian traditions in the world, dating to the first century.</raw>
		<lemm>the assyrian civilization  which have exist since @card@ b c  have one of the old christian tradition in the world  date to the first century</lemm>
		<bigrams> 2529 2532 2533 2534 2535 2539 2540 2543 2545</bigrams>
	</sent>	<sent id="11">
		<raw>There are 800,000 Assyrians in Iraq and there are thought to be around half a million living around the world.</raw>
		<lemm>there be @card@ assyrians in iraq and there be think to be around half a million living around the world</lemm>
		<bigrams> 2547 2553 2556 2557</bigrams>
	</sent>	<sent id="12">
		<raw>They still speak the ancient biblical language of Aramaic.</raw>
		<lemm>they still speak the ancient biblical language of aramaic</lemm>
		<bigrams> 2559 2561 2562</bigrams>
	</sent>	<sent id="13">
		<raw>Carey stressed that the campaign to ensure their future is "not a strategy against Islam."</raw>
		<lemm>carey stress that the campaign to ensure their future be  not a strategy against islam </lemm>
		<bigrams> 2564</bigrams>
	</sent>	<sent id="14">
		<raw>This is simply to say that the Assyrians are now the victims of terrorists and the imprint of others who want to put their very narrow world view upon others.</raw>
		<lemm>this be simply to say that the assyrians be now the victim of terrorist and the imprint of other who want to put their very narrow world view upon other</lemm>
		<bigrams> 2591 2592 2593</bigrams>
	</sent>	<sent id="15">
		<raw>We must fight it."</raw>
		<lemm>we must fight it </lemm>
		<bigrams> 2595</bigrams>
	</sent>	<sent id="16">
		<raw>Campaign organizer Mark Seddon called for Assyrian rights to be enshrined in the new Iraqi constitution and for Assyrians dispossessed by the violence to be given the financial aid to return to their lands and homes.</raw>
		<lemm>campaign organizer mark seddon call for assyrian right to be enshrine in the new iraqi constitution and for assyrians dispossess by the violence to be give the financial aid to return to their land and home</lemm>
		<bigrams> 2597 2598 2599 2600 2603 2607 2608 2611 2616</bigrams>
	</sent>	<sent id="17">
		<raw>Doctor Khoshaba George, who runs an Assyrian church in London, said the community's hopes of a brighter future had been raised with the fall of Saddam.</raw>
		<lemm>doctor khoshaba george  who run an assyrian church in london  say the community s hope of a bright future have be raise with the fall of saddam</lemm>
		<bigrams> 2624 2625 224 2630 2635</bigrams>
	</sent>	<sent id="18">
		<raw>"Unfortunately things went wrong and our condition in Iraq is becoming worse and worse," he added.</raw>
		<lemm> unfortunately thing go wrong and our condition in iraq be become bad and bad   he add</lemm>
		<bigrams> 2640 2641 2642 2648</bigrams>
	</sent></doc>