<?xml version="1.0" encoding="UTF_8"?>
<doc>	<sent id="0">
		<raw>For the first time in their lives, Widad Mikho and her sister Neshwan will not attend Mass on Sunday, too frightened after a series of church bombings across Baghdad.</raw>
		<lemm>for the first time in their life  widad mikho and her sister neshwan will not attend mass on sunday  too frighten after a series of church bombing across baghdad</lemm>
		<bigrams> 953 957 958 962 966 975 976 977</bigrams>
	</sent>	<sent id="1">
		<raw>But fear will not keep Dana George away.</raw>
		<lemm>but fear will not keep dana george away</lemm>
		<bigrams> 981 982 983</bigrams>
	</sent>	<sent id="2">
		<raw>"It would be better to die in church than anywhere else," she said.</raw>
		<lemm> it would be good to die in church than anywhere else   she say</lemm>
		<bigrams> 992</bigrams>
	</sent>	<sent id="3">
		<raw>Iraq's Christians, increasingly targeted by insurgents, are fleeing Baghdad for the safety of the Kurdish north or neighboring Syria and Jordan.</raw>
		<lemm>iraq s christian  increasingly target by insurgent  be flee baghdad for the safety of the kurdish north or neighbor syria and jordan</lemm>
		<bigrams> 996 997 1002 1007 1010</bigrams>
	</sent>	<sent id="4">
		<raw>After Saturday's bombings of five churches, which damaged buildings but caused no casualties, Christian leaders fear more will leave.</raw>
		<lemm>after saturday s bombing of five church  which damage building but cause no casualty  christian leader fear more will leave</lemm>
		<bigrams> 1018 1021 1026 1027 1028</bigrams>
	</sent>	<sent id="5">
		<raw>But the exodus is temporary, insist many, because they are not selling their homes and property.</raw>
		<lemm>but the exodus be temporary  insist many  because they be not sell their home and property</lemm>
		<bigrams> 1036 1037</bigrams>
	</sent>	<sent id="6">
		<raw>They will wait it out and return when the situation improves.</raw>
		<lemm>they will wait it out and return when the situation improve</lemm>
		<bigrams> 1055</bigrams>
	</sent>	<sent id="7">
		<raw>Pascale Isho Warda, a Christian who is the interim government's minister for displacement and migration, estimated as many as 15,000 out of Iraq's nearly 1 million Christians have left the country since August, when four churches in Baghdad and one in Mosul were blown up in a coordinated series of car bombings.</raw>
		<lemm>pascale isho warda  a christian who be the interim government s minister for displacement and migration  estimate as many as @card@ out of iraq s nearly @card@ million christian have leave the country since august  when four church in baghdad and one in mosul be blow up in a coordinate series of car bombing</lemm>
		<bigrams> 1056 1057 376 1068 1076 116 112 1080 1081 1084 1091 1093</bigrams>
	</sent>	<sent id="8">
		<raw>The attacks killed 12 people and injured 61 others.</raw>
		<lemm>the attack kill @card@ people and injure @card@ other</lemm>
		<bigrams> 384 873 699 1096</bigrams>
	</sent>	<sent id="9">
		<raw>Another church was bombed in Baghdad in September.</raw>
		<lemm>another church be bomb in baghdad in september</lemm>
		<bigrams> 1098</bigrams>
	</sent>	<sent id="10">
		<raw>Saturday's "explosions will no doubt push people to immigrate," said Father Raphael Qutaimi, acting bishop of the Syrian Catholic Church.</raw>
		<lemm>saturday s  explosion will no doubt push people to immigrate   say father raphael qutaimi  act bishop of the syrian catholic church</lemm>
		<bigrams> 1108 1109 1112 1113 1114 1115 1116 1117 26 59</bigrams>
	</sent>	<sent id="11">
		<raw>"But this country has been ours for thousands of years.</raw>
		<lemm> but this country have be ours for thousand of year</lemm>
		<bigrams></bigrams>
	</sent>	<sent id="12">
		<raw>Our ancestors shed blood defending it.</raw>
		<lemm>our ancestor shed blood defend it</lemm>
		<bigrams> 1129 1130 1131</bigrams>
	</sent>	<sent id="13">
		<raw>We mustn't leave it."</raw>
		<lemm>we must n t leave it </lemm>
		<bigrams> 1134</bigrams>
	</sent>	<sent id="14">
		<raw>He and all the dozen Christians interviewed Saturday said the attacks were not the work of Muslim Iraqis, but foreigners.</raw>
		<lemm>he and all the dozen christian interview saturday say the attack be not the work of muslim iraqi  but foreigner</lemm>
		<bigrams> 1141 1142 1143 1144 1150</bigrams>
	</sent>	<sent id="15">
		<raw>"The foreigner is trying to create division and enmity between Christians and Muslims.</raw>
		<lemm> the foreigner be try to create division and enmity between christian and muslims</lemm>
		<bigrams> 1158</bigrams>
	</sent>	<sent id="16">
		<raw>We must stand hand in hand and heart to heart and not give the outsider cause to divide us," Qutaimi said.</raw>
		<lemm>we must stand hand in hand and heart to heart and not give the outsider cause to divide us   qutaimi say</lemm>
		<bigrams> 1165 1166 1177 1180 1181 1182</bigrams>
	</sent>	<sent id="17">
		<raw>"They want us to leave Iraq," said Surah Samaan, a 25-year-old lab technician, referring to the attackers, who she believes are Arabs linked to al-Qaida.</raw>
		<lemm> they want us to leave iraq   say surah samaan  a 25-year-old lab technician  refer to the attacker  who she believe be arabs link to al-qaida</lemm>
		<bigrams> 1183 1186 1187 1188 1189 1192 1193 1194 1202</bigrams>
	</sent>	<sent id="18">
		<raw>But Yonadem Kana, secretary general of the Assyrian Democratic Movement, said the general security situation of the country, car bombings, kidnappings and murders, which affect all of Iraq's religious groups, had chased away many Christians.</raw>
		<lemm>but yonadem kana  secretary general of the assyrian democratic movement  say the general security situation of the country  car bombing  kidnapping and murder  which affect all of iraq s religious group  have chase away many christian</lemm>
		<bigrams> 1205 1206 1207 613 614 1209 1211 1212 1214 1093 1215 1223 1226 1227 1228</bigrams>
	</sent>	<sent id="19">
		<raw>"They figure instead of staying and paying $50,000 (euro40,275) to kidnappers for ransom, they can spend $5,000 (euro4,025) in Latakia or Damascus," he said, referring to two cities in neighboring Syria.</raw>
		<lemm> they figure instead of stay and pay $50 000 ( euro40 275 ) to kidnapper for ransom  they can spend $5 000 ( euro4 025 ) in latakia or damascus   he say  refer to two city in neighboring syria</lemm>
		<bigrams> 1230 1235 1236 1237 1238 1239 1240 1248 1249 1237 1250 1251 1252 1259 1261 1264</bigrams>
	</sent>	<sent id="20">
		<raw>He said more than 100 Christians had been murdered after the U. S.-led war, including 35 liquor vendors and others who worked for coalition forces.</raw>
		<lemm>he say more than @card@ christian have be murder after the u s -led war  include @card@ liquor vendor and other who work for coalition force</lemm>
		<bigrams> 1268 1274 1275 1276 1277 1278 1285</bigrams>
	</sent>	<sent id="21">
		<raw>About 200 more have died in the general violence that has gripped Iraq.</raw>
		<lemm>about @card@ more have die in the general violence that have grip iraq</lemm>
		<bigrams> 1290 1294</bigrams>
	</sent>	<sent id="22">
		<raw>Insurgents have been targeting many Iraqis who are seen as helping the U. S.-led forces, and extremist militiamen have often targeted people in occupations seen as breaking Islamic rules.</raw>
		<lemm>insurgent have be target many iraqi who be see as help the u s -led force  and extremist militiaman have often target people in occupation see as break islamic rule</lemm>
		<bigrams> 1297 1298 1304 1307 1310 1311 1313 1315 1316</bigrams>
	</sent>	<sent id="23">
		<raw>Never in Iraq, Kana said, had a church been attacked, not since the days of the Mongols, who massacred 800,000 of Baghdad's residents and destroyed the city in the 13th century.</raw>
		<lemm>never in iraq  kana say  have a church be attack  not since the day of the mongol  who massacre @card@ of baghdad s resident and destroy the city in the 13th century</lemm>
		<bigrams> 1318 1319 1329 1337</bigrams>
	</sent>	<sent id="24">
		<raw>Neshwan Mikho, 46, has been cleaning the Saint John's Church in the working class neighborhood of Bataween every Saturday for the past seven years undeterred by rain, sandstorms or even shellings.</raw>
		<lemm>neshwan mikho  @card@  have be clean the saint john s church in the work class neighborhood of bataween every saturday for the past seven year undeterred by rain  sandstorm or even shellings</lemm>
		<bigrams> 1338 1339 1344 1347 1348 1351 1352 1355 1356 1357 1360 1363</bigrams>
	</sent>	<sent id="25">
		<raw>"But today, I was afraid to go when I heard the news," she said.</raw>
		<lemm> but today  i be afraid to go when i hear the news   she say</lemm>
		<bigrams></bigrams>
	</sent>	<sent id="26">
		<raw>She said she and her sister, Widad, 60, who lives with her, will not catch the 6:30 a.m. bus that takes them to church every Sunday.</raw>
		<lemm>she say she and her sister  widad  @card@  who live with her  will not catch the @card@ a m bus that take them to church every sunday</lemm>
		<bigrams> 1377 1378 1394 1395</bigrams>
	</sent>	<sent id="27">
		<raw>"I am sad in my heart because tomorrow I will not be attending Mass," said Widad, a Chaldean Christian.</raw>
		<lemm> i be sad in my heart because tomorrow i will not be attend mass   say widad  a chaldean christian</lemm>
		<bigrams> 966 1406 1407 1410</bigrams>
	</sent>	<sent id="28">
		<raw>"They are denying us what is most important thing in our lives."</raw>
		<lemm> they be deny us what be most important thing in our life </lemm>
		<bigrams> 1412 1416</bigrams>
	</sent>	<sent id="29">
		<raw>She has been living in a state of near paranoia since the August church attacks.</raw>
		<lemm>she have be live in a state of near paranoia since the august church attack</lemm>
		<bigrams> 1426 1427 1429 1430</bigrams>
	</sent>	<sent id="30">
		<raw>At night, she said, she wakes up four or five times to look out the window to make sure no one's standing outside.</raw>
		<lemm>at night  she say  she wake up four or five time to look out the window to make sure no one be stand outside</lemm>
		<bigrams> 1438 1446 1451</bigrams>
	</sent>	<sent id="31">
		<raw>"We are targets from both sides, for being Iraqis like everyone else and for being Christians in particular," said Widad, a retired nurse.</raw>
		<lemm> we be target from both side  for be iraqi like everyone else and for be christian in particular   say widad  a retire nurse</lemm>
		<bigrams> 1458 1459 1460 1465 1407 1467</bigrams>
	</sent>	<sent id="32">
		<raw>She and her sister would like to leave for good for Australia, where their two other sisters live.</raw>
		<lemm>she and her sister would like to leave for good for australia  where their two other sister live</lemm>
		<bigrams> 1468 1469 1480</bigrams>
	</sent>	<sent id="33">
		<raw>But they cannot afford it.</raw>
		<lemm>but they can afford it</lemm>
		<bigrams></bigrams>
	</sent>	<sent id="34">
		<raw>They are shelling our church, they might break into our homes tomorrow and the next day force us to wear the veil," Widad said.</raw>
		<lemm>they be shell our church  they might break into our home tomorrow and the next day force us to wear the veil   widad say</lemm>
		<bigrams> 1489 1493 1497 1498 1499 1503 1504</bigrams>
	</sent>	<sent id="35">
		<raw>Bassem Samir Khouri, a legal adviser in the interim Education Ministry, will also skip Sunday mass but is staying put in Iraq.</raw>
		<lemm>bassem samir khouri  a legal adviser in the interim education ministry  will also skip sunday mass but be stay put in iraq</lemm>
		<bigrams> 1505 1506 1509 1511 1512 1515 1516 1517 1521</bigrams>
	</sent>	<sent id="36">
		<raw>He said throughout the years, Iraq's Christians had kept to themselves trying to keep out of trouble.</raw>
		<lemm>he say throughout the year  iraq s christian have keep to themselves try to keep out of trouble</lemm>
		<bigrams> 1523 1526</bigrams>
	</sent>	<sent id="37">
		<raw>With the country in turmoil now, Muslims are asking why the Christians aren't taking sides on the question of Fallujah or other trouble spots where anti-American insurgency is strong.</raw>
		<lemm>with the country in turmoil now  muslim be ask why the christian be n t take side on the question of fallujah or other trouble spot where anti-american insurgency be strong</lemm>
		<bigrams> 1546 1553 1556</bigrams>
	</sent>	<sent id="38">
		<raw>Dana George, 60, would like to leave the country, if only for the sake of her three grown children.</raw>
		<lemm>dana george  @card@  would like to leave the country  if only for the sake of her three grown child</lemm>
		<bigrams> 982 1559 1560 1469 1568 1569</bigrams>
	</sent>	<sent id="39">
		<raw>But her husband won't hear of it.</raw>
		<lemm>but her husband wo n t hear of it</lemm>
		<bigrams> 1572 1573</bigrams>
	</sent>	<sent id="40">
		<raw>So for now, she will continue going to her St. Matthew's Church despite the attacks.</raw>
		<lemm>so for now  she will continue go to her st matthew s church despite the attack</lemm>
		<bigrams> 1582 1586 1588</bigrams>
	</sent>	<sent id="41">
		<raw>She feels indebted to God for protecting her and her family all those difficult years under Saddam.</raw>
		<lemm>she feel indebted to god for protect her and her family all those difficult year under saddam</lemm>
		<bigrams> 1590 1601</bigrams>
	</sent>	<sent id="42">
		<raw>"Now I feel it's my duty to pay him back," she said.</raw>
		<lemm> now i feel it be my duty to pay him back   she say</lemm>
		<bigrams></bigrams>
	</sent>	<sent id="43">
		<raw>Samaan said Christians are vulnerable in predominantly Muslim Iraq.</raw>
		<lemm>samaan say christian be vulnerable in predominantly muslim iraq</lemm>
		<bigrams> 1614 1615 1619 1620</bigrams>
	</sent>	<sent id="44">
		<raw>"There's nobody to help us.</raw>
		<lemm> there be nobody to help us</lemm>
		<bigrams> 1624</bigrams>
	</sent>	<sent id="45">
		<raw>Muslims have the support of their tribe.</raw>
		<lemm>muslims have the support of their tribe</lemm>
		<bigrams></bigrams>
	</sent>	<sent id="46">
		<raw>The Pope is our only power, but doesn't help us," she said.</raw>
		<lemm>the pope be our only power  but do n t help us   she say</lemm>
		<bigrams> 1624</bigrams>
	</sent>	<sent id="47">
		<raw>She said she would like to leave Iraq for good.</raw>
		<lemm>she say she would like to leave iraq for good</lemm>
		<bigrams> 1469 1186</bigrams>
	</sent>	<sent id="48">
		<raw>"Anywhere, out of the Arab world, where they all think we are infidels," she said.</raw>
		<lemm> anywhere  out of the arab world  where they all think we be infidel   she say</lemm>
		<bigrams> 1643</bigrams>
	</sent></doc>