<?xml version="1.0" encoding="UTF_8"?>
<doc>	<sent id="0">
		<raw>Three men were jailed Monday after police clashed with youths in a Paris suburb for a fourth straight night, as angry residents accused police of throwing a teargas grenade at a mosque.</raw>
		<lemm>three man be jail monday after police clash with youth in a paris suburb for a fourth straight night  as angry resident accuse police of throw a teargas grenade at a mosque</lemm>
		<bigrams> 1167 1169 1172 572 1179 403 1182 1183 1184 1188</bigrams>
	</sent>	<sent id="1">
		<raw>In all, 27 people have been arrested since the violence first erupted late Thursday night.</raw>
		<lemm>in all  @card@ people have be arrest since the violence first erupt late thursday night</lemm>
		<bigrams> 4 1193 1194 1195 1196 1197 1198</bigrams>
	</sent>	<sent id="2">
		<raw>Two 25-year-old men and another aged 27, detained on Friday during the worst of the rioting, were handed eight-month jail sentences including two months' firm imprisonment for throwing projectiles at police officers.</raw>
		<lemm>two 25-year-old man and another age @card@  detain on friday during the bad of the rioting  be hand eight-month jail sentence include two month  firm imprisonment for throw projectile at police officer</lemm>
		<bigrams> 1199 1200 1203 1204 1205 1213 1214 1215 1216 970 1217 1218 1219 1222 965</bigrams>
	</sent>	<sent id="3">
		<raw>Five other adults were due to appear before the judge north of Paris later Monday, while three teenagers were to appear before a children's court judge.</raw>
		<lemm>five other adult be due to appear before the judge north of paris later monday  while three teenager be to appear before a child s court judge</lemm>
		<bigrams> 1234 1235 1236 1239 1244</bigrams>
	</sent>	<sent id="4">
		<raw>The latest night of rioting in the northeastern suburb of Clichy-sous-Bois, left eight cars and 16 rubbish bins torched, adding to dozens of other vehicles that were incinerated in the preceding rampages.</raw>
		<lemm>the late night of rioting in the northeastern suburb of clichy-sous-bois  leave eight car and @card@ rubbish bin torch  add to dozen of other vehicle that be incinerate in the preceding rampage</lemm>
		<bigrams> 1246 1251 1253 1254 1255 1257 1258 1259 1260 1271</bigrams>
	</sent>	<sent id="5">
		<raw>There were no reports of civilian casualties but six police officers were slightly injured.</raw>
		<lemm>there be no report of civilian casualty but six police officer be slightly injure</lemm>
		<bigrams> 1276 1279 965 1281</bigrams>
	</sent>	<sent id="6">
		<raw>As with the previous nights of rioting, the violence dissipated before dawn and the suburb was calm during the day Monday.</raw>
		<lemm>as with the previous night of rioting  the violence dissipate before dawn and the suburb be calm during the day monday</lemm>
		<bigrams> 1285 1287 1296</bigrams>
	</sent>	<sent id="7">
		<raw>The unrest was originally triggered when two teenagers, aged 15 and 17, died by electrocution on Thursday after they scaled the wall of an electrical relay station and touched a transformer.</raw>
		<lemm>the unrest be originally trigger when two teenager  age @card@ and @card@  die by electrocution on thursday after they scale the wall of an electrical relay station and touch a transformer</lemm>
		<bigrams> 1299 431 1301 1204 1303 1314 1315</bigrams>
	</sent>	<sent id="8">
		<raw>Molins said the boys thought they were being chased by police, but authorities have denied that was the case.</raw>
		<lemm>molins say the boy think they be be chase by police  but authority have deny that be the case</lemm>
		<bigrams> 1320 1322</bigrams>
	</sent>	<sent id="9">
		<raw>Hundreds of the suburb's residents held a peaceful march Saturday in memory of the teenagers, with groups of youths wearing tee-shirts marked "Dead for Nothing".</raw>
		<lemm>hundred of the suburb s resident hold a peaceful march saturday in memory of the teenager  with group of youth wear tee-shirt mark  dead for nothing </lemm>
		<bigrams> 1336 1338 1339 1345 1346 1347 1348</bigrams>
	</sent>	<sent id="10">
		<raw>A lawyer representing the families of the victims, Jean-Pierre Mignard, asked: "Why did these young people, who had done nothing wrong, feel sufficiently threatened to enter a dangerous site, climb over a 2.5-metre (six foot) barbed-wire covered wall and hide inside a turbine?"</raw>
		<lemm>a lawyer represent the family of the victim  jean-pierre mignard  ask   why do these young people  who have do nothing wrong  feel sufficiently threaten to enter a dangerous site  climb over a 2 5-metre ( six foot ) barbed-wire cover wall and hide inside a turbine </lemm>
		<bigrams> 1352 1357 1358 1359 1364 1367 1368 1369 1370 1375 1376 1380 1381 1382 1383 1384 1385 1386 1387 1390</bigrams>
	</sent>	<sent id="11">
		<raw>The clashes have pitted youths, at times several hundred of them, against police, leaving a total of 23 officers injured.</raw>
		<lemm>the clash have pit youth  at time several hundred of them  against police  leave a total of @card@ officer injure</lemm>
		<bigrams> 1396 1399 1400 1403 1405 1406</bigrams>
	</sent>	<sent id="12">
		<raw>Clichy-sous-Bois is a low-rent, high-immigration district with a large share of public housing and a history of social problems.</raw>
		<lemm>clichy-sous-bois be a low-rent  high-immigration district with a large share of public housing and a history of social problem</lemm>
		<bigrams> 1409 1410 1414 1417 317</bigrams>
	</sent>	<sent id="13">
		<raw>A police teargas grenade thrown into the local mosque, near to which "100 to 150 youths were looking for a fight," according to departmental security spokesman Jean-Luc Sidot, looked certain to worsen the running conflict.</raw>
		<lemm>a police teargas grenade throw into the local mosque  near to which  @card@ to @card@ youth be look for a fight   accord to departmental security spokesman jean-luc sidot  look certain to worsen the run conflict</lemm>
		<bigrams> 1422 1188 1423 1427 1428 1433 1438 1440 1441 1442 1443 1444 1445 1450</bigrams>
	</sent>	<sent id="14">
		<raw>Muslims inside the building accused police of firing the weapon into a place of worship.</raw>
		<lemm>muslim inside the building accuse police of fire the weapon into a place of worship</lemm>
		<bigrams> 1451 1454 1184</bigrams>
	</sent>	<sent id="15">
		<raw>Interior Minister Nicolas Sarkozy confirmed that the grenade was of the type used by riot squads, but said "that does not mean that it was fired by a police officer."</raw>
		<lemm>interior minister nicola sarkozy confirm that the grenade be of the type use by riot squad  but say  that do not mean that it be fire by a police officer </lemm>
		<bigrams> 349 350 351 1463 1469 537 965</bigrams>
	</sent>	<sent id="16">
		<raw>An inquiry was underway into the incident, he said, adding that he would speak with the mosque's imam, or prayer leader.</raw>
		<lemm>an inquiry be underway into the incident  he say  add that he would speak with the mosque s imam  or prayer leader</lemm>
		<bigrams> 1483 1486 1493</bigrams>
	</sent>	<sent id="17">
		<raw>The families of the victims on Monday turned down an invitation to meet Sarkozy, and slammed the reported teargas incident as "disrespectful".</raw>
		<lemm>the family of the victim on monday turn down an invitation to meet sarkozy  and slam the report teargas incident as  disrespectful </lemm>
		<bigrams> 1496 1502 1505 1506</bigrams>
	</sent>	<sent id="18">
		<raw>"We are asking for calm, we are asking for justice and we are asking for the riot police to leave," Siyakah Traore, brother of one of the victims, told a press conference at the mosque.</raw>
		<lemm> we be ask for calm  we be ask for justice and we be ask for the riot police to leave   siyakah traore  brother of one of the victim  tell a press conference at the mosque</lemm>
		<bigrams> 1516 1519 1520 1521 1523 1526</bigrams>
	</sent>	<sent id="19">
		<raw>Sarkozy did, however, meet five of the victims' friends, who agreed to call for an end to the violence.</raw>
		<lemm>sarkozy do  however  meet five of the victim  friend  who agree to call for an end to the violence</lemm>
		<bigrams> 1531 1532 1534</bigrams>
	</sent>	<sent id="20">
		<raw>Opposition and rights campaigners said the riots were fuelled by tough new French anti-crime policies espoused by Sarkozy, who vowed to wage a "war without mercy" on crime in the Paris suburbs just a week before the rampages.</raw>
		<lemm>opposition and right campaigner say the riot be fuel by tough new french anti-crime policy espouse by sarkozy  who vow to wage a  war without mercy  on crime in the paris suburb just a week before the rampage</lemm>
		<bigrams> 1545 1546 1550 1551 1552 1553 1554 1562 1563 572</bigrams>
	</sent>	<sent id="21">
		<raw>Sarkozy repeated on Monday that he was "totally determined" to combat the violence.</raw>
		<lemm>sarkozy repeat on monday that he be  totally determine  to combat the violence</lemm>
		<bigrams> 1571 1574</bigrams>
	</sent>	<sent id="22">
		<raw>The main police union described the riots as "guerrilla" violence and urged politicians to avoid "putting fuel on the fire" by scoring points against each other over the clashes.</raw>
		<lemm>the main police union describe the riot as  guerrilla  violence and urge politician to avoid  put fuel on the fire  by score point against each other over the clash</lemm>
		<bigrams> 1579 689 1580 1582 1584 1587 1588 1591</bigrams>
	</sent></doc>