<?xml version="1.0" encoding="UTF_8"?>
<doc>	<sent id="0">
		<raw>Dozens of youths went on a rampage, burning vehicles and vandalising buildings in a tough Paris suburb Friday in an act of rage following the death by electrocution of two teenagers trying to flee police.</raw>
		<lemm>dozen of youth go on a rampage  burn vehicle and vandalise building in a tough paris suburb friday in an act of rage follow the death by electrocution of two teenager try to flee police</lemm>
		<bigrams> 1762 1764 1765 1767 1769 572 1770 1775 431 1778 1779</bigrams>
	</sent>	<sent id="1">
		<raw>Twenty-three cars were gutted by fire and the windows of a shopping centre were smashed in the riot in Clichy-sous-Bois, which finally ended before dawn.</raw>
		<lemm>twenty-three car be gut by fire and the window of a shopping centre be smash in the riot in clichy-sous-bois  which finally end before dawn</lemm>
		<bigrams> 1780 1787 1793</bigrams>
	</sent>	<sent id="2">
		<raw>No arrests were made and there were no reports of injuries.</raw>
		<lemm>no arrest be make and there be no report of injury</lemm>
		<bigrams></bigrams>
	</sent>	<sent id="3">
		<raw>According to police, the violence erupted after two boys, aged 14 and 16, died when they scaled a wall of an electrical relay station and fell against a transformer.</raw>
		<lemm>accord to police  the violence erupt after two boy  age @card@ and @card@  die when they scale a wall of an electrical relay station and fall against a transformer</lemm>
		<bigrams> 1801 1804 1805 1204 1303 1314 1315</bigrams>
	</sent>	<sent id="4">
		<raw>The two had been trying to escape from police responding to the attempted robbery of a nearby worksite, officers said.</raw>
		<lemm>the two have be try to escape from police respond to the attempted robbery of a nearby worksite  officer say</lemm>
		<bigrams> 1660 1818 1821 1822 1823</bigrams>
	</sent>	<sent id="5">
		<raw>A third boy who had also jumped the wall was seriously hurt.</raw>
		<lemm>a third boy who have also jump the wall be seriously hurt</lemm>
		<bigrams> 1824 1827 1831</bigrams>
	</sent>	<sent id="6">
		<raw>Interior Minister Nicolas Sarkozy said the three had not been "physically pursued" by the police.</raw>
		<lemm>interior minister nicola sarkozy say the three have not be  physically pursue  by the police</lemm>
		<bigrams> 349 350 351 1832 1838</bigrams>
	</sent>	<sent id="7">
		<raw>He added that measures should be taken to counter such urban violence, and said he aimed to equip police cars with cameras and officers with "non-lethal weapons."</raw>
		<lemm>he add that measure should be take to counter such urban violence  and say he aim to equip police car with camera and officer with  non-lethal weapon </lemm>
		<bigrams> 369 1852 1853 1860</bigrams>
	</sent></doc>