<?xml version="1.0" encoding="UTF_8"?>
<doc>	<sent id="0">
		<raw>Timeline of unrest that started in Paris' suburbs and which has spread.</raw>
		<lemm>timeline of unrest that start in paris  suburb and which have spread</lemm>
		<bigrams> 572</bigrams>
	</sent>	<sent id="1">
		<raw>Oct. 27, Bouna Traore, 15, and Zyed Benna, 17, are electrocuted at a power substation where they hid from police.</raw>
		<lemm>oct @card@  bouna traore  @card@  and zyed benna  @card@  be electrocute at a power substation where they hide from police</lemm>
		<bigrams> 916 1602 1603 1604 1606 1607 1611</bigrams>
	</sent>	<sent id="2">
		<raw>A third teen is injured.</raw>
		<lemm>a third teen be injure</lemm>
		<bigrams> 1617</bigrams>
	</sent>	<sent id="3">
		<raw>Hundreds of youths riot, setting fire to cars and shops in the Paris suburb of Clichy-sous-Bois.</raw>
		<lemm>hundred of youth riot  set fire to car and shop in the paris suburb of clichy-sous-bois</lemm>
		<bigrams> 1619 1620 90 572</bigrams>
	</sent>	<sent id="4">
		<raw>Oct. 28, Riots escalate with assailants opening fire on a police vehicle in Clichy-sous-Bois.</raw>
		<lemm>oct @card@  riot escalate with assailant open fire on a police vehicle in clichy-sous-bois</lemm>
		<bigrams> 916 1624 1625 1628 1629 1630</bigrams>
	</sent>	<sent id="5">
		<raw>Oct. 30, A police tear gas canister explodes at a Clichy-sous-Bois mosque, angering Muslims in suburbs nearby.</raw>
		<lemm>oct @card@  a police tear gas canister explode at a clichy-sous-bois mosque  anger muslim in suburb nearby</lemm>
		<bigrams> 916 1633 1634 1635 1636 1639 1640 1641 1644</bigrams>
	</sent>	<sent id="6">
		<raw>Oct. 31, Unrest spreads to at least nine Paris suburbs, with youths lobbing gasoline bombs at cars, shops and municipal buildings.</raw>
		<lemm>oct @card@  unrest spread to at least nine paris suburb  with youth lob gasoline bomb at car  shop and municipal building</lemm>
		<bigrams> 916 1645 1646 1648 1649 572 1651 1652 1653 1656 1659</bigrams>
	</sent>	<sent id="7">
		<raw>Police respond with tear gas and rubber bullets.</raw>
		<lemm>police respond with tear gas and rubber bullet</lemm>
		<bigrams> 1660 1634 1665</bigrams>
	</sent>	<sent id="8">
		<raw>Nov. 2, President Jacques Chirac, through a spokesman, appeals for calm and a firm hand to forestall a potentially "dangerous situation."</raw>
		<lemm>nov @card@  president jacques chirac  through a spokesman  appeal for calm and a firm hand to forestall a potentially  dangerous situation </lemm>
		<bigrams> 1666 1667 379 380 1670 1673 1678 1679</bigrams>
	</sent>	<sent id="9">
		<raw>Rioting spreads to at least 20 Paris-region towns.</raw>
		<lemm>rioting spread to at least @card@ paris-region town</lemm>
		<bigrams> 1680 917 1681 1682</bigrams>
	</sent>	<sent id="10">
		<raw>Four shots fired at police and firefighters, without causing injuries.</raw>
		<lemm>four shot fire at police and firefighter  without cause injury</lemm>
		<bigrams> 1683 534 1686 1687 1688</bigrams>
	</sent>	<sent id="11">
		<raw>A woman in her 50s on crutches is doused with flammable liquid and set alight, and hospitalized with severe burns.</raw>
		<lemm>a woman in her 50s on crutch be douse with flammable liquid and set alight  and hospitalize with severe burn</lemm>
		<bigrams> 1698 407 600</bigrams>
	</sent>	<sent id="12">
		<raw>Nov. 3, An interim police report appears to exonerate police of any direct role in the two electrocution deaths, saying police did not appear to be chasing the boys.</raw>
		<lemm>nov @card@  an interim police report appear to exonerate police of any direct role in the two electrocution death  say police do not appear to be chase the boy</lemm>
		<bigrams> 1666 1705 1706 1707 1710 1713 1716 1717 1718 1719</bigrams>
	</sent>	<sent id="13">
		<raw>Arsonists burn 520 cars in Paris suburbs.</raw>
		<lemm>arsonist burn @card@ car in paris suburb</lemm>
		<bigrams> 1723 1724 1725 572</bigrams>
	</sent>	<sent id="14">
		<raw>Nov. 4, Youths torch 750 cars, throw stones at paramedics, as violence spreads to other towns.</raw>
		<lemm>nov @card@  youths torch @card@ car  throw stone at paramedics  as violence spread to other town</lemm>
		<bigrams> 1666 1727 1728 1729 1725 1730 1731 1736</bigrams>
	</sent>	<sent id="15">
		<raw>Police make over 200 arrests.</raw>
		<lemm>police make over @card@ arrest</lemm>
		<bigrams> 1739 41</bigrams>
	</sent>	<sent id="16">
		<raw>Nov. 5, On 10th night, violence intensifies, entering central Paris for first time.</raw>
		<lemm>nov @card@  on 10th night  violence intensify  enter central paris for first time</lemm>
		<bigrams> 1666 1743 1744 1745 1746 1747 649 1750</bigrams>
	</sent>	<sent id="17">
		<raw>Police say 1,295 vehicles burned nationwide, including 35 in Paris.</raw>
		<lemm>police say @card@ vehicle burn nationwide  include @card@ in paris</lemm>
		<bigrams> 171 1751 95 1752 1753 1754 107</bigrams>
	</sent>	<sent id="18">
		<raw>Unrest reported in cities and suburbs across France.</raw>
		<lemm>unrest report in city and suburb across france</lemm>
		<bigrams> 1755 1760 1761</bigrams>
	</sent></doc>