<?xml version="1.0" encoding="UTF_8"?>
<doc>	<sent id="0">
		<raw>Police detained 14 people Saturday after a second night of rioting that broke out in a working-class Paris suburb following the deaths of two youths who were electrocuted while trying to evade police, officials said.</raw>
		<lemm>police detain @card@ people saturday after a second night of rioting that break out in a working-class paris suburb follow the death of two youth who be electrocute while try to evade police  official say</lemm>
		<bigrams> 1977 1978 4 1979 1983 1988 572 1989 1990 1995 293 844</bigrams>
	</sent>	<sent id="1">
		<raw>Hundreds of angry youths torched parked cars and threw rocks at police overnight in Clichy-sous-Bois, north of the capital, lightly injuring 15 officers and a journalist, officials said.</raw>
		<lemm>hundred of angry youth torch park car and throw rock at police overnight in clichy-sous-bois  north of the capital  lightly injure @card@ officer and a journalist  official say</lemm>
		<bigrams> 1997 1998 1999 2000 2002 2004 2005 2006 2007 2008 1405 2011 844</bigrams>
	</sent>	<sent id="2">
		<raw>Mobile police units were called in after assailants opened fire on a police riot vehicle, and restored order around 2 a.m. About 300 police were remaining on site until further notice, officials said.</raw>
		<lemm>mobile police unit be call in after assailant open fire on a police riot vehicle  and restore order around @card@ a m about @card@ police be remain on site until further notice  official say</lemm>
		<bigrams> 2012 2013 1628 1629 2018 2019 1881 2021 2022 964 2033 844</bigrams>
	</sent>	<sent id="3">
		<raw>Dozens of local residents held a peaceful march after daybreak Saturday between City Hall and the electrical transformer where the youths died seeking cover Thursday evening.</raw>
		<lemm>dozen of local resident hold a peaceful march after daybreak saturday between city hall and the electrical transformer where the youth die seek cover thursday evening</lemm>
		<bigrams> 2035 1336 1338 2038 2041 2044 2046 2047 2048 2049 2050</bigrams>
	</sent>	<sent id="4">
		<raw>The regional government said about 400 youths took part in the rioting overnight, but city officials insisted that estimate was too high.</raw>
		<lemm>the regional government say about @card@ youth take part in the rioting overnight  but city official insist that estimate be too high</lemm>
		<bigrams> 2052 2053 1433 2055 2056 2058 2061 2062</bigrams>
	</sent>	<sent id="5">
		<raw>Major French TV networks led their afternoon newscasts with images of the violence, showing officers firing tear gas and rowdy youths throwing rocks and overturning large trash bins.</raw>
		<lemm>major french tv network lead their afternoon newscast with image of the violence  show officer fire tear gas and rowdy youth throw rock and overturn large trash bin</lemm>
		<bigrams> 2068 2069 2070 2071 2074 2078 2079 2080 2081 1634 2083 2084 2002 2087 2088 2089</bigrams>
	</sent>	<sent id="6">
		<raw>Nineteen people were arrested; five were later released, officials said.</raw>
		<lemm>nineteen people be arrest  five be later release  official say</lemm>
		<bigrams> 2090 2091 58 2094 844</bigrams>
	</sent>	<sent id="7">
		<raw>At Saturday's march, Mayor Claude Dilain called for calm, urging the public to "remain dignified" amid lingering anger over the deaths of the 15- and 17-year-old boys.</raw>
		<lemm>at saturday s march  mayor claude dilain call for calm  urge the public to  remain dignified  amid linger anger over the death of the @card@ and 17-year-old boy</lemm>
		<bigrams> 2098 2099 2100 2101 2102 2107 2108 2109 2110 2114</bigrams>
	</sent>	<sent id="8">
		<raw>About a dozen teens, wearing T-shirts with the words "Dead for Nothing" written on them, marched at the front as the demonstrators walked past a string of charred vehicles.</raw>
		<lemm>about a dozen teen  wear t-shirt with the word  dead for nothing  write on them  march at the front as the demonstrator walk past a string of char vehicle</lemm>
		<bigrams> 2117 2118 2119 2122 2123 2131 2132 2137</bigrams>
	</sent>	<sent id="9">
		<raw>Speaking to The Associated Press by telephone, Deputy Mayor Olivier Klein said: "We are all in shock."</raw>
		<lemm>speak to the associated press by telephone  deputy mayor olivier klein say   we be all in shock </lemm>
		<bigrams> 2140 2143 2144 2145 2146 2147</bigrams>
	</sent>	<sent id="10">
		<raw>"Unfortunately, many of our youths face tough social situations, and it is true that the deaths of these two other youths upsets them a lot," he added.</raw>
		<lemm> unfortunately  many of our youth face tough social situation  and it be true that the death of these two other youth upset them a lot   he add</lemm>
		<bigrams> 2151 2155 2156 2157 2158 2167</bigrams>
	</sent>	<sent id="11">
		<raw>"The anger and sadness are legitimate but must not translate into acts of violence."</raw>
		<lemm> the anger and sadness be legitimate but must not translate into act of violence </lemm>
		<bigrams></bigrams>
	</sent>	<sent id="12">
		<raw>A first rampage broke out Thursday night after youths attacked firefighters called in to help the two victims and a third youth who was later hospitalized with serious burns.</raw>
		<lemm>a first rampage break out thursday night after youth attack firefighter call in to help the two victim and a third youth who be later hospitalize with serious burn</lemm>
		<bigrams> 2185 2186 1198 2190 2191 2192 2196 2198 2199 2201</bigrams>
	</sent>	<sent id="13">
		<raw>Interior Minister Nicolas Sarkozy said police denied having chased the two youths and had arrived in the area to investigate an attempted robbery.</raw>
		<lemm>interior minister nicola sarkozy say police deny have chase the two youth and have arrive in the area to investigate an attempted robbery</lemm>
		<bigrams> 349 350 351 1832 1719 2202 1990 1818</bigrams>
	</sent>	<sent id="14">
		<raw>State prosecutor Francois Molins, who is investigating the incident, said the youths had fled police on the mistaken idea that they were being pursued.</raw>
		<lemm>state prosecutor francois molins  who be investigate the incident  say the youth have flee police on the mistaken idea that they be be pursue</lemm>
		<bigrams> 2213 2214 2215 2218 1779 2222</bigrams>
	</sent>	<sent id="15">
		<raw>"The important element is what the third youth said," Molins told reporters.</raw>
		<lemm> the important element be what the third youth say   molins tell reporter</lemm>
		<bigrams> 2226 2198 2231 2232 2233 2234</bigrams>
	</sent>	<sent id="16">
		<raw>"Some others began running and started saying that police were coming, and that triggered the youths to flee."</raw>
		<lemm> some other begin run and start say that police be come  and that trigger the youth to flee </lemm>
		<bigrams> 2237 2240</bigrams>
	</sent>	<sent id="17">
		<raw>"They thought they were being chased, when they weren't," he added.</raw>
		<lemm> they think they be be chase  when they be n t   he add</lemm>
		<bigrams></bigrams>
	</sent>	<sent id="18">
		<raw>Sarkozy has made cracking down on crime a priority.</raw>
		<lemm>sarkozy have make crack down on crime a priority</lemm>
		<bigrams> 2253</bigrams>
	</sent>	<sent id="19">
		<raw>This week, he announced new measures to deploy thousands of riot police to the country's toughest neighborhoods and equip police night patrols with video cameras.</raw>
		<lemm>this week  he announce new measure to deploy thousand of riot police to the country s tough neighborhood and equip police night patrol with video camera</lemm>
		<bigrams> 2261 2262 2265 1516 2269 1852 2272 2273 2276</bigrams>
	</sent></doc>