<?xml version="1.0" encoding="UTF_8"?>
<doc>	<sent id="0">
		<raw>Paris prosecutors opened an inquiry Tuesday into two young bloggers who urged French youths to riot and revolt against the police, a judicial official said.</raw>
		<lemm>paris prosecutor open an inquiry tuesday into two young bloggers who urge french youth to riot and revolt against the police  a judicial official say</lemm>
		<bigrams> 113 974 977 980 981 984 985 993 844</bigrams>
	</sent>	<sent id="1">
		<raw>The youths, a 16-year-old French teen and an 18-year-old with Ghanian nationality, were detained Monday in the Paris region, the official said.</raw>
		<lemm>the youth  a 16-year-old french teen and an 18-year-old with ghanian nationality  be detain monday in the paris region  the official say</lemm>
		<bigrams> 997 998 1004 1005 111 844</bigrams>
	</sent>	<sent id="2">
		<raw>They were to be placed under investigation, a step short of formal charges, for inciting harm to people and property over the Internet, the official said, speaking on condition of anonymity because French law bars the disclosure of information from ongoing investigations.</raw>
		<lemm>they be to be place under investigation  a step short of formal charge  for incite harm to people and property over the internet  the official say  speak on condition of anonymity because french law bar the disclosure of information from ongoing investigation</lemm>
		<bigrams> 1014 1017 1020 844 1029 1036 1037 1044</bigrams>
	</sent>	<sent id="3">
		<raw>The charge carries a risk of up to five years in prison and a euro45,000 (US$52,800) fine.</raw>
		<lemm>the charge carry a risk of up to five year in prison and a euro45 000 ( us$52 800 ) fine</lemm>
		<bigrams> 1046 1053 1058 1059 1060 1061 1062 1063</bigrams>
	</sent>	<sent id="4">
		<raw>The blog, called "hardcore," was run by the 18-year-old, and the younger teen posted comments on it, the official said.</raw>
		<lemm>the blog  call  hardcore   be run by the 18-year-old  and the young teen post comment on it  the official say</lemm>
		<bigrams> 1065 1066 1074 1075 1076 844</bigrams>
	</sent>	<sent id="5">
		<raw>A 14-year-old was also questioned Monday in the southern city of Aix-en-Provence and was released.</raw>
		<lemm>a 14-year-old be also question monday in the southern city of aix-en-provence and be release</lemm>
		<bigrams> 1082 1083 15</bigrams>
	</sent>	<sent id="6">
		<raw>In 12 days of unrest in France, bloggers have posted appeals for calm alongside insults targeting police, threats of more violence and warnings that the unrest will feed support for France's anti-immigration extreme right.</raw>
		<lemm>in @card@ day of unrest in france  bloggers have post appeal for calm alongside insult target police  threat of more violence and warning that the unrest will feed support for france s anti-immigration extreme right</lemm>
		<bigrams> 1089 1093 1096 1099 1100 1101 1102 1103 1113 1117 1118</bigrams>
	</sent>	<sent id="7">
		<raw>One of the blogs was called "sarkodead", a reference to law-and-order Interior Minister Nicolas Sarkozy, who inflamed passions when he called troublemakers "scum."</raw>
		<lemm>one of the blogs be call  sarkodead   a reference to law-and-order interior minister nicola sarkozy  who inflame passion when he call troublemaker  scum </lemm>
		<bigrams> 1122 1127 349 350 351 1129 1132 1133</bigrams>
	</sent>	<sent id="8">
		<raw>Both "sarkodead" and "hardcore" were hosted by Skyblog, a branch of the popular Skyrock radio station.</raw>
		<lemm>both  sarkodead  and  hardcore  be host by skyblog  a branch of the popular skyrock radio station</lemm>
		<bigrams> 1144 1145 1146</bigrams>
	</sent>	<sent id="9">
		<raw>The blogs were taken off line this weekend, and the radio station cooperated with police by giving information to track down people who incited violence, judicial officials said.</raw>
		<lemm>the blogs be take off line this weekend  and the radio station cooperate with police by give information to track down people who incite violence  judicial official say</lemm>
		<bigrams> 1146 1153 1158 1165 1166 993 844</bigrams>
	</sent></doc>