<?xml version="1.0" encoding="UTF_8"?>
<doc>	<sent id="0">
		<raw>Argentine police have arrested 78 people, including four women, over Friday's riots in this southern city where the 4th Summit of the Americas is being held, local TV reported on Saturday, citing police sources.</raw>
		<lemm>argentine police have arrest @card@ people  include four woman  over friday s riot in this southern city where the 4th summit of the america be be hold  local tv report on saturday  cite police source</lemm>
		<bigrams> 0 3 4 5 6 7 15 19 26 27 28 31 32 33</bigrams>
	</sent>	<sent id="1">
		<raw>The police already made a total of 60 arrests by Friday, the first day of the summit, the report said.</raw>
		<lemm>the police already make a total of @card@ arrest by friday  the first day of the summit  the report say</lemm>
		<bigrams> 35 36 41 46 51</bigrams>
	</sent>	<sent id="2">
		<raw>A Brazilian reporter was arrested but later released and a French reporter was also arrested as he has no proper credentials, said the report.</raw>
		<lemm>a brazilian reporter be arrest but later release and a french reporter be also arrest as he have no proper credential  say the report</lemm>
		<bigrams> 53 58 62 64 70 71</bigrams>
	</sent>	<sent id="3">
		<raw>The report added that rioters smashed the glass storefronts of over 10 shops, chain stores and supermarkets and set fire to a local bank.</raw>
		<lemm>the report add that rioter smash the glass storefront of over @card@ shop  chain store and supermarket and set fire to a local bank</lemm>
		<bigrams> 73 76 79 83 84 85 90 94</bigrams>
	</sent>	<sent id="4">
		<raw>A total of 897 vehicles were torched overnight from Friday to Saturday in whole France, including 656 in the Paris region, Paris prosecutor general Yves Bot on Saturday told Europe One Radio.</raw>
		<lemm>a total of @card@ vehicle be torch overnight from friday to saturday in whole france  include @card@ in the paris region  paris prosecutor general yves bot on saturday tell europe one radio</lemm>
		<bigrams> 95 98 105 106 107 111 112 113 114 115 116 118 119 120 121</bigrams>
	</sent>	<sent id="5">
		<raw>"We can see organized actions, a strategy," he said, calling the incidents "organized violence."</raw>
		<lemm> we can see organized action  a strategy   he say  call the incident  organized violence </lemm>
		<bigrams> 124 125 130 133 134</bigrams>
	</sent>	<sent id="6">
		<raw>"There are organized gangs.</raw>
		<lemm> there be organized gang</lemm>
		<bigrams> 137</bigrams>
	</sent>	<sent id="7">
		<raw>It is incontestable that it is done in a way that has shown coordination between them.</raw>
		<lemm>it be incontestable that it be do in a way that have show coordination between them</lemm>
		<bigrams> 149</bigrams>
	</sent>	<sent id="8">
		<raw>We can further more read on some blog sites that asking other French cities to join the movement in the Paris region," he said.</raw>
		<lemm>we can further more read on some blog site that ask other french city to join the movement in the paris region   he say</lemm>
		<bigrams> 158 163 111</bigrams>
	</sent>	<sent id="9">
		<raw>Meanwhile, police said a total of 253 people had been detained for questioning until Saturday, some of them minors caught with fire-bombs.</raw>
		<lemm>meanwhile  police say a total of @card@ people have be detain for question until saturday  some of them minor catch with fire-bomb</lemm>
		<bigrams> 170 171 4 184</bigrams>
	</sent>	<sent id="10">
		<raw>At least six people were killed when a bomb they were making exploded in Pakistan's tribal region near the Afghan border on Saturday, officials and locals said.</raw>
		<lemm>at least six people be kill when a bomb they be make explode in pakistan s tribal region near the afghan border on saturday  official and local say</lemm>
		<bigrams> 188 189 198 203 204 207 209 212</bigrams>
	</sent>	<sent id="11">
		<raw>"It seems the explosion occurred when these people were busy making an improvised explosive device for terrorist activity," Pakistan's chief military spokesman Major General Shaukat Sultan was quoted as saying.</raw>
		<lemm> it seem the explosion occur when these people be busy make an improvise explosive device for terrorist activity   pakistan s chief military spokesman major general shaukat sultan be quote as say</lemm>
		<bigrams> 216 221 224 225 228 229 231 232 233 234 235 236</bigrams>
	</sent>	<sent id="12">
		<raw>Sultan said that the six people were killed, one of whom was female, and that they were all believed to be foreigners although their exact nationalities were still being investigated.</raw>
		<lemm>sultan say that the six people be kill  one of whom be female  and that they be all believe to be foreigner although their exact nationality be still be investigate</lemm>
		<bigrams> 241 189 245 258 261</bigrams>
	</sent>	<sent id="13">
		<raw>Iranian anti-drug police confiscated over 1.4 tons of narcotic drugs during the past three days in the southeastern city of Bam, the official IRNA news agency reported on Saturday.</raw>
		<lemm>iranian anti-drug police confiscate over @card@ ton of narcotic drug during the past three day in the southeastern city of bam  the official irna news agency report on saturday</lemm>
		<bigrams> 266 267 268 270 273 277 278 281 286 287 288 289</bigrams>
	</sent>	<sent id="14">
		<raw>IRNA quoted a local police official as saying that some bandits and notorious drug traffickers were also arrested and 50 weapons were seized during the same period.</raw>
		<lemm>irna quote a local police official as say that some bandit and notorious drug trafficker be also arrest and @card@ weapon be seize during the same period</lemm>
		<bigrams> 290 292 293 299 300 64 304</bigrams>
	</sent>	<sent id="15">
		<raw>Drug addiction and transportation has been a serious social problem in Iran, which sits in the cross-road linking drug producing Afghanistan and Pakistan and markets in the Persian Gulf states, Central Asia, western Europe and other regions.</raw>
		<lemm>drug addiction and transportation have be a serious social problem in iran  which sit in the cross-road link drug produce afghanistan and pakistan and market in the persian gulf state  central asia  western europe and other region</lemm>
		<bigrams> 310 316 317 324 325 326 327 334 335 336 337 338 339</bigrams>
	</sent>	<sent id="16">
		<raw>Prime Minister Dominique de Villepin and Interior Minister Nicolas Sarkozy held a crisis meeting Friday on running riots that have plunged France into its worst explosion of urban violence in decades.</raw>
		<lemm>prime minister dominique de villepin and interior minister nicola sarkozy hold a crisis meeting friday on run riot that have plunge france into its bad explosion of urban violence in decade</lemm>
		<bigrams> 343 344 345 346 349 350 351 352 355 356 359 362 366 369</bigrams>
	</sent>	<sent id="17">
		<raw>The number one and number two in President Jacques Chirac's embattled government huddled in Villepin's offices to discuss ways to tackle the troubles, which were headed into their ninth straight night with 30 vehicles being set alight in the Bobigny suburb east of the capital even as the ministers met.</raw>
		<lemm>the number one and numb two in president jacques chirac s embattled government huddle in villepin s office to discuss way to tackle the trouble  which be head into their ninth straight night with @card@ vehicle be set alight in the bobigny suburb east of the capital even as the minister meet</lemm>
		<bigrams> 373 376 379 380 383 384 391 402 403 95 407 410 411 414 418</bigrams>
	</sent>	<sent id="18">
		<raw>Gangs of youths have gone on the rampage since October 27, when two teenagers were electrocuted in a tough, low-income suburb north of Paris as they hid in an electrical sub-station to flee a police identity check.</raw>
		<lemm>gang of youth have go on the rampage since october @card@  when two teenager be electrocute in a tough  low-income suburb north of paris as they hide in an electrical sub-station to flee a police identity check</lemm>
		<bigrams> 426 427 428 431 436 437 438 447 452 453</bigrams>
	</sent>	<sent id="19">
		<raw>The riots have spread each night, eventually surrounding Paris then, overnight Thursday, flaring also in Marseille, Dijon and in Normandy, and even in central parts of the capital itself.</raw>
		<lemm>the riot have spread each night  eventually surround paris then  overnight thursday  flare also in marseille  dijon and in normandy  and even in central part of the capital itself</lemm>
		<bigrams> 459 460 461 464 465 466 469 477</bigrams>
	</sent>	<sent id="20">
		<raw>Overwhelmed police have found themselves powerless to stop the conflagration, which has seen over 1,000 vehicles torched and more than 200 people arrested amid fears that the country's racial and social divisions were fuelling the violence, the worst seen since a 1968 student revolt.</raw>
		<lemm>overwhelmed police have find themselves powerless to stop the conflagration  which have see over @card@ vehicle torch and more than @card@ people arrest amid fear that the country s racial and social division be fuel the violence  the bad see since a @card@ student revolt</lemm>
		<bigrams> 480 95 492 4 497 498 499 506 513 514 517 518</bigrams>
	</sent>	<sent id="21">
		<raw>As the violence has progressed, it has taken on an increasingly dangerous tone, with widespread fire-bombings, occasional shots fired at riot squads, and prosecutors revealing that a handicapped woman was deliberately set on fire.</raw>
		<lemm>as the violence have progress  it have take on an increasingly dangerous tone  with widespread fire-bombings  occasional shot fire at riot squad  and prosecutor reveal that a handicapped woman be deliberately set on fire</lemm>
		<bigrams> 527 528 531 532 533 534 537 540 544 547</bigrams>
	</sent>	<sent id="22">
		<raw>According to prosecutors Friday, a 56-year-old woman was unable to get off a bus targeted by a Molotov cocktail late Wednesday in the northern Paris suburb of Sevran.</raw>
		<lemm>accord to prosecutor friday  a 56-year-old woman be unable to get off a bus target by a molotov cocktail late wednesday in the northern paris suburb of sevran</lemm>
		<bigrams> 552 555 562 566 567 568 571 572</bigrams>
	</sent>	<sent id="23">
		<raw>She was allegedly doused with petrol by one youth, then others threw a flaming rag on her.</raw>
		<lemm>she be allegedly douse with petrol by one youth  then other throw a flaming rag on her</lemm>
		<bigrams> 577 582 588</bigrams>
	</sent>	<sent id="24">
		<raw>Rescued by the driver, she was taken to hospital with severe burns to 20 percent of her body.</raw>
		<lemm>rescue by the driver  she be take to hospital with severe burn to @card@ percent of her body</lemm>
		<bigrams> 600 603</bigrams>
	</sent>	<sent id="25">
		<raw>Overnight Thursday, more than 600 vehicles and several businesses were set on fire, and 78 people arrested in the Paris area, according to police.</raw>
		<lemm>overnight thursday  more than @card@ vehicle and several business be set on fire  and @card@ people arrest in the paris area  accord to police</lemm>
		<bigrams> 464 95 610 4 497 614 615</bigrams>
	</sent>	<sent id="26">
		<raw>Most of the arson has happened in the low-income neighbourhoods that lie well outside the capital, far from its famous monuments and tourist sights, although seven cars were also burnt in poorer northern and eastern districts in central Paris overnight Thursday.</raw>
		<lemm>most of the arson have happen in the low-income neighbourhood that lie well outside the capital  far from its famous monument and tourist sight  although seven car be also burn in poor northern and eastern district in central paris overnight thursday</lemm>
		<bigrams> 623 626 627 629 633 636 637 638 639 641 644 647 649 650 464</bigrams>
	</sent>	<sent id="27">
		<raw>Those responsible are groups of young Muslim men, the sons of families from France's former Arab and African colonial territories, who have said in interviews that they are protesting economic misery, racial discrimination and provocative policing.</raw>
		<lemm>those responsible be group of young muslim man  the son of family from france s former arab and african colonial territory  who have say in interview that they be protest economic misery  racial discrimination and provocative police</lemm>
		<bigrams> 656 657 666 669 670 678 679 680 681 684</bigrams>
	</sent>	<sent id="28">
		<raw>The leader of one police union, Bruno Beschizza, described the riots as "urban terrorism", led by a radicalised minority of criminals and "Islamic radicals".</raw>
		<lemm>the leader of one police union  bruno beschizza  describe the riot as  urban terrorism   lead by a radicalised minority of criminal and  islamic radical </lemm>
		<bigrams> 688 689 690 691 692 696 697 700 705</bigrams>
	</sent>	<sent id="29">
		<raw>Sarkozy, who harbours ambitions of becoming president in 2007 elections, has claimed that they are being orchestrated by unknown organisers.</raw>
		<lemm>sarkozy  who harbour ambition of become president in @card@ election  have claim that they be be orchestrate by unknown organiser</lemm>
		<bigrams> 708 711 714 721</bigrams>
	</sent>	<sent id="30">
		<raw>But police commanders contradicted him Friday, saying "there was nothing to support the existence of an organisation behind the riots" and added that speculation of "a radical Islamic influence is baseless."</raw>
		<lemm>but police commander contradict him friday  say  there be nothing to support the existence of an organisation behind the riot  and add that speculation of  a radical islamic influence be baseless </lemm>
		<bigrams> 723 724 727 737 745 746</bigrams>
	</sent>	<sent id="31">
		<raw>Paris Mayor Bertrand Delanoe of the opposition Socialist Party warned against hastily lumping together "one religion, Islam, and a few extremists" in apportioning blame.</raw>
		<lemm>paris mayor bertrand delanoe of the opposition socialist party warn against hastily lump together  one religion  islam  and a few extremist  in apportion blame</lemm>
		<bigrams> 749 750 751 754 755 756 759 760 761 762 763 769</bigrams>
	</sent>	<sent id="32">
		<raw>Nevertheless, the intensity and prolificacy of the violence has badly rattled the government, making it waver between the "zero tolerance" policies of Sarkozy and calls for a more conciliatory approach.</raw>
		<lemm>nevertheless  the intensity and prolificacy of the violence have badly rattle the government  make it waver between the  zero tolerance  policy of sarkozy and call for a more conciliatory approach</lemm>
		<bigrams> 776 779 785 786 795</bigrams>
	</sent>	<sent id="33">
		<raw>Marine Le Pen, daughter of extreme-right politician Jean-Marie Le Pen and deputy leader of his anti-immigration National Front party, called for a state of emergency to be declared in the worst-hit areas.</raw>
		<lemm>marine le pen  daughter of extreme-right politician jean-marie le pen and deputy leader of his anti-immigration national front party  call for a state of emergency to be declare in the worst-hit area</lemm>
		<bigrams> 796 797 798 801 802 803 797 806 809 810 811 812 820</bigrams>
	</sent>	<sent id="34">
		<raw>The recent riots in the French capital claimed Monday the first death as a man died of his injuries at a hospital after he was beaten in the riots, officials said.</raw>
		<lemm>the recent riot in the french capital claim monday the first death as a man die of his injury at a hospital after he be beat in the riot  official say</lemm>
		<bigrams> 822 824 825 826 828 832 843 844</bigrams>
	</sent>	<sent id="35">
		<raw>A spokesman for the Interior Ministry confirmed the death of Jean-Jacques Le Chenadec but gave no other details.</raw>
		<lemm>a spokesman for the interior ministry confirm the death of jean-jacques le chenadec but give no other detail</lemm>
		<bigrams> 849 850 855 856</bigrams>
	</sent>	<sent id="36">
		<raw>The man was attacked by a youth outside his home when he rushed out of his apartment to distinguish the fire on a garbage can, said Alain Rahmouni, a national police spokesman.</raw>
		<lemm>the man be attack by a youth outside his home when he rush out of his apartment to distinguish the fire on a garbage can  say alain rahmouni  a national police spokesman</lemm>
		<bigrams> 867 885 886 889 890</bigrams>
	</sent>	<sent id="37">
		<raw>He was in a coma after the attack.</raw>
		<lemm>he be in a coma after the attack</lemm>
		<bigrams></bigrams>
	</sent>	<sent id="38">
		<raw>French police said Monday that a total of 1,408 vehicles were torched and 395 arrests made overnight in a riot across the country.</raw>
		<lemm>french police say monday that a total of @card@ vehicle be torch and @card@ arrest make overnight in a riot across the country</lemm>
		<bigrams> 896 171 897 95 41 899 900 903</bigrams>
	</sent>	<sent id="39">
		<raw>These are the highest figures recorded since the troubles broke out on Oct. 27.</raw>
		<lemm>these be the high figure record since the trouble break out on oct @card@</lemm>
		<bigrams> 908 909 910 912 916</bigrams>
	</sent>	<sent id="40">
		<raw>At least 1,295 vehicles were burned and 312 people arrested during the night from Saturday to Sunday, police said in a statement.</raw>
		<lemm>at least @card@ vehicle be burn and @card@ people arrest during the night from saturday to sunday  police say in a statement</lemm>
		<bigrams> 917 95 4 497 926 171</bigrams>
	</sent>	<sent id="41">
		<raw>The violence was triggered after the accidental electrocution of two teenagers in an electrical substation when they tried to flee a police identity check in Clichy-sous-Bois, a northeast Paris suburb.</raw>
		<lemm>the violence be trigger after the accidental electrocution of two teenager in an electrical substation when they try to flee a police identity check in clichy-sous-bois  a northeast paris suburb</lemm>
		<bigrams> 932 431 936 452 453 945 572</bigrams>
	</sent>	<sent id="42">
		<raw>The riot has spread to 200 city suburbs and towns, including Marseille, Nice, Toulouse, Lille, Rennes, Rouen, Bordeaux and Montpellier and central Paris, French police said.</raw>
		<lemm>the riot have spread to @card@ city suburb and town  include marseille  nice  toulouse  lille  rennes  rouen  bordeaux and montpellier and central paris  french police say</lemm>
		<bigrams> 947 948 951 952 953 954 955 956 957 958 649 963 896 171</bigrams>
	</sent>	<sent id="43">
		<raw>More than 30 police officers were injured in the violence, including two who were fired on.</raw>
		<lemm>more than @card@ police officer be injure in the violence  include two who be fire on</lemm>
		<bigrams> 964 965 969 970</bigrams>
	</sent>	<sent id="44">
		<raw>Paris prosecutors opened an inquiry Tuesday into two young bloggers who urged French youths to riot and revolt against the police, a judicial official said.</raw>
		<lemm>paris prosecutor open an inquiry tuesday into two young bloggers who urge french youth to riot and revolt against the police  a judicial official say</lemm>
		<bigrams> 113 974 977 980 981 984 985 993 844</bigrams>
	</sent>	<sent id="45">
		<raw>The youths, a 16-year-old French teen and an 18-year-old with Ghanian nationality, were detained Monday in the Paris region, the official said.</raw>
		<lemm>the youth  a 16-year-old french teen and an 18-year-old with ghanian nationality  be detain monday in the paris region  the official say</lemm>
		<bigrams> 997 998 1004 1005 111 844</bigrams>
	</sent>	<sent id="46">
		<raw>They were to be placed under investigation, a step short of formal charges, for inciting harm to people and property over the Internet, the official said, speaking on condition of anonymity because French law bars the disclosure of information from ongoing investigations.</raw>
		<lemm>they be to be place under investigation  a step short of formal charge  for incite harm to people and property over the internet  the official say  speak on condition of anonymity because french law bar the disclosure of information from ongoing investigation</lemm>
		<bigrams> 1014 1017 1020 844 1029 1036 1037 1044</bigrams>
	</sent>	<sent id="47">
		<raw>The charge carries a risk of up to five years in prison and a euro45,000 (US$52,800) fine.</raw>
		<lemm>the charge carry a risk of up to five year in prison and a euro45 000 ( us$52 800 ) fine</lemm>
		<bigrams> 1046 1053 1058 1059 1060 1061 1062 1063</bigrams>
	</sent>	<sent id="48">
		<raw>The blog, called "hardcore," was run by the 18-year-old, and the younger teen posted comments on it, the official said.</raw>
		<lemm>the blog  call  hardcore   be run by the 18-year-old  and the young teen post comment on it  the official say</lemm>
		<bigrams> 1065 1066 1074 1075 1076 844</bigrams>
	</sent>	<sent id="49">
		<raw>A 14-year-old was also questioned Monday in the southern city of Aix-en-Provence and was released.</raw>
		<lemm>a 14-year-old be also question monday in the southern city of aix-en-provence and be release</lemm>
		<bigrams> 1082 1083 15</bigrams>
	</sent>	<sent id="50">
		<raw>In 12 days of unrest in France, bloggers have posted appeals for calm alongside insults targeting police, threats of more violence and warnings that the unrest will feed support for France's anti-immigration extreme right.</raw>
		<lemm>in @card@ day of unrest in france  bloggers have post appeal for calm alongside insult target police  threat of more violence and warning that the unrest will feed support for france s anti-immigration extreme right</lemm>
		<bigrams> 1089 1093 1096 1099 1100 1101 1102 1103 1113 1117 1118</bigrams>
	</sent>	<sent id="51">
		<raw>One of the blogs was called "sarkodead", a reference to law-and-order Interior Minister Nicolas Sarkozy, who inflamed passions when he called troublemakers "scum."</raw>
		<lemm>one of the blogs be call  sarkodead   a reference to law-and-order interior minister nicola sarkozy  who inflame passion when he call troublemaker  scum </lemm>
		<bigrams> 1122 1127 349 350 351 1129 1132 1133</bigrams>
	</sent>	<sent id="52">
		<raw>Both "sarkodead" and "hardcore" were hosted by Skyblog, a branch of the popular Skyrock radio station.</raw>
		<lemm>both  sarkodead  and  hardcore  be host by skyblog  a branch of the popular skyrock radio station</lemm>
		<bigrams> 1144 1145 1146</bigrams>
	</sent>	<sent id="53">
		<raw>The blogs were taken off line this weekend, and the radio station cooperated with police by giving information to track down people who incited violence, judicial officials said.</raw>
		<lemm>the blogs be take off line this weekend  and the radio station cooperate with police by give information to track down people who incite violence  judicial official say</lemm>
		<bigrams> 1146 1153 1158 1165 1166 993 844</bigrams>
	</sent>	<sent id="54">
		<raw>Three men were jailed Monday after police clashed with youths in a Paris suburb for a fourth straight night, as angry residents accused police of throwing a teargas grenade at a mosque.</raw>
		<lemm>three man be jail monday after police clash with youth in a paris suburb for a fourth straight night  as angry resident accuse police of throw a teargas grenade at a mosque</lemm>
		<bigrams> 1167 1169 1172 572 1179 403 1182 1183 1184 1188</bigrams>
	</sent>	<sent id="55">
		<raw>In all, 27 people have been arrested since the violence first erupted late Thursday night.</raw>
		<lemm>in all  @card@ people have be arrest since the violence first erupt late thursday night</lemm>
		<bigrams> 4 1193 1194 1195 1196 1197 1198</bigrams>
	</sent>	<sent id="56">
		<raw>Two 25-year-old men and another aged 27, detained on Friday during the worst of the rioting, were handed eight-month jail sentences including two months' firm imprisonment for throwing projectiles at police officers.</raw>
		<lemm>two 25-year-old man and another age @card@  detain on friday during the bad of the rioting  be hand eight-month jail sentence include two month  firm imprisonment for throw projectile at police officer</lemm>
		<bigrams> 1199 1200 1203 1204 1205 1213 1214 1215 1216 970 1217 1218 1219 1222 965</bigrams>
	</sent>	<sent id="57">
		<raw>Five other adults were due to appear before the judge north of Paris later Monday, while three teenagers were to appear before a children's court judge.</raw>
		<lemm>five other adult be due to appear before the judge north of paris later monday  while three teenager be to appear before a child s court judge</lemm>
		<bigrams> 1234 1235 1236 1239 1244</bigrams>
	</sent>	<sent id="58">
		<raw>The latest night of rioting in the northeastern suburb of Clichy-sous-Bois, left eight cars and 16 rubbish bins torched, adding to dozens of other vehicles that were incinerated in the preceding rampages.</raw>
		<lemm>the late night of rioting in the northeastern suburb of clichy-sous-bois  leave eight car and @card@ rubbish bin torch  add to dozen of other vehicle that be incinerate in the preceding rampage</lemm>
		<bigrams> 1246 1251 1253 1254 1255 1257 1258 1259 1260 1271</bigrams>
	</sent>	<sent id="59">
		<raw>There were no reports of civilian casualties but six police officers were slightly injured.</raw>
		<lemm>there be no report of civilian casualty but six police officer be slightly injure</lemm>
		<bigrams> 1276 1279 965 1281</bigrams>
	</sent>	<sent id="60">
		<raw>As with the previous nights of rioting, the violence dissipated before dawn and the suburb was calm during the day Monday.</raw>
		<lemm>as with the previous night of rioting  the violence dissipate before dawn and the suburb be calm during the day monday</lemm>
		<bigrams> 1285 1287 1296</bigrams>
	</sent>	<sent id="61">
		<raw>The unrest was originally triggered when two teenagers, aged 15 and 17, died by electrocution on Thursday after they scaled the wall of an electrical relay station and touched a transformer.</raw>
		<lemm>the unrest be originally trigger when two teenager  age @card@ and @card@  die by electrocution on thursday after they scale the wall of an electrical relay station and touch a transformer</lemm>
		<bigrams> 1299 431 1301 1204 1303 1314 1315</bigrams>
	</sent>	<sent id="62">
		<raw>Molins said the boys thought they were being chased by police, but authorities have denied that was the case.</raw>
		<lemm>molins say the boy think they be be chase by police  but authority have deny that be the case</lemm>
		<bigrams> 1320 1322</bigrams>
	</sent>	<sent id="63">
		<raw>Hundreds of the suburb's residents held a peaceful march Saturday in memory of the teenagers, with groups of youths wearing tee-shirts marked "Dead for Nothing".</raw>
		<lemm>hundred of the suburb s resident hold a peaceful march saturday in memory of the teenager  with group of youth wear tee-shirt mark  dead for nothing </lemm>
		<bigrams> 1336 1338 1339 1345 1346 1347 1348</bigrams>
	</sent>	<sent id="64">
		<raw>A lawyer representing the families of the victims, Jean-Pierre Mignard, asked: "Why did these young people, who had done nothing wrong, feel sufficiently threatened to enter a dangerous site, climb over a 2.5-metre (six foot) barbed-wire covered wall and hide inside a turbine?"</raw>
		<lemm>a lawyer represent the family of the victim  jean-pierre mignard  ask   why do these young people  who have do nothing wrong  feel sufficiently threaten to enter a dangerous site  climb over a 2 5-metre ( six foot ) barbed-wire cover wall and hide inside a turbine </lemm>
		<bigrams> 1352 1357 1358 1359 1364 1367 1368 1369 1370 1375 1376 1380 1381 1382 1383 1384 1385 1386 1387 1390</bigrams>
	</sent>	<sent id="65">
		<raw>The clashes have pitted youths, at times several hundred of them, against police, leaving a total of 23 officers injured.</raw>
		<lemm>the clash have pit youth  at time several hundred of them  against police  leave a total of @card@ officer injure</lemm>
		<bigrams> 1396 1399 1400 1403 1405 1406</bigrams>
	</sent>	<sent id="66">
		<raw>Clichy-sous-Bois is a low-rent, high-immigration district with a large share of public housing and a history of social problems.</raw>
		<lemm>clichy-sous-bois be a low-rent  high-immigration district with a large share of public housing and a history of social problem</lemm>
		<bigrams> 1409 1410 1414 1417 317</bigrams>
	</sent>	<sent id="67">
		<raw>A police teargas grenade thrown into the local mosque, near to which "100 to 150 youths were looking for a fight," according to departmental security spokesman Jean-Luc Sidot, looked certain to worsen the running conflict.</raw>
		<lemm>a police teargas grenade throw into the local mosque  near to which  @card@ to @card@ youth be look for a fight   accord to departmental security spokesman jean-luc sidot  look certain to worsen the run conflict</lemm>
		<bigrams> 1422 1188 1423 1427 1428 1433 1438 1440 1441 1442 1443 1444 1445 1450</bigrams>
	</sent>	<sent id="68">
		<raw>Muslims inside the building accused police of firing the weapon into a place of worship.</raw>
		<lemm>muslim inside the building accuse police of fire the weapon into a place of worship</lemm>
		<bigrams> 1451 1454 1184</bigrams>
	</sent>	<sent id="69">
		<raw>Interior Minister Nicolas Sarkozy confirmed that the grenade was of the type used by riot squads, but said "that does not mean that it was fired by a police officer."</raw>
		<lemm>interior minister nicola sarkozy confirm that the grenade be of the type use by riot squad  but say  that do not mean that it be fire by a police officer </lemm>
		<bigrams> 349 350 351 1463 1469 537 965</bigrams>
	</sent>	<sent id="70">
		<raw>An inquiry was underway into the incident, he said, adding that he would speak with the mosque's imam, or prayer leader.</raw>
		<lemm>an inquiry be underway into the incident  he say  add that he would speak with the mosque s imam  or prayer leader</lemm>
		<bigrams> 1483 1486 1493</bigrams>
	</sent>	<sent id="71">
		<raw>The families of the victims on Monday turned down an invitation to meet Sarkozy, and slammed the reported teargas incident as "disrespectful".</raw>
		<lemm>the family of the victim on monday turn down an invitation to meet sarkozy  and slam the report teargas incident as  disrespectful </lemm>
		<bigrams> 1496 1502 1505 1506</bigrams>
	</sent>	<sent id="72">
		<raw>"We are asking for calm, we are asking for justice and we are asking for the riot police to leave," Siyakah Traore, brother of one of the victims, told a press conference at the mosque.</raw>
		<lemm> we be ask for calm  we be ask for justice and we be ask for the riot police to leave   siyakah traore  brother of one of the victim  tell a press conference at the mosque</lemm>
		<bigrams> 1516 1519 1520 1521 1523 1526</bigrams>
	</sent>	<sent id="73">
		<raw>Sarkozy did, however, meet five of the victims' friends, who agreed to call for an end to the violence.</raw>
		<lemm>sarkozy do  however  meet five of the victim  friend  who agree to call for an end to the violence</lemm>
		<bigrams> 1531 1532 1534</bigrams>
	</sent>	<sent id="74">
		<raw>Opposition and rights campaigners said the riots were fuelled by tough new French anti-crime policies espoused by Sarkozy, who vowed to wage a "war without mercy" on crime in the Paris suburbs just a week before the rampages.</raw>
		<lemm>opposition and right campaigner say the riot be fuel by tough new french anti-crime policy espouse by sarkozy  who vow to wage a  war without mercy  on crime in the paris suburb just a week before the rampage</lemm>
		<bigrams> 1545 1546 1550 1551 1552 1553 1554 1562 1563 572</bigrams>
	</sent>	<sent id="75">
		<raw>Sarkozy repeated on Monday that he was "totally determined" to combat the violence.</raw>
		<lemm>sarkozy repeat on monday that he be  totally determine  to combat the violence</lemm>
		<bigrams> 1571 1574</bigrams>
	</sent>	<sent id="76">
		<raw>The main police union described the riots as "guerrilla" violence and urged politicians to avoid "putting fuel on the fire" by scoring points against each other over the clashes.</raw>
		<lemm>the main police union describe the riot as  guerrilla  violence and urge politician to avoid  put fuel on the fire  by score point against each other over the clash</lemm>
		<bigrams> 1579 689 1580 1582 1584 1587 1588 1591</bigrams>
	</sent>	<sent id="77">
		<raw>Timeline of unrest that started in Paris' suburbs and which has spread.</raw>
		<lemm>timeline of unrest that start in paris  suburb and which have spread</lemm>
		<bigrams> 572</bigrams>
	</sent>	<sent id="78">
		<raw>Oct. 27, Bouna Traore, 15, and Zyed Benna, 17, are electrocuted at a power substation where they hid from police.</raw>
		<lemm>oct @card@  bouna traore  @card@  and zyed benna  @card@  be electrocute at a power substation where they hide from police</lemm>
		<bigrams> 916 1602 1603 1604 1606 1607 1611</bigrams>
	</sent>	<sent id="79">
		<raw>A third teen is injured.</raw>
		<lemm>a third teen be injure</lemm>
		<bigrams> 1617</bigrams>
	</sent>	<sent id="80">
		<raw>Hundreds of youths riot, setting fire to cars and shops in the Paris suburb of Clichy-sous-Bois.</raw>
		<lemm>hundred of youth riot  set fire to car and shop in the paris suburb of clichy-sous-bois</lemm>
		<bigrams> 1619 1620 90 572</bigrams>
	</sent>	<sent id="81">
		<raw>Oct. 28, Riots escalate with assailants opening fire on a police vehicle in Clichy-sous-Bois.</raw>
		<lemm>oct @card@  riot escalate with assailant open fire on a police vehicle in clichy-sous-bois</lemm>
		<bigrams> 916 1624 1625 1628 1629 1630</bigrams>
	</sent>	<sent id="82">
		<raw>Oct. 30, A police tear gas canister explodes at a Clichy-sous-Bois mosque, angering Muslims in suburbs nearby.</raw>
		<lemm>oct @card@  a police tear gas canister explode at a clichy-sous-bois mosque  anger muslim in suburb nearby</lemm>
		<bigrams> 916 1633 1634 1635 1636 1639 1640 1641 1644</bigrams>
	</sent>	<sent id="83">
		<raw>Oct. 31, Unrest spreads to at least nine Paris suburbs, with youths lobbing gasoline bombs at cars, shops and municipal buildings.</raw>
		<lemm>oct @card@  unrest spread to at least nine paris suburb  with youth lob gasoline bomb at car  shop and municipal building</lemm>
		<bigrams> 916 1645 1646 1648 1649 572 1651 1652 1653 1656 1659</bigrams>
	</sent>	<sent id="84">
		<raw>Police respond with tear gas and rubber bullets.</raw>
		<lemm>police respond with tear gas and rubber bullet</lemm>
		<bigrams> 1660 1634 1665</bigrams>
	</sent>	<sent id="85">
		<raw>Nov. 2, President Jacques Chirac, through a spokesman, appeals for calm and a firm hand to forestall a potentially "dangerous situation."</raw>
		<lemm>nov @card@  president jacques chirac  through a spokesman  appeal for calm and a firm hand to forestall a potentially  dangerous situation </lemm>
		<bigrams> 1666 1667 379 380 1670 1673 1678 1679</bigrams>
	</sent>	<sent id="86">
		<raw>Rioting spreads to at least 20 Paris-region towns.</raw>
		<lemm>rioting spread to at least @card@ paris-region town</lemm>
		<bigrams> 1680 917 1681 1682</bigrams>
	</sent>	<sent id="87">
		<raw>Four shots fired at police and firefighters, without causing injuries.</raw>
		<lemm>four shot fire at police and firefighter  without cause injury</lemm>
		<bigrams> 1683 534 1686 1687 1688</bigrams>
	</sent>	<sent id="88">
		<raw>A woman in her 50s on crutches is doused with flammable liquid and set alight, and hospitalized with severe burns.</raw>
		<lemm>a woman in her 50s on crutch be douse with flammable liquid and set alight  and hospitalize with severe burn</lemm>
		<bigrams> 1698 407 600</bigrams>
	</sent>	<sent id="89">
		<raw>Nov. 3, An interim police report appears to exonerate police of any direct role in the two electrocution deaths, saying police did not appear to be chasing the boys.</raw>
		<lemm>nov @card@  an interim police report appear to exonerate police of any direct role in the two electrocution death  say police do not appear to be chase the boy</lemm>
		<bigrams> 1666 1705 1706 1707 1710 1713 1716 1717 1718 1719</bigrams>
	</sent>	<sent id="90">
		<raw>Arsonists burn 520 cars in Paris suburbs.</raw>
		<lemm>arsonist burn @card@ car in paris suburb</lemm>
		<bigrams> 1723 1724 1725 572</bigrams>
	</sent>	<sent id="91">
		<raw>Nov. 4, Youths torch 750 cars, throw stones at paramedics, as violence spreads to other towns.</raw>
		<lemm>nov @card@  youths torch @card@ car  throw stone at paramedics  as violence spread to other town</lemm>
		<bigrams> 1666 1727 1728 1729 1725 1730 1731 1736</bigrams>
	</sent>	<sent id="92">
		<raw>Police make over 200 arrests.</raw>
		<lemm>police make over @card@ arrest</lemm>
		<bigrams> 1739 41</bigrams>
	</sent>	<sent id="93">
		<raw>Nov. 5, On 10th night, violence intensifies, entering central Paris for first time.</raw>
		<lemm>nov @card@  on 10th night  violence intensify  enter central paris for first time</lemm>
		<bigrams> 1666 1743 1744 1745 1746 1747 649 1750</bigrams>
	</sent>	<sent id="94">
		<raw>Police say 1,295 vehicles burned nationwide, including 35 in Paris.</raw>
		<lemm>police say @card@ vehicle burn nationwide  include @card@ in paris</lemm>
		<bigrams> 171 1751 95 1752 1753 1754 107</bigrams>
	</sent>	<sent id="95">
		<raw>Unrest reported in cities and suburbs across France.</raw>
		<lemm>unrest report in city and suburb across france</lemm>
		<bigrams> 1755 1760 1761</bigrams>
	</sent>	<sent id="96">
		<raw>Dozens of youths went on a rampage, burning vehicles and vandalising buildings in a tough Paris suburb Friday in an act of rage following the death by electrocution of two teenagers trying to flee police.</raw>
		<lemm>dozen of youth go on a rampage  burn vehicle and vandalise building in a tough paris suburb friday in an act of rage follow the death by electrocution of two teenager try to flee police</lemm>
		<bigrams> 1762 1764 1765 1767 1769 572 1770 1775 431 1778 1779</bigrams>
	</sent>	<sent id="97">
		<raw>Twenty-three cars were gutted by fire and the windows of a shopping centre were smashed in the riot in Clichy-sous-Bois, which finally ended before dawn.</raw>
		<lemm>twenty-three car be gut by fire and the window of a shopping centre be smash in the riot in clichy-sous-bois  which finally end before dawn</lemm>
		<bigrams> 1780 1787 1793</bigrams>
	</sent>	<sent id="98">
		<raw>No arrests were made and there were no reports of injuries.</raw>
		<lemm>no arrest be make and there be no report of injury</lemm>
		<bigrams></bigrams>
	</sent>	<sent id="99">
		<raw>According to police, the violence erupted after two boys, aged 14 and 16, died when they scaled a wall of an electrical relay station and fell against a transformer.</raw>
		<lemm>accord to police  the violence erupt after two boy  age @card@ and @card@  die when they scale a wall of an electrical relay station and fall against a transformer</lemm>
		<bigrams> 1801 1804 1805 1204 1303 1314 1315</bigrams>
	</sent>	<sent id="100">
		<raw>The two had been trying to escape from police responding to the attempted robbery of a nearby worksite, officers said.</raw>
		<lemm>the two have be try to escape from police respond to the attempted robbery of a nearby worksite  officer say</lemm>
		<bigrams> 1660 1818 1821 1822 1823</bigrams>
	</sent>	<sent id="101">
		<raw>A third boy who had also jumped the wall was seriously hurt.</raw>
		<lemm>a third boy who have also jump the wall be seriously hurt</lemm>
		<bigrams> 1824 1827 1831</bigrams>
	</sent>	<sent id="102">
		<raw>Interior Minister Nicolas Sarkozy said the three had not been "physically pursued" by the police.</raw>
		<lemm>interior minister nicola sarkozy say the three have not be  physically pursue  by the police</lemm>
		<bigrams> 349 350 351 1832 1838</bigrams>
	</sent>	<sent id="103">
		<raw>He added that measures should be taken to counter such urban violence, and said he aimed to equip police cars with cameras and officers with "non-lethal weapons."</raw>
		<lemm>he add that measure should be take to counter such urban violence  and say he aim to equip police car with camera and officer with  non-lethal weapon </lemm>
		<bigrams> 369 1852 1853 1860</bigrams>
	</sent>	<sent id="104">
		<raw>French Interior Minister Nicolas Sarkozy announced Tuesday that the French government authorized power to local government officials to impose curfews in some areas to try to restore order and stop unrest raging for 12 days.</raw>
		<lemm>french interior minister nicola sarkozy announce tuesday that the french government authorize power to local government official to impose curfew in some area to try to restore order and stop unrest rage for @card@ day</lemm>
		<bigrams> 1861 349 350 351 1862 1863 1865 1866 1867 1870 1871 1874 1881 1884 1885 1089</bigrams>
	</sent>	<sent id="105">
		<raw>The French cabinet approved a decree so that local government officials, or prefects, could impose curfews where they consider the measures necessary, and the measures are expected to go into force on Wednesday, Sarkozy said.</raw>
		<lemm>the french cabinet approve a decree so that local government official  or prefect  could impose curfew where they consider the measure necessary  and the measure be expect to go into force on wednesday  sarkozy say</lemm>
		<bigrams> 1888 1889 1870 1871 1897 1898 1874 1903 1913 1832</bigrams>
	</sent>	<sent id="106">
		<raw>The decree came after the worst violence from Sunday to Monday when 1,408 cars were torched in nearly 300 towns.</raw>
		<lemm>the decree come after the bad violence from sunday to monday when @card@ car be torch in nearly @card@ town</lemm>
		<bigrams> 1915 1917 1725 1926 1927</bigrams>
	</sent>	<sent id="107">
		<raw>The tensions a little decreased overnight Monday with 1,173 vehicles burned in 226 towns, and 330 people arrested, compared with 395 on the previous night, according to National Police Chief Michel Gaudin.</raw>
		<lemm>the tension a little decrease overnight monday with @card@ vehicle burn in @card@ town  and @card@ people arrest  compare with @card@ on the previous night  accord to national police chief michel gaudin</lemm>
		<bigrams> 1931 1932 1933 95 1752 1927 4 497 1936 1285 1938 889 1940 1941 1942</bigrams>
	</sent>	<sent id="108">
		<raw>More than 10 countries have warned their citizens of vigilance in their trips to France, although France's tourism minister, Leon Bertrand,insisted the country remained safe for tourists.</raw>
		<lemm>more than @card@ country have warn their citizen of vigilance in their trip to france  although france s tourism minister  leon bertrand insisted the country remain safe for tourist</lemm>
		<bigrams> 1943 1955 1956 1958 1959 1960 1961 1963 1964</bigrams>
	</sent>	<sent id="109">
		<raw>The violence began in Clichy-sous-bois, northeast of Paris, on Oct. 27 when two teenagers were accidentally electrocuted as the hid in an electrical sub-station to avoid a police identity check.</raw>
		<lemm>the violence begin in clichy-sous-bois  northeast of paris  on oct @card@ when two teenager be accidentally electrocute as the hide in an electrical sub-station to avoid a police identity check</lemm>
		<bigrams> 1967 1969 916 431 1973 447 452 453</bigrams>
	</sent>	<sent id="110">
		<raw>Police detained 14 people Saturday after a second night of rioting that broke out in a working-class Paris suburb following the deaths of two youths who were electrocuted while trying to evade police, officials said.</raw>
		<lemm>police detain @card@ people saturday after a second night of rioting that break out in a working-class paris suburb follow the death of two youth who be electrocute while try to evade police  official say</lemm>
		<bigrams> 1977 1978 4 1979 1983 1988 572 1989 1990 1995 293 844</bigrams>
	</sent>	<sent id="111">
		<raw>Hundreds of angry youths torched parked cars and threw rocks at police overnight in Clichy-sous-Bois, north of the capital, lightly injuring 15 officers and a journalist, officials said.</raw>
		<lemm>hundred of angry youth torch park car and throw rock at police overnight in clichy-sous-bois  north of the capital  lightly injure @card@ officer and a journalist  official say</lemm>
		<bigrams> 1997 1998 1999 2000 2002 2004 2005 2006 2007 2008 1405 2011 844</bigrams>
	</sent>	<sent id="112">
		<raw>Mobile police units were called in after assailants opened fire on a police riot vehicle, and restored order around 2 a.m. About 300 police were remaining on site until further notice, officials said.</raw>
		<lemm>mobile police unit be call in after assailant open fire on a police riot vehicle  and restore order around @card@ a m about @card@ police be remain on site until further notice  official say</lemm>
		<bigrams> 2012 2013 1628 1629 2018 2019 1881 2021 2022 964 2033 844</bigrams>
	</sent>	<sent id="113">
		<raw>Dozens of local residents held a peaceful march after daybreak Saturday between City Hall and the electrical transformer where the youths died seeking cover Thursday evening.</raw>
		<lemm>dozen of local resident hold a peaceful march after daybreak saturday between city hall and the electrical transformer where the youth die seek cover thursday evening</lemm>
		<bigrams> 2035 1336 1338 2038 2041 2044 2046 2047 2048 2049 2050</bigrams>
	</sent>	<sent id="114">
		<raw>The regional government said about 400 youths took part in the rioting overnight, but city officials insisted that estimate was too high.</raw>
		<lemm>the regional government say about @card@ youth take part in the rioting overnight  but city official insist that estimate be too high</lemm>
		<bigrams> 2052 2053 1433 2055 2056 2058 2061 2062</bigrams>
	</sent>	<sent id="115">
		<raw>Major French TV networks led their afternoon newscasts with images of the violence, showing officers firing tear gas and rowdy youths throwing rocks and overturning large trash bins.</raw>
		<lemm>major french tv network lead their afternoon newscast with image of the violence  show officer fire tear gas and rowdy youth throw rock and overturn large trash bin</lemm>
		<bigrams> 2068 2069 2070 2071 2074 2078 2079 2080 2081 1634 2083 2084 2002 2087 2088 2089</bigrams>
	</sent>	<sent id="116">
		<raw>Nineteen people were arrested; five were later released, officials said.</raw>
		<lemm>nineteen people be arrest  five be later release  official say</lemm>
		<bigrams> 2090 2091 58 2094 844</bigrams>
	</sent>	<sent id="117">
		<raw>At Saturday's march, Mayor Claude Dilain called for calm, urging the public to "remain dignified" amid lingering anger over the deaths of the 15- and 17-year-old boys.</raw>
		<lemm>at saturday s march  mayor claude dilain call for calm  urge the public to  remain dignified  amid linger anger over the death of the @card@ and 17-year-old boy</lemm>
		<bigrams> 2098 2099 2100 2101 2102 2107 2108 2109 2110 2114</bigrams>
	</sent>	<sent id="118">
		<raw>About a dozen teens, wearing T-shirts with the words "Dead for Nothing" written on them, marched at the front as the demonstrators walked past a string of charred vehicles.</raw>
		<lemm>about a dozen teen  wear t-shirt with the word  dead for nothing  write on them  march at the front as the demonstrator walk past a string of char vehicle</lemm>
		<bigrams> 2117 2118 2119 2122 2123 2131 2132 2137</bigrams>
	</sent>	<sent id="119">
		<raw>Speaking to The Associated Press by telephone, Deputy Mayor Olivier Klein said: "We are all in shock."</raw>
		<lemm>speak to the associated press by telephone  deputy mayor olivier klein say   we be all in shock </lemm>
		<bigrams> 2140 2143 2144 2145 2146 2147</bigrams>
	</sent>	<sent id="120">
		<raw>"Unfortunately, many of our youths face tough social situations, and it is true that the deaths of these two other youths upsets them a lot," he added.</raw>
		<lemm> unfortunately  many of our youth face tough social situation  and it be true that the death of these two other youth upset them a lot   he add</lemm>
		<bigrams> 2151 2155 2156 2157 2158 2167</bigrams>
	</sent>	<sent id="121">
		<raw>"The anger and sadness are legitimate but must not translate into acts of violence."</raw>
		<lemm> the anger and sadness be legitimate but must not translate into act of violence </lemm>
		<bigrams></bigrams>
	</sent>	<sent id="122">
		<raw>A first rampage broke out Thursday night after youths attacked firefighters called in to help the two victims and a third youth who was later hospitalized with serious burns.</raw>
		<lemm>a first rampage break out thursday night after youth attack firefighter call in to help the two victim and a third youth who be later hospitalize with serious burn</lemm>
		<bigrams> 2185 2186 1198 2190 2191 2192 2196 2198 2199 2201</bigrams>
	</sent>	<sent id="123">
		<raw>Interior Minister Nicolas Sarkozy said police denied having chased the two youths and had arrived in the area to investigate an attempted robbery.</raw>
		<lemm>interior minister nicola sarkozy say police deny have chase the two youth and have arrive in the area to investigate an attempted robbery</lemm>
		<bigrams> 349 350 351 1832 1719 2202 1990 1818</bigrams>
	</sent>	<sent id="124">
		<raw>State prosecutor Francois Molins, who is investigating the incident, said the youths had fled police on the mistaken idea that they were being pursued.</raw>
		<lemm>state prosecutor francois molins  who be investigate the incident  say the youth have flee police on the mistaken idea that they be be pursue</lemm>
		<bigrams> 2213 2214 2215 2218 1779 2222</bigrams>
	</sent>	<sent id="125">
		<raw>"The important element is what the third youth said," Molins told reporters.</raw>
		<lemm> the important element be what the third youth say   molins tell reporter</lemm>
		<bigrams> 2226 2198 2231 2232 2233 2234</bigrams>
	</sent>	<sent id="126">
		<raw>"Some others began running and started saying that police were coming, and that triggered the youths to flee."</raw>
		<lemm> some other begin run and start say that police be come  and that trigger the youth to flee </lemm>
		<bigrams> 2237 2240</bigrams>
	</sent>	<sent id="127">
		<raw>"They thought they were being chased, when they weren't," he added.</raw>
		<lemm> they think they be be chase  when they be n t   he add</lemm>
		<bigrams></bigrams>
	</sent>	<sent id="128">
		<raw>Sarkozy has made cracking down on crime a priority.</raw>
		<lemm>sarkozy have make crack down on crime a priority</lemm>
		<bigrams> 2253</bigrams>
	</sent>	<sent id="129">
		<raw>This week, he announced new measures to deploy thousands of riot police to the country's toughest neighborhoods and equip police night patrols with video cameras.</raw>
		<lemm>this week  he announce new measure to deploy thousand of riot police to the country s tough neighborhood and equip police night patrol with video camera</lemm>
		<bigrams> 2261 2262 2265 1516 2269 1852 2272 2273 2276</bigrams>
	</sent>	<sent id="130">
		<raw>Angry French-Arab youths clashed with police and firefighters outside Paris late Wednesday in the worst of seven consecutive nights of violence set off by the accidental death of two teenagers.</raw>
		<lemm>angry french-arab youth clash with police and firefighter outside paris late wednesday in the bad of seven consecutive night of violence set off by the accidental death of two teenager</lemm>
		<bigrams> 2277 2278 2279 2280 2281 2282 568 2284 2285 2286 2289 431</bigrams>
	</sent>	<sent id="131">
		<raw>By late Thursday, more cars were burning in at least one of the city's northern suburbs.</raw>
		<lemm>by late thursday  more car be burn in at least one of the city s northern suburb</lemm>
		<bigrams> 1197 2293 2297</bigrams>
	</sent>	<sent id="132">
		<raw>Gunshots were fired at police officers and firefighters in three separate incidents Wednesday night, said Prefect Jean-Francois Cordet, the government's top official in Seine-St.-Denis, a department north of Paris that includes a belt of working-class neighborhoods with a large immigrant population.</raw>
		<lemm>gunshot be fire at police officer and firefighter in three separate incident wednesday night  say prefect jean-francois cordet  the government s top official in seine-st -denis  a department north of paris that include a belt of working-class neighborhood with a large immigrant population</lemm>
		<bigrams> 965 2301 2302 2303 2304 2305 2306 2307 2308 2312 2315 2318 2325 2327 2328</bigrams>
	</sent>	<sent id="133">
		<raw>In the clashes on Wednesday night, a police station was ransacked, a garage was set on fire and a shopping center and two schools were vandalized, Cordet said.</raw>
		<lemm>in the clash on wednesday night  a police station be ransack  a garage be set on fire and a shopping center and two school be vandalize  cordet say</lemm>
		<bigrams> 2304 2331 2337 2340 2343 2344</bigrams>
	</sent>	<sent id="134">
		<raw>Riot police forces have used tear gas and rubber bullets to repel the attacks.</raw>
		<lemm>riot police force have use tear gas and rubber bullet to repel the attack</lemm>
		<bigrams> 1516 2345 2348 1634 1665</bigrams>
	</sent>	<sent id="135">
		<raw>Traffic was halted Thursday morning on a commuter rail line linking Paris to Charles de Gaulle airport after stone-throwing rioters attacked two trains.</raw>
		<lemm>traffic be halt thursday morning on a commuter rail line link paris to charles de gaulle airport after stone-throw rioter attack two train</lemm>
		<bigrams> 2354 2355 2358 2359 2360 2361 2364 2365 2366 2369 2370 2371 2372</bigrams>
	</sent>	<sent id="136">
		<raw>One passenger was slightly injured by broken glass, according to local news reports.</raw>
		<lemm>one passenger be slightly injure by break glass  accord to local news report</lemm>
		<bigrams> 2373 1281 2377 2378 2379 2380</bigrams>
	</sent>	<sent id="137">
		<raw>The violence picked up again as night fell over the capital with burning cars reported in the suburb of Stains.</raw>
		<lemm>the violence pick up again as night fall over the capital with burning car report in the suburb of stains</lemm>
		<bigrams> 2381 2386 2390 2391</bigrams>
	</sent>	<sent id="138">
		<raw>Rampaging gangs have torched more than 200 cars in the past week, and dozens of firefighters and police officers have been injured, none seriously, since the deaths of two youths.</raw>
		<lemm>rampage gang have torch more than @card@ car in the past week  and dozen of firefighter and police officer have be injure  none seriously  since the death of two youth</lemm>
		<bigrams> 2393 1725 2397 965 2404 2405 2406 1990</bigrams>
	</sent>	<sent id="139">
		<raw>Prime Minister Dominique de Villepin, who canceled a trip to Canada this week because of the violence, urged citizens and the police to restore order.</raw>
		<lemm>prime minister dominique de villepin  who cancel a trip to canada this week because of the violence  urge citizen and the police to restore order</lemm>
		<bigrams> 343 344 345 346 2415 2416 1881</bigrams>
	</sent>	<sent id="140">
		<raw>"Law and order will have the last word," he told senators on Thursday.</raw>
		<lemm> law and order will have the last word   he tell senator on thursday</lemm>
		<bigrams> 2424 2427</bigrams>
	</sent>	<sent id="141">
		<raw>The continuing violence has embarrassed the government and isolated the country's tough-talking anti-crime interior minister, Nicolas Sarkozy, whom many people believe exacerbated the situation with his vow to "clean out" the troubled neighborhoods.</raw>
		<lemm>the continuing violence have embarrass the government and isolate the country s tough-talking anti-crime interior minister  nicolas sarkozy  whom many people believe exacerbate the situation with his vow to  clean out  the troubled neighborhood</lemm>
		<bigrams> 2430 2437 2438 349 2439 2440 2443 2444 2445 2455</bigrams>
	</sent>	<sent id="142">
		<raw>The interior minister's initiative has been met with scorn by many people in the neighborhoods, who say they are being stigmatized by his campaign and that the increased police presence has resulted in harassment.</raw>
		<lemm>the interior minister s initiative have be meet with scorn by many people in the neighborhood  who say they be be stigmatize by his campaign and that the increase police presence have result in harassment</lemm>
		<bigrams> 349 2443 2475 2476</bigrams>
	</sent>	<sent id="143">
		<raw>The latest violence began in the suburb of Clichy-sous-Bois a week ago after two teenagers were electrocuted by a power transformer while hiding from police.</raw>
		<lemm>the late violence begin in the suburb of clichy-sous-bois a week ago after two teenager be electrocute by a power transformer while hide from police</lemm>
		<bigrams> 2481 1967 2482 431 2485</bigrams>
	</sent>	<sent id="144">
		<raw>Local youths, who believed police had chased the boys into the transformer's enclosure, took to the streets, setting cars on fire in protest.</raw>
		<lemm>local youth  who believe police have chase the boy into the transformer s enclosure  take to the street  set car on fire in protest</lemm>
		<bigrams> 2488 2490 2495 2497 2498</bigrams>
	</sent>	<sent id="145">
		<raw>A preliminary government inquiry has since found that the youths were not being pursued by the police.</raw>
		<lemm>a preliminary government inquiry have since find that the youth be not be pursue by the police</lemm>
		<bigrams> 2503 2504 2507</bigrams>
	</sent>	<sent id="146">
		<raw>The report, released by the Interior Ministry on Thursday, stated that a third boy who survived the incident said he and his friends were aware of the danger when they entered the transformer's enclosure.</raw>
		<lemm>the report  release by the interior ministry on thursday  state that a third boy who survive the incident say he and his friend be aware of the danger when they enter the transformer s enclosure</lemm>
		<bigrams> 2510 849 2513 1824 2218</bigrams>
	</sent>	<sent id="147">
		<raw>The report suggested that the boys were hiding from the police because one of those who died had a record of armed robbery and the other was among a group that had broken into a construction site earlier that evening.</raw>
		<lemm>the report suggest that the boy be hide from the police because one of those who die have a record of armed robbery and the other be among a group that have break into a construction site earlier that evening</lemm>
		<bigrams> 2527 2542 2553 2554</bigrams>
	</sent>	<sent id="148">
		<raw>The continuing unrest appears to be fueled less by perceived police brutality than by the frustration of young men who have no work and see little hope for the future.</raw>
		<lemm>the continue unrest appear to be fuel less by perceive police brutality than by the frustration of young man who have no work and see little hope for the future</lemm>
		<bigrams> 2558 2559 2560 2563 2564 2569 2574 2575</bigrams>
	</sent></doc>