<?xml version="1.0" encoding="UTF_8"?>
<doc>	<sent id="0">
		<raw>French Interior Minister Nicolas Sarkozy announced Tuesday that the French government authorized power to local government officials to impose curfews in some areas to try to restore order and stop unrest raging for 12 days.</raw>
		<lemm>french interior minister nicola sarkozy announce tuesday that the french government authorize power to local government official to impose curfew in some area to try to restore order and stop unrest rage for @card@ day</lemm>
		<bigrams> 1861 349 350 351 1862 1863 1865 1866 1867 1870 1871 1874 1881 1884 1885 1089</bigrams>
	</sent>	<sent id="1">
		<raw>The French cabinet approved a decree so that local government officials, or prefects, could impose curfews where they consider the measures necessary, and the measures are expected to go into force on Wednesday, Sarkozy said.</raw>
		<lemm>the french cabinet approve a decree so that local government official  or prefect  could impose curfew where they consider the measure necessary  and the measure be expect to go into force on wednesday  sarkozy say</lemm>
		<bigrams> 1888 1889 1870 1871 1897 1898 1874 1903 1913 1832</bigrams>
	</sent>	<sent id="2">
		<raw>The decree came after the worst violence from Sunday to Monday when 1,408 cars were torched in nearly 300 towns.</raw>
		<lemm>the decree come after the bad violence from sunday to monday when @card@ car be torch in nearly @card@ town</lemm>
		<bigrams> 1915 1917 1725 1926 1927</bigrams>
	</sent>	<sent id="3">
		<raw>The tensions a little decreased overnight Monday with 1,173 vehicles burned in 226 towns, and 330 people arrested, compared with 395 on the previous night, according to National Police Chief Michel Gaudin.</raw>
		<lemm>the tension a little decrease overnight monday with @card@ vehicle burn in @card@ town  and @card@ people arrest  compare with @card@ on the previous night  accord to national police chief michel gaudin</lemm>
		<bigrams> 1931 1932 1933 95 1752 1927 4 497 1936 1285 1938 889 1940 1941 1942</bigrams>
	</sent>	<sent id="4">
		<raw>More than 10 countries have warned their citizens of vigilance in their trips to France, although France's tourism minister, Leon Bertrand,insisted the country remained safe for tourists.</raw>
		<lemm>more than @card@ country have warn their citizen of vigilance in their trip to france  although france s tourism minister  leon bertrand insisted the country remain safe for tourist</lemm>
		<bigrams> 1943 1955 1956 1958 1959 1960 1961 1963 1964</bigrams>
	</sent>	<sent id="5">
		<raw>The violence began in Clichy-sous-bois, northeast of Paris, on Oct. 27 when two teenagers were accidentally electrocuted as the hid in an electrical sub-station to avoid a police identity check.</raw>
		<lemm>the violence begin in clichy-sous-bois  northeast of paris  on oct @card@ when two teenager be accidentally electrocute as the hide in an electrical sub-station to avoid a police identity check</lemm>
		<bigrams> 1967 1969 916 431 1973 447 452 453</bigrams>
	</sent></doc>