<?xml version="1.0" encoding="UTF_8"?>
<doc>	<sent id="0">
		<raw>We can see your eyes rolling already, but bear with us: Should an inactive child use a personal trainer to become more fit and healthy?</raw>
		<lemm>we can see your eye roll already  but bear with us  should an inactive child use a personal trainer to become more fit and healthy</lemm>
		<bigrams> 1853 1854 1862 1863 1865</bigrams>
	</sent>	<sent id="1">
		<raw>Time was, that question might have seemed ludicrous.</raw>
		<lemm>time be  that question might have seem ludicrous</lemm>
		<bigrams> 1874 1877</bigrams>
	</sent>	<sent id="2">
		<raw>But in an era of overworked (and under-fit) parents, justifiable desires to keep kids from roaming neighborhood parks solo, ubiquitous butt-bound digital entertainment and a habitat loaded with high-calorie treats, today's kids increasingly are tomorrow's chronic disease statistics.</raw>
		<lemm>but in an era of overwork ( and under-fit ) parent  justifiable desire to keep kid from roam neighborhood park solo  ubiquitous butt-bound digital entertainment and a habitat load with high-calorie treat  today s kid increasingly be tomorrow s chronic disease statistic</lemm>
		<bigrams> 1882 1885 1886 1887 1888 1891 1894 1895 1896 1897 1898 1899 1900 1903 1906 1907 1910 1228 1915</bigrams>
	</sent>	<sent id="3">
		<raw>Approximately 30 percent of children ages 6 to 19 are overweight and 15 percent are obese, according to the American Obesity Association.</raw>
		<lemm>approximately @card@ percent of child age @card@ to @card@ be overweight and @card@ percent be obese  accord to the american obesity association</lemm>
		<bigrams> 1916 112 1224 1310 112 1765 1921 1922</bigrams>
	</sent>	<sent id="4">
		<raw>And child obesity predicts adult obesity with frightening accuracy.</raw>
		<lemm>and child obesity predict adult obesity with frightening accuracy</lemm>
		<bigrams> 1924 1925 1926 1927 1930</bigrams>
	</sent>	<sent id="5">
		<raw>"We may lose a generation to obesity and diabetes," said Rich Salke, owner of Rich Bodies, a gym in Georgetown.</raw>
		<lemm> we may lose a generation to obesity and diabetes   say rich salke  owner of rich bodies  a gym in georgetown</lemm>
		<bigrams> 1932 1938 1939 1940 1941 1944</bigrams>
	</sent>	<sent id="6">
		<raw>Salke works with many children, fat and fit alike, as young as 10.</raw>
		<lemm>salke work with many child  fat and fit alike  as young as @card@</lemm>
		<bigrams> 1949 1952 1953 1955</bigrams>
	</sent>	<sent id="7">
		<raw>Even well-intentioned parents might lack the knowledge and community resources to rescue their children from the express lane to obesity, Salke said.</raw>
		<lemm>even well-intentioned parent might lack the knowledge and community resource to rescue their child from the express lane to obesity  salke say</lemm>
		<bigrams> 1960 1961 1962 1963 1967 1973 1975 1976</bigrams>
	</sent>	<sent id="8">
		<raw>Other experts, including some who have no vested interest in kids' training, agree.</raw>
		<lemm>other expert  include some who have no vested interest in kid  training  agree</lemm>
		<bigrams> 1978 1982 1985 1986</bigrams>
	</sent>	<sent id="9">
		<raw>"The exercise professional who should have the greatest impact on public health (for children) is the personal trainer," said Walter Thompson, a kinesiology and nutrition professor at Georgia State University and an expert on personal trainer programs.</raw>
		<lemm> the exercise professional who should have the great impact on public health ( for child ) be the personal trainer   say walter thompson  a kinesiology and nutrition professor at georgia state university and an expert on personal trainer program</lemm>
		<bigrams> 1987 1993 491 1996 1999 1865 2002 2003 2004 2008 2011 2012 1865 2018</bigrams>
	</sent>	<sent id="10">
		<raw>"If parents see that their child is overweight, they should consider" personal training, Thompson said.</raw>
		<lemm> if parent see that their child be overweight  they should consider  personal training  thompson say</lemm>
		<bigrams> 2020 2026 2027 2028 2029</bigrams>
	</sent>	<sent id="11">
		<raw>He and others say children as young as 7 or 8 could start working with trainers.</raw>
		<lemm>he and other say child as young as @card@ or @card@ could start work with trainer</lemm>
		<bigrams> 2032 2035 2036 2037</bigrams>
	</sent>	<sent id="12">
		<raw>Trainers can help kids who don't enjoy organized sports or are embarrassed doing active things with fitter kids.</raw>
		<lemm>trainer can help kid who do n t enjoy organized sport or be embarrass do active thing with fit kid</lemm>
		<bigrams> 2041 2044 2045 2051 2054</bigrams>
	</sent>	<sent id="13">
		<raw>You can use body mass index (BMI) to determine if your child is overweight or obese.</raw>
		<lemm>you can use body mass index ( bmi ) to determine if your child be overweight or obese</lemm>
		<bigrams> 2057 306 307 2058 2059 2060</bigrams>
	</sent>	<sent id="14">
		<raw>(Find a child BMI calculator at www.cdc.gov/nccdphp/dnpa/bmi/bmi-for-age.htm.)</raw>
		<lemm>( find a child bmi calculator at www cdc gov/nccdphp/dnpa/bmi/bmi-for-age htm )</lemm>
		<bigrams> 2066 2069 2070 2073 2074 2075 2076</bigrams>
	</sent>	<sent id="15">
		<raw>But Steven Horowitz, Maryland director of the National Strength and Conditioning Association (NSCA) and director of Velocity Sports Performance in Rockville, Md., has a simpler method: "It's pretty obvious when your kid tries to run down the block or up stairs.</raw>
		<lemm>but steven horowitz  maryland director of the national strength and conditioning association ( nsca ) and director of velocity sports performance in rockville  md  have a simple method   it be pretty obvious when your kid try to run down the block or up stair</lemm>
		<bigrams> 2078 2079 2080 2081 2084 2085 2086 2087 2091 2092 2095 2099 2102 2106</bigrams>
	</sent>	<sent id="16">
		<raw>If they cannot do that (because they get winded), you have a big problem."</raw>
		<lemm>if they can do that ( because they get winded )  you have a big problem </lemm>
		<bigrams> 2120 2121 2125</bigrams>
	</sent>	<sent id="17">
		<raw>So, okay, maybe a trainer could help your child.</raw>
		<lemm>so  okay  maybe a trainer could help your child</lemm>
		<bigrams> 2127 2130 2131</bigrams>
	</sent>	<sent id="18">
		<raw>Yes, said Salke.</raw>
		<lemm>yes  say salke</lemm>
		<bigrams> 2133 2134</bigrams>
	</sent>	<sent id="19">
		<raw>He frames exercises as games to keep kids interested and having fun.</raw>
		<lemm>he frame exercise as game to keep kid interested and have fun</lemm>
		<bigrams> 2136 1891 2140</bigrams>
	</sent>	<sent id="20">
		<raw>One routine involves hanging a rope from the ceiling and testing kids to jump up and touch it, first with one hand, then the other.</raw>
		<lemm>one routine involve hang a rope from the ceiling and testing kid to jump up and touch it  first with one hand  then the other</lemm>
		<bigrams> 2143 2144 2145 2152 2161</bigrams>
	</sent>	<sent id="21">
		<raw>"That builds quad power and coordination, and they love it," he said.</raw>
		<lemm> that build quad power and coordination  and they love it   he say</lemm>
		<bigrams> 2166 2167</bigrams>
	</sent>	<sent id="22">
		<raw>He has kids hurl stability balls at the ground to see how high they'll bounce, and jump back and forth over a band stretched between two points.</raw>
		<lemm>he have kid hurl stability ball at the ground to see how high they will bounce  and jump back and forth over a band stretch between two point</lemm>
		<bigrams> 2176 2177 1707 2188 2193 2196</bigrams>
	</sent>	<sent id="23">
		<raw>Salke works with individual kids and small groups, including sibling pairs.</raw>
		<lemm>salke work with individual kid and small group  include sibling pair</lemm>
		<bigrams> 1949 2198 2200 2201 2202 2203</bigrams>
	</sent>	<sent id="24">
		<raw>Salke and Thompson agree that the training must be fun for the kids and that parents should pick trainers experienced with children and certified by NSCA or the American College of Sports Medicine (no group yet certifies in pediatric training).</raw>
		<lemm>salke and thompson agree that the training must be fun for the kid and that parent should pick trainer experience with child and certify by nsca or the american college of sports medicine ( no group yet certify in pediatric training )</lemm>
		<bigrams> 2206 2209 2215 2216 2224 2227 2228 2231 2232 2235 2236</bigrams>
	</sent>	<sent id="25">
		<raw>Insist on talking to parents of other child clients.</raw>
		<lemm>insist on talk to parent of other child client</lemm>
		<bigrams> 2244</bigrams>
	</sent>	<sent id="26">
		<raw>"This can be expensive," Thompson said, "but so is the loss of income and wealth when the child becomes ill with a lifestyle-related disease like Type 2 diabetes, heart disease or cancer."</raw>
		<lemm> this can be expensive   thompson say   but so be the loss of income and wealth when the child become ill with a lifestyle-related disease like type @card@ diabetes  heart disease or cancer </lemm>
		<bigrams> 2247 2029 2259 2260 2264 2265 2266 2267 2268 790 791</bigrams>
	</sent></doc>