<?xml version="1.0" encoding="UTF_8"?>
<doc>	<sent id="0">
		<raw>In the same week the government released new exercise and nutrition guidelines, food processors took steps to put themselves on the right side of the national campaign against obesity.</raw>
		<lemm>in the same week the government release new exercise and nutrition guideline  food processor take step to put themselves on the right side of the national campaign against obesity</lemm>
		<bigrams> 5 6 7 10 11 12 13 14 21 25</bigrams>
	</sent>	<sent id="1">
		<raw>Companies rolled out new versions of popular items, such as Cocoa Puffs and chocolate syrup, that have less sugar and salt and offer more vitamins and whole grains.</raw>
		<lemm>company roll out new version of popular item  such as cocoa puff and chocolate syrup  that have less sugar and salt and offer more vitamin and whole grain</lemm>
		<bigrams> 28 31 34 38 41 45 54</bigrams>
	</sent>	<sent id="2">
		<raw>Kraft Foods, maker of Oreos, Kool-Aid and Oscar Mayer lunch meats, said it will curb radio and television advertising aimed at children under 12.</raw>
		<lemm>kraft foods  maker of oreos  kool-aid and oscar mayer lunch meat  say it will curb radio and television advertising aim at child under @card@</lemm>
		<bigrams> 55 56 59 62 63 64 65 69 72 73</bigrams>
	</sent></doc>