<?xml version="1.0" encoding="UTF_8"?>
<doc>	<sent id="0">
		<raw>Even though the word is out that more children consume more calories than they burn, still the epidemic continues.</raw>
		<lemm>even though the word be out that more child consume more calorie than they burn  still the epidemic continue</lemm>
		<bigrams> 2271 2277 2283 2285</bigrams>
	</sent>	<sent id="1">
		<raw>"We have an obesity epidemic.</raw>
		<lemm> we have an obesity epidemic</lemm>
		<bigrams> 2288</bigrams>
	</sent>	<sent id="2">
		<raw>One out of five children are obese," said Dan Remley, consumer and family science and community development educator for The Ohio State University Extension Office for Butler County.</raw>
		<lemm>one out of five child be obese   say dan remley  consumer and family science and community development educator for the ohio state university extension office for butler county</lemm>
		<bigrams> 2291 2292 2293 2294 2295 2297 2299 2300 2303 2012 2304 2305 2308</bigrams>
	</sent>	<sent id="3">
		<raw>"The problem with obesity is not cosmetic but a health issue."</raw>
		<lemm> the problem with obesity be not cosmetic but a health issue </lemm>
		<bigrams> 2315</bigrams>
	</sent>	<sent id="4">
		<raw>Childhood obesity can plague children as young as 3 years old.</raw>
		<lemm>childhood obesity can plague child as young as @card@ year old</lemm>
		<bigrams> 300 2317 119 2318</bigrams>
	</sent>	<sent id="5">
		<raw>The cause of obesity often is attributed to genes, heredity, environment and behavior.</raw>
		<lemm>the cause of obesity often be attribute to gene  heredity  environment and behavior</lemm>
		<bigrams> 2320 2324 2325</bigrams>
	</sent>	<sent id="6">
		<raw>While some contributing factors cannot be changed, experts say children can adjust their attitudes to eating healthy and become physically active with the help of their parents.</raw>
		<lemm>while some contributing factor can be change  expert say child can adjust their attitude to eat healthy and become physically active with the help of their parent</lemm>
		<bigrams> 2329 2332 2333 2032 2338 2341 2342</bigrams>
	</sent>	<sent id="7">
		<raw>"Prevention is the best intervention.</raw>
		<lemm> prevention be the good intervention</lemm>
		<bigrams> 2349</bigrams>
	</sent>	<sent id="8">
		<raw>That's where parents can develop a family routine by limiting TV time.</raw>
		<lemm>that be where parent can develop a family routine by limit tv time</lemm>
		<bigrams> 2356 2359 2360</bigrams>
	</sent>	<sent id="9">
		<raw>The average child gets about six hours of TV including video games and being on the computer," said Shelly Frank, clinical dietitian with the HealthWorks!</raw>
		<lemm>the average child get about six hour of tv include video game and be on the computer   say shelly frank  clinical dietitian with the healthworks</lemm>
		<bigrams> 2362 2363 2366 2368 2369 2370 2373 2374 2375 2376 2377</bigrams>
	</sent>	<sent id="10">
		<raw>"It's a complicated picture of environment and behavior.</raw>
		<lemm> it be a complicated picture of environment and behavior</lemm>
		<bigrams> 2381</bigrams>
	</sent>	<sent id="11">
		<raw>I do think there's an overall message of kids being inundated with commercials that parents may or may not know about."</raw>
		<lemm>i do think there be an overall message of kid be inundate with commercial that parent may or may not know about </lemm>
		<bigrams> 2387 2395</bigrams>
	</sent>	<sent id="12">
		<raw>According to the Centers for Disease and Prevention Control, an estimated 16 percent of children, ages 6 to 19 were overweight in a National Health and Nutrition Examination Survey in 1999 through 2002.</raw>
		<lemm>accord to the centers for disease and prevention control  an estimated @card@ percent of child  age @card@ to @card@ be overweight in a national health and nutrition examination survey in @card@ through @card@</lemm>
		<bigrams> 2403 2406 112 1224 1310 2408 2409 2410</bigrams>
	</sent>	<sent id="13">
		<raw>It represented a 45 percent increase from overweight estimates of 11 percent obtained by the survey from 1988 to 1994.</raw>
		<lemm>it represent a @card@ percent increase from overweight estimate of @card@ percent obtain by the survey from @card@ to @card@</lemm>
		<bigrams> 112 2416 2419 112 2421</bigrams>
	</sent>	<sent id="14">
		<raw>In Greater Cincinnati, 40 percent of children were overweight from a 1999 survey, according to Frank.</raw>
		<lemm>in greater cincinnati  @card@ percent of child be overweight from a @card@ survey  accord to frank</lemm>
		<bigrams> 2427 2428 112 2431 2432</bigrams>
	</sent>	<sent id="15">
		<raw>Eating habits including over consumption of high-calorie foods.</raw>
		<lemm>eat habit include over consumption of high-calorie food</lemm>
		<bigrams> 2434 2435 2440</bigrams>
	</sent>	<sent id="16">
		<raw>Some eating patterns that have been associated with this behavior are eating when not hungry, eating while watching TV or while doing homework;</raw>
		<lemm>some eat pattern that have be associate with this behavior be eat when not hungry  eat while watch tv or while do homework </lemm>
		<bigrams> 2442 2453 2456</bigrams>
	</sent>	<sent id="17">
		<raw>Environment.</raw>
		<lemm>environment</lemm>
		<bigrams></bigrams>
	</sent>	<sent id="18">
		<raw>Overexposure to food advertisements that promote high calories and lack of recreational activities.</raw>
		<lemm>overexposure to food advertisement that promote high calorie and lack of recreational activity</lemm>
		<bigrams> 2463 2466 2467 2472</bigrams>
	</sent>	<sent id="19">
		<raw>Children, referred by their physician to the program, learn healthy eating behaviors and ways to be physically active.</raw>
		<lemm>child  refer by their physician to the program  learn healthy eat behavior and way to be physically active</lemm>
		<bigrams> 2473 2479 2480 2481 2482 2342</bigrams>
	</sent>	<sent id="20">
		<raw>They are screened, monitored and educated by a nurse, dietitian, psychologist and physician.</raw>
		<lemm>they be screen  monitor and educate by a nurse  dietitian  psychologist and physician</lemm>
		<bigrams> 2488 2493 2494</bigrams>
	</sent>	<sent id="21">
		<raw>About 200 children, ages 5 to 19, are enrolled in the program.</raw>
		<lemm>about @card@ child  age @card@ to @card@  be enroll in the program</lemm>
		<bigrams> 2498 1224 1310</bigrams>
	</sent>	<sent id="22">
		<raw>Remley facilitates the Butler County Healthy Living Coalition to determine incentives to get children and adults to become active.</raw>
		<lemm>remley facilitate the butler county healthy live coalition to determine incentive to get child and adult to become active</lemm>
		<bigrams> 2501 2308 2504 2505 2506 2508 2510 2512</bigrams>
	</sent>	<sent id="23">
		<raw>He's also trained Ross High School students through a program called Student Wellness Activity Teams or SWAT.</raw>
		<lemm>he be also train ross high school student through a program call student wellness activity teams or swat</lemm>
		<bigrams> 2514 2515 2516 284 279 2520 2521 2522 2523 2524</bigrams>
	</sent>	<sent id="24">
		<raw>The purpose is for high school students to educate elementary children to eat healthy and be active.</raw>
		<lemm>the purpose be for high school student to educate elementary child to eat healthy and be active</lemm>
		<bigrams> 284 279 2533 2534 2338</bigrams>
	</sent>	<sent id="25">
		<raw>"This issue is not how long we're going to live but how well we're going to live," Remley said.</raw>
		<lemm> this issue be not how long we be go to live but how well we be go to live   remley say</lemm>
		<bigrams> 2549 2550</bigrams>
	</sent>	<sent id="26">
		<raw>Carmen M. Henderson writes for the Hamilton JournalNews.</raw>
		<lemm>carmen m henderson write for the hamilton journalnews</lemm>
		<bigrams> 2553 2555</bigrams>
	</sent></doc>