<?xml version="1.0" encoding="UTF_8"?>
<doc>	<sent id="0">
		<raw>Schools across New Hampshire have yanked junk food from the vending machines and reduced the fat in cafeteria lunches.</raw>
		<lemm>school across new hampshire have yank junk food from the vend machine and reduce the fat in cafeteria lunch</lemm>
		<bigrams> 241 242 243 246 247 251 258</bigrams>
	</sent>	<sent id="1">
		<raw>Now, nearly half of the state's schools are measuring whether students are truly eating healthier, by the pound.</raw>
		<lemm>now  nearly half of the state s school be measure whether student be truly eat healthier  by the pound</lemm>
		<bigrams> 260 266 267 270 271</bigrams>
	</sent>	<sent id="2">
		<raw>Twice a year, in more than 230 schools, students, from kindergarten through high school, step on a doctor's scale as part of a growing statewide effort to combat childhood obesity.</raw>
		<lemm>twice a year  in more than @card@ school  student  from kindergarten through high school  step on a doctor s scale as part of a grow statewide effort to combat childhood obesity</lemm>
		<bigrams> 278 279 284 285 295 296 299 300</bigrams>
	</sent>	<sent id="3">
		<raw>Volunteers calculate each child's Body Mass Index, a measure of body fat based on height and age, to see who's overweight or obese.</raw>
		<lemm>volunteer calculate each child s body mass index  a measure of body fat base on height and age  to see who be overweight or obese</lemm>
		<bigrams> 301 306 307 312 313</bigrams>
	</sent>	<sent id="4">
		<raw>New Hampshire is taking the unusual step of tracking children's weight in school because the state's percentage of overweight children is greater than the national average.</raw>
		<lemm>new hampshire be take the unusual step of track child s weight in school because the state s percentage of overweight child be great than the national average</lemm>
		<bigrams> 243 328 331 340 344</bigrams>
	</sent>	<sent id="5">
		<raw>Researchers hope to weigh students and test their physical fitness in all 500 schools in the state within the next two years; some schools began the weigh-ins as a pilot last school year.</raw>
		<lemm>researcher hope to weigh student and test their physical fitness in all @card@ school in the state within the next two year  some school begin the weigh-ins as a pilot last school year</lemm>
		<bigrams> 345 348 353 278 358 361 362 365 371 372 373</bigrams>
	</sent>	<sent id="6">
		<raw>While some health professionals and parents like the idea, some students aren't so thrilled about stepping on a scale in school.</raw>
		<lemm>while some health professional and parent like the idea  some student be n t so thrill about step on a scale in school</lemm>
		<bigrams> 376 379</bigrams>
	</sent>	<sent id="7">
		<raw>"We're trying to do this to show them their fitness level and deemphasize their body shape and size," said Dr. Walter Hoerman, a pediatrician who led efforts in the Rochester, N. H., school system to improve children's health.</raw>
		<lemm> we be try to do this to show them their fitness level and deemphasize their body shape and size   say dr walter hoerman  a pediatrician who lead effort in the rochester  n h  school system to improve child s health</lemm>
		<bigrams> 402 407 410 411 412 413 418 421 422 423 424 427</bigrams>
	</sent>	<sent id="8">
		<raw>Rhode Island is the only other state pushing the same approach, said Tamara Martin, a University of New Hampshire professor and chairwoman of the state's Healthy Schools Task Force, a spinoff of a national effort.</raw>
		<lemm>rhode island be the only other state push the same approach  say tamara martin  a university of new hampshire professor and chairwoman of the state s healthy schools task force  a spinoff of a national effort</lemm>
		<bigrams> 429 435 438 439 440 243 445 450 451 452 457</bigrams>
	</sent>	<sent id="9">
		<raw>Next month the Massachusetts Legislature is expected to take up a bill that would ban unhealthy vending machines from schools and require more physical education.</raw>
		<lemm>next month the massachusetts legislature be expect to take up a bill that would ban unhealthy vend machine from school and require more physical education</lemm>
		<bigrams> 458 461 471 472 473 251 480</bigrams>
	</sent>	<sent id="10">
		<raw>But the state has no plan to start weighing kids, said public health and school officials.</raw>
		<lemm>but the state have no plan to start weigh kid  say public health and school official</lemm>
		<bigrams> 487 488 489 490 491 494</bigrams>
	</sent>	<sent id="11">
		<raw>At the Rochester Middle School, students line up in the gym each fall and spring for their turn at the scale.</raw>
		<lemm>at the rochester middle school  student line up in the gym each fall and spring for their turn at the scale</lemm>
		<bigrams> 496 497 279 498</bigrams>
	</sent>	<sent id="12">
		<raw>They also do sit-ups, push-ups, and pull-ups as part of a battery of physical tests to measure their strength, endurance, and flexibility.</raw>
		<lemm>they also do sit-up  push-up  and pull-up as part of a battery of physical test to measure their strength  endurance  and flexibility</lemm>
		<bigrams> 514 521 526</bigrams>
	</sent>	<sent id="13">
		<raw>Students' weights are attached to identification numbers, not names.</raw>
		<lemm>student  weight be attach to identification number  not name</lemm>
		<bigrams> 529 534</bigrams>
	</sent>	<sent id="14">
		<raw>But some students say they're self-conscious about the process, because classmates become competitive.</raw>
		<lemm>but some student say they be self-conscious about the process  because classmate become competitive</lemm>
		<bigrams> 538 547 548</bigrams>
	</sent>	<sent id="15">
		<raw>"Other kids had to stand 5 feet away from the scale, and sometimes some of the kids have good eyesight where they can actually read the thing," said Sarah Prantis, a sixth-grader at Rochester Middle School.</raw>
		<lemm> other kid have to stand @card@ foot away from the scale  and sometimes some of the kid have good eyesight where they can actually read the thing   say sarah prantis  a sixth-grader at rochester middle school</lemm>
		<bigrams> 553 554 555 563 568 571 572 573 496 497</bigrams>
	</sent>	<sent id="16">
		<raw>But I didn't want to tell."</raw>
		<lemm>but i do n t want to tell </lemm>
		<bigrams></bigrams>
	</sent>	<sent id="17">
		<raw>Prantis said the experience made her realize that she was out of shape and that she needed to lose weight.</raw>
		<lemm>prantis say the experience make her realize that she be out of shape and that she need to lose weight</lemm>
		<bigrams> 584 587 599</bigrams>
	</sent>	<sent id="18">
		<raw>She took swimming lessons over the summer and has since joined a swim team.</raw>
		<lemm>she take swim lesson over the summer and have since join a swim team</lemm>
		<bigrams> 601 602 609 612</bigrams>
	</sent>	<sent id="19">
		<raw>She also signed up for a daily health class elective where students learn about food groups and go on neighborhood walks.</raw>
		<lemm>she also sign up for a daily health class elective where student learn about food group and go on neighborhood walk</lemm>
		<bigrams> 614 619 620 621 624 627 632</bigrams>
	</sent>	<sent id="20">
		<raw>Instead of coming home to eat, she now plays soccer with her three dogs, because she has more energy.</raw>
		<lemm>instead of come home to eat  she now play soccer with her three dog  because she have more energy</lemm>
		<bigrams> 635 641 645</bigrams>
	</sent>	<sent id="21">
		<raw>Parent Terry Desjardins, whose 10-year-old daughter will enter Rochester Middle next fall, said she is grateful that the schools are making her children's health a priority.</raw>
		<lemm>parent terry desjardins  whose 10-year-old daughter will enter rochester middle next fall  say she be grateful that the school be make her child s health a priority</lemm>
		<bigrams> 651 652 653 654 655 658 496 659 660 661</bigrams>
	</sent>	<sent id="22">
		<raw>"I know there are people who would say that's not the place of a school system, but I feel this is a teaching moment for a lifetime," said Desjardins, who enrolled her two daughters in a nutrition program sponsored by a local hospital.</raw>
		<lemm> i know there be people who would say that be not the place of a school system  but i feel this be a teaching moment for a lifetime   say desjardins  who enroll her two daughter in a nutrition program sponsor by a local hospital</lemm>
		<bigrams> 677 424 691 694 695 700 704 705 709</bigrams>
	</sent>	<sent id="23">
		<raw>"If we can get our kids to think about not just today but healthy habits five years from now, I'm all for that."</raw>
		<lemm> if we can get our kid to think about not just today but healthy habit five year from now  i be all for that </lemm>
		<bigrams> 723 724 725</bigrams>
	</sent>	<sent id="24">
		<raw>Hoerman, a father of three teenagers, said the middle school was careful not to put adolescents in an embarrassing situation and had debated using calipers to measure students' body fat.</raw>
		<lemm>hoerman  a father of three teenager  say the middle school be careful not to put adolescent in an embarrassing situation and have debate use caliper to measure student  body fat</lemm>
		<bigrams> 736 737 497 742 746 749 750 752 753 312</bigrams>
	</sent>	<sent id="25">
		<raw>The school decided against it, because the results are not always accurate, he said.</raw>
		<lemm>the school decide against it  because the result be not always accurate  he say</lemm>
		<bigrams> 754 761</bigrams>
	</sent>	<sent id="26">
		<raw>Plus, an adult would have to pinch children's fat to measure it.</raw>
		<lemm>plus  an adult would have to pinch child s fat to measure it</lemm>
		<bigrams> 766 769</bigrams>
	</sent>	<sent id="27">
		<raw>Obesity contributes to 300,000 deaths nationally every year, Hoerman said.</raw>
		<lemm>obesity contribute to @card@ death nationally every year  hoerman say</lemm>
		<bigrams> 773 775 776 777 778 779 780</bigrams>
	</sent>	<sent id="28">
		<raw>Childhood obesity can lead to problems later in life, including diabetes, heart disease, high blood pressure, stroke, and certain cancers, he said.</raw>
		<lemm>childhood obesity can lead to problem later in life  include diabetes  heart disease  high blood pressure  stroke  and certain cancer  he say</lemm>
		<bigrams> 300 785 788 789 790 791 792 793 794 795 798</bigrams>
	</sent>	<sent id="29">
		<raw>Obese refers to someone whose weight is about a quarter more than the maximum desirable for his or her height.</raw>
		<lemm>obese refer to someone whose weight be about a quarter more than the maximum desirable for his or her height</lemm>
		<bigrams> 800 803 804 810</bigrams>
	</sent>	<sent id="30">
		<raw>According to New Hampshire data collected since last school year, 18 percent of girls and 22 percent of boys in kindergarten through high school are overweight or obese, compared to the national average of 16 percent.</raw>
		<lemm>accord to new hampshire datum collect since last school year  @card@ percent of girl and @card@ percent of boy in kindergarten through high school be overweight or obese  compare to the national average of @card@ percent</lemm>
		<bigrams> 243 817 818 819 820 372 373 821 112 112 284 827 344 112</bigrams>
	</sent>	<sent id="31">
		<raw>Health professionals say 5 percent of US youth should be labeled obese or overweight.</raw>
		<lemm>health professional say @card@ percent of us youth should be label obese or overweight</lemm>
		<bigrams> 376 829 830 112 832 836</bigrams>
	</sent>	<sent id="32">
		<raw>School systems nationwide are starting to re-examine their food offerings and fitness programs, said Jean Schultz, a health specialist with the National Middle School Association.</raw>
		<lemm>school system nationwide be start to re-examine their food offering and fitness program  say jean schultz  a health specialist with the national middle school association</lemm>
		<bigrams> 424 839 846 849 850 851 852 855 858 497 859</bigrams>
	</sent>	<sent id="33">
		<raw>They've tweaked their fund-raisers, cutting out bake sales and candy sales.</raw>
		<lemm>they have tweak their fund-raiser  cut out bake sale and candy sale</lemm>
		<bigrams> 864 867 870</bigrams>
	</sent>	<sent id="34">
		<raw>But she warned that schools should tread carefully when it comes to weight.</raw>
		<lemm>but she warn that school should tread carefully when it come to weight</lemm>
		<bigrams> 877</bigrams>
	</sent>	<sent id="35">
		<raw>"Some districts have tried to include a letter home saying 'Your son or daughter is X number of pounds over the norm' and that has not been well received," Schultz said.</raw>
		<lemm> some district have try to include a letter home say  your son or daughter be @card@ number of pound over the norm  and that have not be well receive   schultz say</lemm>
		<bigrams> 889 890 897 906 907 908</bigrams>
	</sent>	<sent id="36">
		<raw>"Parents were offended because they thought the schools were being invasive and not kind to their children.</raw>
		<lemm> parent be offend because they think the school be be invasive and not kind to their child</lemm>
		<bigrams></bigrams>
	</sent>	<sent id="37">
		<raw>The interest of the schools were to raise awareness at home, but kids who are in the middle level, like adults, are sensitive about how they look and how much they weigh."</raw>
		<lemm>the interest of the school be to raise awareness at home  but kid who be in the middle level  like adult  be sensitive about how they look and how much they weigh </lemm>
		<bigrams> 927 934 935 936</bigrams>
	</sent>	<sent id="38">
		<raw>Tracy Jan can be reached at tjanglobe.com.</raw>
		<lemm>tracy jan can be reach at tjanglobe com</lemm>
		<bigrams> 948 954</bigrams>
	</sent></doc>