<?xml version="1.0" encoding="UTF_8"?>
<doc>	<sent id="0">
		<raw>Labeling Shrek cereal by General Mills and a promotional children's book that features Kraft's Oreo cookies as extreme examples of marketing to children, Sen. Tom Harkin issued a sharp rebuke on Wednesday to the nation's largest food companies.</raw>
		<lemm>label shrek cereal by general mills and a promotional child s book that feature kraft s oreo cookie as extreme example of marketing to child  sen tom harkin issue a sharp rebuke on wednesday to the nation s large food company</lemm>
		<bigrams> 3165 3166 3169 3172 3176 3178 3181 3183 1266 1267 3184 3186 3191 3113</bigrams>
	</sent>	<sent id="1">
		<raw>Harkin, D-Iowa, criticized the food industry for contributing to childhood obesity by spending $10 billion last year on marketing to children, much of it, he said, to promote sugary and nutritionally deficient products.</raw>
		<lemm>harkin  d-iowa  criticize the food industry for contribute to childhood obesity by spend $10 billion last year on marketing to child  much of it  he say  to promote sugary and nutritionally deficient product</lemm>
		<bigrams> 3192 3193 3195 300 3200 3201 3202 2985 3205 3209 3212 3213</bigrams>
	</sent>	<sent id="2">
		<raw>He called on food companies to do more to limit what they advertise to children.</raw>
		<lemm>he call on food company to do more to limit what they advertise to child</lemm>
		<bigrams> 3113</bigrams>
	</sent>	<sent id="3">
		<raw>Harkin also said that he intended to introduce a bill that would give the Federal Trade Commission the authority to regulate advertising to children.</raw>
		<lemm>harkin also say that he intend to introduce a bill that would give the federal trade commission the authority to regulate advertising to child</lemm>
		<bigrams> 3223 3224 3230 3232 3233 3238</bigrams>
	</sent>	<sent id="4">
		<raw>Currently, the commission has greater authority over advertising aimed at adults.</raw>
		<lemm>currently  the commission have great authority over advertising aim at adult</lemm>
		<bigrams> 3244 73</bigrams>
	</sent>	<sent id="5">
		<raw>"I sincerely hope that the industry will develop tough and effective marketing guidelines," Harkin, a member of the Senate Labor, Health and Human Services Committee, said.</raw>
		<lemm> i sincerely hope that the industry will develop tough and effective marketing guideline   harkin  a member of the senate labor  health and human services committee  say</lemm>
		<bigrams> 3249 3254 3257 3258 3259 3263 3264 1488 3265 3266</bigrams>
	</sent>	<sent id="6">
		<raw>"But when private interests work against the public good like this, government is obliged to act."</raw>
		<lemm> but when private interest work against the public good like this  government be oblige to act </lemm>
		<bigrams> 3269 3270 3273 3274</bigrams>
	</sent>	<sent id="7">
		<raw>Marketing to children has become a major issue for the $500 billion food industry.</raw>
		<lemm>market to child have become a major issue for the $500 billion food industry</lemm>
		<bigrams> 3283 3286 3287 3195</bigrams>
	</sent>	<sent id="8">
		<raw>According to the Centers for Disease Control and Prevention, the number of overweight children in the United States has doubled in two decades, and 15 percent of American children are overweight or obese.</raw>
		<lemm>accord to the centers for disease control and prevention  the number of overweight child in the united states have double in two decade  and @card@ percent of american child be overweight or obese</lemm>
		<bigrams> 1356 340 95 3294 112 229</bigrams>
	</sent>	<sent id="9">
		<raw>Type II diabetes, which is linked to excess body weight, is being found in such high numbers among children that it can no longer be referred to as adult-onset diabetes.</raw>
		<lemm>type ii diabetes  which be link to excess body weight  be be find in such high number among child that it can no longer be refer to as adult-onset diabetes</lemm>
		<bigrams> 3297 3298 3304 3305 3310 3311 3312 3321</bigrams>
	</sent>	<sent id="10">
		<raw>Two months ago, Kraft Foods announced that it would stop television advertising of certain products it considers unhealthy to children under 12.</raw>
		<lemm>two month ago  kraft foods announce that it would stop television advertising of certain product it consider unhealthy to child under @card@</lemm>
		<bigrams> 3322 3323 3324 55 3325 2871 3327 72 3330 3333</bigrams>
	</sent>	<sent id="11">
		<raw>Kraft will not reduce its $90 million a year worth of advertising aimed at children.</raw>
		<lemm>kraft will not reduce its $90 million a year worth of advertising aim at child</lemm>
		<bigrams> 3339 3341 73</bigrams>
	</sent>	<sent id="12">
		<raw>Rather, it will alter the product mix, increasing ads for Sugar-Free Kool-Aid and 100-calorie packs of thin crisp Oreos.</raw>
		<lemm>rather  it will alter the product mix  increase ad for sugar-free kool-aid and 100-calorie pack of thin crisp oreos</lemm>
		<bigrams> 3348 3349 3350 3353 3355 3358 3359</bigrams>
	</sent>	<sent id="13">
		<raw>Many in the food and advertising industries say that advertising is not a factor in obesity or diabetes.</raw>
		<lemm>many in the food and advertising industry say that advertising be not a factor in obesity or diabetes</lemm>
		<bigrams> 3362 3363</bigrams>
	</sent>	<sent id="14">
		<raw>They focus on lack of exercise as the primary cause of America's childhood obesity problems.</raw>
		<lemm>they focus on lack of exercise as the primary cause of america s childhood obesity problem</lemm>
		<bigrams> 3375 300 3378</bigrams>
	</sent>	<sent id="15">
		<raw>Dan Mindus, a senior analyst at the Center for Consumer Freedom, an organization funded by food and restaurant companies and various individuals, pointed to an analysis of Census data done at the University of North Carolina.</raw>
		<lemm>dan mindus  a senior analyst at the center for consumer freedom  an organization fund by food and restaurant company and various individual  point to an analysis of census datum do at the university of north carolina</lemm>
		<bigrams> 3379 3382 3385 3388 3392 3395 3396 3402 3407</bigrams>
	</sent>	<sent id="16">
		<raw>Researchers there found that from 1980 to 2000, caloric intake among adolescents had risen 1 percent while physical activity has declined by 13 percent.</raw>
		<lemm>researcher there find that from @card@ to @card@  caloric intake among adolescent have rise @card@ percent while physical activity have decline by @card@ percent</lemm>
		<bigrams> 3412 3413 3414 3415 3418 112 988 112</bigrams>
	</sent>	<sent id="17">
		<raw>"Senator Harkin would be well served to focus his energies on getting more PE back into schools," Mindus said.</raw>
		<lemm> senator harkin would be well serve to focus his energy on get more pe back into school   mindus say</lemm>
		<bigrams> 3425 3426 3427 3435 3438 3439</bigrams>
	</sent>	<sent id="18">
		<raw>In an effort to promote physical activity, McDonald's last week announced a global marketing campaign featuring athletes and information about a "balanced lifestyle."</raw>
		<lemm>in an effort to promote physical activity  mcdonald s last week announce a global marketing campaign feature athlete and information about a  balanced lifestyle </lemm>
		<bigrams> 3441 988 3442 3445 3446 3449 3450 3451 3452 3457</bigrams>
	</sent>	<sent id="19">
		<raw>Michael Jacobson of the Centers for Science in the Public Interest said that exercise was being used by the food industry as a way to distract people from the inconvenient fact that many of the food products aimed at children are nutritionally deficient and have too many calories.</raw>
		<lemm>michael jacobson of the centers for science in the public interest say that exercise be be use by the food industry as a way to distract people from the inconvenient fact that many of the food product aim at child be nutritionally deficient and have too many calorie</lemm>
		<bigrams> 3458 2914 3460 3195 3467 3470 2697 3472 3212 3477</bigrams>
	</sent>	<sent id="20">
		<raw>"Companies are taking a pot of white flour and a pot of refined sugar and adding maybe some fat and food coloring and flavoring and calling it food, but it's basically junk," said Jacobson, whose organization is funded primarily by subscribers to its newsletter.</raw>
		<lemm> company be take a pot of white flour and a pot of refined sugar and add maybe some fat and food coloring and flavor and call it food  but it be basically junk   say jacobson  whose organization be fund primarily by subscriber to its newsletter</lemm>
		<bigrams> 3483 3486 3488 3492 3501 3502 3503 3504 3505 3508</bigrams>
	</sent>	<sent id="21">
		<raw>A full table of food aimed at children was on display in Harkin's office Wednesday.</raw>
		<lemm>a full table of food aim at child be on display in harkin s office wednesday</lemm>
		<bigrams> 3515 3518 3524</bigrams>
	</sent>	<sent id="22">
		<raw>Holding up a box with the Shrek character emblazoned across the front, Harkin dug out a magnifying glass to read a description of what was inside.</raw>
		<lemm>hold up a box with the shrek character emblazon across the front  harkin dig out a magnify glass to read a description of what be inside</lemm>
		<bigrams> 3529 3530 3531 3533 3534 3538</bigrams>
	</sent>	<sent id="23">
		<raw>"Kids just see that it's Shrek," he said.</raw>
		<lemm> kid just see that it be shrek   he say</lemm>
		<bigrams></bigrams>
	</sent>	<sent id="24">
		<raw>The product was General Mills' Shrek cereal, or sweetened corn puffs with marshmallow pieces, containing 14 grams of sugar per serving.</raw>
		<lemm>the product be general mills  shrek cereal  or sweeten corn puff with marshmallow piece  contain @card@ gram of sugar per serve</lemm>
		<bigrams> 3169 3551 3166 3554 3555 3558 3559 3560 3561 3563 3564</bigrams>
	</sent>	<sent id="25">
		<raw>Representatives at General Mills did not comment on Harkin's criticisms.</raw>
		<lemm>representative at general mills do not comment on harkin s criticism</lemm>
		<bigrams> 3169</bigrams>
	</sent>	<sent id="26">
		<raw>A Kraft spokesman, Mark Berlind, said the company was looking at the issue of licensed characters on packaging, but had no plans to make any changes at the moment.</raw>
		<lemm>a kraft spokesman  mark berlind  say the company be look at the issue of licensed character on packaging  but have no plan to make any change at the moment</lemm>
		<bigrams> 3574 3575 3576 3577 3584</bigrams>
	</sent></doc>