<?xml version="1.0" encoding="UTF_8"?>
<doc>	<sent id="0">
		<raw>Vanessa Jones' oldest child was regularly falling asleep to the television, and her youngest begged to go to Dairy Queen to get a toy advertised on TV.</raw>
		<lemm>vanessa jones  old child be regularly fall asleep to the television  and her young beg to go to dairy queen to get a toy advertise on tv</lemm>
		<bigrams> 2556 2557 2558 2560 2561 2566 2570 2574</bigrams>
	</sent>	<sent id="1">
		<raw>Jones, a stay-at-home mother,, responded by banning television except on weekends.</raw>
		<lemm>jones  a stay-at-home mother   respond by ban television except on weekend</lemm>
		<bigrams> 2579 2580 2583 2584</bigrams>
	</sent>	<sent id="2">
		<raw>She and her friends are increasingly concerned about children's television, the commercials, the programming and the fact that kids are just sitting there instead of playing.</raw>
		<lemm>she and her friend be increasingly concern about child s television  the commercial  the programming and the fact that kid be just sit there instead of play</lemm>
		<bigrams> 2591</bigrams>
	</sent>	<sent id="3">
		<raw>This weekend they are getting some help from an unlikely source: Nickelodeon, the No.1 network for children, is replacing its usual Saturday afternoon lineup with a message encouraging young viewers to go outside and play.</raw>
		<lemm>this weekend they be get some help from an unlikely source  nickelodeon  the no 1 network for child  be replace its usual saturday afternoon lineup with a message encourage young viewer to go outside and play</lemm>
		<bigrams> 2615 2616 2620 2625 2626 2627 2630 2631 2632 2634</bigrams>
	</sent>	<sent id="4">
		<raw>The move by Nick comes at a time when networks face a backlash over the potentially negative impacts of TV viewing.</raw>
		<lemm>the move by nick come at a time when network face a backlash over the potentially negative impact of tv viewing</lemm>
		<bigrams> 2638 2643 2648 2649 2651</bigrams>
	</sent>	<sent id="5">
		<raw>High-profile reports have linked television watching to childhood obesity, for example.</raw>
		<lemm>high-profile report have link television watch to childhood obesity  for example</lemm>
		<bigrams> 2652 2655 2656 300</bigrams>
	</sent>	<sent id="6">
		<raw>That has left children's networks, including the No.</raw>
		<lemm>that have leave child s network  include the no </lemm>
		<bigrams> 2662 2664</bigrams>
	</sent>	<sent id="7">
		<raw>2 player, Cartoon Network, with a tricky balancing act.</raw>
		<lemm>@card@ player  cartoon network  with a tricky balancing act</lemm>
		<bigrams> 2666 2667 2668 2671 2672</bigrams>
	</sent>	<sent id="8">
		<raw>After all, their revenue models depend on children watching plenty of television, which includes commercials for junk food.</raw>
		<lemm>after all  their revenue model depend on child watch plenty of television  which include commercial for junk food</lemm>
		<bigrams> 2676 2677 2680 2681 2685 247</bigrams>
	</sent>	<sent id="9">
		<raw>They also make money when they package their characters with food products, such as Kraft's SpongeBob SquarePants macaroni-and-cheese, featuring the Nickelodeon character.</raw>
		<lemm>they also make money when they package their character with food product  such as kraft s spongebob squarepants macaroni-and-cheese  feature the nickelodeon character</lemm>
		<bigrams> 2688 2689 2697 2702 2703 2704 2707</bigrams>
	</sent>	<sent id="10">
		<raw>Marva Smalls, executive vice president for public affairs at Nickelodeon, acknowledged that awareness about childhood obesity is up, but said the network's initiatives were not a response to outside pressure.</raw>
		<lemm>marva smalls  executive vice president for public affair at nickelodeon  acknowledge that awareness about childhood obesity be up  but say the network s initiative be not a response to outside pressure</lemm>
		<bigrams> 2708 2709 2710 2711 2714 2717 300 2733</bigrams>
	</sent>	<sent id="11">
		<raw>"What's good for kids is good for business," she said.</raw>
		<lemm> what be good for kid be good for business   she say</lemm>
		<bigrams></bigrams>
	</sent>	<sent id="12">
		<raw>In addition to today's programming hiatus, in which there will be no kids' shows from noon to 3 p.m., Nick has sponsored "Let's Just Play" events across the country, and is awarding grants to schools to expand physical play.</raw>
		<lemm>in addition to today s programming hiatus  in which there will be no kid  show from noon to @card@ p m  nick have sponsor  let be just play  event across the country  and be award grant to school to expand physical play</lemm>
		<bigrams> 2744 2752 2756 2761 2764 2765 2768 2771 2772</bigrams>
	</sent>	<sent id="13">
		<raw>The network also is working on a policy to require food products featuring Nickelodeon characters to have additional nutritional information on packaging.</raw>
		<lemm>the network also be work on a policy to require food product feature nickelodeon character to have additional nutritional information on packaging</lemm>
		<bigrams> 2773 2780 2697 2781 2782 2707 2786 2787</bigrams>
	</sent>	<sent id="14">
		<raw>The network says it will not lose significant revenue today, because it can shift the schedule to air commercials at other times.</raw>
		<lemm>the network say it will not lose significant revenue today  because it can shift the schedule to air commercial at other time</lemm>
		<bigrams> 2790 2793 2794 2795 2804</bigrams>
	</sent>	<sent id="15">
		<raw>However, Nickelodeon is investing tens of millions of dollars on the overall campaign, Smalls said.</raw>
		<lemm>however  nickelodeon be invest ten of million of dollar on the overall campaign  smalls say</lemm>
		<bigrams> 2808 2811 2818 2819 2820</bigrams>
	</sent>	<sent id="16">
		<raw>Competitors are likely to follow suit.</raw>
		<lemm>competitor be likely to follow suit</lemm>
		<bigrams> 2825</bigrams>
	</sent>	<sent id="17">
		<raw>The Cartoon Network, owned by Turner Broadcasting System, said it plans to roll out its own program targeting childhood obesity soon.</raw>
		<lemm>the cartoon network  own by turner broadcasting system  say it plan to roll out its own program target childhood obesity soon</lemm>
		<bigrams> 2668 2830 2831 2832 2838 2839 300 2840</bigrams>
	</sent>	<sent id="18">
		<raw>"We are working on a long-term program to deal with this issue but we don't have all of the elements in place," said spokeswoman Laurie Goldberg.</raw>
		<lemm> we be work on a long-term program to deal with this issue but we do n t have all of the element in place   say spokeswoman laurie goldberg</lemm>
		<bigrams> 2842 1401 2854 2855 2856</bigrams>
	</sent>	<sent id="19">
		<raw>Some critics are skeptical about how effective the networks' efforts will be.</raw>
		<lemm>some critic be skeptical about how effective the network  effort will be</lemm>
		<bigrams> 2863</bigrams>
	</sent>	<sent id="20">
		<raw>"If they really want to address childhood obesity, they would stop marketing junk food to kids," said Susan Linn, author of "Consuming Kids: The Hostile Takeover of Childhood" and associate director of the media center at Judge Baker Children's Center in Boston.</raw>
		<lemm> if they really want to address childhood obesity  they would stop marketing junk food to kid   say susan linn  author of  consuming kids  the hostile takeover of childhood  and associate director of the medium center at judge baker children s center in boston</lemm>
		<bigrams> 2866 2868 300 2871 2872 2873 247 489 2876 2877 2878 2881 2884 2888 2890 2892 2893</bigrams>
	</sent>	<sent id="21">
		<raw>"I think what they are concerned about is regulation," she said.</raw>
		<lemm> i think what they be concerned about be regulation   she say</lemm>
		<bigrams></bigrams>
	</sent>	<sent id="22">
		<raw>Margo Wootan, director of nutrition policy at the Center for Science in the Public Interest, expects media companies' efforts to be "measured and just enough to keep the government and courts off their backs."</raw>
		<lemm>margo wootan  director of nutrition policy at the center for science in the public interest  expect medium company  effort to be  measure and just enough to keep the government and court off their back </lemm>
		<bigrams> 2904 2905 2907 2914 2915 2916 2917 2918</bigrams>
	</sent>	<sent id="23">
		<raw>But Jones applauds Nickelodeon for today's effort.</raw>
		<lemm>but jones applaud nickelodeon for today s effort</lemm>
		<bigrams> 2929 2930</bigrams>
	</sent>	<sent id="24">
		<raw>"Having something like that, if they are willing to make a sacrifice even for three hours, that makes me willing to put up with some of the other things," she said.</raw>
		<lemm> have something like that  if they be willing to make a sacrifice even for three hour  that make me willing to put up with some of the other thing   she say</lemm>
		<bigrams> 2935 2943 2946</bigrams>
	</sent>	<sent id="25">
		<raw>Cynthia Ziegler, a mother of two, said, "At least they are doing something."</raw>
		<lemm>cynthia ziegler  a mother of two  say   at least they be do something </lemm>
		<bigrams> 2955 2960</bigrams>
	</sent>	<sent id="26">
		<raw>Ziegler allows her 7-year-old daughter and 8-year-old son to watch television only on weekends.</raw>
		<lemm>ziegler allow her 7-year-old daughter and 8-year-old son to watch television only on weekend</lemm>
		<bigrams> 2965 2968 2971 2974</bigrams>
	</sent>	<sent id="27">
		<raw>A number of high-profile reports about the media's role in childhood obesity have been issued in the last year, including:</raw>
		<lemm>a number of high-profile report about the medium s role in childhood obesity have be issue in the last year  include </lemm>
		<bigrams> 2652 300 2985 2986</bigrams>
	</sent>	<sent id="28">
		<raw>The Institute of Medicine this week published a report commissioned by Congress that called for more voluntary industry regulation of marketing to children.</raw>
		<lemm>the institute of medicine this week publish a report commission by congress that call for more voluntary industry regulation of marketing to child</lemm>
		<bigrams> 2989 2992 2999 3000</bigrams>
	</sent>	<sent id="29">
		<raw>The American Psychological Association issued a report in February, saying marketing to kids under 9 is inherently deceptive.</raw>
		<lemm>the american psychological association issue a report in february  say marketing to kid under @card@ be inherently deceptive</lemm>
		<bigrams> 3004 3005 3006 3009 3010 3013</bigrams>
	</sent>	<sent id="30">
		<raw>A Henry J. Kaiser Family Foundation report, also released in February, suggested a variety of actions, from reducing the time children spend with television to increasing the media messages promoting fitness and sound nutrition.</raw>
		<lemm>a henry j kaiser family foundation report  also release in february  suggest a variety of action  from reduce the time child spend with television to increase the medium message promote fitness and sound nutrition</lemm>
		<bigrams> 3015 3016 3017 3018 3019 3020 3021 3023 3031 3032 3036 3037 3038 3041</bigrams>
	</sent>	<sent id="31">
		<raw>The Center for Science in the Public Interest came out with a report in November 2003 that claims excessive television viewing contributes to childhood obesity and calls for stricter regulations on advertising.</raw>
		<lemm>the center for science in the public interest come out with a report in november @card@ that claim excessive television viewing contribute to childhood obesity and call for strict regulation on advertising</lemm>
		<bigrams> 2914 3042 3046 3049 3050 3051 3052 300 3055</bigrams>
	</sent>	<sent id="32">
		<raw>In Congress, several pieces of legislation aiming to limit marketing to children have been proposed.</raw>
		<lemm>in congress  several piece of legislation aim to limit marketing to child have be propose</lemm>
		<bigrams> 3059 3060 3063 3065</bigrams>
	</sent>	<sent id="33">
		<raw>And more litigation is likely, said John Banzhaf, a law professor at George Washington University and a proponent for using the courts to make industry more responsible on childhood obesity issues.</raw>
		<lemm>and more litigation be likely  say john banzhaf  a law professor at george washington university and a proponent for use the court to make industry more responsible on childhood obesity issue</lemm>
		<bigrams> 3069 3070 3071 3074 3076 3077 3084 300 3089</bigrams>
	</sent>	<sent id="34">
		<raw>At a conference this summer on obesity litigation, sponsored by the Public Health Advocacy Institute, Banzhaf heard discussion about suing media companies that air misleading junk-food commercials, as well as the food companies themselves.</raw>
		<lemm>at a conference this summer on obesity litigation  sponsor by the public health advocacy institute  banzhaf hear discussion about sue medium company that air mislead junk-food commercial  as well as the food company themselves</lemm>
		<bigrams> 3094 3095 491 3096 3097 3098 3099 3100 3103 2917 3106 3107 3108 3113</bigrams>
	</sent>	<sent id="35">
		<raw>"If we could go after Nickelodeon, the impact would be greater" than winning lawsuits against food companies, he said.</raw>
		<lemm> if we could go after nickelodeon  the impact would be great  than win lawsuit against food company  he say</lemm>
		<bigrams> 3116 3120 3123 3113</bigrams>
	</sent>	<sent id="36">
		<raw>Smalls acknowledged that Nickelodeon is in the business of selling advertising.</raw>
		<lemm>smalls acknowledge that nickelodeon be in the business of sell advertising</lemm>
		<bigrams> 3127 3132</bigrams>
	</sent>	<sent id="37">
		<raw>"Ice cream, candy, cookies are a part of kids' lives," the network executive said.</raw>
		<lemm> ice cream  candy  cookie be a part of kid  life   the network executive say</lemm>
		<bigrams> 3133 3134 3135 3138 3140 3141</bigrams>
	</sent>	<sent id="38">
		<raw>However, Nickelodeon also is committed to providing nutritional information to families, she said, on television as well as its Web site, magazines and sponsored local events.</raw>
		<lemm>however  nickelodeon also be commit to provide nutritional information to family  she say  on television as well as its web site  magazine and sponsor local event</lemm>
		<bigrams> 2808 3142 3146 2787 3155 3156 3159 3160</bigrams>
	</sent>	<sent id="39">
		<raw>Caroline Wilbert writes for The Atlanta Journal-Constitution.</raw>
		<lemm>caroline wilbert write for the atlanta journal-constitution</lemm>
		<bigrams> 3161 3162 3164</bigrams>
	</sent></doc>