<?xml version="1.0" encoding="UTF_8"?>
<doc>	<sent id="0">
		<raw>U. S. District Judge Joan Humphrey Lefkow told a newspaper Wednesday she fears the murders of her husband and mother may have been related to her job, saying she is furious over what she called a "cold-blooded" attack.</raw>
		<lemm>u s district judge joan humphrey lefkow tell a newspaper wednesday she fear the murder of her husband and mother may have be relate to her job  say she be furious over what she call a  cold-blooded  attack</lemm>
		<bigrams> 76 77 78 79 1209 1212 1218 1224 1232</bigrams>
	</sent>	<sent id="1">
		<raw>The judge's remarks came as police released sketches of two men seen near the victims' home the day of the slayings, and as two of Lefkow's colleagues called for greater security for federal judges and their families.</raw>
		<lemm>the judge s remark come as police release sketch of two man see near the victim  home the day of the slaying  and as two of lefkow s colleague call for great security for federal judge and their family</lemm>
		<bigrams> 1234 1237 1238 385 386 387 1241 1248 1251 19</bigrams>
	</sent>	<sent id="2">
		<raw>"If someone was angry at me, they should go after me.</raw>
		<lemm> if someone be angry at me  they should go after me</lemm>
		<bigrams></bigrams>
	</sent>	<sent id="3">
		<raw>It's not fair to go after my family," she said in an interview posted on the Web site of the Chicago Sun-Times on Wednesday night.</raw>
		<lemm>it be not fair to go after my family   she say in an interview post on the web site of the chicago sun-times on wednesday night</lemm>
		<bigrams> 1274 1275 1277 382</bigrams>
	</sent>	<sent id="4">
		<raw>"It was just cold-blooded.</raw>
		<lemm> it be just cold-blooded</lemm>
		<bigrams></bigrams>
	</sent>	<sent id="5">
		<raw>I'm just furious."</raw>
		<lemm>i be just furious </lemm>
		<bigrams></bigrams>
	</sent>	<sent id="6">
		<raw>Chief of Detectives James Molloy described the two men in the sketches as "persons of interest" whom police want to interview based on witness statements from the neighborhood.</raw>
		<lemm>chief of detectives james molloy describe the two man in the sketch as  person of interest  whom police want to interview base on witness statement from the neighborhood</lemm>
		<bigrams> 1285 586 1286 385 1296 1298 1301</bigrams>
	</sent>	<sent id="7">
		<raw>One, a man in his mid-20s, was seen in a car near the Lefkow home.</raw>
		<lemm>one  a man in his mid-20s  be see in a car near the lefkow home</lemm>
		<bigrams> 1312 390</bigrams>
	</sent>	<sent id="8">
		<raw>The other, a man in his 50s, was wearing dark coveralls and a dark knit cap.</raw>
		<lemm>the other  a man in his 50s  be wear dark coverall and a dark knit cap </lemm>
		<bigrams> 1318 1319 1322 1323</bigrams>
	</sent>	<sent id="9">
		<raw>Both are white.</raw>
		<lemm>both be white</lemm>
		<bigrams></bigrams>
	</sent>	<sent id="10">
		<raw>Investigators are hoping an abundance of physical evidence left behind in the basement where the killings of Lefkow's husband, Michael, and her 89-year-old mother, Donna Humphrey, occurred will point to specific suspects.</raw>
		<lemm>investigator be hope an abundance of physical evidence leave behind in the basement where the killing of lefkow s husband  michael  and her 89-year-old mother  donna humphrey  occur will point to specific suspect</lemm>
		<bigrams> 1330 1331 1332 549 1340 611 260 1341 1346</bigrams>
	</sent>	<sent id="11">
		<raw>"This horrible tragedy has got to serve as the basis for a substantial increase in security for judges and their families," U. S. District Judge Wayne R. Andersen said.</raw>
		<lemm> this horrible tragedy have get to serve as the basis for a substantial increase in security for judge and their family   u s district judge wayne r andersen say</lemm>
		<bigrams> 1348 1358 1361 76 1362 1363 1364 1365</bigrams>
	</sent>	<sent id="12">
		<raw>"The Internet is plastered with information about every one of us."</raw>
		<lemm> the internet be plaster with information about every one of us </lemm>
		<bigrams> 1373</bigrams>
	</sent>	<sent id="13">
		<raw>The shootings came a month before white supremacist Matthew Hale was to be sentenced by another judge for soliciting an undercover FBI informant to murder Lefkow, who had ordered Hale to change the name of his extremist group as part of a trademark lawsuit.</raw>
		<lemm>the shooting come a month before white supremacist matthew hale be to be sentence by another judge for solicit an undercover fbi informant to murder lefkow  who have order hale to change the name of his extremist group as part of a trademark lawsuit</lemm>
		<bigrams> 1376 143 144 145 1092 1386 158 1388 503 1395 170</bigrams>
	</sent>	<sent id="14">
		<raw>Police say extremist groups are just one of several avenues being looked at by authorities, though speculation among judges and lawyers about the killings has focused on Hale's group, which has a history of violence.</raw>
		<lemm>police say extremist group be just one of several avenue be look at by authority  though speculation among judge and lawyer about the killing have focus on hale s group  which have a history of violence</lemm>
		<bigrams> 1399 1400 1395 1404 1409 1410 1411 1412</bigrams>
	</sent>	<sent id="15">
		<raw>Hale's father, retired East Peoria policeman Russell Hale, dismissed the notion that his son was involved in the slayings, saying he is under constant surveillance and the FBI closely monitors his phone calls and visits with family members.</raw>
		<lemm>hale s father  retire east peoria policeman russell hale  dismiss the notion that his son be involve in the slaying  say he be under constant surveillance and the fbi closely monitor his phone call and visit with family member</lemm>
		<bigrams> 1426 1427 1428 1429 1430 1431 1432 1439 1443 1446 1447 1450 1153</bigrams>
	</sent>	<sent id="16">
		<raw>Meanwhile, investigators are hoping that an abundance of physical evidence left behind in the basement where the victims were killed will point to specific suspects.</raw>
		<lemm>meanwhile  investigator be hope that an abundance of physical evidence leave behind in the basement where the victim be kill will point to specific suspect</lemm>
		<bigrams> 1455 1330 1331 1332 1346</bigrams>
	</sent>	<sent id="17">
		<raw>Both victims had been shot multiple times, according to the Cook County Medical Examiner's office, and a source told the AP that police found two .22 caliber casings at the scene.</raw>
		<lemm>both victim have be shoot multiple time  accord to the cook county medical examiner s office  and a source tell the ap that police find two @card@ caliber casing at the scene</lemm>
		<bigrams> 348 349 350 354 355 356 1465 591 1469 1470 1471 1472</bigrams>
	</sent>	<sent id="18">
		<raw>Investigators believe the victims were forced to lie on the basement floor before being shot, the Chicago Tribune reported Wednesday, citing unnamed sources.</raw>
		<lemm>investigator believe the victim be force to lie on the basement floor before be shoot  the chicago tribune report wednesday  cite unnamed source</lemm>
		<bigrams> 1475 1480 280 1484 1485 1486 1487 1488</bigrams>
	</sent>	<sent id="19">
		<raw>A federal source who spoke to the AP on condition of anonymity said a shard of broken glass from a broken window in the Lefkow home contained a fingerprint and was flown to Washington for examination.</raw>
		<lemm>a federal source who speak to the ap on condition of anonymity say a shard of break glass from a break window in the lefkow home contain a fingerprint and be flow to washington for examination</lemm>
		<bigrams> 1489 1497 1501 368 390 1505</bigrams>
	</sent>	<sent id="20">
		<raw>The source said police also were analyzing a bloody footprint left at the home.</raw>
		<lemm>the source say police also be analyze a bloody footprint leave at the home</lemm>
		<bigrams> 1514 590 1515 374 1518</bigrams>
	</sent>	<sent id="21">
		<raw>There are many marshals and other law officers in federal courthouses to provide protection for judges and others.</raw>
		<lemm>there be many marshal and other law officer in federal courthouse to provide protection for judge and other</lemm>
		<bigrams> 1523 1168 68 1530</bigrams>
	</sent>	<sent id="22">
		<raw>But judges get no special protection once they leave the courthouse unless a specific threat arises.</raw>
		<lemm>but judge get no special protection once they leave the courthouse unless a specific threat arise</lemm>
		<bigrams> 1533 1536 1542 1545 1546</bigrams>
	</sent>	<sent id="23">
		<raw>Lefkow received special protection for about two weeks after Hale's arrest in 2003, but it was then withdrawn with her concurrence, said Shannon Metzger, a spokeswoman for the U. S. Marshals' office.</raw>
		<lemm>lefkow receive special protection for about two week after hale s arrest in @card@  but it be then withdraw with her concurrence  say shannon metzger  a spokeswoman for the u s marshals  office</lemm>
		<bigrams> 1547 1548 1536 1551 1562 1563 1564 1568</bigrams>
	</sent>	<sent id="24">
		<raw>Metzger said Wednesday that the office was studying Andersen's comments.</raw>
		<lemm>metzger say wednesday that the office be study andersen s comment</lemm>
		<bigrams> 1569 1570 1576</bigrams>
	</sent>	<sent id="25">
		<raw>Lefkow and other members of her family have been in seclusion since the killings, guarded by a special protective detail of federal marshals.</raw>
		<lemm>lefkow and other member of her family have be in seclusion since the killing  guard by a special protective detail of federal marshal</lemm>
		<bigrams> 1581 1582 1586 1587 225</bigrams>
	</sent>	<sent id="26">
		<raw>But other judges in the courthouse have been coming and going without special security.</raw>
		<lemm>but other judge in the courthouse have be come and go without special security</lemm>
		<bigrams> 1596 1597 792</bigrams>
	</sent>	<sent id="27">
		<raw>U. S. District Judge Marvin E. Aspen also called for more protection.</raw>
		<lemm>u s district judge marvin e aspen also call for more protection</lemm>
		<bigrams> 76 1598 1599 1600 1601 1602</bigrams>
	</sent>	<sent id="28">
		<raw>"I think there is an increased need and awareness because there are people who are interested in attacking the very fabric of our democratic society," Aspen said.</raw>
		<lemm> i think there be an increase need and awareness because there be people who be interested in attack the very fabric of our democratic society   aspen say</lemm>
		<bigrams> 1609 1626 1627 1628</bigrams>
	</sent>	<sent id="29">
		<raw>Laura Lefkow, the 20-year-old daughter of Joan and Michael Lefkow, said in an e-mail to the AP on Wednesday that her father was a true gentleman.</raw>
		<lemm>laura lefkow  the 20-year-old daughter of joan and michael lefkow  say in an e-mail to the ap on wednesday that her father be a true gentleman</lemm>
		<bigrams> 1629 1632 50 1637 1642</bigrams>
	</sent>	<sent id="30">
		<raw>As an attorney, he "worked for the voiceless, those who were unemployed, poor and marginalized," she said.</raw>
		<lemm>as an attorney  he  work for the voiceless  those who be unemployed  poor and marginalize   she say</lemm>
		<bigrams> 1652</bigrams>
	</sent>	<sent id="31">
		<raw>She remembered her grandmother as a woman "who could do the Sunday crossword puzzle in pen" and hand-made quilts for each of her children, grandchildren and great-grandchildren.</raw>
		<lemm>she remember her grandmother as a woman  who could do the sunday crossword puzzle in pen  and hand-made quilt for each of her child  grandchild and great-grandchild</lemm>
		<bigrams> 1665 1666 1671 1676</bigrams>
	</sent></doc>