<?xml version="1.0" encoding="UTF_8"?>
<doc>	<sent id="0">
		<raw>A window shard, spent shell casings and a bloody mop emerged as key pieces of evidence Wednesday in the apparent execution-style murders of the husband and mother of a U. S. district court judge in Chicago.</raw>
		<lemm>a window shard  spend shell casing and a bloody mop emerge as key piece of evidence wednesday in the apparent execution-style murder of the husband and mother of a u s district court judge in chicago</lemm>
		<bigrams> 1924 1925 1926 1927 1929 1930 1933 1934 1937 1938 1942 1943</bigrams>
	</sent>	<sent id="1">
		<raw>Returning to her home on the city's north side Monday, Judge Joan Humphrey Lefkow discovered the bodies of her husband, Michael Lefkow, 64, and mother, Donna Humphrey, 89.</raw>
		<lemm>return to her home on the city s north side monday  judge joan humphrey lefkow discover the body of her husband  michael lefkow  @card@  and mother  donna humphrey  @card@</lemm>
		<bigrams> 455 1947 1948 77 78 79 1949 549 50 1900 611 260 614</bigrams>
	</sent>	<sent id="2">
		<raw>Both victims had been shot to death.</raw>
		<lemm>both victim have be shoot to death</lemm>
		<bigrams></bigrams>
	</sent>	<sent id="3">
		<raw>Authorities stressed that federal agents and local detectives had not yet narrowed the scope of their investigation.</raw>
		<lemm>authority stress that federal agent and local detective have not yet narrow the scope of their investigation</lemm>
		<bigrams> 1950 1953 1956 1959</bigrams>
	</sent>	<sent id="4">
		<raw>But several law-enforcement officials and media reports Wednesday indicated that task force members were leaning toward considering it a premeditated crime.</raw>
		<lemm>but several law-enforcement official and medium report wednesday indicate that task force member be lean toward consider it a premeditate crime</lemm>
		<bigrams> 1966 1967 1970 1485 1971 1974 1975 1978 1979 1981</bigrams>
	</sent>	<sent id="5">
		<raw>The victims apparently were forced to lie down on the basement floor before they were shot in the head and chest.</raw>
		<lemm>the victim apparently be force to lie down on the basement floor before they be shoot in the head and chest</lemm>
		<bigrams> 1982 1480</bigrams>
	</sent>	<sent id="6">
		<raw>"There is nothing spur-of-the moment or anything that would indicate this was a crime of passion," one official said, adding that the slayings bore the hallmarks of "an execution."</raw>
		<lemm> there be nothing spur-of-the moment or anything that would indicate this be a crime of passion   one official say  add that the slaying bear the hallmark of  an execution </lemm>
		<bigrams> 1992 1993 1998 2003 2004 2005 1865 2006</bigrams>
	</sent>	<sent id="7">
		<raw>Authorities also found a bloody shoe print and a blood-streaked mop, indicating there was an effort to clean up the crime scene, the Chicago Tribune reported.</raw>
		<lemm>authority also find a bloody shoe print and a blood-streaked mop  indicate there be an effort to clean up the crime scene  the chicago tribune report</lemm>
		<bigrams> 2012 2013 2015 2016 2019 2020 597 280 1484</bigrams>
	</sent>	<sent id="8">
		<raw>Chicago police spokesman David Bayless said FBI forensics experts at the bureau's laboratory in Quantico, Va., would analyze ballistics evidence retrieved from the home.</raw>
		<lemm>chicago police spokesman david bayless say fbi forensics expert at the bureau s laboratory in quantico  va  would analyze ballistics evidence retrieve from the home</lemm>
		<bigrams> 242 2028 2029 2030 2031 2032 2033 2034 2041 2042 2043 2044 2045 2046</bigrams>
	</sent>	<sent id="9">
		<raw>At least two .22-caliber shell casings reportedly were recovered from the Lefkow residence.</raw>
		<lemm>at least two 22-caliber shell casing reportedly be recover from the lefkow residence</lemm>
		<bigrams> 2048 2049 2050 1927 2051 2055</bigrams>
	</sent>	<sent id="10">
		<raw>Bayless and other officials would not provide specific details about evidence retrieved from the house, out of concern that leaks about the investigation might aid the killer or killers.</raw>
		<lemm>bayless and other official would not provide specific detail about evidence retrieve from the house  out of concern that leak about the investigation might aid the killer or killer</lemm>
		<bigrams> 2058 2061 2062 2046 2071 2072</bigrams>
	</sent>	<sent id="11">
		<raw>"We're going to be vague and general for the time being," he said.</raw>
		<lemm> we be go to be vague and general for the time be   he say</lemm>
		<bigrams></bigrams>
	</sent>	<sent id="12">
		<raw>A security detail of federal marshals was guarding Lefkow and other family members at an undisclosed location.</raw>
		<lemm>a security detail of federal marshal be guard lefkow and other family member at an undisclosed location</lemm>
		<bigrams> 427 225 2088 1153 2093</bigrams>
	</sent>	<sent id="13">
		<raw>The judge and her husband briefly received protection last year during the trial of a white supremacist who later was convicted of trying to arrange her murder.</raw>
		<lemm>the judge and her husband briefly receive protection last year during the trial of a white supremacist who later be convict of try to arrange her murder</lemm>
		<bigrams> 2094 2095 2096 2097 395 143</bigrams>
	</sent>	<sent id="14">
		<raw>The extremist leader, Matthew Hale, is awaiting sentencing next month.</raw>
		<lemm>the extremist leader  matthew hale  be await sentence next month</lemm>
		<bigrams> 2112 2113 145 2115 152 153</bigrams>
	</sent>	<sent id="15">
		<raw>In an interview Wednesday for the Chicago Tribune, Lefkow said she always knew her job put her at risk but never thought it would endanger her family.</raw>
		<lemm>in an interview wednesday for the chicago tribune  lefkow say she always know her job put her at risk but never think it would endanger her family</lemm>
		<bigrams> 2116 280 2118 1637 2120 2122 2128 2131</bigrams>
	</sent>	<sent id="16">
		<raw>"It's so unthinkable," the judge said.</raw>
		<lemm> it be so unthinkable   the judge say</lemm>
		<bigrams> 2136</bigrams>
	</sent>	<sent id="17">
		<raw>"I imagine my husband must have just walked into something," Lefkow said.</raw>
		<lemm> i imagine my husband must have just walk into something   lefkow say</lemm>
		<bigrams> 2140 2146 1637</bigrams>
	</sent>	<sent id="18">
		<raw>"Both of them were on crutches.</raw>
		<lemm> both of them be on crutch</lemm>
		<bigrams></bigrams>
	</sent>	<sent id="19">
		<raw>They didn't have a chance."</raw>
		<lemm>they do n t have a chance </lemm>
		<bigrams></bigrams>
	</sent>	<sent id="20">
		<raw>The judge's husband had recently injured his leg and had surgery.</raw>
		<lemm>the judge s husband have recently injure his leg and have surgery</lemm>
		<bigrams> 2155</bigrams>
	</sent>	<sent id="21">
		<raw>Two U. S. district judges who work with Lefkow called for officials Wednesday to reassess security arrangements for the nation's federal judiciary.</raw>
		<lemm>two u s district judge who work with lefkow call for official wednesday to reassess security arrangement for the nation s federal judiciary</lemm>
		<bigrams> 2161 76 2165 2167 2170 2171 2176</bigrams>
	</sent>	<sent id="22">
		<raw>"This horrible tragedy has got to serve as the basis for a substantial increase in security for judges and their families," U. S. District Judge Wayne R. Andersen said.</raw>
		<lemm> this horrible tragedy have get to serve as the basis for a substantial increase in security for judge and their family   u s district judge wayne r andersen say</lemm>
		<bigrams> 1348 1358 1361 76 1362 1363 1364 1365</bigrams>
	</sent>	<sent id="23">
		<raw>"The Internet is plastered with information about every one of us, and I fear, and my family certainly fears, that these kinds of incidents are going to be repeated unless there is a very high priority on the safety of judges and their families."</raw>
		<lemm> the internet be plaster with information about every one of us  and i fear  and my family certainly fear  that these kind of incident be go to be repeat unless there be a very high priority on the safety of judge and their family </lemm>
		<bigrams> 1373 2181 2182 2190 2194</bigrams>
	</sent>	<sent id="24">
		<raw>U. S. District Judge Marvin E. Aspen also asked for a new look at security measures.</raw>
		<lemm>u s district judge marvin e aspen also ask for a new look at security measure</lemm>
		<bigrams> 76 1598 1599 1600 1601 2199 2201 2203</bigrams>
	</sent>	<sent id="25">
		<raw>Dan Lehman, a spokesman for the U. S. Northern District of Illinois, said that Andersen had talked to Chief Judge Charles P. Kocoras about his concerns and that some other judges working out of Chicago's downtown federal courthouse had expressed worries since the killings.</raw>
		<lemm>dan lehman  a spokesman for the u s northern district of illinois  say that andersen have talk to chief judge charles p kocoras about his concern and that some other judge work out of chicago s downtown federal courthouse have express worry since the killing</lemm>
		<bigrams> 2204 2209 2212 2219 2220 2221 2222 2229 2233 68 2235 2236</bigrams>
	</sent>	<sent id="26">
		<raw>"There's real concern that there needs to be a dispassionate, comprehensive look at security arrangements in light of these homicides," Lehman said.</raw>
		<lemm> there be real concern that there need to be a dispassionate  comprehensive look at security arrangement in light of these homicide   lehman say</lemm>
		<bigrams> 2238 2243 2244 2171 2250 2251</bigrams>
	</sent></doc>