<?xml version="1.0" encoding="UTF_8"?>
<doc>	<sent id="0">
		<raw>Bearing down with grand jury subpoenas and teams of interrogators, federal agents and Chicago police sought two men for questioning Thursday in connection with the execution slayings of a federal judge's husband and mother, pressing for information from followers of a white supremacist who insisted from jail that he had no involvement in the murders.</raw>
		<lemm>bear down with grand jury subpoena and team of interrogator  federal agent and chicago police seek two man for question thursday in connection with the execution slaying of a federal judge s husband and mother  press for information from follower of a white supremacist who insist from jail that he have no involvement in the murder</lemm>
		<bigrams> 2255 2256 2261 1953 242 2262 2263 385 2266 2271 19 2273 143</bigrams>
	</sent>	<sent id="1">
		<raw>Federal agents seized telephone and computer records from one residence in the Chicago area and interrogated relatives and supporters of Matthew Hale, the leader of an extremist faction known as the World Church of the Creator.</raw>
		<lemm>federal agent seize telephone and computer record from one residence in the chicago area and interrogate relative and supporter of matthew hale  the leader of an extremist faction know as the world church of the creator</lemm>
		<bigrams> 1953 2283 2284 2287 2289 2291 2294 145 2300 2301 939</bigrams>
	</sent>	<sent id="2">
		<raw>Chicago police also released a sketch of two men wanted for questioning in the crimes and sifted through photographs of Hale's followers in an attempt to identify the pair, who reportedly were spotted in a car parked near the judge's home in the hours before the murders.</raw>
		<lemm>chicago police also release a sketch of two man want for question in the crime and sift through photograph of hale s follower in an attempt to identify the pair  who reportedly be spot in a car park near the judge s home in the hour before the murder</lemm>
		<bigrams> 242 1515 2304 385 2307 740 2325</bigrams>
	</sent>	<sent id="3">
		<raw>Held in virtual isolation in a federal detention facility while awaiting sentencing for a 2004 federal conviction for trying to arrange the murder of U. S. District Court Judge Joan Humphrey Lefkow, Hale told his mother in a brief telephone call Thursday that none of his followers played any part in Monday's murders of Lefkow's relatives.</raw>
		<lemm>hold in virtual isolation in a federal detention facility while await sentencing for a @card@ federal conviction for try to arrange the murder of u s district court judge joan humphrey lefkow  hale tell his mother in a brief telephone call thursday that none of his follower play any part in monday s murder of lefkow s relative</lemm>
		<bigrams> 2331 2333 2334 2337 795 2340 1942 1943 77 78 79 2345 2346 2349 1713 2350 2355</bigrams>
	</sent>	<sent id="4">
		<raw>"There's simply no way that any supporter of mine would commit such a heinous crime.</raw>
		<lemm> there be simply no way that any supporter of mine would commit such a heinous crime</lemm>
		<bigrams> 1747 1748 183</bigrams>
	</sent>	<sent id="5">
		<raw>I totally condemn it," Hale told his mother, Evelyn Hutcheson, in a 15-minute phone conversation that was monitored and taped by FBI agents.</raw>
		<lemm>i totally condemn it   hale tell his mother  evelyn hutcheson  in a 15-minute phone conversation that be monitor and tape by fbi agent</lemm>
		<bigrams> 1763 2346 1701 1702 2365 2366 132</bigrams>
	</sent>	<sent id="6">
		<raw>Hutcheson said Hale told her that the day after the murder he was abruptly moved to a new cell "that didn't have anything in it."</raw>
		<lemm>hutcheson say hale tell her that the day after the murder he be abruptly move to a new cell  that do n t have anything in it </lemm>
		<bigrams> 1703 315 2346 2376 2377</bigrams>
	</sent>	<sent id="7">
		<raw>Authorities would only say that they are casting a "wide net" for information from anyone connected with Hale, stopping well short of describing him or any of his supporters as suspects in the case.</raw>
		<lemm>authority would only say that they be cast a  wide net  for information from anyone connect with hale  stop well short of describe him or any of his supporter as suspect in the case</lemm>
		<bigrams> 2383 2390 2393 2395 2396 2397</bigrams>
	</sent>	<sent id="8">
		<raw>But according to sources close to the probe and several people questioned by federal agents, investigators are concentrating on Hale's relatives and a hard-core group of supporters in Chicago and his base in East Peoria, Ill. as well as white supremacist sympathizers as far away as northern New Jersey.</raw>
		<lemm>but accord to source close to the probe and several people question by federal agent  investigator be concentrate on hale s relative and a hard-core group of supporter in chicago and his base in east peoria  ill as well as white supremacist sympathizer as far away as northern new jersey</lemm>
		<bigrams> 2408 2413 2414 1953 2417 2421 1428 2429 143 2434 2437 2440 2441</bigrams>
	</sent>	<sent id="9">
		<raw>"They're shaking the trees for anyone and anything they can possibly find," said a source familiar with the investigation.</raw>
		<lemm> they be shake the tree for anyone and anything they can possibly find   say a source familiar with the investigation</lemm>
		<bigrams> 2452 2453 2454</bigrams>
	</sent>	<sent id="10">
		<raw>"They're clearly heading down the hate group angle."</raw>
		<lemm> they be clearly head down the hate group angle </lemm>
		<bigrams> 2457 824 2459</bigrams>
	</sent>	<sent id="11">
		<raw>The source said investigators were in the process of questioning Hale supporters who attended his two-week murder solicitation trial last year.</raw>
		<lemm>the source say investigator be in the process of question hale supporter who attend his two-week murder solicitation trial last year</lemm>
		<bigrams> 1514 2460 2464 2465 2470 889 2471 1916 395</bigrams>
	</sent>	<sent id="12">
		<raw>Hale was convicted last April of soliciting his group's "security chief" to kill Judge Lefkow after she enforced a federal appeals court ruling that forced the "creativity" church to change its name.</raw>
		<lemm>hale be convict last april of solicit his group s  security chief  to kill judge lefkow after she enforce a federal appeal court ruling that force the  creativity  church to change its name</lemm>
		<bigrams> 487 2472 1024 2476 184 2479 992 2480 2485</bigrams>
	</sent>	<sent id="13">
		<raw>He is scheduled to be sentenced in April.</raw>
		<lemm>he be schedule to be sentence in april</lemm>
		<bigrams></bigrams>
	</sent>	<sent id="14">
		<raw>Hutcheson said Thursday that a team of federal agents who showed up at her home in East Peoria, Ill., asked her about recent conversations with Kathleen Robertazzo, a supporter of Hale's whose house in the north Chicago suburb of Hoffman Estates was searched by federal agents late Wednesday and early Thursday.</raw>
		<lemm>hutcheson say thursday that a team of federal agent who show up at her home in east peoria  ill  ask her about recent conversation with kathleen robertazzo  a supporter of hale s whose house in the north chicago suburb of hoffman estates be search by federal agent late wednesday and early thursday</lemm>
		<bigrams> 1703 2488 1953 1428 2429 2493 2497 272 2502 2504 2505 2508 1953 2512 2513 2516</bigrams>
	</sent>	<sent id="15">
		<raw>According to Hutcheson, agents sought Robertazzo's phone records, searched for firearms and seized the home computer she uses in her work as a freelance court reporter.</raw>
		<lemm>accord to hutcheson  agent seek robertazzo s phone record  search for firearm and seize the home computer she use in her work as a freelance court reporter</lemm>
		<bigrams> 2518 2519 2520 2523 2524 2529 2536 2537</bigrams>
	</sent>	<sent id="16">
		<raw>Several telephone calls to Robertazzo's home went unanswered, but Hutcheson said Robertazzo told her agents "wanted to know why Kathy and I talk so much.</raw>
		<lemm>several telephone call to robertazzo s home go unanswered  but hutcheson say robertazzo tell her agent  want to know why kathy and i talk so much</lemm>
		<bigrams> 2538 1713 2541 2542 1703 2545 273 2547</bigrams>
	</sent>	<sent id="17">
		<raw>They think Matt's getting his message out in code."</raw>
		<lemm>they think matt be get his message out in code </lemm>
		<bigrams> 2556</bigrams>
	</sent>	<sent id="18">
		<raw>Under government-enforced restrictions designed to severely curtail his communication to the outside world, Hale is isolated from other inmates in the Metropolitan Correctional Center in downtown Chicago and can only speak to his parents by telephone briefly every two weeks.</raw>
		<lemm>under government-enforced restriction design to severely curtail his communication to the outside world  hale be isolate from other inmate in the metropolitan correctional center in downtown chicago and can only speak to his parent by telephone briefly every two week</lemm>
		<bigrams> 2565 2566 2569 1841 2573 1730 1731 2580 2587 2588 2589 1551</bigrams>
	</sent>	<sent id="19">
		<raw>Police gave little background about the sketches they released of two white men, one believed to be in his 50s and the other in his 20s, who were wanted for questioning.</raw>
		<lemm>police give little background about the sketch they release of two white man  one believe to be in his 50s and the other in his 20s  who be want for question</lemm>
		<bigrams> 2590 2591 2592 2597 2598 2599 2600</bigrams>
	</sent>	<sent id="20">
		<raw>Authorities would not say if they were witnesses or suspects, but the source said investigators have reviewed photo files of "creativity" supporters, looking for matches.</raw>
		<lemm>authority would not say if they be witness or suspect  but the source say investigator have review photo file of  creativity  supporter  look for match</lemm>
		<bigrams> 2383 1514 2460 2617 2618 2621 2622</bigrams>
	</sent>	<sent id="21">
		<raw>A worker in a nearby church reportedly noticed the two men sitting in a red Ford Escort idled in a no-parking zone near the Lefkow home, several hours before the bodies were discovered.</raw>
		<lemm>a worker in a nearby church reportedly notice the two man sit in a red ford escort idle in a no-parking zone near the lefkow home  several hour before the body be discover</lemm>
		<bigrams> 2628 2629 2630 385 2632 2635 2636 2637 2640 2641 390 2642 2643</bigrams>
	</sent>	<sent id="22">
		<raw>The church worker told police that he told the men they were parked illegally and they drove off.</raw>
		<lemm>the church worker tell police that he tell the man they be park illegally and they drive off</lemm>
		<bigrams> 2645 2646 2647 2653</bigrams>
	</sent>	<sent id="23">
		<raw>Chicago Police Chief of Detectives Jim Molloy said the killings apparently were committed sometime between 10:30 a.m. Monday, when Donna Humphrey spoke to a granddaughter by phone, and 5:30, when Judge Lefkow found Humphrey and Michael Lefkow lying dead in the basement.</raw>
		<lemm>chicago police chief of detectives jim molloy say the killing apparently be commit sometime between @card@ a m monday  when donna humphrey speak to a granddaughter by phone  and @card@  when judge lefkow find humphrey and michael lefkow lie dead in the basement</lemm>
		<bigrams> 242 2658 2659 2660 601 2661 2663 260 2667 184 1896 2674 50 2675 2676</bigrams>
	</sent>	<sent id="24">
		<raw>In an interview with the Chicago Sun-Times, Judge Lefkow said she could not say whether the murders of her husband and mother "has anything to do with Matt Hale or any of his followers, but I do believe it was a hit, not a random thing."</raw>
		<lemm>in an interview with the chicago sun-times  judge lefkow say she could not say whether the murder of her husband and mother  have anything to do with matt hale or any of his follower  but i do believe it be a hit  not a random thing </lemm>
		<bigrams> 1277 2679 184 1637 2682 845 2695</bigrams>
	</sent>	<sent id="25">
		<raw>Protected by federal marshals and hidden with her four daughters at an undisclosed location, Lefkow vowed Wednesday to return to the bench.</raw>
		<lemm>protect by federal marshal and hide with her four daughter at an undisclosed location  lefkow vow wednesday to return to the bench</lemm>
		<bigrams> 225 632 2093 2701 2702 2703</bigrams>
	</sent>	<sent id="26">
		<raw>"Nobody is going to intimidate me off my duty," she said.</raw>
		<lemm> nobody be go to intimidate me off my duty   she say</lemm>
		<bigrams></bigrams>
	</sent>	<sent id="27">
		<raw>In Bergen, N. J., a team of government agents also visited Hal Turner, the host of a white supremacist radio program that airs on short-wave frequencies.</raw>
		<lemm>in bergen  n j  a team of government agent also visit hal turner  the host of a white supremacist radio program that air on short-wave frequency</lemm>
		<bigrams> 2712 2713 2716 2717 2718 2719 2720 143 2724 2725 2730</bigrams>
	</sent>	<sent id="28">
		<raw>Turner said the agents, who work for the Joint Terrorism Task Force in New York, asked him if "I had any idea who did this, why they might go after the judge's family."</raw>
		<lemm>turner say the agent  who work for the joint terrorism task force in new york  ask him if  i have any idea who do this  why they might go after the judge s family </lemm>
		<bigrams> 2731 2734 2735 1974 276 2738 2749</bigrams>
	</sent>	<sent id="29">
		<raw>Turner said he told the agents only: "I have nothing to say."</raw>
		<lemm>turner say he tell the agent only   i have nothing to say </lemm>
		<bigrams> 2731</bigrams>
	</sent>	<sent id="30">
		<raw>The phrase is the standard response that white supremacists encourage their supporters to give to government interrogators.</raw>
		<lemm>the phrase be the standard response that white supremacist encourage their supporter to give to government interrogator</lemm>
		<bigrams> 2757 143 2760 2767</bigrams>
	</sent>	<sent id="31">
		<raw>Turner said Thursday that he had provided air time to Hale before his conviction last year.</raw>
		<lemm>turner say thursday that he have provide air time to hale before his conviction last year</lemm>
		<bigrams> 2731 2488 2769 2770 2775 395</bigrams>
	</sent>	<sent id="32">
		<raw>According to Adam Schupak, associate director of the Anti-Defamation League of the B'nai B'rith in Chicago, Turner suggested in an April 2003 broadcast that Judge Lefkow was "worthy of being killed.</raw>
		<lemm>accord to adam schupak  associate director of the anti-defamation league of the b nai b rith in chicago  turner suggest in an april @card@ broadcast that judge lefkow be  worthy of be kill</lemm>
		<bigrams> 2777 2778 2779 2782 2785 2786 2787 2789 2790 1158 2793 184</bigrams>
	</sent>	<sent id="33">
		<raw>It wouldn't be legal in my opinion, but it wouldn't be wrong."</raw>
		<lemm>it would n t be legal in my opinion  but it would n t be wrong </lemm>
		<bigrams> 2800 2800</bigrams>
	</sent>	<sent id="34">
		<raw>Turner said Thursday he was not advocating Lefkow's murder.</raw>
		<lemm>turner say thursday he be not advocate lefkow s murder</lemm>
		<bigrams> 2731 2488 2810</bigrams>
	</sent>	<sent id="35">
		<raw>"If I had the intent to do something bad, I wouldn't broadcast it," Turner said.</raw>
		<lemm> if i have the intent to do something bad  i would n t broadcast it   turner say</lemm>
		<bigrams> 2815 2800 2731</bigrams>
	</sent></doc>