<?xml version="1.0" encoding="UTF_8"?>
<doc>	<sent id="0">
		<raw>Last year U. S. District Judge Joan Humphrey Lefkow spent weeks under federal protection after a white supremacist in her court threatened to have her killed.</raw>
		<lemm>last year u s district judge joan humphrey lefkow spend week under federal protection after a white supremacist in her court threaten to have her kill</lemm>
		<bigrams> 395 396 76 77 78 79 397 398 401 143 408</bigrams>
	</sent>	<sent id="1">
		<raw>But when the suspect was behind bars, Lefkow felt safe enough to drop the security detail provided her by the U. S. Marshals Service.</raw>
		<lemm>but when the suspect be behind bar  lefkow feel safe enough to drop the security detail provide her by the u s marshals service</lemm>
		<bigrams> 418 419 420 421 422 427 428 433</bigrams>
	</sent>	<sent id="2">
		<raw>Monday night Lefkow returned from work to discover the bodies of her husband and her elderly mother in the basement of her home on Chicago's north side.</raw>
		<lemm>monday night lefkow return from work to discover the body of her husband and her elderly mother in the basement of her home on chicago s north side</lemm>
		<bigrams> 434 435 436 446 455</bigrams>
	</sent>	<sent id="3">
		<raw>Both had been shot.</raw>
		<lemm>both have be shoot</lemm>
		<bigrams></bigrams>
	</sent>	<sent id="4">
		<raw>Tuesday, as marshals were again providing Lefkow with around-the-clock protection, and dozens of detectives and FBI agents began searching for a motive and suspect in the murders, speculation centered on the followers of Matthew Hale, convicted last year of obstruction of justice and ordering Lefkow's killing.</raw>
		<lemm>tuesday  as marshal be again provide lefkow with around-the-clock protection  and dozen of detective and fbi agent begin search for a motive and suspect in the murder  speculation center on the follower of matthew hale  convict last year of obstruction of justice and order lefkow s killing</lemm>
		<bigrams> 461 464 132 471 472 479 480 145 486 487 395 494</bigrams>
	</sent>	<sent id="5">
		<raw>Lefkow had enraged Hale and his supporters when she ordered Hale's group to change its name after it lost a trademark-infringement suit to an Oregon church with a similar name, and later held Hale in contempt and fined him $200,000.</raw>
		<lemm>lefkow have enrage hale and his supporter when she order hale s group to change its name after it lose a trademark-infringement suit to an oregon church with a similar name  and later hold hale in contempt and fine him $200 000</lemm>
		<bigrams> 498 503 514 518 521 524 525 532</bigrams>
	</sent>	<sent id="6">
		<raw>More than once since then, someone posted the judge's address on the Web and pasted in a biography and photograph of her husband Michael Lefkow, a 64-year-old lawyer.</raw>
		<lemm>more than once since then  someone post the judge s address on the web and paste in a biography and photograph of her husband michael lefkow  a 64-year-old lawyer</lemm>
		<bigrams> 537 549 50 552</bigrams>
	</sent>	<sent id="7">
		<raw>Careful not to push the evidence too far too fast, a police supervisor said Tuesday that investigators are looking in "many, many directions."</raw>
		<lemm>careful not to push the evidence too far too fast  a police supervisor say tuesday that investigator be look in  many  many direction </lemm>
		<bigrams> 564 565 566 573 574</bigrams>
	</sent>	<sent id="8">
		<raw>"The case is too new.</raw>
		<lemm> the case be too new</lemm>
		<bigrams></bigrams>
	</sent>	<sent id="9">
		<raw>The evidence is still being worked up," said James Molloy, chief of detectives.</raw>
		<lemm>the evidence be still be work up   say james molloy  chief of detective</lemm>
		<bigrams> 585 586 587</bigrams>
	</sent>	<sent id="10">
		<raw>He said police found much to study at the crime scene near Chicago's lakefront.</raw>
		<lemm>he say police find much to study at the crime scene near chicago s lakefront</lemm>
		<bigrams> 590 591 592 597 598 599</bigrams>
	</sent>	<sent id="11">
		<raw>Molloy said the killing took place sometime between 10:30 a.m., when Lefkow's mother, Donna Grace Humphrey, 89, took a call from one of her granddaughters, and about 5:30 p.m., when Lefkow returned home.</raw>
		<lemm>molloy say the killing take place sometime between @card@ a m  when lefkow s mother  donna grace humphrey  @card@  take a call from one of her granddaughter  and about @card@ p m  when lefkow return home</lemm>
		<bigrams> 601 603 264 604 611 612 613 614 615 625 436 627</bigrams>
	</sent>	<sent id="12">
		<raw>At 4 p.m., one of the Lefkows' four daughters hurriedly entered the house to grab a gym bag, but did not see her father or grandmother before she left for a workout.</raw>
		<lemm>at @card@ p m  one of the lefkows  four daughter hurriedly enter the house to grab a gym bag  but do not see her father or grandmother before she leave for a workout</lemm>
		<bigrams> 625 631 632 633 634 641</bigrams>
	</sent>	<sent id="13">
		<raw>At the federal courthouse, where Joan Lefkow had worked since her 2000 appointment to the bench by President Bill Clinton, disbelief defined the day.</raw>
		<lemm>at the federal courthouse  where joan lefkow have work since her @card@ appointment to the bench by president bill clinton  disbelief define the day</lemm>
		<bigrams> 68 656 658 661 666 667 668 669</bigrams>
	</sent>	<sent id="14">
		<raw>"She is one of the loveliest, most principled human beings who has ever walked the face of this earth," said one friend, who described the Lefkows, married in 1975, as "caring and compassionate people.</raw>
		<lemm> she be one of the lovely  most principled human being who have ever walk the face of this earth   say one friend  who describe the lefkows  marry in @card@  as  caring and compassionate people</lemm>
		<bigrams> 676 681 687 137 688 692 699</bigrams>
	</sent>	<sent id="15">
		<raw>They are family-oriented people, very religious people, but not in a judgmental way."</raw>
		<lemm>they be family-oriented people  very religious people  but not in a judgmental way </lemm>
		<bigrams> 702 705 710</bigrams>
	</sent>	<sent id="16">
		<raw>Because of the notoriety of the Hale assassination plot, few seemed to believe the killings could be a coincidence.</raw>
		<lemm>because of the notoriety of the hale assassination plot  few seem to believe the killing could be a coincidence</lemm>
		<bigrams> 715 716 722</bigrams>
	</sent>	<sent id="17">
		<raw>In the upscale, tree-lined Edgewater neighborhood where Lefkow lives, Eddy McDonough said he had seen squad cars parked outside the judge's house in the past.</raw>
		<lemm>in the upscale  tree-lined edgewater neighborhood where lefkow live  eddy mcdonough say he have see squad car park outside the judge s house in the past</lemm>
		<bigrams> 727 728 729 732 733 734 735 738 739 740 741</bigrams>
	</sent>	<sent id="18">
		<raw>He considered it a targeted attack.</raw>
		<lemm>he consider it a targeted attack</lemm>
		<bigrams> 749</bigrams>
	</sent>	<sent id="19">
		<raw>"This is a hit," McDonough said.</raw>
		<lemm> this be a hit   mcdonough say</lemm>
		<bigrams> 752 735</bigrams>
	</sent>	<sent id="20">
		<raw>"Most people living here don't feel threatened, since this wasn't aimed at them, but we're in shock."</raw>
		<lemm> most people live here do n t feel threaten  since this be n t aim at them  but we be in shock </lemm>
		<bigrams> 754 760 761</bigrams>
	</sent>	<sent id="21">
		<raw>On average, about 700 threats are made against court officers each year, according to the Marshals Service, which secures federal courthouses across the country.</raw>
		<lemm>on average  about @card@ threat be make against court officer each year  accord to the marshals service  which secure federal courthouse across the country</lemm>
		<bigrams> 773 778 781 433 785 68 786</bigrams>
	</sent>	<sent id="22">
		<raw>In 2003, marshals managed special security for 20 federal judges and prosecutors.</raw>
		<lemm>in @card@  marshal manage special security for @card@ federal judge and prosecutor</lemm>
		<bigrams> 789 790 791 792 795 19</bigrams>
	</sent>	<sent id="23">
		<raw>If the Chicago killings are eventually connected to Lefkow's work on the bench, it will be the first time that relatives of a federal judge have been murdered.</raw>
		<lemm>if the chicago killing be eventually connect to lefkow s work on the bench  it will be the first time that relative of a federal judge have be murder</lemm>
		<bigrams> 800 803 813 19</bigrams>
	</sent>	<sent id="24">
		<raw>Three judges have been assassinated.</raw>
		<lemm>three judge have be assassinate</lemm>
		<bigrams> 819</bigrams>
	</sent>	<sent id="25">
		<raw>Mark Potok, chief of the hate group monitoring project at the Southern Poverty Law Center, said he believed it was "highly likely that a follower or sympathizer of Matt Hale is responsible.</raw>
		<lemm>mark potok  chief of the hate group monitor project at the southern poverty law center  say he believe it be  highly likely that a follower or sympathizer of matt hale be responsible</lemm>
		<bigrams> 821 822 824 825 826 829 830 831 832 837 845</bigrams>
	</sent>	<sent id="26">
		<raw>This is a group with a really remarkable record of criminal violence.</raw>
		<lemm>this be a group with a really remarkable record of criminal violence</lemm>
		<bigrams> 851 852 855</bigrams>
	</sent>	<sent id="27">
		<raw>The members of this group have been involved in murder, bank robbery, innumerable beatings and aggravated assaults."</raw>
		<lemm>the member of this group have be involve in murder  bank robbery  innumerable beating and aggravate assault </lemm>
		<bigrams> 862 863 864 865 868</bigrams>
	</sent>	<sent id="28">
		<raw>Hale is now being held in a federal prison under rules that severely restrict his contact with outsiders and is scheduled to be sentenced for the murder solicitation conviction April 6th.</raw>
		<lemm>hale be now be hold in a federal prison under rule that severely restrict his contact with outsider and be schedule to be sentence for the murder solicitation conviction april 6th</lemm>
		<bigrams> 873 878 889 890 891 892</bigrams>
	</sent>	<sent id="29">
		<raw>He became widely known in 1999 when a supporter named Benjamin Smith went on a racially motivated shooting spree in Illinois and Indiana, killing two people, including former Northwestern University basketball coach Ricky Byrdsong, and wounding nine others.</raw>
		<lemm>he become widely know in @card@ when a supporter name benjamin smith go on a racially motivated shoot spree in illinois and indiana  kill two people  include former northwestern university basketball coach ricky byrdsong  and wound nine other</lemm>
		<bigrams> 894 895 900 901 902 903 907 908 909 914 915 916 917 918 919 920 921 922 923 924 927</bigrams>
	</sent>	<sent id="30">
		<raw>Hale, who called himself the Pontifex Maximus of his self-styled World Church of the Creator, said Smith was a martyr "who gave his life for us."</raw>
		<lemm>hale  who call himself the pontifex maximus of his self-styled world church of the creator  say smith be a martyr  who give his life for us </lemm>
		<bigrams> 934 938 939 942 943</bigrams>
	</sent>	<sent id="31">
		<raw>After Lefkow ordered the group to change its name, Hale said a "state of war" existed between the judge and the organization.</raw>
		<lemm>after lefkow order the group to change its name  hale say a  state of war  exist between the judge and the organization</lemm>
		<bigrams> 953 956 957 962</bigrams>
	</sent>	<sent id="32">
		<raw>Hale's dispute with Lefkow began with a civil lawsuit filed by an Oregon church with a similar name that feared people would link it to Hale's racist message.</raw>
		<lemm>hale s dispute with lefkow begin with a civil lawsuit file by an oregon church with a similar name that fear people would link it to hale s racist message</lemm>
		<bigrams> 969 972 973 518 521 978 979 980 985</bigrams>
	</sent>	<sent id="33">
		<raw>Lefkow sided with Hale, but an appeals court overruled her.</raw>
		<lemm>lefkow side with hale  but an appeal court overrule her</lemm>
		<bigrams> 986 992 993</bigrams>
	</sent>	<sent id="34">
		<raw>When Hale and his colleagues refused to stop using the name, she ordered them held in contempt.</raw>
		<lemm>when hale and his colleague refuse to stop use the name  she order them hold in contempt</lemm>
		<bigrams> 997 1000</bigrams>
	</sent>	<sent id="35">
		<raw>While the case was working its way through the courts, prosecutors said later, Hale, who called Lefkow "corrupt" and a "probable Jew", asked his security chief for Lefkow's home address and tried to persuade him to assassinate her.</raw>
		<lemm>while the case be work its way through the court  prosecutor say later  hale  who call lefkow  corrupt  and a  probable jew   ask his security chief for lefkow s home address and try to persuade him to assassinate her</lemm>
		<bigrams> 1012 1013 1014 1015 1016 1017 1020 1021 1024 1028</bigrams>
	</sent>	<sent id="36">
		<raw>The security chief was a federal informant who secretly taped Hale soliciting the judge's murder.</raw>
		<lemm>the security chief be a federal informant who secretly tape hale solicit the judge s murder</lemm>
		<bigrams> 1024 1038 1041 1042 1043</bigrams>
	</sent>	<sent id="37">
		<raw>White supremacists viewed Hale as a political prisoner and raised money for his defense.</raw>
		<lemm>white supremacist view hale as a political prisoner and raise money for his defense</lemm>
		<bigrams> 143 1046 1047 1051 1054</bigrams>
	</sent>	<sent id="38">
		<raw>Slurs against Lefkow and her family were common.</raw>
		<lemm>slur against lefkow and her family be common</lemm>
		<bigrams></bigrams>
	</sent>	<sent id="39">
		<raw>A relatively mild one called her a "sycophantic cow" who did the "Jews' bidding."</raw>
		<lemm>a relatively mild one call her a  sycophantic cow  who do the  jews  bidding </lemm>
		<bigrams> 1064 1065 1066 1070 1075</bigrams>
	</sent>	<sent id="40">
		<raw>At least three times, Potok said, the Lefkows' home address was posted on the Web.</raw>
		<lemm>at least three time  potok say  the lefkows  home address be post on the web</lemm>
		<bigrams> 1077 1078 1079 1080 1081 1028</bigrams>
	</sent>	<sent id="41">
		<raw>Lefkow refused to pass the trademark case to another judge, writing in 2003 that Hale should not be allowed "to intimidate a judge off the case."</raw>
		<lemm>lefkow refuse to pass the trademark case to another judge  write in @card@ that hale should not be allow  to intimidate a judge off the case </lemm>
		<bigrams> 1085 1089 1092 1093</bigrams>
	</sent>	<sent id="42">
		<raw>She noted that Hale had said he wanted to "exterminate" her, but said his "is a one-sided war in which this court is not embroiled."</raw>
		<lemm>she note that hale have say he want to  exterminate  her  but say his  be a one-sided war in which this court be not embroil </lemm>
		<bigrams> 1118</bigrams>
	</sent>	<sent id="43">
		<raw>Besides, she wrote, she had not seen or heard of "any suspicious conduct by any member of World Church in or around her home, her office or places that her immediate family members frequent."</raw>
		<lemm>besides  she write  she have not see or hear of  any suspicious conduct by any member of world church in or around her home  her office or place that her immediate family member frequent </lemm>
		<bigrams> 1136 939 1152 1153 1154</bigrams>
	</sent>	<sent id="44">
		<raw>Hale's conviction in April 2004 brought a sense of relief to the judge and her family.</raw>
		<lemm>hale s conviction in april @card@ bring a sense of relief to the judge and her family</lemm>
		<bigrams> 1158 1159</bigrams>
	</sent>	<sent id="45">
		<raw>Michael Lefkow thanked the law officers and friends who had helped the Lefkows and said, "We hope Mr. Hale will repent of his advocacy of evil."</raw>
		<lemm>michael lefkow thank the law officer and friend who have help the lefkows and say   we hope mr hale will repent of his advocacy of evil </lemm>
		<bigrams> 50 1165 1168 1177 1178</bigrams>
	</sent>	<sent id="46">
		<raw>Staff writer Christopher Lee contributed to this report, as did special correspondent Kari Lydersen in Chicago, new researcher Madonna Lebling and research editor Lucy Shackelford.</raw>
		<lemm>staff writer christopher lee contribute to this report  as do special correspondent kari lydersen in chicago  new researcher madonna lebling and research editor lucy shackelford</lemm>
		<bigrams> 1185 1186 1187 1188 1195 1196 1197 1200 1201 1202 1203 1206 1207 1208</bigrams>
	</sent></doc>