<?xml version="1.0" encoding="UTF_8"?>
<doc>	<sent id="0">
		<raw>A task force of federal agents and Chicago police detectives fanned out Tuesday through a residential neighborhood, searching for clues in the shooting deaths of the husband and mother of a federal judge who had been targeted for murder by a white supremacist group.</raw>
		<lemm>a task force of federal agent and chicago police detective fan out tuesday through a residential neighborhood  search for clue in the shoot death of the husband and mother of a federal judge who have be target for murder by a white supremacist group</lemm>
		<bigrams> 1974 1953 242 4478 4479 4485 4486 4490 19 143 4494</bigrams>
	</sent>	<sent id="1">
		<raw>Authorities placed U. S. District Judge Joan Humphrey Lefkow under around-the-clock guard after she returned home from work Monday and found the bodies of Michael F. Lefkow, 64, and Donna Humphrey, 89.</raw>
		<lemm>authority place u s district judge joan humphrey lefkow under around-the-clock guard after she return home from work monday and find the body of michael f lefkow  @card@  and donna humphrey  @card@</lemm>
		<bigrams> 4495 4496 76 77 78 79 4499 627 4501 1898 1899 1900 260 614</bigrams>
	</sent>	<sent id="2">
		<raw>The victims apparently were killed in the basement, where investigators reportedly recovered two .22-caliber shell casings.</raw>
		<lemm>the victim apparently be kill in the basement  where investigator reportedly recover two 22-caliber shell casing</lemm>
		<bigrams> 1982 4507 4508 4509 2049 2050 1927</bigrams>
	</sent>	<sent id="3">
		<raw>Jim Molloy, Chicago's chief of detectives, said the slayings occurred between 10:30 a.m. and 4 p.m.</raw>
		<lemm>jim molloy  chicago s chief of detective  say the slaying occur between @card@ a m and @card@ p m </lemm>
		<bigrams> 2660 4510 4512 4513 625</bigrams>
	</sent>	<sent id="4">
		<raw>Autopsies conducted Tuesday by Cook County medical examiners confirmed that the victims died from multiple gunshot wounds.</raw>
		<lemm>autopsy conduct tuesday by cook county medical examiner confirm that the victim die from multiple gunshot wound</lemm>
		<bigrams> 4516 4517 354 355 356 4520 4522 4525 4526</bigrams>
	</sent>	<sent id="5">
		<raw>Officials said some evidence removed from the Lefkow home would be flown to the FBI's forensics laboratory in Quantico, Va., for analysis.</raw>
		<lemm>official say some evidence remove from the lefkow home would be flow to the fbi s forensics laboratory in quantico  va  for analysis</lemm>
		<bigrams> 2005 4529 390 4531 4534 2041</bigrams>
	</sent>	<sent id="6">
		<raw>Investigators said they were not ruling out any possibilities, but were taking a hard look at any involvement by domestic extremist groups.</raw>
		<lemm>investigator say they be not rule out any possibility  but be take a hard look at any involvement by domestic extremist group</lemm>
		<bigrams> 4537 4544 4547 1395</bigrams>
	</sent>	<sent id="7">
		<raw>"There's nothing pointing us in that direction," said David Bayless, spokesman for the Chicago Police Department.</raw>
		<lemm> there be nothing point us in that direction   say david bayless  spokesman for the chicago police department</lemm>
		<bigrams> 4548 4549 4553 4554 2030 4555 242 4556</bigrams>
	</sent>	<sent id="8">
		<raw>"However, we're actively pursuing that."</raw>
		<lemm> however  we be actively pursue that </lemm>
		<bigrams> 4559</bigrams>
	</sent>	<sent id="9">
		<raw>Police said that deadly home invasions do not fit the community profile in Edgewater, a north-side Chicago neighborhood of stylish brick and wood-frame houses where the Lefkows lived for nearly 20 years.</raw>
		<lemm>police say that deadly home invasion do not fit the community profile in edgewater  a north-side chicago neighborhood of stylish brick and wood-frame house where the lefkows live for nearly @card@ year</lemm>
		<bigrams> 1399 4562 4563 4568 4573 4574 4577 4580 4582 4585 1804</bigrams>
	</sent>	<sent id="10">
		<raw>The FBI was drawn into the case because killing relatives of a federal judge is classified as a federal crime, punishable either by the death penalty or life imprisonment.</raw>
		<lemm>the fbi be draw into the case because kill relative of a federal judge be classify as a federal crime  punishable either by the death penalty or life imprisonment</lemm>
		<bigrams> 4591 19 4594 4595 4596 4599 4602</bigrams>
	</sent>	<sent id="11">
		<raw>But the statute can only be invoked if the killing was an attempt to impede or retaliate against the judge.</raw>
		<lemm>but the statute can only be invoke if the killing be an attempt to impede or retaliate against the judge</lemm>
		<bigrams></bigrams>
	</sent>	<sent id="12">
		<raw>"The crime has to be aimed at affecting a judge's official duties," said Scott Mendeloff, who helped lead a team of federal prosecutors in the conviction of Timothy J. McVeigh for the 1995 Oklahoma City federal building bombing.</raw>
		<lemm> the crime have to be aim at affect a judge s official duty   say scott mendeloff  who help lead a team of federal prosecutor in the conviction of timothy j mcveigh for the @card@ oklahoma city federal building bombing</lemm>
		<bigrams> 4618 4619 4620 4621 4624 4626 4629 4630 4633 4634 4635 4636 4637</bigrams>
	</sent>	<sent id="13">
		<raw>A Justice Department official in Washington confirmed Tuesday that FBI agents were "looking at any possible connection related to any case that the judge has handled.</raw>
		<lemm>a justice department official in washington confirm tuesday that fbi agent be  look at any possible connection relate to any case that the judge have handle</lemm>
		<bigrams> 3605 4639 4642 4643 132 4646 4647</bigrams>
	</sent>	<sent id="14">
		<raw>There's a clear history there.</raw>
		<lemm>there be a clear history there</lemm>
		<bigrams> 4653</bigrams>
	</sent>	<sent id="15">
		<raw>But we haven't excluded any scenarios either."</raw>
		<lemm>but we have n t exclude any scenario either </lemm>
		<bigrams> 4659</bigrams>
	</sent>	<sent id="16">
		<raw>White supremacist leader Matthew Hale, 33, was found guilty in April 2004 of soliciting someone to murder Judge Lefkow.</raw>
		<lemm>white supremacist leader matthew hale  @card@  be find guilty in april @card@ of solicit someone to murder judge lefkow</lemm>
		<bigrams> 143 4660 2113 145 149 4662 1158 4664 4666 184</bigrams>
	</sent>	<sent id="17">
		<raw>He is scheduled to be sentenced next month.</raw>
		<lemm>he be schedule to be sentence next month</lemm>
		<bigrams> 152 153</bigrams>
	</sent>	<sent id="18">
		<raw>Lefkow, 61, had been singled out by Hale and his followers after she presided over a civil case in which his group, World Church of the Creator, was sued by a similarly named group for copyright infringement.</raw>
		<lemm>lefkow  @card@  have be single out by hale and his follower after she preside over a civil case in which his group  world church of the creator  be sue by a similarly name group for copyright infringement</lemm>
		<bigrams> 1900 4671 4674 939 4678 4679 3352</bigrams>
	</sent>	<sent id="19">
		<raw>Lefkow initially had ruled that Hale could keep the name.</raw>
		<lemm>lefkow initially have rule that hale could keep the name</lemm>
		<bigrams> 4681 4684 4685</bigrams>
	</sent>	<sent id="20">
		<raw>But a federal appeals court reversed her, and in November 2002 she told Hale that she had no choice but to order him to stop using World Church of the Creator on his Web site and in all printed material.</raw>
		<lemm>but a federal appeal court reverse her  and in november @card@ she tell hale that she have no choice but to order him to stop use world church of the creator on his web site and in all printed material</lemm>
		<bigrams> 2479 992 4687 4692 4695 1000 4701 939 1275 4706</bigrams>
	</sent>	<sent id="21">
		<raw>Hale's backers railed against the judge and her family in Internet messages, even posting their photographs and address.</raw>
		<lemm>hale s backer rail against the judge and her family in internet message  even post their photograph and address</lemm>
		<bigrams> 4708 4712 4713 4714</bigrams>
	</sent>	<sent id="22">
		<raw>"She and her family were singled out for demonization.</raw>
		<lemm> she and her family be single out for demonization</lemm>
		<bigrams></bigrams>
	</sent>	<sent id="23">
		<raw>Law enforcement clearly has a lot to look at there," said Devin Burghart, who monitors white supremacist groups for the Center for New Community, a Chicago-based activist organization.</raw>
		<lemm>law enforcement clearly have a lot to look at there   say devin burghart  who monitor white supremacist group for the center for new community  a chicago-based activist organization</lemm>
		<bigrams> 3028 4722 3154 3155 4730 143 4494 3163 4734 4735</bigrams>
	</sent>	<sent id="24">
		<raw>Friends of the Lefkows said that the judge and her husband, a veteran labor lawyer, endured monitoring by security cameras and federal undercover teams during Hale's murder solicitation trial.</raw>
		<lemm>friend of the lefkows say that the judge and her husband  a veteran labor lawyer  endure monitor by security camera and federal undercover team during hale s murder solicitation trial</lemm>
		<bigrams> 4736 4738 4739 4740 4741 4744 4746 4747 889 2471</bigrams>
	</sent>	<sent id="25">
		<raw>"They both handled it courageously," said Thomas F. Geraghty, an associate dean at Northwestern University Law School and a close acquaintance.</raw>
		<lemm> they both handle it courageously   say thomas f geraghty  an associate dean at northwestern university law school and a close acquaintance</lemm>
		<bigrams> 4753 4754 4755 4756 4759 920 3258 3259 4764</bigrams>
	</sent>	<sent id="26">
		<raw>At the height of the Hale trial, the Lefkows cheerily ignored the cameras during dinner parties and refused to cut back on nightly strolls through the neighborhood, recalled Michael Miner, a senior editor with the Chicago Reader newspaper.</raw>
		<lemm>at the height of the hale trial  the lefkows cheerily ignore the camera during dinner party and refuse to cut back on nightly stroll through the neighborhood  recall michael miner  a senior editor with the chicago reader newspaper</lemm>
		<bigrams> 3595 4768 4769 3527 4776 4779 4781 4782 4783 4786 4788 4789</bigrams>
	</sent>	<sent id="27">
		<raw>A U. S. marshal's official said Tuesday that the cameras were removed after only a few weeks, with the judge's approval.</raw>
		<lemm>a u s marshal s official say tuesday that the camera be remove after only a few week  with the judge s approval</lemm>
		<bigrams> 2005 566</bigrams>
	</sent>	<sent id="28">
		<raw>Miner recalled Michael Lefkow as an "intense and idealistic" attorney who branched out from a poverty law practice into employment cases and mediation in recent years.</raw>
		<lemm>miner recall michael lefkow as an  intense and idealistic  attorney who branch out from a poverty law practice into employment case and mediation in recent year</lemm>
		<bigrams> 4798 4782 50 4803 830 4809 4812 4817</bigrams>
	</sent>	<sent id="29">
		<raw>He ran twice for county judge, but was unsuccessful.</raw>
		<lemm>he run twice for county judge  but be unsuccessful</lemm>
		<bigrams> 4819 4822</bigrams>
	</sent>	<sent id="30">
		<raw>Judge Lefkow was a late entrant in the saga of Hale and his World Church of the Creator, the extremist group he founded to espouse a doctrine of "racial holy war."</raw>
		<lemm>judge lefkow be a late entrant in the saga of hale and his world church of the creator  the extremist group he found to espouse a doctrine of  racial holy war </lemm>
		<bigrams> 184 4826 939 1395 3215 3216</bigrams>
	</sent>	<sent id="31">
		<raw>In 1999, Benjamin Smith, a "Creativity" adherent, went on a serial shooting spree on Chicago's north side, killing two people and wounding nine others.</raw>
		<lemm>in @card@  benjamin smith  a  creativity  adherent  go on a serial shooting spree on chicago s north side  kill two people and wound nine other</lemm>
		<bigrams> 3273 902 4840 4841 4843 4844 455 4846 915 916 927</bigrams>
	</sent>	<sent id="32">
		<raw>Hale was not linked to those shootings.</raw>
		<lemm>hale be not link to those shooting</lemm>
		<bigrams></bigrams>
	</sent>	<sent id="33">
		<raw>But after the judge ordered World Church of the Creator to change its name and imposed $200,000 in sanctions, Hale approached one of his aides and urged the judge's murder.</raw>
		<lemm>but after the judge order world church of the creator to change its name and impose $200 000 in sanction  hale approach one of his aide and urge the judge s murder</lemm>
		<bigrams> 4852 4853 939 4856 532 4859 4860 4861</bigrams>
	</sent>	<sent id="34">
		<raw>The aide was an FBI informant, and his conversations with Hale were secretly recorded.</raw>
		<lemm>the aide be an fbi informant  and his conversation with hale be secretly record</lemm>
		<bigrams> 158 4870</bigrams>
	</sent>	<sent id="35">
		<raw>Hale's group "is pretty much splintered now," Burghart said.</raw>
		<lemm>hale s group  be pretty much splinter now   burghart say</lemm>
		<bigrams> 4871 4872 3188</bigrams>
	</sent>	<sent id="36">
		<raw>But he cautioned that white supremacist "lone wolves" were capable of committing violence without direction.</raw>
		<lemm>but he caution that white supremacist  lone wolf  be capable of commit violence without direction</lemm>
		<bigrams> 143 4878 2941 4883 4884 4885</bigrams>
	</sent>	<sent id="37">
		<raw>Beckham reported from Chicago and Braun from Washington.</raw>
		<lemm>beckham report from chicago and braun from washington</lemm>
		<bigrams> 4886</bigrams>
	</sent>	<sent id="38">
		<raw>Times researcher Lianne Hart in Houston contributed to this report.</raw>
		<lemm>times researcher lianne hart in houston contribute to this report</lemm>
		<bigrams> 4892 4893 4894 4897</bigrams>
	</sent></doc>