<?xml version="1.0" encoding="UTF_8"?>
<doc>	<sent id="0">
		<raw>The official death toll from Hurricane Katrina has risen to 118 people in and around the swamped city of New Orleans, officials said Thursday.</raw>
		<lemm>the official death toll from hurricane katrina have rise to @card@ people in and around the swamp city of new orleans  official say thursday</lemm>
		<bigrams> 1 2 5 10 16 19 20 21 22</bigrams>
	</sent>	<sent id="1">
		<raw>The Louisiana Department of Health and Hospitals said the number of fatalities had risen from 83 since the last toll was announced on Tuesday.</raw>
		<lemm>the louisiana department of health and hospitals say the number of fatality have rise from @card@ since the last toll be announce on tuesday</lemm>
		<bigrams> 24 29 37 40</bigrams>
	</sent></doc>