<?xml version="1.0" encoding="UTF_8"?>
<doc>	<sent id="0">
		<raw>Hurricane Katrina could leave the world's insurers facing a bill of up to 50 billion dollars (40 billion euros), British company Brit Insurance forecast on Tuesday.</raw>
		<lemm>hurricane katrina could leave the world s insurer face a bill of up to @card@ billion dollar ( @card@ billion euros )  british company brit insurance forecast on tuesday</lemm>
		<bigrams> 5 553 608 610 58 93 559 333 58 560 561 615 616 617 618 619</bigrams>
	</sent>	<sent id="1">
		<raw>"The industry loss for Hurricane Katrina could be between 35 and 50 billion dollars," Brit's chief executive Dane Douetil told reporters after the company posted a 61-percent rise in interim pre-tax profits.</raw>
		<lemm> the industry loss for hurricane katrina could be between @card@ and @card@ billion dollar   brit s chief executive dane douetil tell reporter after the company post a 61-percent rise in interim pre-tax profit</lemm>
		<bigrams> 622 5 553 58 93 630 633 634 635 636 637 640 643 646 647</bigrams>
	</sent>	<sent id="2">
		<raw>Katrina will have "a profound impact on (insurance) market conditions", Douetil added.</raw>
		<lemm>katrina will have  a profound impact on ( insurance ) market condition   douetil add</lemm>
		<bigrams> 651 653 654 655 656 657 658</bigrams>
	</sent>	<sent id="3">
		<raw>Up until now the highest estimate has been 35 billion dollars, forecast by Risk Management Solutions, a US group specialised in evaluating the financial cost of disasters.</raw>
		<lemm>up until now the high estimate have be @card@ billion dollar  forecast by risk management solutions  a us group specialise in evaluate the financial cost of disaster</lemm>
		<bigrams> 663 58 93 665 668 669 672 673 677</bigrams>
	</sent>	<sent id="4">
		<raw>Several European insurance giants have meanwhile predicted a ceiling of 30 billion dollars.</raw>
		<lemm>several european insurance giant have meanwhile predict a ceiling of @card@ billion dollar</lemm>
		<bigrams> 680 681 682 685 58 93</bigrams>
	</sent></doc>