<?xml version="1.0" encoding="UTF_8"?>
<doc>	<sent id="0">
		<raw>Lloyd's, the world's biggest insurance underwriting market, predicted on Tuesday that the devastating impact of Hurricane Katrina would result in a "significant" number of claims.</raw>
		<lemm>lloyd s  the world s big insurance underwriting market  predict on tuesday that the devastating impact of hurricane katrina would result in a  significant  number of claim</lemm>
		<bigrams> 389 390 391 392 396 5 398 399 403</bigrams>
	</sent>	<sent id="1">
		<raw>"Lloyds expects to receive significant insurance claims as a result of Hurricane Katrina, predominantly in relation to offshore energy installations in the Gulf (of Mexico), property damage and business interruption," said a statement from the Lloyd's insurance market.</raw>
		<lemm> lloyds expect to receive significant insurance claim as a result of hurricane katrina  predominantly in relation to offshore energy installation in the gulf ( of mexico )  property damage and business interruption   say a statement from the lloyd s insurance market</lemm>
		<bigrams> 405 407 408 409 5 414 419 420 423 426 427 428 431 432 439</bigrams>
	</sent>	<sent id="2">
		<raw>"We are today asking all insurers at Lloyds to supply details of the likely impact on their businesses, by Monday 12 September.</raw>
		<lemm> we be today ask all insurer at lloyds to supply detail of the likely impact on their business  by monday @card@ september</lemm>
		<bigrams> 442 449 452 458 459</bigrams>
	</sent>	<sent id="3">
		<raw>Those returns will allow us to give more information about the markets overall exposure.</raw>
		<lemm>those return will allow us to give more information about the market overall exposure</lemm>
		<bigrams> 463 471 472</bigrams>
	</sent>	<sent id="4">
		<raw>"Despite the severity of Katrina, the Lloyds market is well-equipped to manage the financial impact of a catastrophe on this scale.</raw>
		<lemm> despite the severity of katrina  the lloyds market be well-equip to manage the financial impact of a catastrophe on this scale</lemm>
		<bigrams> 478 485</bigrams>
	</sent>	<sent id="5">
		<raw>"Clearly Katrina had a major impact on businesses and communities in the Gulf Region of the United States.</raw>
		<lemm> clearly katrina have a major impact on business and community in the gulf region of the united states</lemm>
		<bigrams> 490 493 498 75</bigrams>
	</sent>	<sent id="6">
		<raw>Lloyds priority now will be to assess and settle claims as speedily as possible, to help the reconstruction of that area."</raw>
		<lemm>lloyds priority now will be to assess and settle claim as speedily as possible  to help the reconstruction of that area </lemm>
		<bigrams> 500 508</bigrams>
	</sent>	<sent id="7">
		<raw>Rescue crews worked frantically Tuesday to save hundreds of people trapped by floodwaters from Hurricane Katrina, which devastated the US Gulf Coast states of Louisiana, Mississippi and Alabama and reportedly left dozens of people dead.</raw>
		<lemm>rescue crew work frantically tuesday to save hundred of people trap by floodwater from hurricane katrina  which devastate the us gulf coast state of louisiana  mississippi and alabama and reportedly leave dozen of people dead</lemm>
		<bigrams> 519 520 521 522 525 528 5 224 225 535 538 543 544 546</bigrams>
	</sent>	<sent id="8">
		<raw>German reinsurance giant Munich Re has estimated that Katrina could cost the world's insurers up to 20 billion dollars (16 billion euros).</raw>
		<lemm>german reinsurance giant munich re have estimate that katrina could cost the world s insurer up to @card@ billion dollar ( @card@ billion euros )</lemm>
		<bigrams> 547 548 549 553 554 58 93 559 333 58 560 561</bigrams>
	</sent></doc>