<?xml version="1.0" encoding="UTF_8"?>
<doc>	<sent id="0">
		<raw>A woman was killed in Mississippi when a tree crashed on her car, becoming the 11th fatality blamed on the powerful Hurricane Katrina that slammed the US Gulf coast after pounding Florida, local TV reported Monday.</raw>
		<lemm>a woman be kill in mississippi when a tree crash on her car  become the 11th fatality blame on the powerful hurricane katrina that slam the us gulf coast after pound florida  local tv report monday</lemm>
		<bigrams> 208 212 214 215 219 5 224 225 228 229 230 231 232</bigrams>
	</sent>	<sent id="1">
		<raw>Mississippi News Channel 12 said the woman was crushed under the tree uprooted by the hurricane in the small town of Carthage.</raw>
		<lemm>mississippi news channel @card@ say the woman be crush under the tree uproot by the hurricane in the small town of carthage</lemm>
		<bigrams> 233 234 235 236 242 245</bigrams>
	</sent>	<sent id="2">
		<raw>Three elderly people died on Sunday, apparently of dehydration, as they were being evacuated from New Orleans, and another seven were killed as the hurricane lashed Florida on Thursday.</raw>
		<lemm>three elderly people die on sunday  apparently of dehydration  as they be be evacuate from new orleans  and another seven be kill as the hurricane lash florida on thursday</lemm>
		<bigrams> 248 249 250 253 19 265 269 270</bigrams>
	</sent></doc>