<?xml version="1.0" encoding="UTF_8"?>
<doc>	<sent id="0">
		<raw>The Foreign Ministry on Friday reported the first confirmed death of a Guatemalan due to Hurricane Katrina in the United States.</raw>
		<lemm>the foreign ministry on friday report the first confirm death of a guatemalan due to hurricane katrina in the united states</lemm>
		<bigrams> 563 566 569 570 573 5 75</bigrams>
	</sent>	<sent id="1">
		<raw>The ministry said that a woman identified as Rosa Barrios was found dead in her New Orleans home, but it gave no details.</raw>
		<lemm>the ministry say that a woman identify as rosa barrios be find dead in her new orleans home  but it give no detail</lemm>
		<bigrams> 576 579 582 585 19 589</bigrams>
	</sent>	<sent id="2">
		<raw>The ministry said about 50 other Guatemalans are on a list of missing.</raw>
		<lemm>the ministry say about @card@ other guatemalan be on a list of miss</lemm>
		<bigrams> 576</bigrams>
	</sent>	<sent id="3">
		<raw>It estimates that 2,100 Guatemalans livedin New Orleans.</raw>
		<lemm>it estimate that @card@ guatemalan livedin new orleans</lemm>
		<bigrams> 605 606 607 19</bigrams>
	</sent></doc>