<?xml version="1.0" encoding="UTF_8"?>
<doc>	<sent id="0">
		<raw>The official death toll from Hurricane Katrina has risen to 118 people in and around the swamped city of New Orleans, officials said Thursday.</raw>
		<lemm>the official death toll from hurricane katrina have rise to @card@ people in and around the swamp city of new orleans  official say thursday</lemm>
		<bigrams> 1 2 5 10 16 19 20 21 22</bigrams>
	</sent>	<sent id="1">
		<raw>The Louisiana Department of Health and Hospitals said the number of fatalities had risen from 83 since the last toll was announced on Tuesday.</raw>
		<lemm>the louisiana department of health and hospitals say the number of fatality have rise from @card@ since the last toll be announce on tuesday</lemm>
		<bigrams> 24 29 37 40</bigrams>
	</sent>	<sent id="2">
		<raw>Swiss Reinsurance Co., the world's second largest reinsurance company on Monday doubled to 40 billion US dollars its initial estimate of the global insured losses caused by Hurricane Katrina in the United States.</raw>
		<lemm>swiss reinsurance co  the world s second large reinsurance company on monday double to @card@ billion us dollar its initial estimate of the global insured loss cause by hurricane katrina in the united states</lemm>
		<bigrams> 45 46 51 52 53 56 58 59 60 63 67 68 69 5 75</bigrams>
	</sent>	<sent id="3">
		<raw>Swiss Re had previously agreed with the world's largest reinsurer, Munich Re, that the total losses would be 20 billion dollars.</raw>
		<lemm>swiss re have previously agree with the world s large reinsurer  munich re  that the total loss would be @card@ billion dollar</lemm>
		<bigrams> 79 83 84 89 90 58 93</bigrams>
	</sent>	<sent id="4">
		<raw>The revised estimate has made Katrina the most costly hurricane in history.</raw>
		<lemm>the revise estimate have make katrina the most costly hurricane in history</lemm>
		<bigrams> 95 98 102</bigrams>
	</sent>	<sent id="5">
		<raw>The loss estimate was significantly increased because the damage caused by the hurricane was bigger than thought, Zurich-based Swiss Re said.</raw>
		<lemm>the loss estimate be significantly increase because the damage cause by the hurricane be big than think  zurich-based swiss re say</lemm>
		<bigrams> 106 109 113 120 121</bigrams>
	</sent>	<sent id="6">
		<raw>"Due to the unique nature of the event, the complexity and the magnitude of destruction caused, accurate claims estimates remain difficult," it said.</raw>
		<lemm> due to the unique nature of the event  the complexity and the magnitude of destruction cause  accurate claim estimate remain difficult   it say</lemm>
		<bigrams> 126 136 137 138 139 140 141</bigrams>
	</sent>	<sent id="7">
		<raw>Katrina has become the most costly hurricane in history, overtaking Hurricane Andrew in 1992, when claims reached 22 billion dollars, according to Swiss Re figures.</raw>
		<lemm>katrina have become the most costly hurricane in history  overtake hurricane andrew in @card@  when claim reach @card@ billion dollar  accord to swiss re figure</lemm>
		<bigrams> 102 146 147 148 153 154 58 93 155</bigrams>
	</sent>	<sent id="8">
		<raw>Swiss Re also more than doubled to 1.2 billion dollars the estimate of the claims the company itself may face.</raw>
		<lemm>swiss re also more than double to @card@ billion dollar the estimate of the claim the company itself may face</lemm>
		<bigrams> 58 93 170</bigrams>
	</sent>	<sent id="9">
		<raw>The company may not able to meet its target of 10 percent growth in earnings per share this year, but it said it will use its reserves to cushion the impact of the hurricane.</raw>
		<lemm>the company may not able to meet its target of @card@ percent growth in earnings per share this year  but it say it will use its reserve to cushion the impact of the hurricane</lemm>
		<bigrams> 171 180 181 184 185</bigrams>
	</sent>	<sent id="10">
		<raw>A woman was killed in Mississippi when a tree crashed on her car, becoming the 11th fatality blamed on the powerful Hurricane Katrina that slammed the US Gulf coast after pounding Florida, local TV reported Monday.</raw>
		<lemm>a woman be kill in mississippi when a tree crash on her car  become the 11th fatality blame on the powerful hurricane katrina that slam the us gulf coast after pound florida  local tv report monday</lemm>
		<bigrams> 208 212 214 215 219 5 224 225 228 229 230 231 232</bigrams>
	</sent>	<sent id="11">
		<raw>Mississippi News Channel 12 said the woman was crushed under the tree uprooted by the hurricane in the small town of Carthage.</raw>
		<lemm>mississippi news channel @card@ say the woman be crush under the tree uproot by the hurricane in the small town of carthage</lemm>
		<bigrams> 233 234 235 236 242 245</bigrams>
	</sent>	<sent id="12">
		<raw>Three elderly people died on Sunday, apparently of dehydration, as they were being evacuated from New Orleans, and another seven were killed as the hurricane lashed Florida on Thursday.</raw>
		<lemm>three elderly people die on sunday  apparently of dehydration  as they be be evacuate from new orleans  and another seven be kill as the hurricane lash florida on thursday</lemm>
		<bigrams> 248 249 250 253 19 265 269 270</bigrams>
	</sent>	<sent id="13">
		<raw>Hurricane Katrina caused a first fatality in southeastern Florida Thursday when it sent a tree crashing on the roof of a car in Fort Lauderdale, local television reported.</raw>
		<lemm>hurricane katrina cause a first fatality in southeastern florida thursday when it send a tree crash on the roof of a car in fort lauderdale  local television report</lemm>
		<bigrams> 5 273 276 279 280 208 291 292 293 294</bigrams>
	</sent>	<sent id="14">
		<raw>A 25-year-old man was killed when the tree fell on the car in which he was traveling, CBS-4 television reported, quoting local authorities.</raw>
		<lemm>a 25-year-old man be kill when the tree fall on the car in which he be travel  cbs-4 television report  quote local authority</lemm>
		<bigrams> 296 300 307 308 294 309 310 311</bigrams>
	</sent>	<sent id="15">
		<raw>The report came as the eye of the hurricane was still a few kilometers offshore and expected to make landfall near Fort Lauderdale, about 25 miles (40 kilometers) north of Miami.</raw>
		<lemm>the report come as the eye of the hurricane be still a few kilometer offshore and expect to make landfall near fort lauderdale  about @card@ mile ( @card@ kilometer ) north of miami</lemm>
		<bigrams> 313 321 326 327 328 291 331 332 333 334 335 336</bigrams>
	</sent>	<sent id="16">
		<raw>The bill for the Hurricane Katrina disaster effort has so far reached 2.87 billion dollars, federal officials said on Tuesday.</raw>
		<lemm>the bill for the hurricane katrina disaster effort have so far reach @card@ billion dollar  federal official say on tuesday</lemm>
		<bigrams> 5 342 343 347 154 58 93 348 349 21</bigrams>
	</sent>	<sent id="17">
		<raw>The figure is made up of emergency mission response orders issued by the Federal Emergency Management Agency (FEMA), officials said.</raw>
		<lemm>the figure be make up of emergency mission response order issue by the federal emergency management agency ( fema )  official say</lemm>
		<bigrams> 357 358 359 360 363 364 365 366 367 368 369 21</bigrams>
	</sent>	<sent id="18">
		<raw>"We know what our bill is so far, there are mission expenses of 2.8 billion dollars," said FEMA spokesman David Passey.</raw>
		<lemm> we know what our bill be so far  there be mission expense of @card@ billion dollar   say fema spokesman david passey</lemm>
		<bigrams> 379 58 93 381 382 383 384 385</bigrams>
	</sent>	<sent id="19">
		<raw>Lloyd's, the world's biggest insurance underwriting market, predicted on Tuesday that the devastating impact of Hurricane Katrina would result in a "significant" number of claims.</raw>
		<lemm>lloyd s  the world s big insurance underwriting market  predict on tuesday that the devastating impact of hurricane katrina would result in a  significant  number of claim</lemm>
		<bigrams> 389 390 391 392 396 5 398 399 403</bigrams>
	</sent>	<sent id="20">
		<raw>"Lloyds expects to receive significant insurance claims as a result of Hurricane Katrina, predominantly in relation to offshore energy installations in the Gulf (of Mexico), property damage and business interruption," said a statement from the Lloyd's insurance market.</raw>
		<lemm> lloyds expect to receive significant insurance claim as a result of hurricane katrina  predominantly in relation to offshore energy installation in the gulf ( of mexico )  property damage and business interruption   say a statement from the lloyd s insurance market</lemm>
		<bigrams> 405 407 408 409 5 414 419 420 423 426 427 428 431 432 439</bigrams>
	</sent>	<sent id="21">
		<raw>"We are today asking all insurers at Lloyds to supply details of the likely impact on their businesses, by Monday 12 September.</raw>
		<lemm> we be today ask all insurer at lloyds to supply detail of the likely impact on their business  by monday @card@ september</lemm>
		<bigrams> 442 449 452 458 459</bigrams>
	</sent>	<sent id="22">
		<raw>Those returns will allow us to give more information about the markets overall exposure.</raw>
		<lemm>those return will allow us to give more information about the market overall exposure</lemm>
		<bigrams> 463 471 472</bigrams>
	</sent>	<sent id="23">
		<raw>"Despite the severity of Katrina, the Lloyds market is well-equipped to manage the financial impact of a catastrophe on this scale.</raw>
		<lemm> despite the severity of katrina  the lloyds market be well-equip to manage the financial impact of a catastrophe on this scale</lemm>
		<bigrams> 478 485</bigrams>
	</sent>	<sent id="24">
		<raw>"Clearly Katrina had a major impact on businesses and communities in the Gulf Region of the United States.</raw>
		<lemm> clearly katrina have a major impact on business and community in the gulf region of the united states</lemm>
		<bigrams> 490 493 498 75</bigrams>
	</sent>	<sent id="25">
		<raw>Lloyds priority now will be to assess and settle claims as speedily as possible, to help the reconstruction of that area."</raw>
		<lemm>lloyds priority now will be to assess and settle claim as speedily as possible  to help the reconstruction of that area </lemm>
		<bigrams> 500 508</bigrams>
	</sent>	<sent id="26">
		<raw>Rescue crews worked frantically Tuesday to save hundreds of people trapped by floodwaters from Hurricane Katrina, which devastated the US Gulf Coast states of Louisiana, Mississippi and Alabama and reportedly left dozens of people dead.</raw>
		<lemm>rescue crew work frantically tuesday to save hundred of people trap by floodwater from hurricane katrina  which devastate the us gulf coast state of louisiana  mississippi and alabama and reportedly leave dozen of people dead</lemm>
		<bigrams> 519 520 521 522 525 528 5 224 225 535 538 543 544 546</bigrams>
	</sent>	<sent id="27">
		<raw>German reinsurance giant Munich Re has estimated that Katrina could cost the world's insurers up to 20 billion dollars (16 billion euros).</raw>
		<lemm>german reinsurance giant munich re have estimate that katrina could cost the world s insurer up to @card@ billion dollar ( @card@ billion euros )</lemm>
		<bigrams> 547 548 549 553 554 58 93 559 333 58 560 561</bigrams>
	</sent>	<sent id="28">
		<raw>The Foreign Ministry on Friday reported the first confirmed death of a Guatemalan due to Hurricane Katrina in the United States.</raw>
		<lemm>the foreign ministry on friday report the first confirm death of a guatemalan due to hurricane katrina in the united states</lemm>
		<bigrams> 563 566 569 570 573 5 75</bigrams>
	</sent>	<sent id="29">
		<raw>The ministry said that a woman identified as Rosa Barrios was found dead in her New Orleans home, but it gave no details.</raw>
		<lemm>the ministry say that a woman identify as rosa barrios be find dead in her new orleans home  but it give no detail</lemm>
		<bigrams> 576 579 582 585 19 589</bigrams>
	</sent>	<sent id="30">
		<raw>The ministry said about 50 other Guatemalans are on a list of missing.</raw>
		<lemm>the ministry say about @card@ other guatemalan be on a list of miss</lemm>
		<bigrams> 576</bigrams>
	</sent>	<sent id="31">
		<raw>It estimates that 2,100 Guatemalans livedin New Orleans.</raw>
		<lemm>it estimate that @card@ guatemalan livedin new orleans</lemm>
		<bigrams> 605 606 607 19</bigrams>
	</sent>	<sent id="32">
		<raw>Hurricane Katrina could leave the world's insurers facing a bill of up to 50 billion dollars (40 billion euros), British company Brit Insurance forecast on Tuesday.</raw>
		<lemm>hurricane katrina could leave the world s insurer face a bill of up to @card@ billion dollar ( @card@ billion euros )  british company brit insurance forecast on tuesday</lemm>
		<bigrams> 5 553 608 610 58 93 559 333 58 560 561 615 616 617 618 619</bigrams>
	</sent>	<sent id="33">
		<raw>"The industry loss for Hurricane Katrina could be between 35 and 50 billion dollars," Brit's chief executive Dane Douetil told reporters after the company posted a 61-percent rise in interim pre-tax profits.</raw>
		<lemm> the industry loss for hurricane katrina could be between @card@ and @card@ billion dollar   brit s chief executive dane douetil tell reporter after the company post a 61-percent rise in interim pre-tax profit</lemm>
		<bigrams> 622 5 553 58 93 630 633 634 635 636 637 640 643 646 647</bigrams>
	</sent>	<sent id="34">
		<raw>Katrina will have "a profound impact on (insurance) market conditions", Douetil added.</raw>
		<lemm>katrina will have  a profound impact on ( insurance ) market condition   douetil add</lemm>
		<bigrams> 651 653 654 655 656 657 658</bigrams>
	</sent>	<sent id="35">
		<raw>Up until now the highest estimate has been 35 billion dollars, forecast by Risk Management Solutions, a US group specialised in evaluating the financial cost of disasters.</raw>
		<lemm>up until now the high estimate have be @card@ billion dollar  forecast by risk management solutions  a us group specialise in evaluate the financial cost of disaster</lemm>
		<bigrams> 663 58 93 665 668 669 672 673 677</bigrams>
	</sent>	<sent id="36">
		<raw>Several European insurance giants have meanwhile predicted a ceiling of 30 billion dollars.</raw>
		<lemm>several european insurance giant have meanwhile predict a ceiling of @card@ billion dollar</lemm>
		<bigrams> 680 681 682 685 58 93</bigrams>
	</sent>	<sent id="37">
		<raw>The Emir of Qatar Sheikh Hamad Ben Khalifa Al Thani decided on Saturday to contribute 100 million US dollars to the victims of the Katrina hurricane in the United States.</raw>
		<lemm>the emir of qatar sheikh hamad ben khalifa al thani decide on saturday to contribute @card@ million us dollar to the victim of the katrina hurricane in the united states</lemm>
		<bigrams> 692 693 694 695 696 697 698 703 704 705 60 710 75</bigrams>
	</sent>	<sent id="38">
		<raw>The Qatar News Agency quoted a source at the Foreign Ministry as saying that the donation was made in the name of the government and people of Qatar.</raw>
		<lemm>the qatar news agency quote a source at the foreign ministry as say that the donation be make in the name of the government and people of qatar</lemm>
		<bigrams> 712 713 714 563</bigrams>
	</sent>	<sent id="39">
		<raw>The source expressed solidarity with the US government and people at the tragic circumstances and offered condolences to the families of the victims.</raw>
		<lemm>the source express solidarity with the us government and people at the tragic circumstance and offer condolence to the family of the victim</lemm>
		<bigrams> 731 732 734 737 740</bigrams>
	</sent>	<sent id="40">
		<raw>Qatar "is following up with profound sorrow" the tragic results of the Katrina Hurricane, the source added.</raw>
		<lemm>qatar  be follow up with profound sorrow  the tragic result of the katrina hurricane  the source add</lemm>
		<bigrams> 749 751 710 753</bigrams>
	</sent>	<sent id="41">
		<raw>The Ugandan government has pledged 200,000 US dollars toward relief and rebuilding efforts in the aftermath of Hurricane Katrina, local press reported on Friday.</raw>
		<lemm>the ugandan government have pledge @card@ us dollar toward relief and rebuild effort in the aftermath of hurricane katrina  local press report on friday</lemm>
		<bigrams> 755 758 759 60 760 761 764 5 768 769 770</bigrams>
	</sent>	<sent id="42">
		<raw>"The US had been generous in responding to natural and humanitarian disasters all over the world, include in Africa ... justice requires us to aid the people in Louisiana, Mississippi and Alabama, who have lost their homes and loved ones," President Yoweri Museveni was quoted by The New Vision as saying.</raw>
		<lemm> the us have be generous in respond to natural and humanitarian disaster all over the world  include in africa   justice require us to aid the people in louisiana  mississippi and alabama  who have lose their home and love one   president yoweri museveni be quote by the new vision as say</lemm>
		<bigrams> 780 784 787 788 789 538 801 802 803 804 809</bigrams>
	</sent>	<sent id="43">
		<raw>Ugandan Foreign Minister Sam Kutesa said the money would be donated to the Bush-Clinton Katrina Fund, led by former US presidents George H. W. Bush and Bill Clinton.</raw>
		<lemm>ugandan foreign minister sam kutesa say the money would be donate to the bush-clinton katrina fund  lead by former us president george h w bush and bill clinton</lemm>
		<bigrams> 811 812 813 814 815 817 821 822 823 826 827 828 829 830 831 834</bigrams>
	</sent>	<sent id="44">
		<raw>"The government of Uganda extends its sympathies to the people affected by Hurricane Katrina," Kutesa said.</raw>
		<lemm> the government of uganda extend its sympathy to the people affect by hurricane katrina   kutesa say</lemm>
		<bigrams> 837 841 5 843 815</bigrams>
	</sent>	<sent id="45">
		<raw>Hurricane Katrina, one of the worst natural disasters, hit the southern part of the United States on August 29, causing heavy casualties and damages.</raw>
		<lemm>hurricane katrina  one of the bad natural disaster  hit the southern part of the united states on august @card@  cause heavy casualty and damage</lemm>
		<bigrams> 5 844 847 848 849 852 75 856 857 858 859</bigrams>
	</sent></doc>