<?xml version="1.0" encoding="UTF_8"?>
<doc>	<sent id="0">
		<raw>The Emir of Qatar Sheikh Hamad Ben Khalifa Al Thani decided on Saturday to contribute 100 million US dollars to the victims of the Katrina hurricane in the United States.</raw>
		<lemm>the emir of qatar sheikh hamad ben khalifa al thani decide on saturday to contribute @card@ million us dollar to the victim of the katrina hurricane in the united states</lemm>
		<bigrams> 692 693 694 695 696 697 698 703 704 705 60 710 75</bigrams>
	</sent>	<sent id="1">
		<raw>The Qatar News Agency quoted a source at the Foreign Ministry as saying that the donation was made in the name of the government and people of Qatar.</raw>
		<lemm>the qatar news agency quote a source at the foreign ministry as say that the donation be make in the name of the government and people of qatar</lemm>
		<bigrams> 712 713 714 563</bigrams>
	</sent>	<sent id="2">
		<raw>The source expressed solidarity with the US government and people at the tragic circumstances and offered condolences to the families of the victims.</raw>
		<lemm>the source express solidarity with the us government and people at the tragic circumstance and offer condolence to the family of the victim</lemm>
		<bigrams> 731 732 734 737 740</bigrams>
	</sent>	<sent id="3">
		<raw>Qatar "is following up with profound sorrow" the tragic results of the Katrina Hurricane, the source added.</raw>
		<lemm>qatar  be follow up with profound sorrow  the tragic result of the katrina hurricane  the source add</lemm>
		<bigrams> 749 751 710 753</bigrams>
	</sent></doc>