<?xml version="1.0" encoding="UTF_8"?>
<doc>	<sent id="0">
		<raw>French fans directed harsh words at the newspaper that accused seven-time Tour de France winner Lance Armstrong of doping, saying the report has no bearing on their respect for the American cyclist.</raw>
		<lemm>french fan direct harsh word at the newspaper that accuse seven-time tour de france winner lance armstrong of dope  say the report have no bearing on their respect for the american cyclist</lemm>
		<bigrams> 1984 1985 1986 1987 1989 1532 16 17 1990 1991 0 1992 2001</bigrams>
	</sent>	<sent id="1">
		<raw>L'Equipe published a series of letters-to-the-editor in its weekend magazine Saturday in response to last week's cover story that Armstrong used a banned blood booster in his first Tour win in 1999.</raw>
		<lemm>l equipe publish a series of letters-to-the-editor in its weekend magazine saturday in response to last week s cover story that armstrong use a ban blood booster in his first tour win in @card@</lemm>
		<bigrams> 92 2002 2010 2011 1899 2018 857 2020 2021 103 104</bigrams>
	</sent>	<sent id="2">
		<raw>The cyclist has denied the charges.</raw>
		<lemm>the cyclist have deny the charge</lemm>
		<bigrams></bigrams>
	</sent>	<sent id="3">
		<raw>Of the seven letters published, six voiced support for Armstrong and varying degrees of anger at the newspaper for what they called pointless muckraking.</raw>
		<lemm>of the seven letter publish  six voiced support for armstrong and vary degree of anger at the newspaper for what they call pointless muckraking</lemm>
		<bigrams> 2026 2027 2028 2029 2030 2034 2042 2043</bigrams>
	</sent>	<sent id="4">
		<raw>Like many readers, she noted that so many athletes take banned products these days but not everyone inspires like Armstrong.</raw>
		<lemm>like many reader  she note that so many athlete take ban product these day but not everyone inspire like armstrong</lemm>
		<bigrams> 2044 2045 2050 2051 2052 2053 2059 2060 1439</bigrams>
	</sent>	<sent id="5">
		<raw>"Don't shatter our dreams."</raw>
		<lemm> do n t shatter our dream </lemm>
		<bigrams></bigrams>
	</sent>	<sent id="6">
		<raw>Louis Riche, another reader, wrote in to say that, "these accusations (true or false having little importance) only show one thing: that scientific research is seven years late."</raw>
		<lemm>louis riche  another reader  write in to say that   these accusation ( true or false have little importance ) only show one thing  that scientific research be seven year late </lemm>
		<bigrams> 2064 2065 2066 2067 2071 2072 2077 2078 2081 2082 2084 251 2087</bigrams>
	</sent>	<sent id="7">
		<raw>He questioned whether French cyclists would face the same scrutiny as the American star.</raw>
		<lemm>he question whether french cyclist would face the same scrutiny as the american star</lemm>
		<bigrams> 2089 2090 2091 2092 2093 2097</bigrams>
	</sent>	<sent id="8">
		<raw>"So, in six years we'll know if Thomas Voeckler was doped on the 2004 Tour," Riche asked about the rider who held the yellow jersey for 10 stages that year.</raw>
		<lemm> so  in six year we will know if thomas voeckler be dope on the @card@ tour   riche ask about the rider who hold the yellow jersey for @card@ stage that year</lemm>
		<bigrams> 548 2105 529 2109 2110 2115 2118</bigrams>
	</sent>	<sent id="9">
		<raw>He's French."</raw>
		<lemm>he be french </lemm>
		<bigrams></bigrams>
	</sent>	<sent id="10">
		<raw>L'Equipe reported Tuesday that new tests on six urine samples he provided during the 1999 tour resulted in positive results for the red blood cell-booster EPO.</raw>
		<lemm>l equipe report tuesday that new test on six urine sample he provide during the @card@ tour result in positive result for the red blood cell-booster epo</lemm>
		<bigrams> 92 93 94 2123 97 48 529 2126 760 111 112 113</bigrams>
	</sent>	<sent id="11">
		<raw>William Dubois wrote to say he does a fair amount of cycling and understands the need for an energy booster.</raw>
		<lemm>william dubois write to say he do a fair amount of cycling and understand the need for an energy booster</lemm>
		<bigrams> 2130 2131 2135 2145</bigrams>
	</sent>	<sent id="12">
		<raw>"For me, my EPO, from time to time is (licorice-flavored aperitif) pastis and, at Sunday dinner, a good glass of wine!</raw>
		<lemm> for me  my epo  from time to time be ( licorice-flavored aperitif ) pastis and  at sunday dinner  a good glass of wine</lemm>
		<bigrams> 2155 2156 2157 2158 2162 2165</bigrams>
	</sent>	<sent id="13">
		<raw>I know that professionals don't only drink mineral water," he said.</raw>
		<lemm>i know that professional do n t only drink mineral water   he say</lemm>
		<bigrams> 2174 2175</bigrams>
	</sent>	<sent id="14">
		<raw>Not everyone spared Armstrong from judgment.</raw>
		<lemm>not everyone spare armstrong from judgment</lemm>
		<bigrams> 2177 2178</bigrams>
	</sent>	<sent id="15">
		<raw>"You were my hero," wrote Rahila Abdul.</raw>
		<lemm> you be my hero   write rahila abdul</lemm>
		<bigrams> 2184 2185 2186</bigrams>
	</sent></doc>