<?xml version="1.0" encoding="UTF_8"?>
<doc>	<sent id="0">
		<raw>The editor of French sports daily L'Equipe denied Tuesday that his paper accused Lance Armstrong of doping because he is American.</raw>
		<lemm>the editor of french sport daily l equipe deny tuesday that his paper accuse lance armstrong of dope because he be american</lemm>
		<bigrams> 851 563 1522 92 1871 1872 1875 1876 0</bigrams>
	</sent>	<sent id="1">
		<raw>"If Lance Armstrong was a French rider and we were in possession of the same information we would have done the same thing," Claude Droussent told France's LCI television station.</raw>
		<lemm> if lance armstrong be a french rider and we be in possession of the same information we would have do the same thing   claude droussent tell france s lci television station</lemm>
		<bigrams> 0 1882 1891 1892 1893 1894 1896 1897</bigrams>
	</sent>	<sent id="2">
		<raw>L'Equipe reported last week that Armstrong used the banned performance-enhancing drug EPO to help win the 1999 Tour de France, the first of his seven straight titles.</raw>
		<lemm>l equipe report last week that armstrong use the ban performance-enhancing drug epo to help win the @card@ tour de france  the first of his seven straight title</lemm>
		<bigrams> 92 93 1898 1899 857 1901 861 1525 1527 529 16 17 1905 1906</bigrams>
	</sent>	<sent id="3">
		<raw>Armstrong responded by vehemently denying the accusations and claiming he is the victim of a "witch hunt."</raw>
		<lemm>armstrong respond by vehemently deny the accusation and claim he be the victim of a  witch hunt </lemm>
		<bigrams> 1907 1535 978</bigrams>
	</sent>	<sent id="4">
		<raw>On Aug. 23, L'Equipe reported that it had evidence that six of Armstrong's urine samples from the '99 Tour tested positive for EPO.</raw>
		<lemm>on aug @card@  l equipe report that it have evidence that six of armstrong s urine sample from the  @card@ tour test positive for epo</lemm>
		<bigrams> 1918 1919 92 93 48 529 1924 108</bigrams>
	</sent>	<sent id="5">
		<raw>The substance was banned but there was no reliable test at the time.</raw>
		<lemm>the substance be ban but there be no reliable test at the time</lemm>
		<bigrams> 1930</bigrams>
	</sent>	<sent id="6">
		<raw>Scientists used 'B' samples last year while researching testing techniques, but the 'A' samples had been used up.</raw>
		<lemm>scientist use  b  sample last year while research testing technique  but the  a  sample have be use up</lemm>
		<bigrams> 1932 1933 248 1934 632 1937 1938</bigrams>
	</sent>	<sent id="7">
		<raw>"Because of what we have revealed ... it casts discredit on the rest of his (Armstrong's) career," Droussent said.</raw>
		<lemm> because of what we have reveal   it cast discredit on the rest of his ( armstrong s ) career   droussent say</lemm>
		<bigrams> 1946 1951 1953 1954 1955</bigrams>
	</sent>	<sent id="8">
		<raw>The UCI, or the International Cycling Union, said Monday it would investigate reports of positive drug tests at the '99 Tour and issue its findings within 10 days.</raw>
		<lemm>the uci  or the international cycling union  say monday it would investigate report of positive drug test at the  @card@ tour and issue its finding within @card@ day</lemm>
		<bigrams> 1958 1959 1960 1961 1963 1964 1966 1057 529 1970 1971 1972</bigrams>
	</sent>	<sent id="9">
		<raw>Armstrong has said he is considering whether to take the newspaper, France's national anti-doping laboratory, and Tour race director Jean-Marie Leblanc to court.</raw>
		<lemm>armstrong have say he be consider whether to take the newspaper  france s national anti-doping laboratory  and tour race director jean-marie leblanc to court</lemm>
		<bigrams> 1973 1976 1648 724 1980 1981 117 118</bigrams>
	</sent></doc>