<?xml version="1.0" encoding="UTF_8"?>
<doc>	<sent id="0">
		<raw>The French sports newspaper L'Equipe charged Tuesday that Lance Armstrong used an illegal performance-enhancing drug in 1999 to win his first of seven consecutive Tours.</raw>
		<lemm>the french sport newspaper l equipe charge tuesday that lance armstrong use an illegal performance-enhancing drug in @card@ to win his first of seven consecutive tours</lemm>
		<bigrams> 851 852 853 92 854 855 0 857 860 861 867 868</bigrams>
	</sent>	<sent id="1">
		<raw>"Lance Armstrong has used EPO," the banned erythropoietin, to increase the red blood corpuscles that carry oxygen to muscles, the newspaper stated in a four-page report that began with a front-page headline, "The Armstrong Lie."</raw>
		<lemm> lance armstrong have use epo   the ban erythropoietin  to increase the red blood corpuscle that carry oxygen to muscle  the newspaper state in a four-page report that begin with a front-page headline   the armstrong lie </lemm>
		<bigrams> 0 870 873 111 877 880 884 418 893 422</bigrams>
	</sent>	<sent id="2">
		<raw>The 33-year-old Armstrong, who retired on July 24 after his latest victory, strongly denied the charge.</raw>
		<lemm>the 33-year-old armstrong  who retire on july @card@ after his late victory  strongly deny the charge</lemm>
		<bigrams> 896 901 904 905 906</bigrams>
	</sent>	<sent id="3">
		<raw>But Jean-Marie Leblanc, the director of the Tour de France, called the newspaper's report "very complete, very professional, very meticulous."</raw>
		<lemm>but jean-marie leblanc  the director of the tour de france  call the newspaper s report  very complete  very professional  very meticulous </lemm>
		<bigrams> 118 16 17 911</bigrams>
	</sent>	<sent id="4">
		<raw>He said on RTL radio that the charge "appears credible."</raw>
		<lemm>he say on rtl radio that the charge  appear credible </lemm>
		<bigrams> 701 922 923</bigrams>
	</sent>	<sent id="5">
		<raw>Leblanc added that disciplinary action seemed unlikely since the tests were based on only the second, or B, urine sample taken during the race.</raw>
		<lemm>leblanc add that disciplinary action seem unlikely since the test be base on only the second  or b  urine sample take during the race</lemm>
		<bigrams> 924 669 927 928 929 937 48 938</bigrams>
	</sent>	<sent id="6">
		<raw>The A sample was tested in 1999 but was not frozen.</raw>
		<lemm>the a sample be test in @card@ but be not freeze</lemm>
		<bigrams></bigrams>
	</sent>	<sent id="7">
		<raw>No tests for EPO were available in 1999.</raw>
		<lemm>no test for epo be available in @card@</lemm>
		<bigrams></bigrams>
	</sent>	<sent id="8">
		<raw>Armstrong has been under suspicion and investigated a handful of times since his comeback in 1999 from testicular cancer, but has never been found guilty of doping.</raw>
		<lemm>armstrong have be under suspicion and investigate a handful of time since his comeback in @card@ from testicular cancer  but have never be find guilty of dope</lemm>
		<bigrams> 962 968 973</bigrams>
	</sent>	<sent id="9">
		<raw>"Unfortunately, the witch hunt continues," he said on his Web site, adding that the "article is nothing short of tabloid journalism."</raw>
		<lemm> unfortunately  the witch hunt continue   he say on his web site  add that the  article be nothing short of tabloid journalism </lemm>
		<bigrams> 978 979 983 984 988 991</bigrams>
	</sent>	<sent id="10">
		<raw>He added, "I will simply restate what I have said many times: I have never taken performance-enhancing drugs."</raw>
		<lemm>he add   i will simply restate what i have say many time  i have never take performance-enhancing drug </lemm>
		<bigrams> 994 998 999 814 1001 861</bigrams>
	</sent>	<sent id="11">
		<raw>The tests were done at the Chatenay-Malabry laboratory outside Paris last year, the specialist doping facility confirmed.</raw>
		<lemm>the test be do at the chatenay-malabry laboratory outside paris last year  the specialist dope facility confirm</lemm>
		<bigrams> 1004 1005 1006 1007 632 1010 1011 1012</bigrams>
	</sent>	<sent id="12">
		<raw>The urine samples were tested in 2004 to help scientists refine EPO detection methods, the paper said.</raw>
		<lemm>the urine sample be test in @card@ to help scientist refine epo detection method  the paper say</lemm>
		<bigrams> 48 1014 1015 1016 1017 1018 1021</bigrams>
	</sent>	<sent id="13">
		<raw>The lab confirmed that it had conducted the tests, but said it could not confirm that the samples were Armstrong's because the labels were identified only by six-digit labels.</raw>
		<lemm>the lab confirm that it have conduct the test  but say it could not confirm that the sample be armstrong s because the label be identify only by six-digit label</lemm>
		<bigrams> 1022 1035</bigrams>
	</sent>	<sent id="14">
		<raw>L'Equipe said it had decoded the labels by matching each sample with forms filed with the French Cycling Federation during the tour.</raw>
		<lemm>l equipe say it have decode the label by match each sample with form file with the french cycling federation during the tour</lemm>
		<bigrams> 92 705 1043 1045 1046</bigrams>
	</sent>	<sent id="15">
		<raw>Those forms, filled out each time a sample was taken in a drug test, identified the donor by name as well as the six digits on his urine sample.</raw>
		<lemm>those form  fill out each time a sample be take in a drug test  identify the donor by name as well as the six digit on his urine sample</lemm>
		<bigrams> 1049 1057 1058 1067 48</bigrams>
	</sent>	<sent id="16">
		<raw>L'Equipe reproduced both what it said were the results of the laboratory's tests, with sample number, and the forms with the same number and Armstrong's name.</raw>
		<lemm>l equipe reproduce both what it say be the result of the laboratory s test  with sample number  and the form with the same number and armstrong s name</lemm>
		<bigrams> 92 1070 807</bigrams>
	</sent>	<sent id="17">
		<raw>L'Equipe, which said it conducted "a long, painstaking and rigorous investigation," reproduced what it said were EPO tests of frozen urine samples taken from riders during the 1999 Tour.</raw>
		<lemm>l equipe  which say it conduct  a long  painstaking and rigorous investigation   reproduce what it say be epo test of frozen urine sample take from rider during the @card@ tour</lemm>
		<bigrams> 92 1088 1091 1092 625 1097 48 938 529</bigrams>
	</sent>	<sent id="18">
		<raw>Doctors commonly store blood, urine and other samples so they can do tests that may become necessary or available years after the samples were taken.</raw>
		<lemm>doctor commonly store blood  urine and other sample so they can do test that may become necessary or available year after the sample be take</lemm>
		<bigrams> 1101 1102 1103 1104 1114 1115 1118</bigrams>
	</sent>	<sent id="19">
		<raw>They usually compare those tests with control samples to make sure that freezing or other storage techniques do not distort the findings.</raw>
		<lemm>they usually compare those test with control sample to make sure that freezing or other storage technique do not distort the finding</lemm>
		<bigrams> 1122 1126 1129 1135</bigrams>
	</sent>	<sent id="20">
		<raw>In a drug test, for example, they might compare a suspect sample of stored blood with one that contained no drugs.</raw>
		<lemm>in a drug test  for example  they might compare a suspect sample of store blood with one that contain no drug</lemm>
		<bigrams> 1057 1143 1146 1103</bigrams>
	</sent>	<sent id="21">
		<raw>Six samples that the paper said were taken from Armstrong proved positive for the "indisputable" use of EPO, the paper said.</raw>
		<lemm>six sample that the paper say be take from armstrong prove positive for the  indisputable  use of epo  the paper say</lemm>
		<bigrams> 1155 1021 1158 1159 1161 1021</bigrams>
	</sent>	<sent id="22">
		<raw>It added that six other samples from riders who were not identified had also proven positive.</raw>
		<lemm>it add that six other sample from rider who be not identify have also prove positive</lemm>
		<bigrams> 1171 1159</bigrams>
	</sent>	<sent id="23">
		<raw>"It cannot be regarded as a positive test in the strict regulatory sense," the newspaper said, doubting that French sanctions were likely.</raw>
		<lemm> it can be regard as a positive test in the strict regulatory sense   the newspaper say  doubt that french sanction be likely</lemm>
		<bigrams> 1178 1180 1181 1183 1184 1187</bigrams>
	</sent>	<sent id="24">
		<raw>L'Equipe said the World Antidoping Agency or the U. S. Antidoping Agency could act, but that appears unlikely even if the charges were further substantiated.</raw>
		<lemm>l equipe say the world antidoping agency or the u s antidoping agency could act  but that appear unlikely even if the charge be further substantiate</lemm>
		<bigrams> 92 705 1192 1193 1193 1198 1199 1203 1204</bigrams>
	</sent>	<sent id="25">
		<raw>French sports minister Jean-Francois Lamour told the Associated Press that because the A sample was disposed of after the initial 1999 testing, the B sample would not be enough to pursue charges and punishment.</raw>
		<lemm>french sport minister jean-francois lamour tell the associated press that because the a sample be dispose of after the initial @card@ testing  the b sample would not be enough to pursue charge and punishment</lemm>
		<bigrams> 851 1210 677 678 1211 193 1218 1219 248 1222 1227</bigrams>
	</sent>	<sent id="26">
		<raw>The sample also pre-dates the formation of the World Anti-Doping Agency, which was launched in 2000 to administer Olympic drug testing worldwide, as well as the U. S. Anti-Doping Agency, also started in 2000.</raw>
		<lemm>the sample also pre-date the formation of the world anti-doping agency  which be launch in @card@ to administer olympic drug testing worldwide  as well as the u s anti-doping agency  also start in @card@</lemm>
		<bigrams> 1230 1231 285 286 1240 1241 1242 1243 286 1245 1246</bigrams>
	</sent>	<sent id="27">
		<raw>"If anything were found, we couldn't do anything because we didn't even exist in 1999," said the WADA chairman, Richard Pound.</raw>
		<lemm> if anything be find  we could n t do anything because we do n t even exist in @card@   say the wada chairman  richard pound</lemm>
		<bigrams> 519 1258 1260 1262 1263 1264</bigrams>
	</sent>	<sent id="28">
		<raw>Still, Pound encouraged the International and U. S. cycling federations to look into the allegations, saying, "it's important that the truth must always be made clear."</raw>
		<lemm>still  pound encourage the international and u s cycling federation to look into the allegation  say   it be important that the truth must always be make clear </lemm>
		<bigrams> 1265 1266 1046 1276 1280 1281 1284</bigrams>
	</sent>	<sent id="29">
		<raw>Clarity, though, may be illusive.</raw>
		<lemm>clarity  though  may be illusive</lemm>
		<bigrams> 1285 1286</bigrams>
	</sent>	<sent id="30">
		<raw>There was no worldwide standard on freezing samples until 2004, when the WADA code was adopted by most countries to govern such matters.</raw>
		<lemm>there be no worldwide standard on freezing sample until @card@  when the wada code be adopt by most country to govern such matter</lemm>
		<bigrams> 1290 1293 1298</bigrams>
	</sent>	<sent id="31">
		<raw>And the reliability of the urine test for EPO, first used in 2000, has been a source of concern.</raw>
		<lemm>and the reliability of the urine test for epo  first use in @card@  have be a source of concern</lemm>
		<bigrams> 1310 1311 1312</bigrams>
	</sent>	<sent id="32">
		<raw>USA Cycling spokesman Andy Lee said the organization would have no comment.</raw>
		<lemm>usa cycling spokesman andy lee say the organization would have no comment</lemm>
		<bigrams> 1318 1319 1320 1321 1322 1324</bigrams>
	</sent>	<sent id="33">
		<raw>As he continued to win the Tour de France year in and year out, Armstrong has occasionally been the target of doping suspicions in L'Equipe, which is owned by the same company that owns the Tour de France --- the Amaury Sports Organisation, and works out of the same building.</raw>
		<lemm>as he continue to win the tour de france year in and year out  armstrong have occasionally be the target of dope suspicion in l equipe  which be own by the same company that own the tour de france -- - the amaury sports organisation  and work out of the same building</lemm>
		<bigrams> 16 17 1331 1341 92 16 17 1349 1350 1353 1354</bigrams>
	</sent>	<sent id="34">
		<raw>Miguel Indurain of Spain, who won the Tour five times in the 1990s, was quoted on the Web site todociciclismo.com on Tuesday as saying, "They have been out to get him in France for a number of years."</raw>
		<lemm>miguel indurain of spain  who win the tour five time in the 1990s  be quote on the web site todociciclismo com on tuesday as say   they have be out to get him in france for a number of year </lemm>
		<bigrams> 516 1363 1364 983 1371 1372</bigrams>
	</sent>	<sent id="35">
		<raw>The continuing suspicions have embroiled Armstrong in at least four court suits that are still to be heard.</raw>
		<lemm>the continuing suspicion have embroil armstrong in at least four court suit that be still to be hear</lemm>
		<bigrams> 1388 1391 1394 1395 1396</bigrams>
	</sent>	<sent id="36">
		<raw>In what seems to be the biggest one, he is suing The Sunday Times of London for reprinting doping charges made in a book, "L. A.</raw>
		<lemm>in what seem to be the big one  he be sue the sunday times of london for reprint dope charge make in a book   l a </lemm>
		<bigrams> 1406 1411 1416 1417 1418 1421</bigrams>
	</sent>	<sent id="37">
		<raw>Confidential, the Secrets of Lance Armstrong," in 2004.</raw>
		<lemm>confidential  the secrets of lance armstrong   in @card@</lemm>
		<bigrams> 0</bigrams>
	</sent>	<sent id="38">
		<raw>The other cases involve an Italian rider, a former personal assistant who, like Armstrong, is a Texan, and an American insurance company that has refused to pay a bonus of several million dollars to the rider because of its doubts about his Tour victory two years ago.</raw>
		<lemm>the other case involve an italian rider  a former personal assistant who  like armstrong  be a texan  and an american insurance company that have refuse to pay a bonus of several million dollar to the rider because of its doubt about his tour victory two year ago</lemm>
		<bigrams> 1429 1432 1435 1436 1439 1444 1445 1454 1455 551 1462 1463 267</bigrams>
	</sent>	<sent id="39">
		<raw>In the month since he retired, Armstrong has been spending his time with his three children, with his companion, the singer Sheryl Crow, and with work for his foundation to combat cancer.</raw>
		<lemm>in the month since he retire  armstrong have be spend his time with his three child  with his companion  the singer sheryl crow  and with work for his foundation to combat cancer</lemm>
		<bigrams> 1465 1468 1475 1480 1481 1490</bigrams>
	</sent>	<sent id="40">
		<raw>On Saturday, he visited President Bush's ranch and rode with him on mountain bikes across the Texas landscape.</raw>
		<lemm>on saturday  he visit president bush s ranch and ride with him on mountain bike across the texas landscape</lemm>
		<bigrams> 1494 1495 1503 1504 1507</bigrams>
	</sent>	<sent id="41">
		<raw>Armstrong is a member of the President's Council on Cancer and has pressed him for more research funds.</raw>
		<lemm>armstrong be a member of the president s council on cancer and have press him for more research fund</lemm>
		<bigrams> 1521</bigrams>
	</sent></doc>