<?xml version="1.0" encoding="UTF_8"?>
<doc>	<sent id="0">
		<raw>The head of USA Cycling defended Lance Armstrong on Friday, saying that new doping charges were unfair and lacked credibility.</raw>
		<lemm>the head of usa cycling defend lance armstrong on friday  say that new dope charge be unfair and lack credibility</lemm>
		<bigrams> 1318 2646 2647 0 2650 2651 1417 2655</bigrams>
	</sent>	<sent id="1">
		<raw>The French newspaper L'Equipe reported Tuesday that traces of the performance-enhancing drug EPO had been found in frozen samples of Armstrong's urine from 1999, the year he won the first of seven Tour de France titles.</raw>
		<lemm>the french newspaper l equipe report tuesday that trace of the performance-enhancing drug epo have be find in frozen sample of armstrong s urine from @card@  the year he win the first of seven tour de france title</lemm>
		<bigrams> 38 853 92 93 94 861 1525 2660 2663 16 17 2664</bigrams>
	</sent>	<sent id="2">
		<raw>But Gerard Bisceglia, the chief executive of USA Cycling, said the report was flawed because it was based on the testing of only B samples of Armstrong's urine.</raw>
		<lemm>but gerard bisceglia  the chief executive of usa cycling  say the report be flaw because it be base on the testing of only b sample of armstrong s urine</lemm>
		<bigrams> 2666 2669 1318 2671 248</bigrams>
	</sent>	<sent id="3">
		<raw>The A samples, which were destroyed in 1999, also must be tested for a valid result, Bisceglia said.</raw>
		<lemm>the a sample  which be destroy in @card@  also must be test for a valid result  bisceglia say</lemm>
		<bigrams> 2680 2681 2684 2685 2686</bigrams>
	</sent>	<sent id="4">
		<raw>"Our stance is there are protocols and procedures that are well defined and laid out in the WADA, USADA codes," he said in a telephone interview, referring to the World Anti-Doping Agency and the U. S. Anti-Doping Agency.</raw>
		<lemm> our stance be there be protocol and procedure that be well define and lay out in the wada  usada code   he say in a telephone interview  refer to the world anti-doping agency and the u s anti-doping agency</lemm>
		<bigrams> 2695 2700 2701 2705 2706 285 286 286</bigrams>
	</sent>	<sent id="5">
		<raw>"We religiously adhere to those policies.</raw>
		<lemm> we religiously adhere to those policy</lemm>
		<bigrams> 2709</bigrams>
	</sent>	<sent id="6">
		<raw>"We are adamantly against doping in the sport.</raw>
		<lemm> we be adamantly against dope in the sport</lemm>
		<bigrams></bigrams>
	</sent>	<sent id="7">
		<raw>We also have a responsibility and obligation to look out for the rights of our riders and members.</raw>
		<lemm>we also have a responsibility and obligation to look out for the right of our rider and member</lemm>
		<bigrams></bigrams>
	</sent>	<sent id="8">
		<raw>In this particular case, our rider has been denied due process."</raw>
		<lemm>in this particular case  our rider have be deny due process </lemm>
		<bigrams> 2731 2735 2736</bigrams>
	</sent>	<sent id="9">
		<raw>Bisceglia said he decided to speak out after reading statements from officials of the World Anti-Doping Agency and the Tour de France who supported the L'Equipe report.</raw>
		<lemm>bisceglia say he decide to speak out after read statement from official of the world anti-doping agency and the tour de france who support the l equipe report</lemm>
		<bigrams> 2686 2743 285 286 16 17 92 93</bigrams>
	</sent>	<sent id="10">
		<raw>L'Equipe quoted the Tour de France director, Jean-Marie Leblanc, as saying, "For the first time, and these are no longer rumors, or insinuations, these are proven scientific facts, someone has shown me that in 1999, Armstrong had a banned substance called EPO in his body."</raw>
		<lemm>l equipe quote the tour de france director  jean-marie leblanc  as say   for the first time  and these be no long rumor  or insinuation  these be prove scientific fact  someone have show me that in @card@  armstrong have a ban substance call epo in his body </lemm>
		<bigrams> 92 2749 16 17 1564 117 118 126 132 137 138 139 145 148 149 150</bigrams>
	</sent>	<sent id="11">
		<raw>According to The Associated Press, Dick Pound, the head of the World Anti-Doping Agency, said the lab that recorded the positive tests was accredited by the International Olympic Committee.</raw>
		<lemm>accord to the associated press  dick pound  the head of the world anti-doping agency  say the lab that record the positive test be accredit by the international olympic committee</lemm>
		<bigrams> 193 2754 1730 285 286 2756 1178 2246 2247</bigrams>
	</sent>	<sent id="12">
		<raw>L'Equipe reported that the samples belonged to Armstrong, a claim the lab would not confirm.</raw>
		<lemm>l equipe report that the sample belong to armstrong  a claim the lab would not confirm</lemm>
		<bigrams> 92 93 2762 2767</bigrams>
	</sent>	<sent id="13">
		<raw>"You can count on the fingers of one hand the times a B sample has not confirmed the result of the A sample," Pound was quoted as saying.</raw>
		<lemm> you can count on the finger of one hand the time a b sample have not confirm the result of the a sample   pound be quote as say</lemm>
		<bigrams> 2774 248 2777</bigrams>
	</sent>	<sent id="14">
		<raw>"It's almost always a delaying tactic."</raw>
		<lemm> it be almost always a delay tactic </lemm>
		<bigrams> 2781 2784</bigrams>
	</sent>	<sent id="15">
		<raw>Bisceglia said his main complaint was that Armstrong would not have the opportunity to prove his innocence because of the absence of an A sample.</raw>
		<lemm>bisceglia say his main complaint be that armstrong would not have the opportunity to prove his innocence because of the absence of an a sample</lemm>
		<bigrams> 2686 2787 672</bigrams>
	</sent>	<sent id="16">
		<raw>"When people start using comments like, 'irrefutable scientific evidence,' that's a pretty strong statement to make," Bisceglia said, "when the person you're making it about has never been given the opportunity to refute the statement.</raw>
		<lemm> when people start use comment like   irrefutable scientific evidence   that be a pretty strong statement to make   bisceglia say   when the person you be make it about have never be give the opportunity to refute the statement</lemm>
		<bigrams> 2801 2802 2803 2804 2805 2806 2807 2809 2810 2812 2686</bigrams>
	</sent>	<sent id="17">
		<raw>"You're making claims about something that took place in 1999.</raw>
		<lemm> you be make claim about something that take place in @card@</lemm>
		<bigrams> 2824 2828</bigrams>
	</sent>	<sent id="18">
		<raw>Based on what I've read, it's pretty clear that any opportunity to have a black-and-white resolution to this case has been destroyed."</raw>
		<lemm>base on what i have read  it be pretty clear that any opportunity to have a black-and-white resolution to this case have be destroy </lemm>
		<bigrams> 2834 2839</bigrams>
	</sent>	<sent id="19">
		<raw>Bisceglia said USA Cycling, the governing body for the sport in the United States, would not look into the L'Equipe report.</raw>
		<lemm>bisceglia say usa cycling  the govern body for the sport in the united states  would not look into the l equipe report</lemm>
		<bigrams> 2686 2843 1318 1619 2848 2849 92 93</bigrams>
	</sent>	<sent id="20">
		<raw>Typically, the organization takes action in doping cases only when guilt has been proven, he said.</raw>
		<lemm>typically  the organization take action in dope case only when guilt have be prove  he say</lemm>
		<bigrams> 2851 2852 2854</bigrams>
	</sent>	<sent id="21">
		<raw>"I don't think this is going to become anything more than a news story," Bisceglia said.</raw>
		<lemm> i do n t think this be go to become anything more than a news story   bisceglia say</lemm>
		<bigrams> 2864 2868 2869 2686</bigrams>
	</sent></doc>